[2026-09-06T08:54:05.068+0000] {processor.py:186} INFO - Started process (PID=114) to work on /home/airflow/.local/lib/python3.12/site-packages/airflow/example_dags/example_branch_python_dop_operator_3.py
[2026-09-06T08:54:05.069+0000] {processor.py:914} INFO - Processing file /home/airflow/.local/lib/python3.12/site-packages/airflow/example_dags/example_branch_python_dop_operator_3.py for tasks to queue
[2026-09-06T08:54:05.071+0000] {logging_mixin.py:190} INFO - [2026-09-06T08:54:05.071+0000] {dagbag.py:588} INFO - Filling up the DagBag from /home/airflow/.local/lib/python3.12/site-packages/airflow/example_dags/example_branch_python_dop_operator_3.py
[2026-09-06T08:54:05.080+0000] {processor.py:925} INFO - DAG(s) 'example_branch_dop_operator_v3' retrieved from /home/airflow/.local/lib/python3.12/site-packages/airflow/example_dags/example_branch_python_dop_operator_3.py
[2026-09-06T08:54:05.157+0000] {logging_mixin.py:190} INFO - [2026-09-06T08:54:05.156+0000] {override.py:1911} INFO - Created Permission View: can edit on DAG:example_branch_dop_operator_v3
[2026-09-06T08:54:05.165+0000] {logging_mixin.py:190} INFO - [2026-09-06T08:54:05.164+0000] {override.py:1911} INFO - Created Permission View: can delete on DAG:example_branch_dop_operator_v3
[2026-09-06T08:54:05.170+0000] {logging_mixin.py:190} INFO - [2026-09-06T08:54:05.170+0000] {override.py:1911} INFO - Created Permission View: can read on DAG:example_branch_dop_operator_v3
[2026-09-06T08:54:05.180+0000] {logging_mixin.py:190} INFO - [2026-09-06T08:54:05.180+0000] {override.py:1911} INFO - Created Permission View: can create on DAG Run:example_branch_dop_operator_v3
[2026-09-06T08:54:05.186+0000] {logging_mixin.py:190} INFO - [2026-09-06T08:54:05.186+0000] {override.py:1911} INFO - Created Permission View: can delete on DAG Run:example_branch_dop_operator_v3
[2026-09-06T08:54:05.192+0000] {logging_mixin.py:190} INFO - [2026-09-06T08:54:05.192+0000] {override.py:1911} INFO - Created Permission View: can read on DAG Run:example_branch_dop_operator_v3
[2026-09-06T08:54:05.200+0000] {logging_mixin.py:190} INFO - [2026-09-06T08:54:05.200+0000] {override.py:1911} INFO - Created Permission View: menu access on DAG Run:example_branch_dop_operator_v3
[2026-09-06T08:54:05.201+0000] {logging_mixin.py:190} INFO - [2026-09-06T08:54:05.201+0000] {dag.py:3239} INFO - Sync 1 DAGs
[2026-09-06T08:54:05.216+0000] {logging_mixin.py:190} INFO - [2026-09-06T08:54:05.216+0000] {dag.py:3262} INFO - Creating ORM DAG for example_branch_dop_operator_v3
[2026-09-06T08:54:05.226+0000] {logging_mixin.py:190} INFO - [2026-09-06T08:54:05.226+0000] {dag.py:4180} INFO - Setting next_dagrun for example_branch_dop_operator_v3 to 2026-09-06 08:53:00+00:00, run_after=2026-09-06 08:54:00+00:00
[2026-09-06T08:54:05.239+0000] {processor.py:208} INFO - Processing /home/airflow/.local/lib/python3.12/site-packages/airflow/example_dags/example_branch_python_dop_operator_3.py took 0.175 seconds
[2026-09-06T08:54:35.364+0000] {processor.py:186} INFO - Started process (PID=177) to work on /home/airflow/.local/lib/python3.12/site-packages/airflow/example_dags/example_branch_python_dop_operator_3.py
[2026-09-06T08:54:35.365+0000] {processor.py:914} INFO - Processing file /home/airflow/.local/lib/python3.12/site-packages/airflow/example_dags/example_branch_python_dop_operator_3.py for tasks to queue
[2026-09-06T08:54:35.367+0000] {logging_mixin.py:190} INFO - [2026-09-06T08:54:35.366+0000] {dagbag.py:588} INFO - Filling up the DagBag from /home/airflow/.local/lib/python3.12/site-packages/airflow/example_dags/example_branch_python_dop_operator_3.py
[2026-09-06T08:54:35.375+0000] {processor.py:925} INFO - DAG(s) 'example_branch_dop_operator_v3' retrieved from /home/airflow/.local/lib/python3.12/site-packages/airflow/example_dags/example_branch_python_dop_operator_3.py
[2026-09-06T08:54:35.389+0000] {logging_mixin.py:190} INFO - [2026-09-06T08:54:35.389+0000] {dag.py:3239} INFO - Sync 1 DAGs
[2026-09-06T08:54:35.408+0000] {logging_mixin.py:190} INFO - [2026-09-06T08:54:35.408+0000] {dag.py:4180} INFO - Setting next_dagrun for example_branch_dop_operator_v3 to 2026-09-06 08:53:00+00:00, run_after=2026-09-06 08:54:00+00:00
[2026-09-06T08:54:35.422+0000] {processor.py:208} INFO - Processing /home/airflow/.local/lib/python3.12/site-packages/airflow/example_dags/example_branch_python_dop_operator_3.py took 0.063 seconds
[2026-09-06T08:55:06.093+0000] {processor.py:186} INFO - Started process (PID=240) to work on /home/airflow/.local/lib/python3.12/site-packages/airflow/example_dags/example_branch_python_dop_operator_3.py
[2026-09-06T08:55:06.094+0000] {processor.py:914} INFO - Processing file /home/airflow/.local/lib/python3.12/site-packages/airflow/example_dags/example_branch_python_dop_operator_3.py for tasks to queue
[2026-09-06T08:55:06.096+0000] {logging_mixin.py:190} INFO - [2026-09-06T08:55:06.096+0000] {dagbag.py:588} INFO - Filling up the DagBag from /home/airflow/.local/lib/python3.12/site-packages/airflow/example_dags/example_branch_python_dop_operator_3.py
[2026-09-06T08:55:06.106+0000] {processor.py:925} INFO - DAG(s) 'example_branch_dop_operator_v3' retrieved from /home/airflow/.local/lib/python3.12/site-packages/airflow/example_dags/example_branch_python_dop_operator_3.py
[2026-09-06T08:55:06.123+0000] {logging_mixin.py:190} INFO - [2026-09-06T08:55:06.122+0000] {dag.py:3239} INFO - Sync 1 DAGs
[2026-09-06T08:55:06.143+0000] {logging_mixin.py:190} INFO - [2026-09-06T08:55:06.143+0000] {dag.py:4180} INFO - Setting next_dagrun for example_branch_dop_operator_v3 to 2026-09-06 08:54:00+00:00, run_after=2026-09-06 08:55:00+00:00
[2026-09-06T08:55:06.160+0000] {processor.py:208} INFO - Processing /home/airflow/.local/lib/python3.12/site-packages/airflow/example_dags/example_branch_python_dop_operator_3.py took 0.072 seconds
[2026-09-06T08:55:37.136+0000] {processor.py:186} INFO - Started process (PID=303) to work on /home/airflow/.local/lib/python3.12/site-packages/airflow/example_dags/example_branch_python_dop_operator_3.py
[2026-09-06T08:55:37.137+0000] {processor.py:914} INFO - Processing file /home/airflow/.local/lib/python3.12/site-packages/airflow/example_dags/example_branch_python_dop_operator_3.py for tasks to queue
[2026-09-06T08:55:37.140+0000] {logging_mixin.py:190} INFO - [2026-09-06T08:55:37.140+0000] {dagbag.py:588} INFO - Filling up the DagBag from /home/airflow/.local/lib/python3.12/site-packages/airflow/example_dags/example_branch_python_dop_operator_3.py
[2026-09-06T08:55:37.150+0000] {processor.py:925} INFO - DAG(s) 'example_branch_dop_operator_v3' retrieved from /home/airflow/.local/lib/python3.12/site-packages/airflow/example_dags/example_branch_python_dop_operator_3.py
[2026-09-06T08:55:37.168+0000] {logging_mixin.py:190} INFO - [2026-09-06T08:55:37.168+0000] {dag.py:3239} INFO - Sync 1 DAGs
[2026-09-06T08:55:37.188+0000] {logging_mixin.py:190} INFO - [2026-09-06T08:55:37.188+0000] {dag.py:4180} INFO - Setting next_dagrun for example_branch_dop_operator_v3 to 2026-09-06 08:54:00+00:00, run_after=2026-09-06 08:55:00+00:00
[2026-09-06T08:55:37.203+0000] {processor.py:208} INFO - Processing /home/airflow/.local/lib/python3.12/site-packages/airflow/example_dags/example_branch_python_dop_operator_3.py took 0.073 seconds
[2026-09-06T08:56:08.003+0000] {processor.py:186} INFO - Started process (PID=366) to work on /home/airflow/.local/lib/python3.12/site-packages/airflow/example_dags/example_branch_python_dop_operator_3.py
[2026-09-06T08:56:08.004+0000] {processor.py:914} INFO - Processing file /home/airflow/.local/lib/python3.12/site-packages/airflow/example_dags/example_branch_python_dop_operator_3.py for tasks to queue
[2026-09-06T08:56:08.006+0000] {logging_mixin.py:190} INFO - [2026-09-06T08:56:08.006+0000] {dagbag.py:588} INFO - Filling up the DagBag from /home/airflow/.local/lib/python3.12/site-packages/airflow/example_dags/example_branch_python_dop_operator_3.py
[2026-09-06T08:56:08.014+0000] {processor.py:925} INFO - DAG(s) 'example_branch_dop_operator_v3' retrieved from /home/airflow/.local/lib/python3.12/site-packages/airflow/example_dags/example_branch_python_dop_operator_3.py
[2026-09-06T08:56:08.028+0000] {logging_mixin.py:190} INFO - [2026-09-06T08:56:08.028+0000] {dag.py:3239} INFO - Sync 1 DAGs
[2026-09-06T08:56:08.047+0000] {logging_mixin.py:190} INFO - [2026-09-06T08:56:08.047+0000] {dag.py:4180} INFO - Setting next_dagrun for example_branch_dop_operator_v3 to 2026-09-06 08:55:00+00:00, run_after=2026-09-06 08:56:00+00:00
[2026-09-06T08:56:08.061+0000] {processor.py:208} INFO - Processing /home/airflow/.local/lib/python3.12/site-packages/airflow/example_dags/example_branch_python_dop_operator_3.py took 0.063 seconds
[2026-09-06T08:56:38.933+0000] {processor.py:186} INFO - Started process (PID=429) to work on /home/airflow/.local/lib/python3.12/site-packages/airflow/example_dags/example_branch_python_dop_operator_3.py
[2026-09-06T08:56:38.935+0000] {processor.py:914} INFO - Processing file /home/airflow/.local/lib/python3.12/site-packages/airflow/example_dags/example_branch_python_dop_operator_3.py for tasks to queue
[2026-09-06T08:56:38.937+0000] {logging_mixin.py:190} INFO - [2026-09-06T08:56:38.937+0000] {dagbag.py:588} INFO - Filling up the DagBag from /home/airflow/.local/lib/python3.12/site-packages/airflow/example_dags/example_branch_python_dop_operator_3.py
[2026-09-06T08:56:38.947+0000] {processor.py:925} INFO - DAG(s) 'example_branch_dop_operator_v3' retrieved from /home/airflow/.local/lib/python3.12/site-packages/airflow/example_dags/example_branch_python_dop_operator_3.py
[2026-09-06T08:56:38.968+0000] {logging_mixin.py:190} INFO - [2026-09-06T08:56:38.967+0000] {dag.py:3239} INFO - Sync 1 DAGs
[2026-09-06T08:56:38.990+0000] {logging_mixin.py:190} INFO - [2026-09-06T08:56:38.990+0000] {dag.py:4180} INFO - Setting next_dagrun for example_branch_dop_operator_v3 to 2026-09-06 08:55:00+00:00, run_after=2026-09-06 08:56:00+00:00
[2026-09-06T08:56:39.009+0000] {processor.py:208} INFO - Processing /home/airflow/.local/lib/python3.12/site-packages/airflow/example_dags/example_branch_python_dop_operator_3.py took 0.082 seconds
[2026-09-06T08:57:09.154+0000] {processor.py:186} INFO - Started process (PID=491) to work on /home/airflow/.local/lib/python3.12/site-packages/airflow/example_dags/example_branch_python_dop_operator_3.py
[2026-09-06T08:57:09.155+0000] {processor.py:914} INFO - Processing file /home/airflow/.local/lib/python3.12/site-packages/airflow/example_dags/example_branch_python_dop_operator_3.py for tasks to queue
[2026-09-06T08:57:09.157+0000] {logging_mixin.py:190} INFO - [2026-09-06T08:57:09.157+0000] {dagbag.py:588} INFO - Filling up the DagBag from /home/airflow/.local/lib/python3.12/site-packages/airflow/example_dags/example_branch_python_dop_operator_3.py
[2026-09-06T08:57:09.165+0000] {processor.py:925} INFO - DAG(s) 'example_branch_dop_operator_v3' retrieved from /home/airflow/.local/lib/python3.12/site-packages/airflow/example_dags/example_branch_python_dop_operator_3.py
[2026-09-06T08:57:09.180+0000] {logging_mixin.py:190} INFO - [2026-09-06T08:57:09.180+0000] {dag.py:3239} INFO - Sync 1 DAGs
[2026-09-06T08:57:09.198+0000] {logging_mixin.py:190} INFO - [2026-09-06T08:57:09.197+0000] {dag.py:4180} INFO - Setting next_dagrun for example_branch_dop_operator_v3 to 2026-09-06 08:56:00+00:00, run_after=2026-09-06 08:57:00+00:00
[2026-09-06T08:57:09.211+0000] {processor.py:208} INFO - Processing /home/airflow/.local/lib/python3.12/site-packages/airflow/example_dags/example_branch_python_dop_operator_3.py took 0.061 seconds
[2026-09-06T08:57:39.858+0000] {processor.py:186} INFO - Started process (PID=554) to work on /home/airflow/.local/lib/python3.12/site-packages/airflow/example_dags/example_branch_python_dop_operator_3.py
[2026-09-06T08:57:39.858+0000] {processor.py:914} INFO - Processing file /home/airflow/.local/lib/python3.12/site-packages/airflow/example_dags/example_branch_python_dop_operator_3.py for tasks to queue
[2026-09-06T08:57:39.861+0000] {logging_mixin.py:190} INFO - [2026-09-06T08:57:39.860+0000] {dagbag.py:588} INFO - Filling up the DagBag from /home/airflow/.local/lib/python3.12/site-packages/airflow/example_dags/example_branch_python_dop_operator_3.py
[2026-09-06T08:57:39.868+0000] {processor.py:925} INFO - DAG(s) 'example_branch_dop_operator_v3' retrieved from /home/airflow/.local/lib/python3.12/site-packages/airflow/example_dags/example_branch_python_dop_operator_3.py
[2026-09-06T08:57:39.884+0000] {logging_mixin.py:190} INFO - [2026-09-06T08:57:39.883+0000] {dag.py:3239} INFO - Sync 1 DAGs
[2026-09-06T08:57:39.901+0000] {logging_mixin.py:190} INFO - [2026-09-06T08:57:39.901+0000] {dag.py:4180} INFO - Setting next_dagrun for example_branch_dop_operator_v3 to 2026-09-06 08:56:00+00:00, run_after=2026-09-06 08:57:00+00:00
[2026-09-06T08:57:39.914+0000] {processor.py:208} INFO - Processing /home/airflow/.local/lib/python3.12/site-packages/airflow/example_dags/example_branch_python_dop_operator_3.py took 0.061 seconds
[2026-09-06T08:58:11.781+0000] {processor.py:186} INFO - Started process (PID=617) to work on /home/airflow/.local/lib/python3.12/site-packages/airflow/example_dags/example_branch_python_dop_operator_3.py
[2026-09-06T08:58:11.782+0000] {processor.py:914} INFO - Processing file /home/airflow/.local/lib/python3.12/site-packages/airflow/example_dags/example_branch_python_dop_operator_3.py for tasks to queue
[2026-09-06T08:58:11.784+0000] {logging_mixin.py:190} INFO - [2026-09-06T08:58:11.784+0000] {dagbag.py:588} INFO - Filling up the DagBag from /home/airflow/.local/lib/python3.12/site-packages/airflow/example_dags/example_branch_python_dop_operator_3.py
[2026-09-06T08:58:11.792+0000] {processor.py:925} INFO - DAG(s) 'example_branch_dop_operator_v3' retrieved from /home/airflow/.local/lib/python3.12/site-packages/airflow/example_dags/example_branch_python_dop_operator_3.py
[2026-09-06T08:58:11.807+0000] {logging_mixin.py:190} INFO - [2026-09-06T08:58:11.807+0000] {dag.py:3239} INFO - Sync 1 DAGs
[2026-09-06T08:58:11.826+0000] {logging_mixin.py:190} INFO - [2026-09-06T08:58:11.826+0000] {dag.py:4180} INFO - Setting next_dagrun for example_branch_dop_operator_v3 to 2026-09-06 08:57:00+00:00, run_after=2026-09-06 08:58:00+00:00
[2026-09-06T08:58:11.840+0000] {processor.py:208} INFO - Processing /home/airflow/.local/lib/python3.12/site-packages/airflow/example_dags/example_branch_python_dop_operator_3.py took 0.063 seconds
[2026-09-06T08:58:41.914+0000] {processor.py:186} INFO - Started process (PID=680) to work on /home/airflow/.local/lib/python3.12/site-packages/airflow/example_dags/example_branch_python_dop_operator_3.py
[2026-09-06T08:58:41.915+0000] {processor.py:914} INFO - Processing file /home/airflow/.local/lib/python3.12/site-packages/airflow/example_dags/example_branch_python_dop_operator_3.py for tasks to queue
[2026-09-06T08:58:41.918+0000] {logging_mixin.py:190} INFO - [2026-09-06T08:58:41.918+0000] {dagbag.py:588} INFO - Filling up the DagBag from /home/airflow/.local/lib/python3.12/site-packages/airflow/example_dags/example_branch_python_dop_operator_3.py
[2026-09-06T08:58:41.927+0000] {processor.py:925} INFO - DAG(s) 'example_branch_dop_operator_v3' retrieved from /home/airflow/.local/lib/python3.12/site-packages/airflow/example_dags/example_branch_python_dop_operator_3.py
[2026-09-06T08:58:41.944+0000] {logging_mixin.py:190} INFO - [2026-09-06T08:58:41.944+0000] {dag.py:3239} INFO - Sync 1 DAGs
[2026-09-06T08:58:41.966+0000] {logging_mixin.py:190} INFO - [2026-09-06T08:58:41.966+0000] {dag.py:4180} INFO - Setting next_dagrun for example_branch_dop_operator_v3 to 2026-09-06 08:57:00+00:00, run_after=2026-09-06 08:58:00+00:00
[2026-09-06T08:58:41.985+0000] {processor.py:208} INFO - Processing /home/airflow/.local/lib/python3.12/site-packages/airflow/example_dags/example_branch_python_dop_operator_3.py took 0.076 seconds
[2026-09-06T08:59:12.537+0000] {processor.py:186} INFO - Started process (PID=744) to work on /home/airflow/.local/lib/python3.12/site-packages/airflow/example_dags/example_branch_python_dop_operator_3.py
[2026-09-06T08:59:12.538+0000] {processor.py:914} INFO - Processing file /home/airflow/.local/lib/python3.12/site-packages/airflow/example_dags/example_branch_python_dop_operator_3.py for tasks to queue
[2026-09-06T08:59:12.540+0000] {logging_mixin.py:190} INFO - [2026-09-06T08:59:12.540+0000] {dagbag.py:588} INFO - Filling up the DagBag from /home/airflow/.local/lib/python3.12/site-packages/airflow/example_dags/example_branch_python_dop_operator_3.py
[2026-09-06T08:59:12.549+0000] {processor.py:925} INFO - DAG(s) 'example_branch_dop_operator_v3' retrieved from /home/airflow/.local/lib/python3.12/site-packages/airflow/example_dags/example_branch_python_dop_operator_3.py
[2026-09-06T08:59:12.565+0000] {logging_mixin.py:190} INFO - [2026-09-06T08:59:12.565+0000] {dag.py:3239} INFO - Sync 1 DAGs
[2026-09-06T08:59:12.584+0000] {logging_mixin.py:190} INFO - [2026-09-06T08:59:12.584+0000] {dag.py:4180} INFO - Setting next_dagrun for example_branch_dop_operator_v3 to 2026-09-06 08:58:00+00:00, run_after=2026-09-06 08:59:00+00:00
[2026-09-06T08:59:12.599+0000] {processor.py:208} INFO - Processing /home/airflow/.local/lib/python3.12/site-packages/airflow/example_dags/example_branch_python_dop_operator_3.py took 0.067 seconds
[2026-09-06T08:59:43.071+0000] {processor.py:186} INFO - Started process (PID=808) to work on /home/airflow/.local/lib/python3.12/site-packages/airflow/example_dags/example_branch_python_dop_operator_3.py
[2026-09-06T08:59:43.072+0000] {processor.py:914} INFO - Processing file /home/airflow/.local/lib/python3.12/site-packages/airflow/example_dags/example_branch_python_dop_operator_3.py for tasks to queue
[2026-09-06T08:59:43.074+0000] {logging_mixin.py:190} INFO - [2026-09-06T08:59:43.074+0000] {dagbag.py:588} INFO - Filling up the DagBag from /home/airflow/.local/lib/python3.12/site-packages/airflow/example_dags/example_branch_python_dop_operator_3.py
[2026-09-06T08:59:43.082+0000] {processor.py:925} INFO - DAG(s) 'example_branch_dop_operator_v3' retrieved from /home/airflow/.local/lib/python3.12/site-packages/airflow/example_dags/example_branch_python_dop_operator_3.py
[2026-09-06T08:59:43.097+0000] {logging_mixin.py:190} INFO - [2026-09-06T08:59:43.096+0000] {dag.py:3239} INFO - Sync 1 DAGs
[2026-09-06T08:59:43.114+0000] {logging_mixin.py:190} INFO - [2026-09-06T08:59:43.114+0000] {dag.py:4180} INFO - Setting next_dagrun for example_branch_dop_operator_v3 to 2026-09-06 08:58:00+00:00, run_after=2026-09-06 08:59:00+00:00
[2026-09-06T08:59:43.128+0000] {processor.py:208} INFO - Processing /home/airflow/.local/lib/python3.12/site-packages/airflow/example_dags/example_branch_python_dop_operator_3.py took 0.061 seconds
[2026-09-06T09:00:14.362+0000] {processor.py:186} INFO - Started process (PID=872) to work on /home/airflow/.local/lib/python3.12/site-packages/airflow/example_dags/example_branch_python_dop_operator_3.py
[2026-09-06T09:00:14.363+0000] {processor.py:914} INFO - Processing file /home/airflow/.local/lib/python3.12/site-packages/airflow/example_dags/example_branch_python_dop_operator_3.py for tasks to queue
[2026-09-06T09:00:14.365+0000] {logging_mixin.py:190} INFO - [2026-09-06T09:00:14.365+0000] {dagbag.py:588} INFO - Filling up the DagBag from /home/airflow/.local/lib/python3.12/site-packages/airflow/example_dags/example_branch_python_dop_operator_3.py
[2026-09-06T09:00:14.375+0000] {processor.py:925} INFO - DAG(s) 'example_branch_dop_operator_v3' retrieved from /home/airflow/.local/lib/python3.12/site-packages/airflow/example_dags/example_branch_python_dop_operator_3.py
[2026-09-06T09:00:14.391+0000] {logging_mixin.py:190} INFO - [2026-09-06T09:00:14.391+0000] {dag.py:3239} INFO - Sync 1 DAGs
[2026-09-06T09:00:14.412+0000] {logging_mixin.py:190} INFO - [2026-09-06T09:00:14.412+0000] {dag.py:4180} INFO - Setting next_dagrun for example_branch_dop_operator_v3 to 2026-09-06 08:59:00+00:00, run_after=2026-09-06 09:00:00+00:00
[2026-09-06T09:00:14.430+0000] {processor.py:208} INFO - Processing /home/airflow/.local/lib/python3.12/site-packages/airflow/example_dags/example_branch_python_dop_operator_3.py took 0.073 seconds
[2026-09-06T09:00:46.191+0000] {processor.py:186} INFO - Started process (PID=936) to work on /home/airflow/.local/lib/python3.12/site-packages/airflow/example_dags/example_branch_python_dop_operator_3.py
[2026-09-06T09:00:46.192+0000] {processor.py:914} INFO - Processing file /home/airflow/.local/lib/python3.12/site-packages/airflow/example_dags/example_branch_python_dop_operator_3.py for tasks to queue
[2026-09-06T09:00:46.194+0000] {logging_mixin.py:190} INFO - [2026-09-06T09:00:46.193+0000] {dagbag.py:588} INFO - Filling up the DagBag from /home/airflow/.local/lib/python3.12/site-packages/airflow/example_dags/example_branch_python_dop_operator_3.py
[2026-09-06T09:00:46.202+0000] {processor.py:925} INFO - DAG(s) 'example_branch_dop_operator_v3' retrieved from /home/airflow/.local/lib/python3.12/site-packages/airflow/example_dags/example_branch_python_dop_operator_3.py
[2026-09-06T09:00:46.217+0000] {logging_mixin.py:190} INFO - [2026-09-06T09:00:46.217+0000] {dag.py:3239} INFO - Sync 1 DAGs
[2026-09-06T09:00:46.236+0000] {logging_mixin.py:190} INFO - [2026-09-06T09:00:46.236+0000] {dag.py:4180} INFO - Setting next_dagrun for example_branch_dop_operator_v3 to 2026-09-06 08:59:00+00:00, run_after=2026-09-06 09:00:00+00:00
[2026-09-06T09:00:46.250+0000] {processor.py:208} INFO - Processing /home/airflow/.local/lib/python3.12/site-packages/airflow/example_dags/example_branch_python_dop_operator_3.py took 0.063 seconds
[2026-09-06T09:01:16.771+0000] {processor.py:186} INFO - Started process (PID=999) to work on /home/airflow/.local/lib/python3.12/site-packages/airflow/example_dags/example_branch_python_dop_operator_3.py
[2026-09-06T09:01:16.772+0000] {processor.py:914} INFO - Processing file /home/airflow/.local/lib/python3.12/site-packages/airflow/example_dags/example_branch_python_dop_operator_3.py for tasks to queue
[2026-09-06T09:01:16.776+0000] {logging_mixin.py:190} INFO - [2026-09-06T09:01:16.775+0000] {dagbag.py:588} INFO - Filling up the DagBag from /home/airflow/.local/lib/python3.12/site-packages/airflow/example_dags/example_branch_python_dop_operator_3.py
[2026-09-06T09:01:16.788+0000] {processor.py:925} INFO - DAG(s) 'example_branch_dop_operator_v3' retrieved from /home/airflow/.local/lib/python3.12/site-packages/airflow/example_dags/example_branch_python_dop_operator_3.py
[2026-09-06T09:01:16.809+0000] {logging_mixin.py:190} INFO - [2026-09-06T09:01:16.809+0000] {dag.py:3239} INFO - Sync 1 DAGs
[2026-09-06T09:01:16.839+0000] {logging_mixin.py:190} INFO - [2026-09-06T09:01:16.838+0000] {dag.py:4180} INFO - Setting next_dagrun for example_branch_dop_operator_v3 to 2026-09-06 09:00:00+00:00, run_after=2026-09-06 09:01:00+00:00
[2026-09-06T09:01:16.859+0000] {processor.py:208} INFO - Processing /home/airflow/.local/lib/python3.12/site-packages/airflow/example_dags/example_branch_python_dop_operator_3.py took 0.096 seconds
[2026-09-06T09:01:48.271+0000] {processor.py:186} INFO - Started process (PID=1064) to work on /home/airflow/.local/lib/python3.12/site-packages/airflow/example_dags/example_branch_python_dop_operator_3.py
[2026-09-06T09:01:48.272+0000] {processor.py:914} INFO - Processing file /home/airflow/.local/lib/python3.12/site-packages/airflow/example_dags/example_branch_python_dop_operator_3.py for tasks to queue
[2026-09-06T09:01:48.275+0000] {logging_mixin.py:190} INFO - [2026-09-06T09:01:48.274+0000] {dagbag.py:588} INFO - Filling up the DagBag from /home/airflow/.local/lib/python3.12/site-packages/airflow/example_dags/example_branch_python_dop_operator_3.py
[2026-09-06T09:01:48.283+0000] {processor.py:925} INFO - DAG(s) 'example_branch_dop_operator_v3' retrieved from /home/airflow/.local/lib/python3.12/site-packages/airflow/example_dags/example_branch_python_dop_operator_3.py
[2026-09-06T09:01:48.299+0000] {logging_mixin.py:190} INFO - [2026-09-06T09:01:48.298+0000] {dag.py:3239} INFO - Sync 1 DAGs
[2026-09-06T09:01:48.316+0000] {logging_mixin.py:190} INFO - [2026-09-06T09:01:48.316+0000] {dag.py:4180} INFO - Setting next_dagrun for example_branch_dop_operator_v3 to 2026-09-06 09:00:00+00:00, run_after=2026-09-06 09:01:00+00:00
[2026-09-06T09:01:48.330+0000] {processor.py:208} INFO - Processing /home/airflow/.local/lib/python3.12/site-packages/airflow/example_dags/example_branch_python_dop_operator_3.py took 0.064 seconds
[2026-09-06T09:02:19.270+0000] {processor.py:186} INFO - Started process (PID=1128) to work on /home/airflow/.local/lib/python3.12/site-packages/airflow/example_dags/example_branch_python_dop_operator_3.py
[2026-09-06T09:02:19.271+0000] {processor.py:914} INFO - Processing file /home/airflow/.local/lib/python3.12/site-packages/airflow/example_dags/example_branch_python_dop_operator_3.py for tasks to queue
[2026-09-06T09:02:19.274+0000] {logging_mixin.py:190} INFO - [2026-09-06T09:02:19.273+0000] {dagbag.py:588} INFO - Filling up the DagBag from /home/airflow/.local/lib/python3.12/site-packages/airflow/example_dags/example_branch_python_dop_operator_3.py
[2026-09-06T09:02:19.283+0000] {processor.py:925} INFO - DAG(s) 'example_branch_dop_operator_v3' retrieved from /home/airflow/.local/lib/python3.12/site-packages/airflow/example_dags/example_branch_python_dop_operator_3.py
[2026-09-06T09:02:19.303+0000] {logging_mixin.py:190} INFO - [2026-09-06T09:02:19.302+0000] {dag.py:3239} INFO - Sync 1 DAGs
[2026-09-06T09:02:19.323+0000] {logging_mixin.py:190} INFO - [2026-09-06T09:02:19.323+0000] {dag.py:4180} INFO - Setting next_dagrun for example_branch_dop_operator_v3 to 2026-09-06 09:01:00+00:00, run_after=2026-09-06 09:02:00+00:00
[2026-09-06T09:02:19.344+0000] {processor.py:208} INFO - Processing /home/airflow/.local/lib/python3.12/site-packages/airflow/example_dags/example_branch_python_dop_operator_3.py took 0.079 seconds
[2026-09-06T09:02:50.050+0000] {processor.py:186} INFO - Started process (PID=1192) to work on /home/airflow/.local/lib/python3.12/site-packages/airflow/example_dags/example_branch_python_dop_operator_3.py
[2026-09-06T09:02:50.051+0000] {processor.py:914} INFO - Processing file /home/airflow/.local/lib/python3.12/site-packages/airflow/example_dags/example_branch_python_dop_operator_3.py for tasks to queue
[2026-09-06T09:02:50.054+0000] {logging_mixin.py:190} INFO - [2026-09-06T09:02:50.053+0000] {dagbag.py:588} INFO - Filling up the DagBag from /home/airflow/.local/lib/python3.12/site-packages/airflow/example_dags/example_branch_python_dop_operator_3.py
[2026-09-06T09:02:50.063+0000] {processor.py:925} INFO - DAG(s) 'example_branch_dop_operator_v3' retrieved from /home/airflow/.local/lib/python3.12/site-packages/airflow/example_dags/example_branch_python_dop_operator_3.py
[2026-09-06T09:02:50.081+0000] {logging_mixin.py:190} INFO - [2026-09-06T09:02:50.081+0000] {dag.py:3239} INFO - Sync 1 DAGs
[2026-09-06T09:02:50.103+0000] {logging_mixin.py:190} INFO - [2026-09-06T09:02:50.103+0000] {dag.py:4180} INFO - Setting next_dagrun for example_branch_dop_operator_v3 to 2026-09-06 09:01:00+00:00, run_after=2026-09-06 09:02:00+00:00
[2026-09-06T09:02:50.125+0000] {processor.py:208} INFO - Processing /home/airflow/.local/lib/python3.12/site-packages/airflow/example_dags/example_branch_python_dop_operator_3.py took 0.081 seconds
[2026-09-06T09:03:21.361+0000] {processor.py:186} INFO - Started process (PID=1256) to work on /home/airflow/.local/lib/python3.12/site-packages/airflow/example_dags/example_branch_python_dop_operator_3.py
[2026-09-06T09:03:21.362+0000] {processor.py:914} INFO - Processing file /home/airflow/.local/lib/python3.12/site-packages/airflow/example_dags/example_branch_python_dop_operator_3.py for tasks to queue
[2026-09-06T09:03:21.364+0000] {logging_mixin.py:190} INFO - [2026-09-06T09:03:21.364+0000] {dagbag.py:588} INFO - Filling up the DagBag from /home/airflow/.local/lib/python3.12/site-packages/airflow/example_dags/example_branch_python_dop_operator_3.py
[2026-09-06T09:03:21.374+0000] {processor.py:925} INFO - DAG(s) 'example_branch_dop_operator_v3' retrieved from /home/airflow/.local/lib/python3.12/site-packages/airflow/example_dags/example_branch_python_dop_operator_3.py
[2026-09-06T09:03:21.391+0000] {logging_mixin.py:190} INFO - [2026-09-06T09:03:21.390+0000] {dag.py:3239} INFO - Sync 1 DAGs
[2026-09-06T09:03:21.413+0000] {logging_mixin.py:190} INFO - [2026-09-06T09:03:21.413+0000] {dag.py:4180} INFO - Setting next_dagrun for example_branch_dop_operator_v3 to 2026-09-06 09:02:00+00:00, run_after=2026-09-06 09:03:00+00:00
[2026-09-06T09:03:21.445+0000] {processor.py:208} INFO - Processing /home/airflow/.local/lib/python3.12/site-packages/airflow/example_dags/example_branch_python_dop_operator_3.py took 0.090 seconds
[2026-09-06T09:03:51.512+0000] {processor.py:186} INFO - Started process (PID=1321) to work on /home/airflow/.local/lib/python3.12/site-packages/airflow/example_dags/example_branch_python_dop_operator_3.py
[2026-09-06T09:03:51.513+0000] {processor.py:914} INFO - Processing file /home/airflow/.local/lib/python3.12/site-packages/airflow/example_dags/example_branch_python_dop_operator_3.py for tasks to queue
[2026-09-06T09:03:51.516+0000] {logging_mixin.py:190} INFO - [2026-09-06T09:03:51.515+0000] {dagbag.py:588} INFO - Filling up the DagBag from /home/airflow/.local/lib/python3.12/site-packages/airflow/example_dags/example_branch_python_dop_operator_3.py
[2026-09-06T09:03:51.524+0000] {processor.py:925} INFO - DAG(s) 'example_branch_dop_operator_v3' retrieved from /home/airflow/.local/lib/python3.12/site-packages/airflow/example_dags/example_branch_python_dop_operator_3.py
[2026-09-06T09:03:51.541+0000] {logging_mixin.py:190} INFO - [2026-09-06T09:03:51.541+0000] {dag.py:3239} INFO - Sync 1 DAGs
[2026-09-06T09:03:51.561+0000] {logging_mixin.py:190} INFO - [2026-09-06T09:03:51.561+0000] {dag.py:4180} INFO - Setting next_dagrun for example_branch_dop_operator_v3 to 2026-09-06 09:02:00+00:00, run_after=2026-09-06 09:03:00+00:00
[2026-09-06T09:03:51.584+0000] {processor.py:208} INFO - Processing /home/airflow/.local/lib/python3.12/site-packages/airflow/example_dags/example_branch_python_dop_operator_3.py took 0.076 seconds
[2026-09-06T09:04:22.225+0000] {processor.py:186} INFO - Started process (PID=1383) to work on /home/airflow/.local/lib/python3.12/site-packages/airflow/example_dags/example_branch_python_dop_operator_3.py
[2026-09-06T09:04:22.227+0000] {processor.py:914} INFO - Processing file /home/airflow/.local/lib/python3.12/site-packages/airflow/example_dags/example_branch_python_dop_operator_3.py for tasks to queue
[2026-09-06T09:04:22.229+0000] {logging_mixin.py:190} INFO - [2026-09-06T09:04:22.229+0000] {dagbag.py:588} INFO - Filling up the DagBag from /home/airflow/.local/lib/python3.12/site-packages/airflow/example_dags/example_branch_python_dop_operator_3.py
[2026-09-06T09:04:22.238+0000] {processor.py:925} INFO - DAG(s) 'example_branch_dop_operator_v3' retrieved from /home/airflow/.local/lib/python3.12/site-packages/airflow/example_dags/example_branch_python_dop_operator_3.py
[2026-09-06T09:04:22.255+0000] {logging_mixin.py:190} INFO - [2026-09-06T09:04:22.255+0000] {dag.py:3239} INFO - Sync 1 DAGs
[2026-09-06T09:04:22.276+0000] {logging_mixin.py:190} INFO - [2026-09-06T09:04:22.276+0000] {dag.py:4180} INFO - Setting next_dagrun for example_branch_dop_operator_v3 to 2026-09-06 09:03:00+00:00, run_after=2026-09-06 09:04:00+00:00
[2026-09-06T09:04:22.296+0000] {processor.py:208} INFO - Processing /home/airflow/.local/lib/python3.12/site-packages/airflow/example_dags/example_branch_python_dop_operator_3.py took 0.076 seconds
[2026-09-06T09:04:53.890+0000] {processor.py:186} INFO - Started process (PID=1448) to work on /home/airflow/.local/lib/python3.12/site-packages/airflow/example_dags/example_branch_python_dop_operator_3.py
[2026-09-06T09:04:53.891+0000] {processor.py:914} INFO - Processing file /home/airflow/.local/lib/python3.12/site-packages/airflow/example_dags/example_branch_python_dop_operator_3.py for tasks to queue
[2026-09-06T09:04:53.893+0000] {logging_mixin.py:190} INFO - [2026-09-06T09:04:53.893+0000] {dagbag.py:588} INFO - Filling up the DagBag from /home/airflow/.local/lib/python3.12/site-packages/airflow/example_dags/example_branch_python_dop_operator_3.py
[2026-09-06T09:04:53.902+0000] {processor.py:925} INFO - DAG(s) 'example_branch_dop_operator_v3' retrieved from /home/airflow/.local/lib/python3.12/site-packages/airflow/example_dags/example_branch_python_dop_operator_3.py
[2026-09-06T09:04:53.919+0000] {logging_mixin.py:190} INFO - [2026-09-06T09:04:53.919+0000] {dag.py:3239} INFO - Sync 1 DAGs
[2026-09-06T09:04:53.939+0000] {logging_mixin.py:190} INFO - [2026-09-06T09:04:53.939+0000] {dag.py:4180} INFO - Setting next_dagrun for example_branch_dop_operator_v3 to 2026-09-06 09:03:00+00:00, run_after=2026-09-06 09:04:00+00:00
[2026-09-06T09:04:53.953+0000] {processor.py:208} INFO - Processing /home/airflow/.local/lib/python3.12/site-packages/airflow/example_dags/example_branch_python_dop_operator_3.py took 0.067 seconds
[2026-09-06T09:05:25.179+0000] {processor.py:186} INFO - Started process (PID=1512) to work on /home/airflow/.local/lib/python3.12/site-packages/airflow/example_dags/example_branch_python_dop_operator_3.py
[2026-09-06T09:05:25.180+0000] {processor.py:914} INFO - Processing file /home/airflow/.local/lib/python3.12/site-packages/airflow/example_dags/example_branch_python_dop_operator_3.py for tasks to queue
[2026-09-06T09:05:25.183+0000] {logging_mixin.py:190} INFO - [2026-09-06T09:05:25.182+0000] {dagbag.py:588} INFO - Filling up the DagBag from /home/airflow/.local/lib/python3.12/site-packages/airflow/example_dags/example_branch_python_dop_operator_3.py
[2026-09-06T09:05:25.192+0000] {processor.py:925} INFO - DAG(s) 'example_branch_dop_operator_v3' retrieved from /home/airflow/.local/lib/python3.12/site-packages/airflow/example_dags/example_branch_python_dop_operator_3.py
[2026-09-06T09:05:25.207+0000] {logging_mixin.py:190} INFO - [2026-09-06T09:05:25.207+0000] {dag.py:3239} INFO - Sync 1 DAGs
[2026-09-06T09:05:25.227+0000] {logging_mixin.py:190} INFO - [2026-09-06T09:05:25.226+0000] {dag.py:4180} INFO - Setting next_dagrun for example_branch_dop_operator_v3 to 2026-09-06 09:04:00+00:00, run_after=2026-09-06 09:05:00+00:00
[2026-09-06T09:05:25.241+0000] {processor.py:208} INFO - Processing /home/airflow/.local/lib/python3.12/site-packages/airflow/example_dags/example_branch_python_dop_operator_3.py took 0.066 seconds
[2026-09-06T09:05:55.575+0000] {processor.py:186} INFO - Started process (PID=1576) to work on /home/airflow/.local/lib/python3.12/site-packages/airflow/example_dags/example_branch_python_dop_operator_3.py
[2026-09-06T09:05:55.577+0000] {processor.py:914} INFO - Processing file /home/airflow/.local/lib/python3.12/site-packages/airflow/example_dags/example_branch_python_dop_operator_3.py for tasks to queue
[2026-09-06T09:05:55.579+0000] {logging_mixin.py:190} INFO - [2026-09-06T09:05:55.579+0000] {dagbag.py:588} INFO - Filling up the DagBag from /home/airflow/.local/lib/python3.12/site-packages/airflow/example_dags/example_branch_python_dop_operator_3.py
[2026-09-06T09:05:55.587+0000] {processor.py:925} INFO - DAG(s) 'example_branch_dop_operator_v3' retrieved from /home/airflow/.local/lib/python3.12/site-packages/airflow/example_dags/example_branch_python_dop_operator_3.py
[2026-09-06T09:05:55.604+0000] {logging_mixin.py:190} INFO - [2026-09-06T09:05:55.603+0000] {dag.py:3239} INFO - Sync 1 DAGs
[2026-09-06T09:05:55.623+0000] {logging_mixin.py:190} INFO - [2026-09-06T09:05:55.623+0000] {dag.py:4180} INFO - Setting next_dagrun for example_branch_dop_operator_v3 to 2026-09-06 09:04:00+00:00, run_after=2026-09-06 09:05:00+00:00
[2026-09-06T09:05:55.638+0000] {processor.py:208} INFO - Processing /home/airflow/.local/lib/python3.12/site-packages/airflow/example_dags/example_branch_python_dop_operator_3.py took 0.067 seconds
[2026-09-06T09:06:26.316+0000] {processor.py:186} INFO - Started process (PID=1639) to work on /home/airflow/.local/lib/python3.12/site-packages/airflow/example_dags/example_branch_python_dop_operator_3.py
[2026-09-06T09:06:26.317+0000] {processor.py:914} INFO - Processing file /home/airflow/.local/lib/python3.12/site-packages/airflow/example_dags/example_branch_python_dop_operator_3.py for tasks to queue
[2026-09-06T09:06:26.319+0000] {logging_mixin.py:190} INFO - [2026-09-06T09:06:26.319+0000] {dagbag.py:588} INFO - Filling up the DagBag from /home/airflow/.local/lib/python3.12/site-packages/airflow/example_dags/example_branch_python_dop_operator_3.py
[2026-09-06T09:06:26.327+0000] {processor.py:925} INFO - DAG(s) 'example_branch_dop_operator_v3' retrieved from /home/airflow/.local/lib/python3.12/site-packages/airflow/example_dags/example_branch_python_dop_operator_3.py
[2026-09-06T09:06:26.342+0000] {logging_mixin.py:190} INFO - [2026-09-06T09:06:26.342+0000] {dag.py:3239} INFO - Sync 1 DAGs
[2026-09-06T09:06:26.361+0000] {logging_mixin.py:190} INFO - [2026-09-06T09:06:26.361+0000] {dag.py:4180} INFO - Setting next_dagrun for example_branch_dop_operator_v3 to 2026-09-06 09:05:00+00:00, run_after=2026-09-06 09:06:00+00:00
[2026-09-06T09:06:26.377+0000] {processor.py:208} INFO - Processing /home/airflow/.local/lib/python3.12/site-packages/airflow/example_dags/example_branch_python_dop_operator_3.py took 0.065 seconds
[2026-09-06T09:06:57.194+0000] {processor.py:186} INFO - Started process (PID=1703) to work on /home/airflow/.local/lib/python3.12/site-packages/airflow/example_dags/example_branch_python_dop_operator_3.py
[2026-09-06T09:06:57.195+0000] {processor.py:914} INFO - Processing file /home/airflow/.local/lib/python3.12/site-packages/airflow/example_dags/example_branch_python_dop_operator_3.py for tasks to queue
[2026-09-06T09:06:57.197+0000] {logging_mixin.py:190} INFO - [2026-09-06T09:06:57.197+0000] {dagbag.py:588} INFO - Filling up the DagBag from /home/airflow/.local/lib/python3.12/site-packages/airflow/example_dags/example_branch_python_dop_operator_3.py
[2026-09-06T09:06:57.208+0000] {processor.py:925} INFO - DAG(s) 'example_branch_dop_operator_v3' retrieved from /home/airflow/.local/lib/python3.12/site-packages/airflow/example_dags/example_branch_python_dop_operator_3.py
[2026-09-06T09:06:57.230+0000] {logging_mixin.py:190} INFO - [2026-09-06T09:06:57.229+0000] {dag.py:3239} INFO - Sync 1 DAGs
[2026-09-06T09:06:57.254+0000] {logging_mixin.py:190} INFO - [2026-09-06T09:06:57.254+0000] {dag.py:4180} INFO - Setting next_dagrun for example_branch_dop_operator_v3 to 2026-09-06 09:05:00+00:00, run_after=2026-09-06 09:06:00+00:00
[2026-09-06T09:06:57.272+0000] {processor.py:208} INFO - Processing /home/airflow/.local/lib/python3.12/site-packages/airflow/example_dags/example_branch_python_dop_operator_3.py took 0.086 seconds
[2026-09-06T09:07:28.129+0000] {processor.py:186} INFO - Started process (PID=1767) to work on /home/airflow/.local/lib/python3.12/site-packages/airflow/example_dags/example_branch_python_dop_operator_3.py
[2026-09-06T09:07:28.130+0000] {processor.py:914} INFO - Processing file /home/airflow/.local/lib/python3.12/site-packages/airflow/example_dags/example_branch_python_dop_operator_3.py for tasks to queue
[2026-09-06T09:07:28.132+0000] {logging_mixin.py:190} INFO - [2026-09-06T09:07:28.132+0000] {dagbag.py:588} INFO - Filling up the DagBag from /home/airflow/.local/lib/python3.12/site-packages/airflow/example_dags/example_branch_python_dop_operator_3.py
[2026-09-06T09:07:28.141+0000] {processor.py:925} INFO - DAG(s) 'example_branch_dop_operator_v3' retrieved from /home/airflow/.local/lib/python3.12/site-packages/airflow/example_dags/example_branch_python_dop_operator_3.py
[2026-09-06T09:07:28.157+0000] {logging_mixin.py:190} INFO - [2026-09-06T09:07:28.157+0000] {dag.py:3239} INFO - Sync 1 DAGs
[2026-09-06T09:07:28.177+0000] {logging_mixin.py:190} INFO - [2026-09-06T09:07:28.177+0000] {dag.py:4180} INFO - Setting next_dagrun for example_branch_dop_operator_v3 to 2026-09-06 09:06:00+00:00, run_after=2026-09-06 09:07:00+00:00
[2026-09-06T09:07:28.191+0000] {processor.py:208} INFO - Processing /home/airflow/.local/lib/python3.12/site-packages/airflow/example_dags/example_branch_python_dop_operator_3.py took 0.066 seconds
[2026-09-06T09:07:58.905+0000] {processor.py:186} INFO - Started process (PID=1837) to work on /home/airflow/.local/lib/python3.12/site-packages/airflow/example_dags/example_branch_python_dop_operator_3.py
[2026-09-06T09:07:58.906+0000] {processor.py:914} INFO - Processing file /home/airflow/.local/lib/python3.12/site-packages/airflow/example_dags/example_branch_python_dop_operator_3.py for tasks to queue
[2026-09-06T09:07:58.908+0000] {logging_mixin.py:190} INFO - [2026-09-06T09:07:58.908+0000] {dagbag.py:588} INFO - Filling up the DagBag from /home/airflow/.local/lib/python3.12/site-packages/airflow/example_dags/example_branch_python_dop_operator_3.py
[2026-09-06T09:07:58.916+0000] {processor.py:925} INFO - DAG(s) 'example_branch_dop_operator_v3' retrieved from /home/airflow/.local/lib/python3.12/site-packages/airflow/example_dags/example_branch_python_dop_operator_3.py
[2026-09-06T09:07:58.933+0000] {logging_mixin.py:190} INFO - [2026-09-06T09:07:58.933+0000] {dag.py:3239} INFO - Sync 1 DAGs
[2026-09-06T09:07:58.953+0000] {logging_mixin.py:190} INFO - [2026-09-06T09:07:58.953+0000] {dag.py:4180} INFO - Setting next_dagrun for example_branch_dop_operator_v3 to 2026-09-06 09:06:00+00:00, run_after=2026-09-06 09:07:00+00:00
[2026-09-06T09:07:58.969+0000] {processor.py:208} INFO - Processing /home/airflow/.local/lib/python3.12/site-packages/airflow/example_dags/example_branch_python_dop_operator_3.py took 0.068 seconds
[2026-09-06T09:08:29.579+0000] {processor.py:186} INFO - Started process (PID=1901) to work on /home/airflow/.local/lib/python3.12/site-packages/airflow/example_dags/example_branch_python_dop_operator_3.py
[2026-09-06T09:08:29.580+0000] {processor.py:914} INFO - Processing file /home/airflow/.local/lib/python3.12/site-packages/airflow/example_dags/example_branch_python_dop_operator_3.py for tasks to queue
[2026-09-06T09:08:29.582+0000] {logging_mixin.py:190} INFO - [2026-09-06T09:08:29.581+0000] {dagbag.py:588} INFO - Filling up the DagBag from /home/airflow/.local/lib/python3.12/site-packages/airflow/example_dags/example_branch_python_dop_operator_3.py
[2026-09-06T09:08:29.589+0000] {processor.py:925} INFO - DAG(s) 'example_branch_dop_operator_v3' retrieved from /home/airflow/.local/lib/python3.12/site-packages/airflow/example_dags/example_branch_python_dop_operator_3.py
[2026-09-06T09:08:29.605+0000] {logging_mixin.py:190} INFO - [2026-09-06T09:08:29.605+0000] {dag.py:3239} INFO - Sync 1 DAGs
[2026-09-06T09:08:29.626+0000] {logging_mixin.py:190} INFO - [2026-09-06T09:08:29.626+0000] {dag.py:4180} INFO - Setting next_dagrun for example_branch_dop_operator_v3 to 2026-09-06 09:07:00+00:00, run_after=2026-09-06 09:08:00+00:00
[2026-09-06T09:08:29.640+0000] {processor.py:208} INFO - Processing /home/airflow/.local/lib/python3.12/site-packages/airflow/example_dags/example_branch_python_dop_operator_3.py took 0.066 seconds
[2026-09-06T09:09:00.339+0000] {processor.py:186} INFO - Started process (PID=1965) to work on /home/airflow/.local/lib/python3.12/site-packages/airflow/example_dags/example_branch_python_dop_operator_3.py
[2026-09-06T09:09:00.340+0000] {processor.py:914} INFO - Processing file /home/airflow/.local/lib/python3.12/site-packages/airflow/example_dags/example_branch_python_dop_operator_3.py for tasks to queue
[2026-09-06T09:09:00.342+0000] {logging_mixin.py:190} INFO - [2026-09-06T09:09:00.342+0000] {dagbag.py:588} INFO - Filling up the DagBag from /home/airflow/.local/lib/python3.12/site-packages/airflow/example_dags/example_branch_python_dop_operator_3.py
[2026-09-06T09:09:00.350+0000] {processor.py:925} INFO - DAG(s) 'example_branch_dop_operator_v3' retrieved from /home/airflow/.local/lib/python3.12/site-packages/airflow/example_dags/example_branch_python_dop_operator_3.py
[2026-09-06T09:09:00.365+0000] {logging_mixin.py:190} INFO - [2026-09-06T09:09:00.365+0000] {dag.py:3239} INFO - Sync 1 DAGs
[2026-09-06T09:09:00.382+0000] {logging_mixin.py:190} INFO - [2026-09-06T09:09:00.382+0000] {dag.py:4180} INFO - Setting next_dagrun for example_branch_dop_operator_v3 to 2026-09-06 09:08:00+00:00, run_after=2026-09-06 09:09:00+00:00
[2026-09-06T09:09:00.396+0000] {processor.py:208} INFO - Processing /home/airflow/.local/lib/python3.12/site-packages/airflow/example_dags/example_branch_python_dop_operator_3.py took 0.061 seconds
[2026-09-06T09:09:31.021+0000] {processor.py:186} INFO - Started process (PID=2029) to work on /home/airflow/.local/lib/python3.12/site-packages/airflow/example_dags/example_branch_python_dop_operator_3.py
[2026-09-06T09:09:31.022+0000] {processor.py:914} INFO - Processing file /home/airflow/.local/lib/python3.12/site-packages/airflow/example_dags/example_branch_python_dop_operator_3.py for tasks to queue
[2026-09-06T09:09:31.024+0000] {logging_mixin.py:190} INFO - [2026-09-06T09:09:31.024+0000] {dagbag.py:588} INFO - Filling up the DagBag from /home/airflow/.local/lib/python3.12/site-packages/airflow/example_dags/example_branch_python_dop_operator_3.py
[2026-09-06T09:09:31.033+0000] {processor.py:925} INFO - DAG(s) 'example_branch_dop_operator_v3' retrieved from /home/airflow/.local/lib/python3.12/site-packages/airflow/example_dags/example_branch_python_dop_operator_3.py
[2026-09-06T09:09:31.050+0000] {logging_mixin.py:190} INFO - [2026-09-06T09:09:31.050+0000] {dag.py:3239} INFO - Sync 1 DAGs
[2026-09-06T09:09:31.071+0000] {logging_mixin.py:190} INFO - [2026-09-06T09:09:31.071+0000] {dag.py:4180} INFO - Setting next_dagrun for example_branch_dop_operator_v3 to 2026-09-06 09:08:00+00:00, run_after=2026-09-06 09:09:00+00:00
[2026-09-06T09:09:31.086+0000] {processor.py:208} INFO - Processing /home/airflow/.local/lib/python3.12/site-packages/airflow/example_dags/example_branch_python_dop_operator_3.py took 0.069 seconds
[2026-09-06T09:10:02.704+0000] {processor.py:186} INFO - Started process (PID=2094) to work on /home/airflow/.local/lib/python3.12/site-packages/airflow/example_dags/example_branch_python_dop_operator_3.py
[2026-09-06T09:10:02.705+0000] {processor.py:914} INFO - Processing file /home/airflow/.local/lib/python3.12/site-packages/airflow/example_dags/example_branch_python_dop_operator_3.py for tasks to queue
[2026-09-06T09:10:02.708+0000] {logging_mixin.py:190} INFO - [2026-09-06T09:10:02.707+0000] {dagbag.py:588} INFO - Filling up the DagBag from /home/airflow/.local/lib/python3.12/site-packages/airflow/example_dags/example_branch_python_dop_operator_3.py
[2026-09-06T09:10:02.716+0000] {processor.py:925} INFO - DAG(s) 'example_branch_dop_operator_v3' retrieved from /home/airflow/.local/lib/python3.12/site-packages/airflow/example_dags/example_branch_python_dop_operator_3.py
[2026-09-06T09:10:02.734+0000] {logging_mixin.py:190} INFO - [2026-09-06T09:10:02.734+0000] {dag.py:3239} INFO - Sync 1 DAGs
[2026-09-06T09:10:02.755+0000] {logging_mixin.py:190} INFO - [2026-09-06T09:10:02.755+0000] {dag.py:4180} INFO - Setting next_dagrun for example_branch_dop_operator_v3 to 2026-09-06 09:09:00+00:00, run_after=2026-09-06 09:10:00+00:00
[2026-09-06T09:10:02.771+0000] {processor.py:208} INFO - Processing /home/airflow/.local/lib/python3.12/site-packages/airflow/example_dags/example_branch_python_dop_operator_3.py took 0.072 seconds
[2026-09-06T09:10:34.173+0000] {processor.py:186} INFO - Started process (PID=2158) to work on /home/airflow/.local/lib/python3.12/site-packages/airflow/example_dags/example_branch_python_dop_operator_3.py
[2026-09-06T09:10:34.174+0000] {processor.py:914} INFO - Processing file /home/airflow/.local/lib/python3.12/site-packages/airflow/example_dags/example_branch_python_dop_operator_3.py for tasks to queue
[2026-09-06T09:10:34.176+0000] {logging_mixin.py:190} INFO - [2026-09-06T09:10:34.176+0000] {dagbag.py:588} INFO - Filling up the DagBag from /home/airflow/.local/lib/python3.12/site-packages/airflow/example_dags/example_branch_python_dop_operator_3.py
[2026-09-06T09:10:34.186+0000] {processor.py:925} INFO - DAG(s) 'example_branch_dop_operator_v3' retrieved from /home/airflow/.local/lib/python3.12/site-packages/airflow/example_dags/example_branch_python_dop_operator_3.py
[2026-09-06T09:10:34.204+0000] {logging_mixin.py:190} INFO - [2026-09-06T09:10:34.204+0000] {dag.py:3239} INFO - Sync 1 DAGs
[2026-09-06T09:10:34.224+0000] {logging_mixin.py:190} INFO - [2026-09-06T09:10:34.224+0000] {dag.py:4180} INFO - Setting next_dagrun for example_branch_dop_operator_v3 to 2026-09-06 09:09:00+00:00, run_after=2026-09-06 09:10:00+00:00
[2026-09-06T09:10:34.242+0000] {processor.py:208} INFO - Processing /home/airflow/.local/lib/python3.12/site-packages/airflow/example_dags/example_branch_python_dop_operator_3.py took 0.074 seconds
[2026-09-06T09:11:06.119+0000] {processor.py:186} INFO - Started process (PID=2222) to work on /home/airflow/.local/lib/python3.12/site-packages/airflow/example_dags/example_branch_python_dop_operator_3.py
[2026-09-06T09:11:06.120+0000] {processor.py:914} INFO - Processing file /home/airflow/.local/lib/python3.12/site-packages/airflow/example_dags/example_branch_python_dop_operator_3.py for tasks to queue
[2026-09-06T09:11:06.122+0000] {logging_mixin.py:190} INFO - [2026-09-06T09:11:06.122+0000] {dagbag.py:588} INFO - Filling up the DagBag from /home/airflow/.local/lib/python3.12/site-packages/airflow/example_dags/example_branch_python_dop_operator_3.py
[2026-09-06T09:11:06.130+0000] {processor.py:925} INFO - DAG(s) 'example_branch_dop_operator_v3' retrieved from /home/airflow/.local/lib/python3.12/site-packages/airflow/example_dags/example_branch_python_dop_operator_3.py
[2026-09-06T09:11:06.145+0000] {logging_mixin.py:190} INFO - [2026-09-06T09:11:06.145+0000] {dag.py:3239} INFO - Sync 1 DAGs
[2026-09-06T09:11:06.163+0000] {logging_mixin.py:190} INFO - [2026-09-06T09:11:06.162+0000] {dag.py:4180} INFO - Setting next_dagrun for example_branch_dop_operator_v3 to 2026-09-06 09:10:00+00:00, run_after=2026-09-06 09:11:00+00:00
[2026-09-06T09:11:06.177+0000] {processor.py:208} INFO - Processing /home/airflow/.local/lib/python3.12/site-packages/airflow/example_dags/example_branch_python_dop_operator_3.py took 0.063 seconds
[2026-09-06T09:11:36.857+0000] {processor.py:186} INFO - Started process (PID=2286) to work on /home/airflow/.local/lib/python3.12/site-packages/airflow/example_dags/example_branch_python_dop_operator_3.py
[2026-09-06T09:11:36.859+0000] {processor.py:914} INFO - Processing file /home/airflow/.local/lib/python3.12/site-packages/airflow/example_dags/example_branch_python_dop_operator_3.py for tasks to queue
[2026-09-06T09:11:36.861+0000] {logging_mixin.py:190} INFO - [2026-09-06T09:11:36.861+0000] {dagbag.py:588} INFO - Filling up the DagBag from /home/airflow/.local/lib/python3.12/site-packages/airflow/example_dags/example_branch_python_dop_operator_3.py
[2026-09-06T09:11:36.869+0000] {processor.py:925} INFO - DAG(s) 'example_branch_dop_operator_v3' retrieved from /home/airflow/.local/lib/python3.12/site-packages/airflow/example_dags/example_branch_python_dop_operator_3.py
[2026-09-06T09:11:36.886+0000] {logging_mixin.py:190} INFO - [2026-09-06T09:11:36.885+0000] {dag.py:3239} INFO - Sync 1 DAGs
[2026-09-06T09:11:36.905+0000] {logging_mixin.py:190} INFO - [2026-09-06T09:11:36.905+0000] {dag.py:4180} INFO - Setting next_dagrun for example_branch_dop_operator_v3 to 2026-09-06 09:10:00+00:00, run_after=2026-09-06 09:11:00+00:00
[2026-09-06T09:11:36.921+0000] {processor.py:208} INFO - Processing /home/airflow/.local/lib/python3.12/site-packages/airflow/example_dags/example_branch_python_dop_operator_3.py took 0.069 seconds
[2026-09-06T09:12:08.691+0000] {processor.py:186} INFO - Started process (PID=2350) to work on /home/airflow/.local/lib/python3.12/site-packages/airflow/example_dags/example_branch_python_dop_operator_3.py
[2026-09-06T09:12:08.691+0000] {processor.py:914} INFO - Processing file /home/airflow/.local/lib/python3.12/site-packages/airflow/example_dags/example_branch_python_dop_operator_3.py for tasks to queue
[2026-09-06T09:12:08.693+0000] {logging_mixin.py:190} INFO - [2026-09-06T09:12:08.693+0000] {dagbag.py:588} INFO - Filling up the DagBag from /home/airflow/.local/lib/python3.12/site-packages/airflow/example_dags/example_branch_python_dop_operator_3.py
[2026-09-06T09:12:08.701+0000] {processor.py:925} INFO - DAG(s) 'example_branch_dop_operator_v3' retrieved from /home/airflow/.local/lib/python3.12/site-packages/airflow/example_dags/example_branch_python_dop_operator_3.py
[2026-09-06T09:12:08.717+0000] {logging_mixin.py:190} INFO - [2026-09-06T09:12:08.716+0000] {dag.py:3239} INFO - Sync 1 DAGs
[2026-09-06T09:12:08.737+0000] {logging_mixin.py:190} INFO - [2026-09-06T09:12:08.737+0000] {dag.py:4180} INFO - Setting next_dagrun for example_branch_dop_operator_v3 to 2026-09-06 09:11:00+00:00, run_after=2026-09-06 09:12:00+00:00
[2026-09-06T09:12:08.753+0000] {processor.py:208} INFO - Processing /home/airflow/.local/lib/python3.12/site-packages/airflow/example_dags/example_branch_python_dop_operator_3.py took 0.066 seconds
[2026-09-06T09:12:39.864+0000] {processor.py:186} INFO - Started process (PID=2414) to work on /home/airflow/.local/lib/python3.12/site-packages/airflow/example_dags/example_branch_python_dop_operator_3.py
[2026-09-06T09:12:39.865+0000] {processor.py:914} INFO - Processing file /home/airflow/.local/lib/python3.12/site-packages/airflow/example_dags/example_branch_python_dop_operator_3.py for tasks to queue
[2026-09-06T09:12:39.867+0000] {logging_mixin.py:190} INFO - [2026-09-06T09:12:39.867+0000] {dagbag.py:588} INFO - Filling up the DagBag from /home/airflow/.local/lib/python3.12/site-packages/airflow/example_dags/example_branch_python_dop_operator_3.py
[2026-09-06T09:12:39.876+0000] {processor.py:925} INFO - DAG(s) 'example_branch_dop_operator_v3' retrieved from /home/airflow/.local/lib/python3.12/site-packages/airflow/example_dags/example_branch_python_dop_operator_3.py
[2026-09-06T09:12:39.893+0000] {logging_mixin.py:190} INFO - [2026-09-06T09:12:39.892+0000] {dag.py:3239} INFO - Sync 1 DAGs
[2026-09-06T09:12:39.911+0000] {logging_mixin.py:190} INFO - [2026-09-06T09:12:39.911+0000] {dag.py:4180} INFO - Setting next_dagrun for example_branch_dop_operator_v3 to 2026-09-06 09:11:00+00:00, run_after=2026-09-06 09:12:00+00:00
[2026-09-06T09:12:39.925+0000] {processor.py:208} INFO - Processing /home/airflow/.local/lib/python3.12/site-packages/airflow/example_dags/example_branch_python_dop_operator_3.py took 0.067 seconds
[2026-09-06T09:13:11.384+0000] {processor.py:186} INFO - Started process (PID=2479) to work on /home/airflow/.local/lib/python3.12/site-packages/airflow/example_dags/example_branch_python_dop_operator_3.py
[2026-09-06T09:13:11.385+0000] {processor.py:914} INFO - Processing file /home/airflow/.local/lib/python3.12/site-packages/airflow/example_dags/example_branch_python_dop_operator_3.py for tasks to queue
[2026-09-06T09:13:11.388+0000] {logging_mixin.py:190} INFO - [2026-09-06T09:13:11.388+0000] {dagbag.py:588} INFO - Filling up the DagBag from /home/airflow/.local/lib/python3.12/site-packages/airflow/example_dags/example_branch_python_dop_operator_3.py
[2026-09-06T09:13:11.398+0000] {processor.py:925} INFO - DAG(s) 'example_branch_dop_operator_v3' retrieved from /home/airflow/.local/lib/python3.12/site-packages/airflow/example_dags/example_branch_python_dop_operator_3.py
[2026-09-06T09:13:11.416+0000] {logging_mixin.py:190} INFO - [2026-09-06T09:13:11.416+0000] {dag.py:3239} INFO - Sync 1 DAGs
[2026-09-06T09:13:11.438+0000] {logging_mixin.py:190} INFO - [2026-09-06T09:13:11.437+0000] {dag.py:4180} INFO - Setting next_dagrun for example_branch_dop_operator_v3 to 2026-09-06 09:12:00+00:00, run_after=2026-09-06 09:13:00+00:00
[2026-09-06T09:13:11.454+0000] {processor.py:208} INFO - Processing /home/airflow/.local/lib/python3.12/site-packages/airflow/example_dags/example_branch_python_dop_operator_3.py took 0.075 seconds
[2026-09-06T09:13:42.067+0000] {processor.py:186} INFO - Started process (PID=2543) to work on /home/airflow/.local/lib/python3.12/site-packages/airflow/example_dags/example_branch_python_dop_operator_3.py
[2026-09-06T09:13:42.068+0000] {processor.py:914} INFO - Processing file /home/airflow/.local/lib/python3.12/site-packages/airflow/example_dags/example_branch_python_dop_operator_3.py for tasks to queue
[2026-09-06T09:13:42.070+0000] {logging_mixin.py:190} INFO - [2026-09-06T09:13:42.070+0000] {dagbag.py:588} INFO - Filling up the DagBag from /home/airflow/.local/lib/python3.12/site-packages/airflow/example_dags/example_branch_python_dop_operator_3.py
[2026-09-06T09:13:42.078+0000] {processor.py:925} INFO - DAG(s) 'example_branch_dop_operator_v3' retrieved from /home/airflow/.local/lib/python3.12/site-packages/airflow/example_dags/example_branch_python_dop_operator_3.py
[2026-09-06T09:13:42.093+0000] {logging_mixin.py:190} INFO - [2026-09-06T09:13:42.093+0000] {dag.py:3239} INFO - Sync 1 DAGs
[2026-09-06T09:13:42.112+0000] {logging_mixin.py:190} INFO - [2026-09-06T09:13:42.112+0000] {dag.py:4180} INFO - Setting next_dagrun for example_branch_dop_operator_v3 to 2026-09-06 09:12:00+00:00, run_after=2026-09-06 09:13:00+00:00
[2026-09-06T09:13:42.127+0000] {processor.py:208} INFO - Processing /home/airflow/.local/lib/python3.12/site-packages/airflow/example_dags/example_branch_python_dop_operator_3.py took 0.064 seconds
[2026-09-06T09:14:13.191+0000] {processor.py:186} INFO - Started process (PID=2607) to work on /home/airflow/.local/lib/python3.12/site-packages/airflow/example_dags/example_branch_python_dop_operator_3.py
[2026-09-06T09:14:13.192+0000] {processor.py:914} INFO - Processing file /home/airflow/.local/lib/python3.12/site-packages/airflow/example_dags/example_branch_python_dop_operator_3.py for tasks to queue
[2026-09-06T09:14:13.195+0000] {logging_mixin.py:190} INFO - [2026-09-06T09:14:13.194+0000] {dagbag.py:588} INFO - Filling up the DagBag from /home/airflow/.local/lib/python3.12/site-packages/airflow/example_dags/example_branch_python_dop_operator_3.py
[2026-09-06T09:14:13.203+0000] {processor.py:925} INFO - DAG(s) 'example_branch_dop_operator_v3' retrieved from /home/airflow/.local/lib/python3.12/site-packages/airflow/example_dags/example_branch_python_dop_operator_3.py
[2026-09-06T09:14:13.219+0000] {logging_mixin.py:190} INFO - [2026-09-06T09:14:13.219+0000] {dag.py:3239} INFO - Sync 1 DAGs
[2026-09-06T09:14:13.238+0000] {logging_mixin.py:190} INFO - [2026-09-06T09:14:13.238+0000] {dag.py:4180} INFO - Setting next_dagrun for example_branch_dop_operator_v3 to 2026-09-06 09:13:00+00:00, run_after=2026-09-06 09:14:00+00:00
[2026-09-06T09:14:13.253+0000] {processor.py:208} INFO - Processing /home/airflow/.local/lib/python3.12/site-packages/airflow/example_dags/example_branch_python_dop_operator_3.py took 0.067 seconds
[2026-09-06T09:14:44.647+0000] {processor.py:186} INFO - Started process (PID=2671) to work on /home/airflow/.local/lib/python3.12/site-packages/airflow/example_dags/example_branch_python_dop_operator_3.py
[2026-09-06T09:14:44.648+0000] {processor.py:914} INFO - Processing file /home/airflow/.local/lib/python3.12/site-packages/airflow/example_dags/example_branch_python_dop_operator_3.py for tasks to queue
[2026-09-06T09:14:44.650+0000] {logging_mixin.py:190} INFO - [2026-09-06T09:14:44.650+0000] {dagbag.py:588} INFO - Filling up the DagBag from /home/airflow/.local/lib/python3.12/site-packages/airflow/example_dags/example_branch_python_dop_operator_3.py
[2026-09-06T09:14:44.658+0000] {processor.py:925} INFO - DAG(s) 'example_branch_dop_operator_v3' retrieved from /home/airflow/.local/lib/python3.12/site-packages/airflow/example_dags/example_branch_python_dop_operator_3.py
[2026-09-06T09:14:44.674+0000] {logging_mixin.py:190} INFO - [2026-09-06T09:14:44.674+0000] {dag.py:3239} INFO - Sync 1 DAGs
[2026-09-06T09:14:44.693+0000] {logging_mixin.py:190} INFO - [2026-09-06T09:14:44.693+0000] {dag.py:4180} INFO - Setting next_dagrun for example_branch_dop_operator_v3 to 2026-09-06 09:13:00+00:00, run_after=2026-09-06 09:14:00+00:00
[2026-09-06T09:14:44.709+0000] {processor.py:208} INFO - Processing /home/airflow/.local/lib/python3.12/site-packages/airflow/example_dags/example_branch_python_dop_operator_3.py took 0.067 seconds
[2026-09-06T09:15:15.990+0000] {processor.py:186} INFO - Started process (PID=2738) to work on /home/airflow/.local/lib/python3.12/site-packages/airflow/example_dags/example_branch_python_dop_operator_3.py
[2026-09-06T09:15:15.991+0000] {processor.py:914} INFO - Processing file /home/airflow/.local/lib/python3.12/site-packages/airflow/example_dags/example_branch_python_dop_operator_3.py for tasks to queue
[2026-09-06T09:15:15.993+0000] {logging_mixin.py:190} INFO - [2026-09-06T09:15:15.993+0000] {dagbag.py:588} INFO - Filling up the DagBag from /home/airflow/.local/lib/python3.12/site-packages/airflow/example_dags/example_branch_python_dop_operator_3.py
[2026-09-06T09:15:16.001+0000] {processor.py:925} INFO - DAG(s) 'example_branch_dop_operator_v3' retrieved from /home/airflow/.local/lib/python3.12/site-packages/airflow/example_dags/example_branch_python_dop_operator_3.py
[2026-09-06T09:15:16.017+0000] {logging_mixin.py:190} INFO - [2026-09-06T09:15:16.017+0000] {dag.py:3239} INFO - Sync 1 DAGs
[2026-09-06T09:15:16.035+0000] {logging_mixin.py:190} INFO - [2026-09-06T09:15:16.035+0000] {dag.py:4180} INFO - Setting next_dagrun for example_branch_dop_operator_v3 to 2026-09-06 09:14:00+00:00, run_after=2026-09-06 09:15:00+00:00
[2026-09-06T09:15:16.050+0000] {processor.py:208} INFO - Processing /home/airflow/.local/lib/python3.12/site-packages/airflow/example_dags/example_branch_python_dop_operator_3.py took 0.066 seconds
[2026-09-06T09:15:46.796+0000] {processor.py:186} INFO - Started process (PID=2802) to work on /home/airflow/.local/lib/python3.12/site-packages/airflow/example_dags/example_branch_python_dop_operator_3.py
[2026-09-06T09:15:46.797+0000] {processor.py:914} INFO - Processing file /home/airflow/.local/lib/python3.12/site-packages/airflow/example_dags/example_branch_python_dop_operator_3.py for tasks to queue
[2026-09-06T09:15:46.799+0000] {logging_mixin.py:190} INFO - [2026-09-06T09:15:46.799+0000] {dagbag.py:588} INFO - Filling up the DagBag from /home/airflow/.local/lib/python3.12/site-packages/airflow/example_dags/example_branch_python_dop_operator_3.py
[2026-09-06T09:15:46.808+0000] {processor.py:925} INFO - DAG(s) 'example_branch_dop_operator_v3' retrieved from /home/airflow/.local/lib/python3.12/site-packages/airflow/example_dags/example_branch_python_dop_operator_3.py
[2026-09-06T09:15:46.825+0000] {logging_mixin.py:190} INFO - [2026-09-06T09:15:46.825+0000] {dag.py:3239} INFO - Sync 1 DAGs
[2026-09-06T09:15:46.845+0000] {logging_mixin.py:190} INFO - [2026-09-06T09:15:46.845+0000] {dag.py:4180} INFO - Setting next_dagrun for example_branch_dop_operator_v3 to 2026-09-06 09:14:00+00:00, run_after=2026-09-06 09:15:00+00:00
[2026-09-06T09:15:46.869+0000] {processor.py:208} INFO - Processing /home/airflow/.local/lib/python3.12/site-packages/airflow/example_dags/example_branch_python_dop_operator_3.py took 0.077 seconds
[2026-09-06T09:16:17.236+0000] {processor.py:186} INFO - Started process (PID=2866) to work on /home/airflow/.local/lib/python3.12/site-packages/airflow/example_dags/example_branch_python_dop_operator_3.py
[2026-09-06T09:16:17.236+0000] {processor.py:914} INFO - Processing file /home/airflow/.local/lib/python3.12/site-packages/airflow/example_dags/example_branch_python_dop_operator_3.py for tasks to queue
[2026-09-06T09:16:17.238+0000] {logging_mixin.py:190} INFO - [2026-09-06T09:16:17.238+0000] {dagbag.py:588} INFO - Filling up the DagBag from /home/airflow/.local/lib/python3.12/site-packages/airflow/example_dags/example_branch_python_dop_operator_3.py
[2026-09-06T09:16:17.246+0000] {processor.py:925} INFO - DAG(s) 'example_branch_dop_operator_v3' retrieved from /home/airflow/.local/lib/python3.12/site-packages/airflow/example_dags/example_branch_python_dop_operator_3.py
[2026-09-06T09:16:17.261+0000] {logging_mixin.py:190} INFO - [2026-09-06T09:16:17.261+0000] {dag.py:3239} INFO - Sync 1 DAGs
[2026-09-06T09:16:17.279+0000] {logging_mixin.py:190} INFO - [2026-09-06T09:16:17.279+0000] {dag.py:4180} INFO - Setting next_dagrun for example_branch_dop_operator_v3 to 2026-09-06 09:15:00+00:00, run_after=2026-09-06 09:16:00+00:00
[2026-09-06T09:16:17.293+0000] {processor.py:208} INFO - Processing /home/airflow/.local/lib/python3.12/site-packages/airflow/example_dags/example_branch_python_dop_operator_3.py took 0.062 seconds
[2026-09-06T09:16:50.175+0000] {processor.py:186} INFO - Started process (PID=2941) to work on /home/airflow/.local/lib/python3.12/site-packages/airflow/example_dags/example_branch_python_dop_operator_3.py
[2026-09-06T09:16:50.176+0000] {processor.py:914} INFO - Processing file /home/airflow/.local/lib/python3.12/site-packages/airflow/example_dags/example_branch_python_dop_operator_3.py for tasks to queue
[2026-09-06T09:16:50.178+0000] {logging_mixin.py:190} INFO - [2026-09-06T09:16:50.178+0000] {dagbag.py:588} INFO - Filling up the DagBag from /home/airflow/.local/lib/python3.12/site-packages/airflow/example_dags/example_branch_python_dop_operator_3.py
[2026-09-06T09:16:50.187+0000] {processor.py:925} INFO - DAG(s) 'example_branch_dop_operator_v3' retrieved from /home/airflow/.local/lib/python3.12/site-packages/airflow/example_dags/example_branch_python_dop_operator_3.py
[2026-09-06T09:16:50.204+0000] {logging_mixin.py:190} INFO - [2026-09-06T09:16:50.204+0000] {dag.py:3239} INFO - Sync 1 DAGs
[2026-09-06T09:16:50.224+0000] {logging_mixin.py:190} INFO - [2026-09-06T09:16:50.224+0000] {dag.py:4180} INFO - Setting next_dagrun for example_branch_dop_operator_v3 to 2026-09-06 09:15:00+00:00, run_after=2026-09-06 09:16:00+00:00
[2026-09-06T09:16:50.241+0000] {processor.py:208} INFO - Processing /home/airflow/.local/lib/python3.12/site-packages/airflow/example_dags/example_branch_python_dop_operator_3.py took 0.070 seconds
[2026-09-06T09:17:21.205+0000] {processor.py:186} INFO - Started process (PID=3005) to work on /home/airflow/.local/lib/python3.12/site-packages/airflow/example_dags/example_branch_python_dop_operator_3.py
[2026-09-06T09:17:21.206+0000] {processor.py:914} INFO - Processing file /home/airflow/.local/lib/python3.12/site-packages/airflow/example_dags/example_branch_python_dop_operator_3.py for tasks to queue
[2026-09-06T09:17:21.209+0000] {logging_mixin.py:190} INFO - [2026-09-06T09:17:21.208+0000] {dagbag.py:588} INFO - Filling up the DagBag from /home/airflow/.local/lib/python3.12/site-packages/airflow/example_dags/example_branch_python_dop_operator_3.py
[2026-09-06T09:17:21.217+0000] {processor.py:925} INFO - DAG(s) 'example_branch_dop_operator_v3' retrieved from /home/airflow/.local/lib/python3.12/site-packages/airflow/example_dags/example_branch_python_dop_operator_3.py
[2026-09-06T09:17:21.233+0000] {logging_mixin.py:190} INFO - [2026-09-06T09:17:21.232+0000] {dag.py:3239} INFO - Sync 1 DAGs
[2026-09-06T09:17:21.251+0000] {logging_mixin.py:190} INFO - [2026-09-06T09:17:21.251+0000] {dag.py:4180} INFO - Setting next_dagrun for example_branch_dop_operator_v3 to 2026-09-06 09:16:00+00:00, run_after=2026-09-06 09:17:00+00:00
[2026-09-06T09:17:21.441+0000] {processor.py:208} INFO - Processing /home/airflow/.local/lib/python3.12/site-packages/airflow/example_dags/example_branch_python_dop_operator_3.py took 0.240 seconds
[2026-09-06T09:17:51.685+0000] {processor.py:186} INFO - Started process (PID=3069) to work on /home/airflow/.local/lib/python3.12/site-packages/airflow/example_dags/example_branch_python_dop_operator_3.py
[2026-09-06T09:17:51.686+0000] {processor.py:914} INFO - Processing file /home/airflow/.local/lib/python3.12/site-packages/airflow/example_dags/example_branch_python_dop_operator_3.py for tasks to queue
[2026-09-06T09:17:51.688+0000] {logging_mixin.py:190} INFO - [2026-09-06T09:17:51.688+0000] {dagbag.py:588} INFO - Filling up the DagBag from /home/airflow/.local/lib/python3.12/site-packages/airflow/example_dags/example_branch_python_dop_operator_3.py
[2026-09-06T09:17:51.696+0000] {processor.py:925} INFO - DAG(s) 'example_branch_dop_operator_v3' retrieved from /home/airflow/.local/lib/python3.12/site-packages/airflow/example_dags/example_branch_python_dop_operator_3.py
[2026-09-06T09:17:51.711+0000] {logging_mixin.py:190} INFO - [2026-09-06T09:17:51.711+0000] {dag.py:3239} INFO - Sync 1 DAGs
[2026-09-06T09:17:51.731+0000] {logging_mixin.py:190} INFO - [2026-09-06T09:17:51.731+0000] {dag.py:4180} INFO - Setting next_dagrun for example_branch_dop_operator_v3 to 2026-09-06 09:16:00+00:00, run_after=2026-09-06 09:17:00+00:00
[2026-09-06T09:17:51.746+0000] {processor.py:208} INFO - Processing /home/airflow/.local/lib/python3.12/site-packages/airflow/example_dags/example_branch_python_dop_operator_3.py took 0.066 seconds
[2026-09-06T09:18:22.906+0000] {processor.py:186} INFO - Started process (PID=3133) to work on /home/airflow/.local/lib/python3.12/site-packages/airflow/example_dags/example_branch_python_dop_operator_3.py
[2026-09-06T09:18:22.907+0000] {processor.py:914} INFO - Processing file /home/airflow/.local/lib/python3.12/site-packages/airflow/example_dags/example_branch_python_dop_operator_3.py for tasks to queue
[2026-09-06T09:18:22.910+0000] {logging_mixin.py:190} INFO - [2026-09-06T09:18:22.910+0000] {dagbag.py:588} INFO - Filling up the DagBag from /home/airflow/.local/lib/python3.12/site-packages/airflow/example_dags/example_branch_python_dop_operator_3.py
[2026-09-06T09:18:22.923+0000] {processor.py:925} INFO - DAG(s) 'example_branch_dop_operator_v3' retrieved from /home/airflow/.local/lib/python3.12/site-packages/airflow/example_dags/example_branch_python_dop_operator_3.py
[2026-09-06T09:18:22.941+0000] {logging_mixin.py:190} INFO - [2026-09-06T09:18:22.941+0000] {dag.py:3239} INFO - Sync 1 DAGs
[2026-09-06T09:18:22.966+0000] {logging_mixin.py:190} INFO - [2026-09-06T09:18:22.966+0000] {dag.py:4180} INFO - Setting next_dagrun for example_branch_dop_operator_v3 to 2026-09-06 09:17:00+00:00, run_after=2026-09-06 09:18:00+00:00
[2026-09-06T09:18:22.983+0000] {processor.py:208} INFO - Processing /home/airflow/.local/lib/python3.12/site-packages/airflow/example_dags/example_branch_python_dop_operator_3.py took 0.083 seconds
[2026-09-06T09:18:57.247+0000] {processor.py:186} INFO - Started process (PID=3198) to work on /home/airflow/.local/lib/python3.12/site-packages/airflow/example_dags/example_branch_python_dop_operator_3.py
[2026-09-06T09:18:57.248+0000] {processor.py:914} INFO - Processing file /home/airflow/.local/lib/python3.12/site-packages/airflow/example_dags/example_branch_python_dop_operator_3.py for tasks to queue
[2026-09-06T09:18:57.250+0000] {logging_mixin.py:190} INFO - [2026-09-06T09:18:57.250+0000] {dagbag.py:588} INFO - Filling up the DagBag from /home/airflow/.local/lib/python3.12/site-packages/airflow/example_dags/example_branch_python_dop_operator_3.py
[2026-09-06T09:18:57.259+0000] {processor.py:925} INFO - DAG(s) 'example_branch_dop_operator_v3' retrieved from /home/airflow/.local/lib/python3.12/site-packages/airflow/example_dags/example_branch_python_dop_operator_3.py
[2026-09-06T09:18:57.273+0000] {logging_mixin.py:190} INFO - [2026-09-06T09:18:57.273+0000] {dag.py:3239} INFO - Sync 1 DAGs
[2026-09-06T09:18:57.291+0000] {logging_mixin.py:190} INFO - [2026-09-06T09:18:57.291+0000] {dag.py:4180} INFO - Setting next_dagrun for example_branch_dop_operator_v3 to 2026-09-06 09:17:00+00:00, run_after=2026-09-06 09:18:00+00:00
[2026-09-06T09:18:57.304+0000] {processor.py:208} INFO - Processing /home/airflow/.local/lib/python3.12/site-packages/airflow/example_dags/example_branch_python_dop_operator_3.py took 0.064 seconds
[2026-09-06T09:19:28.452+0000] {processor.py:186} INFO - Started process (PID=3262) to work on /home/airflow/.local/lib/python3.12/site-packages/airflow/example_dags/example_branch_python_dop_operator_3.py
[2026-09-06T09:19:28.453+0000] {processor.py:914} INFO - Processing file /home/airflow/.local/lib/python3.12/site-packages/airflow/example_dags/example_branch_python_dop_operator_3.py for tasks to queue
[2026-09-06T09:19:28.456+0000] {logging_mixin.py:190} INFO - [2026-09-06T09:19:28.455+0000] {dagbag.py:588} INFO - Filling up the DagBag from /home/airflow/.local/lib/python3.12/site-packages/airflow/example_dags/example_branch_python_dop_operator_3.py
[2026-09-06T09:19:28.464+0000] {processor.py:925} INFO - DAG(s) 'example_branch_dop_operator_v3' retrieved from /home/airflow/.local/lib/python3.12/site-packages/airflow/example_dags/example_branch_python_dop_operator_3.py
[2026-09-06T09:19:28.480+0000] {logging_mixin.py:190} INFO - [2026-09-06T09:19:28.480+0000] {dag.py:3239} INFO - Sync 1 DAGs
[2026-09-06T09:19:28.657+0000] {logging_mixin.py:190} INFO - [2026-09-06T09:19:28.657+0000] {dag.py:4180} INFO - Setting next_dagrun for example_branch_dop_operator_v3 to 2026-09-06 09:18:00+00:00, run_after=2026-09-06 09:19:00+00:00
[2026-09-06T09:19:28.670+0000] {processor.py:208} INFO - Processing /home/airflow/.local/lib/python3.12/site-packages/airflow/example_dags/example_branch_python_dop_operator_3.py took 0.222 seconds
[2026-09-06T09:19:59.485+0000] {processor.py:186} INFO - Started process (PID=3332) to work on /home/airflow/.local/lib/python3.12/site-packages/airflow/example_dags/example_branch_python_dop_operator_3.py
[2026-09-06T09:19:59.486+0000] {processor.py:914} INFO - Processing file /home/airflow/.local/lib/python3.12/site-packages/airflow/example_dags/example_branch_python_dop_operator_3.py for tasks to queue
[2026-09-06T09:19:59.489+0000] {logging_mixin.py:190} INFO - [2026-09-06T09:19:59.488+0000] {dagbag.py:588} INFO - Filling up the DagBag from /home/airflow/.local/lib/python3.12/site-packages/airflow/example_dags/example_branch_python_dop_operator_3.py
[2026-09-06T09:19:59.497+0000] {processor.py:925} INFO - DAG(s) 'example_branch_dop_operator_v3' retrieved from /home/airflow/.local/lib/python3.12/site-packages/airflow/example_dags/example_branch_python_dop_operator_3.py
[2026-09-06T09:19:59.514+0000] {logging_mixin.py:190} INFO - [2026-09-06T09:19:59.514+0000] {dag.py:3239} INFO - Sync 1 DAGs
[2026-09-06T09:19:59.535+0000] {logging_mixin.py:190} INFO - [2026-09-06T09:19:59.535+0000] {dag.py:4180} INFO - Setting next_dagrun for example_branch_dop_operator_v3 to 2026-09-06 09:18:00+00:00, run_after=2026-09-06 09:19:00+00:00
[2026-09-06T09:19:59.734+0000] {processor.py:208} INFO - Processing /home/airflow/.local/lib/python3.12/site-packages/airflow/example_dags/example_branch_python_dop_operator_3.py took 0.254 seconds
[2026-09-06T09:20:30.461+0000] {processor.py:186} INFO - Started process (PID=3399) to work on /home/airflow/.local/lib/python3.12/site-packages/airflow/example_dags/example_branch_python_dop_operator_3.py
[2026-09-06T09:20:30.462+0000] {processor.py:914} INFO - Processing file /home/airflow/.local/lib/python3.12/site-packages/airflow/example_dags/example_branch_python_dop_operator_3.py for tasks to queue
[2026-09-06T09:20:30.465+0000] {logging_mixin.py:190} INFO - [2026-09-06T09:20:30.465+0000] {dagbag.py:588} INFO - Filling up the DagBag from /home/airflow/.local/lib/python3.12/site-packages/airflow/example_dags/example_branch_python_dop_operator_3.py
[2026-09-06T09:20:30.475+0000] {processor.py:925} INFO - DAG(s) 'example_branch_dop_operator_v3' retrieved from /home/airflow/.local/lib/python3.12/site-packages/airflow/example_dags/example_branch_python_dop_operator_3.py
[2026-09-06T09:20:30.493+0000] {logging_mixin.py:190} INFO - [2026-09-06T09:20:30.493+0000] {dag.py:3239} INFO - Sync 1 DAGs
[2026-09-06T09:20:30.517+0000] {logging_mixin.py:190} INFO - [2026-09-06T09:20:30.517+0000] {dag.py:4180} INFO - Setting next_dagrun for example_branch_dop_operator_v3 to 2026-09-06 09:19:00+00:00, run_after=2026-09-06 09:20:00+00:00
[2026-09-06T09:20:30.538+0000] {processor.py:208} INFO - Processing /home/airflow/.local/lib/python3.12/site-packages/airflow/example_dags/example_branch_python_dop_operator_3.py took 0.082 seconds
[2026-09-06T09:21:00.620+0000] {processor.py:186} INFO - Started process (PID=3462) to work on /home/airflow/.local/lib/python3.12/site-packages/airflow/example_dags/example_branch_python_dop_operator_3.py
[2026-09-06T09:21:00.621+0000] {processor.py:914} INFO - Processing file /home/airflow/.local/lib/python3.12/site-packages/airflow/example_dags/example_branch_python_dop_operator_3.py for tasks to queue
[2026-09-06T09:21:00.623+0000] {logging_mixin.py:190} INFO - [2026-09-06T09:21:00.623+0000] {dagbag.py:588} INFO - Filling up the DagBag from /home/airflow/.local/lib/python3.12/site-packages/airflow/example_dags/example_branch_python_dop_operator_3.py
[2026-09-06T09:21:00.632+0000] {processor.py:925} INFO - DAG(s) 'example_branch_dop_operator_v3' retrieved from /home/airflow/.local/lib/python3.12/site-packages/airflow/example_dags/example_branch_python_dop_operator_3.py
[2026-09-06T09:21:00.647+0000] {logging_mixin.py:190} INFO - [2026-09-06T09:21:00.647+0000] {dag.py:3239} INFO - Sync 1 DAGs
[2026-09-06T09:21:00.666+0000] {logging_mixin.py:190} INFO - [2026-09-06T09:21:00.666+0000] {dag.py:4180} INFO - Setting next_dagrun for example_branch_dop_operator_v3 to 2026-09-06 09:20:00+00:00, run_after=2026-09-06 09:21:00+00:00
[2026-09-06T09:21:00.681+0000] {processor.py:208} INFO - Processing /home/airflow/.local/lib/python3.12/site-packages/airflow/example_dags/example_branch_python_dop_operator_3.py took 0.066 seconds
[2026-09-06T09:21:30.934+0000] {processor.py:186} INFO - Started process (PID=3524) to work on /home/airflow/.local/lib/python3.12/site-packages/airflow/example_dags/example_branch_python_dop_operator_3.py
[2026-09-06T09:21:30.935+0000] {processor.py:914} INFO - Processing file /home/airflow/.local/lib/python3.12/site-packages/airflow/example_dags/example_branch_python_dop_operator_3.py for tasks to queue
[2026-09-06T09:21:30.938+0000] {logging_mixin.py:190} INFO - [2026-09-06T09:21:30.937+0000] {dagbag.py:588} INFO - Filling up the DagBag from /home/airflow/.local/lib/python3.12/site-packages/airflow/example_dags/example_branch_python_dop_operator_3.py
[2026-09-06T09:21:30.947+0000] {processor.py:925} INFO - DAG(s) 'example_branch_dop_operator_v3' retrieved from /home/airflow/.local/lib/python3.12/site-packages/airflow/example_dags/example_branch_python_dop_operator_3.py
[2026-09-06T09:21:30.963+0000] {logging_mixin.py:190} INFO - [2026-09-06T09:21:30.963+0000] {dag.py:3239} INFO - Sync 1 DAGs
[2026-09-06T09:21:30.983+0000] {logging_mixin.py:190} INFO - [2026-09-06T09:21:30.982+0000] {dag.py:4180} INFO - Setting next_dagrun for example_branch_dop_operator_v3 to 2026-09-06 09:20:00+00:00, run_after=2026-09-06 09:21:00+00:00
[2026-09-06T09:21:30.999+0000] {processor.py:208} INFO - Processing /home/airflow/.local/lib/python3.12/site-packages/airflow/example_dags/example_branch_python_dop_operator_3.py took 0.070 seconds
[2026-09-06T09:22:02.000+0000] {processor.py:186} INFO - Started process (PID=3588) to work on /home/airflow/.local/lib/python3.12/site-packages/airflow/example_dags/example_branch_python_dop_operator_3.py
[2026-09-06T09:22:02.001+0000] {processor.py:914} INFO - Processing file /home/airflow/.local/lib/python3.12/site-packages/airflow/example_dags/example_branch_python_dop_operator_3.py for tasks to queue
[2026-09-06T09:22:02.003+0000] {logging_mixin.py:190} INFO - [2026-09-06T09:22:02.002+0000] {dagbag.py:588} INFO - Filling up the DagBag from /home/airflow/.local/lib/python3.12/site-packages/airflow/example_dags/example_branch_python_dop_operator_3.py
[2026-09-06T09:22:02.011+0000] {processor.py:925} INFO - DAG(s) 'example_branch_dop_operator_v3' retrieved from /home/airflow/.local/lib/python3.12/site-packages/airflow/example_dags/example_branch_python_dop_operator_3.py
[2026-09-06T09:22:02.027+0000] {logging_mixin.py:190} INFO - [2026-09-06T09:22:02.026+0000] {dag.py:3239} INFO - Sync 1 DAGs
[2026-09-06T09:22:02.049+0000] {logging_mixin.py:190} INFO - [2026-09-06T09:22:02.049+0000] {dag.py:4180} INFO - Setting next_dagrun for example_branch_dop_operator_v3 to 2026-09-06 09:21:00+00:00, run_after=2026-09-06 09:22:00+00:00
[2026-09-06T09:22:02.069+0000] {processor.py:208} INFO - Processing /home/airflow/.local/lib/python3.12/site-packages/airflow/example_dags/example_branch_python_dop_operator_3.py took 0.074 seconds
[2026-09-06T09:22:33.091+0000] {processor.py:186} INFO - Started process (PID=3652) to work on /home/airflow/.local/lib/python3.12/site-packages/airflow/example_dags/example_branch_python_dop_operator_3.py
[2026-09-06T09:22:33.092+0000] {processor.py:914} INFO - Processing file /home/airflow/.local/lib/python3.12/site-packages/airflow/example_dags/example_branch_python_dop_operator_3.py for tasks to queue
[2026-09-06T09:22:33.094+0000] {logging_mixin.py:190} INFO - [2026-09-06T09:22:33.094+0000] {dagbag.py:588} INFO - Filling up the DagBag from /home/airflow/.local/lib/python3.12/site-packages/airflow/example_dags/example_branch_python_dop_operator_3.py
[2026-09-06T09:22:33.103+0000] {processor.py:925} INFO - DAG(s) 'example_branch_dop_operator_v3' retrieved from /home/airflow/.local/lib/python3.12/site-packages/airflow/example_dags/example_branch_python_dop_operator_3.py
[2026-09-06T09:22:33.123+0000] {logging_mixin.py:190} INFO - [2026-09-06T09:22:33.123+0000] {dag.py:3239} INFO - Sync 1 DAGs
[2026-09-06T09:22:33.143+0000] {logging_mixin.py:190} INFO - [2026-09-06T09:22:33.143+0000] {dag.py:4180} INFO - Setting next_dagrun for example_branch_dop_operator_v3 to 2026-09-06 09:21:00+00:00, run_after=2026-09-06 09:22:00+00:00
[2026-09-06T09:22:33.157+0000] {processor.py:208} INFO - Processing /home/airflow/.local/lib/python3.12/site-packages/airflow/example_dags/example_branch_python_dop_operator_3.py took 0.070 seconds
[2026-09-06T09:23:04.319+0000] {processor.py:186} INFO - Started process (PID=3716) to work on /home/airflow/.local/lib/python3.12/site-packages/airflow/example_dags/example_branch_python_dop_operator_3.py
[2026-09-06T09:23:04.320+0000] {processor.py:914} INFO - Processing file /home/airflow/.local/lib/python3.12/site-packages/airflow/example_dags/example_branch_python_dop_operator_3.py for tasks to queue
[2026-09-06T09:23:04.325+0000] {logging_mixin.py:190} INFO - [2026-09-06T09:23:04.325+0000] {dagbag.py:588} INFO - Filling up the DagBag from /home/airflow/.local/lib/python3.12/site-packages/airflow/example_dags/example_branch_python_dop_operator_3.py
[2026-09-06T09:23:04.345+0000] {processor.py:925} INFO - DAG(s) 'example_branch_dop_operator_v3' retrieved from /home/airflow/.local/lib/python3.12/site-packages/airflow/example_dags/example_branch_python_dop_operator_3.py
[2026-09-06T09:23:04.369+0000] {logging_mixin.py:190} INFO - [2026-09-06T09:23:04.368+0000] {dag.py:3239} INFO - Sync 1 DAGs
[2026-09-06T09:23:04.392+0000] {logging_mixin.py:190} INFO - [2026-09-06T09:23:04.392+0000] {dag.py:4180} INFO - Setting next_dagrun for example_branch_dop_operator_v3 to 2026-09-06 09:22:00+00:00, run_after=2026-09-06 09:23:00+00:00
[2026-09-06T09:23:04.413+0000] {processor.py:208} INFO - Processing /home/airflow/.local/lib/python3.12/site-packages/airflow/example_dags/example_branch_python_dop_operator_3.py took 0.106 seconds
[2026-09-06T09:23:35.140+0000] {processor.py:186} INFO - Started process (PID=3781) to work on /home/airflow/.local/lib/python3.12/site-packages/airflow/example_dags/example_branch_python_dop_operator_3.py
[2026-09-06T09:23:35.141+0000] {processor.py:914} INFO - Processing file /home/airflow/.local/lib/python3.12/site-packages/airflow/example_dags/example_branch_python_dop_operator_3.py for tasks to queue
[2026-09-06T09:23:35.143+0000] {logging_mixin.py:190} INFO - [2026-09-06T09:23:35.143+0000] {dagbag.py:588} INFO - Filling up the DagBag from /home/airflow/.local/lib/python3.12/site-packages/airflow/example_dags/example_branch_python_dop_operator_3.py
[2026-09-06T09:23:35.151+0000] {processor.py:925} INFO - DAG(s) 'example_branch_dop_operator_v3' retrieved from /home/airflow/.local/lib/python3.12/site-packages/airflow/example_dags/example_branch_python_dop_operator_3.py
[2026-09-06T09:23:35.167+0000] {logging_mixin.py:190} INFO - [2026-09-06T09:23:35.167+0000] {dag.py:3239} INFO - Sync 1 DAGs
[2026-09-06T09:23:35.187+0000] {logging_mixin.py:190} INFO - [2026-09-06T09:23:35.187+0000] {dag.py:4180} INFO - Setting next_dagrun for example_branch_dop_operator_v3 to 2026-09-06 09:22:00+00:00, run_after=2026-09-06 09:23:00+00:00
[2026-09-06T09:23:35.202+0000] {processor.py:208} INFO - Processing /home/airflow/.local/lib/python3.12/site-packages/airflow/example_dags/example_branch_python_dop_operator_3.py took 0.067 seconds
[2026-09-06T09:24:06.189+0000] {processor.py:186} INFO - Started process (PID=3844) to work on /home/airflow/.local/lib/python3.12/site-packages/airflow/example_dags/example_branch_python_dop_operator_3.py
[2026-09-06T09:24:06.191+0000] {processor.py:914} INFO - Processing file /home/airflow/.local/lib/python3.12/site-packages/airflow/example_dags/example_branch_python_dop_operator_3.py for tasks to queue
[2026-09-06T09:24:06.193+0000] {logging_mixin.py:190} INFO - [2026-09-06T09:24:06.192+0000] {dagbag.py:588} INFO - Filling up the DagBag from /home/airflow/.local/lib/python3.12/site-packages/airflow/example_dags/example_branch_python_dop_operator_3.py
[2026-09-06T09:24:06.201+0000] {processor.py:925} INFO - DAG(s) 'example_branch_dop_operator_v3' retrieved from /home/airflow/.local/lib/python3.12/site-packages/airflow/example_dags/example_branch_python_dop_operator_3.py
[2026-09-06T09:24:06.217+0000] {logging_mixin.py:190} INFO - [2026-09-06T09:24:06.217+0000] {dag.py:3239} INFO - Sync 1 DAGs
[2026-09-06T09:24:06.236+0000] {logging_mixin.py:190} INFO - [2026-09-06T09:24:06.236+0000] {dag.py:4180} INFO - Setting next_dagrun for example_branch_dop_operator_v3 to 2026-09-06 09:23:00+00:00, run_after=2026-09-06 09:24:00+00:00
[2026-09-06T09:24:06.251+0000] {processor.py:208} INFO - Processing /home/airflow/.local/lib/python3.12/site-packages/airflow/example_dags/example_branch_python_dop_operator_3.py took 0.066 seconds
[2026-09-06T09:24:37.440+0000] {processor.py:186} INFO - Started process (PID=3908) to work on /home/airflow/.local/lib/python3.12/site-packages/airflow/example_dags/example_branch_python_dop_operator_3.py
[2026-09-06T09:24:37.441+0000] {processor.py:914} INFO - Processing file /home/airflow/.local/lib/python3.12/site-packages/airflow/example_dags/example_branch_python_dop_operator_3.py for tasks to queue
[2026-09-06T09:24:37.443+0000] {logging_mixin.py:190} INFO - [2026-09-06T09:24:37.443+0000] {dagbag.py:588} INFO - Filling up the DagBag from /home/airflow/.local/lib/python3.12/site-packages/airflow/example_dags/example_branch_python_dop_operator_3.py
[2026-09-06T09:24:37.452+0000] {processor.py:925} INFO - DAG(s) 'example_branch_dop_operator_v3' retrieved from /home/airflow/.local/lib/python3.12/site-packages/airflow/example_dags/example_branch_python_dop_operator_3.py
[2026-09-06T09:24:37.468+0000] {logging_mixin.py:190} INFO - [2026-09-06T09:24:37.468+0000] {dag.py:3239} INFO - Sync 1 DAGs
[2026-09-06T09:24:37.487+0000] {logging_mixin.py:190} INFO - [2026-09-06T09:24:37.487+0000] {dag.py:4180} INFO - Setting next_dagrun for example_branch_dop_operator_v3 to 2026-09-06 09:23:00+00:00, run_after=2026-09-06 09:24:00+00:00
[2026-09-06T09:24:37.501+0000] {processor.py:208} INFO - Processing /home/airflow/.local/lib/python3.12/site-packages/airflow/example_dags/example_branch_python_dop_operator_3.py took 0.066 seconds
[2026-09-06T09:25:08.631+0000] {processor.py:186} INFO - Started process (PID=3972) to work on /home/airflow/.local/lib/python3.12/site-packages/airflow/example_dags/example_branch_python_dop_operator_3.py
[2026-09-06T09:25:08.632+0000] {processor.py:914} INFO - Processing file /home/airflow/.local/lib/python3.12/site-packages/airflow/example_dags/example_branch_python_dop_operator_3.py for tasks to queue
[2026-09-06T09:25:08.635+0000] {logging_mixin.py:190} INFO - [2026-09-06T09:25:08.635+0000] {dagbag.py:588} INFO - Filling up the DagBag from /home/airflow/.local/lib/python3.12/site-packages/airflow/example_dags/example_branch_python_dop_operator_3.py
[2026-09-06T09:25:08.646+0000] {processor.py:925} INFO - DAG(s) 'example_branch_dop_operator_v3' retrieved from /home/airflow/.local/lib/python3.12/site-packages/airflow/example_dags/example_branch_python_dop_operator_3.py
[2026-09-06T09:25:08.666+0000] {logging_mixin.py:190} INFO - [2026-09-06T09:25:08.666+0000] {dag.py:3239} INFO - Sync 1 DAGs
[2026-09-06T09:25:08.691+0000] {logging_mixin.py:190} INFO - [2026-09-06T09:25:08.690+0000] {dag.py:4180} INFO - Setting next_dagrun for example_branch_dop_operator_v3 to 2026-09-06 09:24:00+00:00, run_after=2026-09-06 09:25:00+00:00
[2026-09-06T09:25:08.708+0000] {processor.py:208} INFO - Processing /home/airflow/.local/lib/python3.12/site-packages/airflow/example_dags/example_branch_python_dop_operator_3.py took 0.083 seconds
[2026-09-06T09:25:39.073+0000] {processor.py:186} INFO - Started process (PID=4036) to work on /home/airflow/.local/lib/python3.12/site-packages/airflow/example_dags/example_branch_python_dop_operator_3.py
[2026-09-06T09:25:39.074+0000] {processor.py:914} INFO - Processing file /home/airflow/.local/lib/python3.12/site-packages/airflow/example_dags/example_branch_python_dop_operator_3.py for tasks to queue
[2026-09-06T09:25:39.076+0000] {logging_mixin.py:190} INFO - [2026-09-06T09:25:39.076+0000] {dagbag.py:588} INFO - Filling up the DagBag from /home/airflow/.local/lib/python3.12/site-packages/airflow/example_dags/example_branch_python_dop_operator_3.py
[2026-09-06T09:25:39.085+0000] {processor.py:925} INFO - DAG(s) 'example_branch_dop_operator_v3' retrieved from /home/airflow/.local/lib/python3.12/site-packages/airflow/example_dags/example_branch_python_dop_operator_3.py
[2026-09-06T09:25:39.100+0000] {logging_mixin.py:190} INFO - [2026-09-06T09:25:39.100+0000] {dag.py:3239} INFO - Sync 1 DAGs
[2026-09-06T09:25:39.120+0000] {logging_mixin.py:190} INFO - [2026-09-06T09:25:39.120+0000] {dag.py:4180} INFO - Setting next_dagrun for example_branch_dop_operator_v3 to 2026-09-06 09:24:00+00:00, run_after=2026-09-06 09:25:00+00:00
[2026-09-06T09:25:39.135+0000] {processor.py:208} INFO - Processing /home/airflow/.local/lib/python3.12/site-packages/airflow/example_dags/example_branch_python_dop_operator_3.py took 0.066 seconds
[2026-09-06T09:26:09.585+0000] {processor.py:186} INFO - Started process (PID=4100) to work on /home/airflow/.local/lib/python3.12/site-packages/airflow/example_dags/example_branch_python_dop_operator_3.py
[2026-09-06T09:26:09.586+0000] {processor.py:914} INFO - Processing file /home/airflow/.local/lib/python3.12/site-packages/airflow/example_dags/example_branch_python_dop_operator_3.py for tasks to queue
[2026-09-06T09:26:09.588+0000] {logging_mixin.py:190} INFO - [2026-09-06T09:26:09.588+0000] {dagbag.py:588} INFO - Filling up the DagBag from /home/airflow/.local/lib/python3.12/site-packages/airflow/example_dags/example_branch_python_dop_operator_3.py
[2026-09-06T09:26:09.600+0000] {processor.py:925} INFO - DAG(s) 'example_branch_dop_operator_v3' retrieved from /home/airflow/.local/lib/python3.12/site-packages/airflow/example_dags/example_branch_python_dop_operator_3.py
[2026-09-06T09:26:09.620+0000] {logging_mixin.py:190} INFO - [2026-09-06T09:26:09.620+0000] {dag.py:3239} INFO - Sync 1 DAGs
[2026-09-06T09:26:09.642+0000] {logging_mixin.py:190} INFO - [2026-09-06T09:26:09.642+0000] {dag.py:4180} INFO - Setting next_dagrun for example_branch_dop_operator_v3 to 2026-09-06 09:25:00+00:00, run_after=2026-09-06 09:26:00+00:00
[2026-09-06T09:26:09.657+0000] {processor.py:208} INFO - Processing /home/airflow/.local/lib/python3.12/site-packages/airflow/example_dags/example_branch_python_dop_operator_3.py took 0.078 seconds
[2026-09-06T09:26:40.694+0000] {processor.py:186} INFO - Started process (PID=4164) to work on /home/airflow/.local/lib/python3.12/site-packages/airflow/example_dags/example_branch_python_dop_operator_3.py
[2026-09-06T09:26:40.696+0000] {processor.py:914} INFO - Processing file /home/airflow/.local/lib/python3.12/site-packages/airflow/example_dags/example_branch_python_dop_operator_3.py for tasks to queue
[2026-09-06T09:26:40.698+0000] {logging_mixin.py:190} INFO - [2026-09-06T09:26:40.698+0000] {dagbag.py:588} INFO - Filling up the DagBag from /home/airflow/.local/lib/python3.12/site-packages/airflow/example_dags/example_branch_python_dop_operator_3.py
[2026-09-06T09:26:40.707+0000] {processor.py:925} INFO - DAG(s) 'example_branch_dop_operator_v3' retrieved from /home/airflow/.local/lib/python3.12/site-packages/airflow/example_dags/example_branch_python_dop_operator_3.py
[2026-09-06T09:26:40.724+0000] {logging_mixin.py:190} INFO - [2026-09-06T09:26:40.724+0000] {dag.py:3239} INFO - Sync 1 DAGs
[2026-09-06T09:26:40.743+0000] {logging_mixin.py:190} INFO - [2026-09-06T09:26:40.743+0000] {dag.py:4180} INFO - Setting next_dagrun for example_branch_dop_operator_v3 to 2026-09-06 09:25:00+00:00, run_after=2026-09-06 09:26:00+00:00
[2026-09-06T09:26:40.760+0000] {processor.py:208} INFO - Processing /home/airflow/.local/lib/python3.12/site-packages/airflow/example_dags/example_branch_python_dop_operator_3.py took 0.070 seconds
[2026-09-06T09:27:11.822+0000] {processor.py:186} INFO - Started process (PID=4229) to work on /home/airflow/.local/lib/python3.12/site-packages/airflow/example_dags/example_branch_python_dop_operator_3.py
[2026-09-06T09:27:11.823+0000] {processor.py:914} INFO - Processing file /home/airflow/.local/lib/python3.12/site-packages/airflow/example_dags/example_branch_python_dop_operator_3.py for tasks to queue
[2026-09-06T09:27:11.825+0000] {logging_mixin.py:190} INFO - [2026-09-06T09:27:11.825+0000] {dagbag.py:588} INFO - Filling up the DagBag from /home/airflow/.local/lib/python3.12/site-packages/airflow/example_dags/example_branch_python_dop_operator_3.py
[2026-09-06T09:27:11.835+0000] {processor.py:925} INFO - DAG(s) 'example_branch_dop_operator_v3' retrieved from /home/airflow/.local/lib/python3.12/site-packages/airflow/example_dags/example_branch_python_dop_operator_3.py
[2026-09-06T09:27:11.852+0000] {logging_mixin.py:190} INFO - [2026-09-06T09:27:11.852+0000] {dag.py:3239} INFO - Sync 1 DAGs
[2026-09-06T09:27:11.875+0000] {logging_mixin.py:190} INFO - [2026-09-06T09:27:11.875+0000] {dag.py:4180} INFO - Setting next_dagrun for example_branch_dop_operator_v3 to 2026-09-06 09:26:00+00:00, run_after=2026-09-06 09:27:00+00:00
[2026-09-06T09:27:11.893+0000] {processor.py:208} INFO - Processing /home/airflow/.local/lib/python3.12/site-packages/airflow/example_dags/example_branch_python_dop_operator_3.py took 0.076 seconds
[2026-09-06T09:27:42.627+0000] {processor.py:186} INFO - Started process (PID=4293) to work on /home/airflow/.local/lib/python3.12/site-packages/airflow/example_dags/example_branch_python_dop_operator_3.py
[2026-09-06T09:27:42.628+0000] {processor.py:914} INFO - Processing file /home/airflow/.local/lib/python3.12/site-packages/airflow/example_dags/example_branch_python_dop_operator_3.py for tasks to queue
[2026-09-06T09:27:42.631+0000] {logging_mixin.py:190} INFO - [2026-09-06T09:27:42.630+0000] {dagbag.py:588} INFO - Filling up the DagBag from /home/airflow/.local/lib/python3.12/site-packages/airflow/example_dags/example_branch_python_dop_operator_3.py
[2026-09-06T09:27:42.640+0000] {processor.py:925} INFO - DAG(s) 'example_branch_dop_operator_v3' retrieved from /home/airflow/.local/lib/python3.12/site-packages/airflow/example_dags/example_branch_python_dop_operator_3.py
[2026-09-06T09:27:42.657+0000] {logging_mixin.py:190} INFO - [2026-09-06T09:27:42.657+0000] {dag.py:3239} INFO - Sync 1 DAGs
[2026-09-06T09:27:42.679+0000] {logging_mixin.py:190} INFO - [2026-09-06T09:27:42.679+0000] {dag.py:4180} INFO - Setting next_dagrun for example_branch_dop_operator_v3 to 2026-09-06 09:26:00+00:00, run_after=2026-09-06 09:27:00+00:00
[2026-09-06T09:27:42.695+0000] {processor.py:208} INFO - Processing /home/airflow/.local/lib/python3.12/site-packages/airflow/example_dags/example_branch_python_dop_operator_3.py took 0.072 seconds
[2026-09-06T09:28:13.082+0000] {processor.py:186} INFO - Started process (PID=4357) to work on /home/airflow/.local/lib/python3.12/site-packages/airflow/example_dags/example_branch_python_dop_operator_3.py
[2026-09-06T09:28:13.084+0000] {processor.py:914} INFO - Processing file /home/airflow/.local/lib/python3.12/site-packages/airflow/example_dags/example_branch_python_dop_operator_3.py for tasks to queue
[2026-09-06T09:28:13.086+0000] {logging_mixin.py:190} INFO - [2026-09-06T09:28:13.086+0000] {dagbag.py:588} INFO - Filling up the DagBag from /home/airflow/.local/lib/python3.12/site-packages/airflow/example_dags/example_branch_python_dop_operator_3.py
[2026-09-06T09:28:13.095+0000] {processor.py:925} INFO - DAG(s) 'example_branch_dop_operator_v3' retrieved from /home/airflow/.local/lib/python3.12/site-packages/airflow/example_dags/example_branch_python_dop_operator_3.py
[2026-09-06T09:28:13.115+0000] {logging_mixin.py:190} INFO - [2026-09-06T09:28:13.114+0000] {dag.py:3239} INFO - Sync 1 DAGs
[2026-09-06T09:28:13.140+0000] {logging_mixin.py:190} INFO - [2026-09-06T09:28:13.140+0000] {dag.py:4180} INFO - Setting next_dagrun for example_branch_dop_operator_v3 to 2026-09-06 09:27:00+00:00, run_after=2026-09-06 09:28:00+00:00
[2026-09-06T09:28:13.158+0000] {processor.py:208} INFO - Processing /home/airflow/.local/lib/python3.12/site-packages/airflow/example_dags/example_branch_python_dop_operator_3.py took 0.081 seconds
[2026-09-06T09:28:43.490+0000] {processor.py:186} INFO - Started process (PID=4420) to work on /home/airflow/.local/lib/python3.12/site-packages/airflow/example_dags/example_branch_python_dop_operator_3.py
[2026-09-06T09:28:43.491+0000] {processor.py:914} INFO - Processing file /home/airflow/.local/lib/python3.12/site-packages/airflow/example_dags/example_branch_python_dop_operator_3.py for tasks to queue
[2026-09-06T09:28:43.493+0000] {logging_mixin.py:190} INFO - [2026-09-06T09:28:43.493+0000] {dagbag.py:588} INFO - Filling up the DagBag from /home/airflow/.local/lib/python3.12/site-packages/airflow/example_dags/example_branch_python_dop_operator_3.py
[2026-09-06T09:28:43.502+0000] {processor.py:925} INFO - DAG(s) 'example_branch_dop_operator_v3' retrieved from /home/airflow/.local/lib/python3.12/site-packages/airflow/example_dags/example_branch_python_dop_operator_3.py
[2026-09-06T09:28:43.518+0000] {logging_mixin.py:190} INFO - [2026-09-06T09:28:43.518+0000] {dag.py:3239} INFO - Sync 1 DAGs
[2026-09-06T09:28:43.538+0000] {logging_mixin.py:190} INFO - [2026-09-06T09:28:43.538+0000] {dag.py:4180} INFO - Setting next_dagrun for example_branch_dop_operator_v3 to 2026-09-06 09:27:00+00:00, run_after=2026-09-06 09:28:00+00:00
[2026-09-06T09:28:43.552+0000] {processor.py:208} INFO - Processing /home/airflow/.local/lib/python3.12/site-packages/airflow/example_dags/example_branch_python_dop_operator_3.py took 0.067 seconds
[2026-09-06T09:29:13.925+0000] {processor.py:186} INFO - Started process (PID=4484) to work on /home/airflow/.local/lib/python3.12/site-packages/airflow/example_dags/example_branch_python_dop_operator_3.py
[2026-09-06T09:29:13.926+0000] {processor.py:914} INFO - Processing file /home/airflow/.local/lib/python3.12/site-packages/airflow/example_dags/example_branch_python_dop_operator_3.py for tasks to queue
[2026-09-06T09:29:13.928+0000] {logging_mixin.py:190} INFO - [2026-09-06T09:29:13.928+0000] {dagbag.py:588} INFO - Filling up the DagBag from /home/airflow/.local/lib/python3.12/site-packages/airflow/example_dags/example_branch_python_dop_operator_3.py
[2026-09-06T09:29:13.936+0000] {processor.py:925} INFO - DAG(s) 'example_branch_dop_operator_v3' retrieved from /home/airflow/.local/lib/python3.12/site-packages/airflow/example_dags/example_branch_python_dop_operator_3.py
[2026-09-06T09:29:13.951+0000] {logging_mixin.py:190} INFO - [2026-09-06T09:29:13.951+0000] {dag.py:3239} INFO - Sync 1 DAGs
[2026-09-06T09:29:13.970+0000] {logging_mixin.py:190} INFO - [2026-09-06T09:29:13.970+0000] {dag.py:4180} INFO - Setting next_dagrun for example_branch_dop_operator_v3 to 2026-09-06 09:28:00+00:00, run_after=2026-09-06 09:29:00+00:00
[2026-09-06T09:29:13.984+0000] {processor.py:208} INFO - Processing /home/airflow/.local/lib/python3.12/site-packages/airflow/example_dags/example_branch_python_dop_operator_3.py took 0.064 seconds
[2026-09-06T09:29:44.582+0000] {processor.py:186} INFO - Started process (PID=4548) to work on /home/airflow/.local/lib/python3.12/site-packages/airflow/example_dags/example_branch_python_dop_operator_3.py
[2026-09-06T09:29:44.583+0000] {processor.py:914} INFO - Processing file /home/airflow/.local/lib/python3.12/site-packages/airflow/example_dags/example_branch_python_dop_operator_3.py for tasks to queue
[2026-09-06T09:29:44.586+0000] {logging_mixin.py:190} INFO - [2026-09-06T09:29:44.585+0000] {dagbag.py:588} INFO - Filling up the DagBag from /home/airflow/.local/lib/python3.12/site-packages/airflow/example_dags/example_branch_python_dop_operator_3.py
[2026-09-06T09:29:44.597+0000] {processor.py:925} INFO - DAG(s) 'example_branch_dop_operator_v3' retrieved from /home/airflow/.local/lib/python3.12/site-packages/airflow/example_dags/example_branch_python_dop_operator_3.py
[2026-09-06T09:29:44.617+0000] {logging_mixin.py:190} INFO - [2026-09-06T09:29:44.616+0000] {dag.py:3239} INFO - Sync 1 DAGs
[2026-09-06T09:29:44.641+0000] {logging_mixin.py:190} INFO - [2026-09-06T09:29:44.641+0000] {dag.py:4180} INFO - Setting next_dagrun for example_branch_dop_operator_v3 to 2026-09-06 09:28:00+00:00, run_after=2026-09-06 09:29:00+00:00
[2026-09-06T09:29:44.657+0000] {processor.py:208} INFO - Processing /home/airflow/.local/lib/python3.12/site-packages/airflow/example_dags/example_branch_python_dop_operator_3.py took 0.086 seconds
[2026-09-06T09:30:15.089+0000] {processor.py:186} INFO - Started process (PID=4612) to work on /home/airflow/.local/lib/python3.12/site-packages/airflow/example_dags/example_branch_python_dop_operator_3.py
[2026-09-06T09:30:15.090+0000] {processor.py:914} INFO - Processing file /home/airflow/.local/lib/python3.12/site-packages/airflow/example_dags/example_branch_python_dop_operator_3.py for tasks to queue
[2026-09-06T09:30:15.092+0000] {logging_mixin.py:190} INFO - [2026-09-06T09:30:15.092+0000] {dagbag.py:588} INFO - Filling up the DagBag from /home/airflow/.local/lib/python3.12/site-packages/airflow/example_dags/example_branch_python_dop_operator_3.py
[2026-09-06T09:30:15.100+0000] {processor.py:925} INFO - DAG(s) 'example_branch_dop_operator_v3' retrieved from /home/airflow/.local/lib/python3.12/site-packages/airflow/example_dags/example_branch_python_dop_operator_3.py
[2026-09-06T09:30:15.117+0000] {logging_mixin.py:190} INFO - [2026-09-06T09:30:15.117+0000] {dag.py:3239} INFO - Sync 1 DAGs
[2026-09-06T09:30:15.137+0000] {logging_mixin.py:190} INFO - [2026-09-06T09:30:15.137+0000] {dag.py:4180} INFO - Setting next_dagrun for example_branch_dop_operator_v3 to 2026-09-06 09:29:00+00:00, run_after=2026-09-06 09:30:00+00:00
[2026-09-06T09:30:15.151+0000] {processor.py:208} INFO - Processing /home/airflow/.local/lib/python3.12/site-packages/airflow/example_dags/example_branch_python_dop_operator_3.py took 0.066 seconds
[2026-09-06T09:30:45.767+0000] {processor.py:186} INFO - Started process (PID=4676) to work on /home/airflow/.local/lib/python3.12/site-packages/airflow/example_dags/example_branch_python_dop_operator_3.py
[2026-09-06T09:30:45.768+0000] {processor.py:914} INFO - Processing file /home/airflow/.local/lib/python3.12/site-packages/airflow/example_dags/example_branch_python_dop_operator_3.py for tasks to queue
[2026-09-06T09:30:45.770+0000] {logging_mixin.py:190} INFO - [2026-09-06T09:30:45.770+0000] {dagbag.py:588} INFO - Filling up the DagBag from /home/airflow/.local/lib/python3.12/site-packages/airflow/example_dags/example_branch_python_dop_operator_3.py
[2026-09-06T09:30:45.779+0000] {processor.py:925} INFO - DAG(s) 'example_branch_dop_operator_v3' retrieved from /home/airflow/.local/lib/python3.12/site-packages/airflow/example_dags/example_branch_python_dop_operator_3.py
[2026-09-06T09:30:45.798+0000] {logging_mixin.py:190} INFO - [2026-09-06T09:30:45.798+0000] {dag.py:3239} INFO - Sync 1 DAGs
[2026-09-06T09:30:45.820+0000] {logging_mixin.py:190} INFO - [2026-09-06T09:30:45.820+0000] {dag.py:4180} INFO - Setting next_dagrun for example_branch_dop_operator_v3 to 2026-09-06 09:29:00+00:00, run_after=2026-09-06 09:30:00+00:00
[2026-09-06T09:30:45.842+0000] {processor.py:208} INFO - Processing /home/airflow/.local/lib/python3.12/site-packages/airflow/example_dags/example_branch_python_dop_operator_3.py took 0.081 seconds
[2026-09-06T09:31:16.366+0000] {processor.py:186} INFO - Started process (PID=4740) to work on /home/airflow/.local/lib/python3.12/site-packages/airflow/example_dags/example_branch_python_dop_operator_3.py
[2026-09-06T09:31:16.367+0000] {processor.py:914} INFO - Processing file /home/airflow/.local/lib/python3.12/site-packages/airflow/example_dags/example_branch_python_dop_operator_3.py for tasks to queue
[2026-09-06T09:31:16.369+0000] {logging_mixin.py:190} INFO - [2026-09-06T09:31:16.369+0000] {dagbag.py:588} INFO - Filling up the DagBag from /home/airflow/.local/lib/python3.12/site-packages/airflow/example_dags/example_branch_python_dop_operator_3.py
[2026-09-06T09:31:16.379+0000] {processor.py:925} INFO - DAG(s) 'example_branch_dop_operator_v3' retrieved from /home/airflow/.local/lib/python3.12/site-packages/airflow/example_dags/example_branch_python_dop_operator_3.py
[2026-09-06T09:31:16.398+0000] {logging_mixin.py:190} INFO - [2026-09-06T09:31:16.398+0000] {dag.py:3239} INFO - Sync 1 DAGs
[2026-09-06T09:31:16.424+0000] {logging_mixin.py:190} INFO - [2026-09-06T09:31:16.424+0000] {dag.py:4180} INFO - Setting next_dagrun for example_branch_dop_operator_v3 to 2026-09-06 09:30:00+00:00, run_after=2026-09-06 09:31:00+00:00
[2026-09-06T09:31:16.441+0000] {processor.py:208} INFO - Processing /home/airflow/.local/lib/python3.12/site-packages/airflow/example_dags/example_branch_python_dop_operator_3.py took 0.081 seconds
[2026-09-06T09:31:47.387+0000] {processor.py:186} INFO - Started process (PID=4804) to work on /home/airflow/.local/lib/python3.12/site-packages/airflow/example_dags/example_branch_python_dop_operator_3.py
[2026-09-06T09:31:47.394+0000] {processor.py:914} INFO - Processing file /home/airflow/.local/lib/python3.12/site-packages/airflow/example_dags/example_branch_python_dop_operator_3.py for tasks to queue
[2026-09-06T09:31:47.399+0000] {logging_mixin.py:190} INFO - [2026-09-06T09:31:47.399+0000] {dagbag.py:588} INFO - Filling up the DagBag from /home/airflow/.local/lib/python3.12/site-packages/airflow/example_dags/example_branch_python_dop_operator_3.py
[2026-09-06T09:31:47.421+0000] {processor.py:925} INFO - DAG(s) 'example_branch_dop_operator_v3' retrieved from /home/airflow/.local/lib/python3.12/site-packages/airflow/example_dags/example_branch_python_dop_operator_3.py
[2026-09-06T09:31:47.447+0000] {logging_mixin.py:190} INFO - [2026-09-06T09:31:47.446+0000] {dag.py:3239} INFO - Sync 1 DAGs
[2026-09-06T09:31:47.477+0000] {logging_mixin.py:190} INFO - [2026-09-06T09:31:47.477+0000] {dag.py:4180} INFO - Setting next_dagrun for example_branch_dop_operator_v3 to 2026-09-06 09:30:00+00:00, run_after=2026-09-06 09:31:00+00:00
[2026-09-06T09:31:47.498+0000] {processor.py:208} INFO - Processing /home/airflow/.local/lib/python3.12/site-packages/airflow/example_dags/example_branch_python_dop_operator_3.py took 0.118 seconds
[2026-09-06T09:32:17.923+0000] {processor.py:186} INFO - Started process (PID=4868) to work on /home/airflow/.local/lib/python3.12/site-packages/airflow/example_dags/example_branch_python_dop_operator_3.py
[2026-09-06T09:32:17.925+0000] {processor.py:914} INFO - Processing file /home/airflow/.local/lib/python3.12/site-packages/airflow/example_dags/example_branch_python_dop_operator_3.py for tasks to queue
[2026-09-06T09:32:17.927+0000] {logging_mixin.py:190} INFO - [2026-09-06T09:32:17.927+0000] {dagbag.py:588} INFO - Filling up the DagBag from /home/airflow/.local/lib/python3.12/site-packages/airflow/example_dags/example_branch_python_dop_operator_3.py
[2026-09-06T09:32:17.936+0000] {processor.py:925} INFO - DAG(s) 'example_branch_dop_operator_v3' retrieved from /home/airflow/.local/lib/python3.12/site-packages/airflow/example_dags/example_branch_python_dop_operator_3.py
[2026-09-06T09:32:17.955+0000] {logging_mixin.py:190} INFO - [2026-09-06T09:32:17.955+0000] {dag.py:3239} INFO - Sync 1 DAGs
[2026-09-06T09:32:17.976+0000] {logging_mixin.py:190} INFO - [2026-09-06T09:32:17.976+0000] {dag.py:4180} INFO - Setting next_dagrun for example_branch_dop_operator_v3 to 2026-09-06 09:31:00+00:00, run_after=2026-09-06 09:32:00+00:00
[2026-09-06T09:32:17.994+0000] {processor.py:208} INFO - Processing /home/airflow/.local/lib/python3.12/site-packages/airflow/example_dags/example_branch_python_dop_operator_3.py took 0.076 seconds
[2026-09-06T09:32:48.258+0000] {processor.py:186} INFO - Started process (PID=4931) to work on /home/airflow/.local/lib/python3.12/site-packages/airflow/example_dags/example_branch_python_dop_operator_3.py
[2026-09-06T09:32:48.259+0000] {processor.py:914} INFO - Processing file /home/airflow/.local/lib/python3.12/site-packages/airflow/example_dags/example_branch_python_dop_operator_3.py for tasks to queue
[2026-09-06T09:32:48.261+0000] {logging_mixin.py:190} INFO - [2026-09-06T09:32:48.261+0000] {dagbag.py:588} INFO - Filling up the DagBag from /home/airflow/.local/lib/python3.12/site-packages/airflow/example_dags/example_branch_python_dop_operator_3.py
[2026-09-06T09:32:48.271+0000] {processor.py:925} INFO - DAG(s) 'example_branch_dop_operator_v3' retrieved from /home/airflow/.local/lib/python3.12/site-packages/airflow/example_dags/example_branch_python_dop_operator_3.py
[2026-09-06T09:32:48.286+0000] {logging_mixin.py:190} INFO - [2026-09-06T09:32:48.286+0000] {dag.py:3239} INFO - Sync 1 DAGs
[2026-09-06T09:32:48.305+0000] {logging_mixin.py:190} INFO - [2026-09-06T09:32:48.305+0000] {dag.py:4180} INFO - Setting next_dagrun for example_branch_dop_operator_v3 to 2026-09-06 09:31:00+00:00, run_after=2026-09-06 09:32:00+00:00
[2026-09-06T09:32:48.319+0000] {processor.py:208} INFO - Processing /home/airflow/.local/lib/python3.12/site-packages/airflow/example_dags/example_branch_python_dop_operator_3.py took 0.066 seconds
[2026-09-06T09:33:18.510+0000] {processor.py:186} INFO - Started process (PID=4995) to work on /home/airflow/.local/lib/python3.12/site-packages/airflow/example_dags/example_branch_python_dop_operator_3.py
[2026-09-06T09:33:18.511+0000] {processor.py:914} INFO - Processing file /home/airflow/.local/lib/python3.12/site-packages/airflow/example_dags/example_branch_python_dop_operator_3.py for tasks to queue
[2026-09-06T09:33:18.513+0000] {logging_mixin.py:190} INFO - [2026-09-06T09:33:18.513+0000] {dagbag.py:588} INFO - Filling up the DagBag from /home/airflow/.local/lib/python3.12/site-packages/airflow/example_dags/example_branch_python_dop_operator_3.py
[2026-09-06T09:33:18.522+0000] {processor.py:925} INFO - DAG(s) 'example_branch_dop_operator_v3' retrieved from /home/airflow/.local/lib/python3.12/site-packages/airflow/example_dags/example_branch_python_dop_operator_3.py
[2026-09-06T09:33:18.539+0000] {logging_mixin.py:190} INFO - [2026-09-06T09:33:18.539+0000] {dag.py:3239} INFO - Sync 1 DAGs
[2026-09-06T09:33:18.560+0000] {logging_mixin.py:190} INFO - [2026-09-06T09:33:18.559+0000] {dag.py:4180} INFO - Setting next_dagrun for example_branch_dop_operator_v3 to 2026-09-06 09:32:00+00:00, run_after=2026-09-06 09:33:00+00:00
[2026-09-06T09:33:18.578+0000] {processor.py:208} INFO - Processing /home/airflow/.local/lib/python3.12/site-packages/airflow/example_dags/example_branch_python_dop_operator_3.py took 0.073 seconds
[2026-09-06T09:33:49.682+0000] {processor.py:186} INFO - Started process (PID=5059) to work on /home/airflow/.local/lib/python3.12/site-packages/airflow/example_dags/example_branch_python_dop_operator_3.py
[2026-09-06T09:33:49.683+0000] {processor.py:914} INFO - Processing file /home/airflow/.local/lib/python3.12/site-packages/airflow/example_dags/example_branch_python_dop_operator_3.py for tasks to queue
[2026-09-06T09:33:49.686+0000] {logging_mixin.py:190} INFO - [2026-09-06T09:33:49.685+0000] {dagbag.py:588} INFO - Filling up the DagBag from /home/airflow/.local/lib/python3.12/site-packages/airflow/example_dags/example_branch_python_dop_operator_3.py
[2026-09-06T09:33:49.695+0000] {processor.py:925} INFO - DAG(s) 'example_branch_dop_operator_v3' retrieved from /home/airflow/.local/lib/python3.12/site-packages/airflow/example_dags/example_branch_python_dop_operator_3.py
[2026-09-06T09:33:49.709+0000] {logging_mixin.py:190} INFO - [2026-09-06T09:33:49.709+0000] {dag.py:3239} INFO - Sync 1 DAGs
[2026-09-06T09:33:49.729+0000] {logging_mixin.py:190} INFO - [2026-09-06T09:33:49.729+0000] {dag.py:4180} INFO - Setting next_dagrun for example_branch_dop_operator_v3 to 2026-09-06 09:32:00+00:00, run_after=2026-09-06 09:33:00+00:00
[2026-09-06T09:33:49.743+0000] {processor.py:208} INFO - Processing /home/airflow/.local/lib/python3.12/site-packages/airflow/example_dags/example_branch_python_dop_operator_3.py took 0.065 seconds
[2026-09-06T09:34:20.442+0000] {processor.py:186} INFO - Started process (PID=5123) to work on /home/airflow/.local/lib/python3.12/site-packages/airflow/example_dags/example_branch_python_dop_operator_3.py
[2026-09-06T09:34:20.443+0000] {processor.py:914} INFO - Processing file /home/airflow/.local/lib/python3.12/site-packages/airflow/example_dags/example_branch_python_dop_operator_3.py for tasks to queue
[2026-09-06T09:34:20.445+0000] {logging_mixin.py:190} INFO - [2026-09-06T09:34:20.445+0000] {dagbag.py:588} INFO - Filling up the DagBag from /home/airflow/.local/lib/python3.12/site-packages/airflow/example_dags/example_branch_python_dop_operator_3.py
[2026-09-06T09:34:20.459+0000] {processor.py:925} INFO - DAG(s) 'example_branch_dop_operator_v3' retrieved from /home/airflow/.local/lib/python3.12/site-packages/airflow/example_dags/example_branch_python_dop_operator_3.py
[2026-09-06T09:34:20.486+0000] {logging_mixin.py:190} INFO - [2026-09-06T09:34:20.486+0000] {dag.py:3239} INFO - Sync 1 DAGs
[2026-09-06T09:34:20.517+0000] {logging_mixin.py:190} INFO - [2026-09-06T09:34:20.517+0000] {dag.py:4180} INFO - Setting next_dagrun for example_branch_dop_operator_v3 to 2026-09-06 09:33:00+00:00, run_after=2026-09-06 09:34:00+00:00
[2026-09-06T09:34:20.543+0000] {processor.py:208} INFO - Processing /home/airflow/.local/lib/python3.12/site-packages/airflow/example_dags/example_branch_python_dop_operator_3.py took 0.106 seconds
[2026-09-06T09:34:50.695+0000] {processor.py:186} INFO - Started process (PID=5186) to work on /home/airflow/.local/lib/python3.12/site-packages/airflow/example_dags/example_branch_python_dop_operator_3.py
[2026-09-06T09:34:50.696+0000] {processor.py:914} INFO - Processing file /home/airflow/.local/lib/python3.12/site-packages/airflow/example_dags/example_branch_python_dop_operator_3.py for tasks to queue
[2026-09-06T09:34:50.698+0000] {logging_mixin.py:190} INFO - [2026-09-06T09:34:50.698+0000] {dagbag.py:588} INFO - Filling up the DagBag from /home/airflow/.local/lib/python3.12/site-packages/airflow/example_dags/example_branch_python_dop_operator_3.py
[2026-09-06T09:34:50.706+0000] {processor.py:925} INFO - DAG(s) 'example_branch_dop_operator_v3' retrieved from /home/airflow/.local/lib/python3.12/site-packages/airflow/example_dags/example_branch_python_dop_operator_3.py
[2026-09-06T09:34:50.721+0000] {logging_mixin.py:190} INFO - [2026-09-06T09:34:50.721+0000] {dag.py:3239} INFO - Sync 1 DAGs
[2026-09-06T09:34:50.740+0000] {logging_mixin.py:190} INFO - [2026-09-06T09:34:50.740+0000] {dag.py:4180} INFO - Setting next_dagrun for example_branch_dop_operator_v3 to 2026-09-06 09:33:00+00:00, run_after=2026-09-06 09:34:00+00:00
[2026-09-06T09:34:50.754+0000] {processor.py:208} INFO - Processing /home/airflow/.local/lib/python3.12/site-packages/airflow/example_dags/example_branch_python_dop_operator_3.py took 0.064 seconds
[2026-09-06T09:35:20.987+0000] {processor.py:186} INFO - Started process (PID=5250) to work on /home/airflow/.local/lib/python3.12/site-packages/airflow/example_dags/example_branch_python_dop_operator_3.py
[2026-09-06T09:35:20.988+0000] {processor.py:914} INFO - Processing file /home/airflow/.local/lib/python3.12/site-packages/airflow/example_dags/example_branch_python_dop_operator_3.py for tasks to queue
[2026-09-06T09:35:20.991+0000] {logging_mixin.py:190} INFO - [2026-09-06T09:35:20.990+0000] {dagbag.py:588} INFO - Filling up the DagBag from /home/airflow/.local/lib/python3.12/site-packages/airflow/example_dags/example_branch_python_dop_operator_3.py
[2026-09-06T09:35:21.000+0000] {processor.py:925} INFO - DAG(s) 'example_branch_dop_operator_v3' retrieved from /home/airflow/.local/lib/python3.12/site-packages/airflow/example_dags/example_branch_python_dop_operator_3.py
[2026-09-06T09:35:21.017+0000] {logging_mixin.py:190} INFO - [2026-09-06T09:35:21.017+0000] {dag.py:3239} INFO - Sync 1 DAGs
[2026-09-06T09:35:21.038+0000] {logging_mixin.py:190} INFO - [2026-09-06T09:35:21.038+0000] {dag.py:4180} INFO - Setting next_dagrun for example_branch_dop_operator_v3 to 2026-09-06 09:34:00+00:00, run_after=2026-09-06 09:35:00+00:00
[2026-09-06T09:35:21.053+0000] {processor.py:208} INFO - Processing /home/airflow/.local/lib/python3.12/site-packages/airflow/example_dags/example_branch_python_dop_operator_3.py took 0.071 seconds
[2026-09-06T09:35:51.214+0000] {processor.py:186} INFO - Started process (PID=5314) to work on /home/airflow/.local/lib/python3.12/site-packages/airflow/example_dags/example_branch_python_dop_operator_3.py
[2026-09-06T09:35:51.215+0000] {processor.py:914} INFO - Processing file /home/airflow/.local/lib/python3.12/site-packages/airflow/example_dags/example_branch_python_dop_operator_3.py for tasks to queue
[2026-09-06T09:35:51.217+0000] {logging_mixin.py:190} INFO - [2026-09-06T09:35:51.217+0000] {dagbag.py:588} INFO - Filling up the DagBag from /home/airflow/.local/lib/python3.12/site-packages/airflow/example_dags/example_branch_python_dop_operator_3.py
[2026-09-06T09:35:51.226+0000] {processor.py:925} INFO - DAG(s) 'example_branch_dop_operator_v3' retrieved from /home/airflow/.local/lib/python3.12/site-packages/airflow/example_dags/example_branch_python_dop_operator_3.py
[2026-09-06T09:35:51.242+0000] {logging_mixin.py:190} INFO - [2026-09-06T09:35:51.242+0000] {dag.py:3239} INFO - Sync 1 DAGs
[2026-09-06T09:35:51.262+0000] {logging_mixin.py:190} INFO - [2026-09-06T09:35:51.262+0000] {dag.py:4180} INFO - Setting next_dagrun for example_branch_dop_operator_v3 to 2026-09-06 09:34:00+00:00, run_after=2026-09-06 09:35:00+00:00
[2026-09-06T09:35:51.276+0000] {processor.py:208} INFO - Processing /home/airflow/.local/lib/python3.12/site-packages/airflow/example_dags/example_branch_python_dop_operator_3.py took 0.066 seconds
[2026-09-06T09:36:21.428+0000] {processor.py:186} INFO - Started process (PID=5377) to work on /home/airflow/.local/lib/python3.12/site-packages/airflow/example_dags/example_branch_python_dop_operator_3.py
[2026-09-06T09:36:21.429+0000] {processor.py:914} INFO - Processing file /home/airflow/.local/lib/python3.12/site-packages/airflow/example_dags/example_branch_python_dop_operator_3.py for tasks to queue
[2026-09-06T09:36:21.431+0000] {logging_mixin.py:190} INFO - [2026-09-06T09:36:21.431+0000] {dagbag.py:588} INFO - Filling up the DagBag from /home/airflow/.local/lib/python3.12/site-packages/airflow/example_dags/example_branch_python_dop_operator_3.py
[2026-09-06T09:36:21.440+0000] {processor.py:925} INFO - DAG(s) 'example_branch_dop_operator_v3' retrieved from /home/airflow/.local/lib/python3.12/site-packages/airflow/example_dags/example_branch_python_dop_operator_3.py
[2026-09-06T09:36:21.457+0000] {logging_mixin.py:190} INFO - [2026-09-06T09:36:21.457+0000] {dag.py:3239} INFO - Sync 1 DAGs
[2026-09-06T09:36:21.479+0000] {logging_mixin.py:190} INFO - [2026-09-06T09:36:21.479+0000] {dag.py:4180} INFO - Setting next_dagrun for example_branch_dop_operator_v3 to 2026-09-06 09:35:00+00:00, run_after=2026-09-06 09:36:00+00:00
[2026-09-06T09:36:21.495+0000] {processor.py:208} INFO - Processing /home/airflow/.local/lib/python3.12/site-packages/airflow/example_dags/example_branch_python_dop_operator_3.py took 0.071 seconds
[2026-09-06T09:36:51.539+0000] {processor.py:186} INFO - Started process (PID=5441) to work on /home/airflow/.local/lib/python3.12/site-packages/airflow/example_dags/example_branch_python_dop_operator_3.py
[2026-09-06T09:36:51.540+0000] {processor.py:914} INFO - Processing file /home/airflow/.local/lib/python3.12/site-packages/airflow/example_dags/example_branch_python_dop_operator_3.py for tasks to queue
[2026-09-06T09:36:51.542+0000] {logging_mixin.py:190} INFO - [2026-09-06T09:36:51.541+0000] {dagbag.py:588} INFO - Filling up the DagBag from /home/airflow/.local/lib/python3.12/site-packages/airflow/example_dags/example_branch_python_dop_operator_3.py
[2026-09-06T09:36:51.550+0000] {processor.py:925} INFO - DAG(s) 'example_branch_dop_operator_v3' retrieved from /home/airflow/.local/lib/python3.12/site-packages/airflow/example_dags/example_branch_python_dop_operator_3.py
[2026-09-06T09:36:51.565+0000] {logging_mixin.py:190} INFO - [2026-09-06T09:36:51.565+0000] {dag.py:3239} INFO - Sync 1 DAGs
[2026-09-06T09:36:51.584+0000] {logging_mixin.py:190} INFO - [2026-09-06T09:36:51.584+0000] {dag.py:4180} INFO - Setting next_dagrun for example_branch_dop_operator_v3 to 2026-09-06 09:35:00+00:00, run_after=2026-09-06 09:36:00+00:00
[2026-09-06T09:36:51.598+0000] {processor.py:208} INFO - Processing /home/airflow/.local/lib/python3.12/site-packages/airflow/example_dags/example_branch_python_dop_operator_3.py took 0.064 seconds
[2026-09-06T09:37:22.721+0000] {processor.py:186} INFO - Started process (PID=5505) to work on /home/airflow/.local/lib/python3.12/site-packages/airflow/example_dags/example_branch_python_dop_operator_3.py
[2026-09-06T09:37:22.722+0000] {processor.py:914} INFO - Processing file /home/airflow/.local/lib/python3.12/site-packages/airflow/example_dags/example_branch_python_dop_operator_3.py for tasks to queue
[2026-09-06T09:37:22.724+0000] {logging_mixin.py:190} INFO - [2026-09-06T09:37:22.723+0000] {dagbag.py:588} INFO - Filling up the DagBag from /home/airflow/.local/lib/python3.12/site-packages/airflow/example_dags/example_branch_python_dop_operator_3.py
[2026-09-06T09:37:22.732+0000] {processor.py:925} INFO - DAG(s) 'example_branch_dop_operator_v3' retrieved from /home/airflow/.local/lib/python3.12/site-packages/airflow/example_dags/example_branch_python_dop_operator_3.py
[2026-09-06T09:37:22.749+0000] {logging_mixin.py:190} INFO - [2026-09-06T09:37:22.749+0000] {dag.py:3239} INFO - Sync 1 DAGs
[2026-09-06T09:37:22.768+0000] {logging_mixin.py:190} INFO - [2026-09-06T09:37:22.768+0000] {dag.py:4180} INFO - Setting next_dagrun for example_branch_dop_operator_v3 to 2026-09-06 09:36:00+00:00, run_after=2026-09-06 09:37:00+00:00
[2026-09-06T09:37:22.783+0000] {processor.py:208} INFO - Processing /home/airflow/.local/lib/python3.12/site-packages/airflow/example_dags/example_branch_python_dop_operator_3.py took 0.067 seconds
[2026-09-06T09:37:52.835+0000] {processor.py:186} INFO - Started process (PID=5569) to work on /home/airflow/.local/lib/python3.12/site-packages/airflow/example_dags/example_branch_python_dop_operator_3.py
[2026-09-06T09:37:52.836+0000] {processor.py:914} INFO - Processing file /home/airflow/.local/lib/python3.12/site-packages/airflow/example_dags/example_branch_python_dop_operator_3.py for tasks to queue
[2026-09-06T09:37:52.838+0000] {logging_mixin.py:190} INFO - [2026-09-06T09:37:52.837+0000] {dagbag.py:588} INFO - Filling up the DagBag from /home/airflow/.local/lib/python3.12/site-packages/airflow/example_dags/example_branch_python_dop_operator_3.py
[2026-09-06T09:37:52.846+0000] {processor.py:925} INFO - DAG(s) 'example_branch_dop_operator_v3' retrieved from /home/airflow/.local/lib/python3.12/site-packages/airflow/example_dags/example_branch_python_dop_operator_3.py
[2026-09-06T09:37:52.861+0000] {logging_mixin.py:190} INFO - [2026-09-06T09:37:52.861+0000] {dag.py:3239} INFO - Sync 1 DAGs
[2026-09-06T09:37:52.878+0000] {logging_mixin.py:190} INFO - [2026-09-06T09:37:52.878+0000] {dag.py:4180} INFO - Setting next_dagrun for example_branch_dop_operator_v3 to 2026-09-06 09:36:00+00:00, run_after=2026-09-06 09:37:00+00:00
[2026-09-06T09:37:52.897+0000] {processor.py:208} INFO - Processing /home/airflow/.local/lib/python3.12/site-packages/airflow/example_dags/example_branch_python_dop_operator_3.py took 0.067 seconds
[2026-09-06T09:38:23.919+0000] {processor.py:186} INFO - Started process (PID=5633) to work on /home/airflow/.local/lib/python3.12/site-packages/airflow/example_dags/example_branch_python_dop_operator_3.py
[2026-09-06T09:38:23.920+0000] {processor.py:914} INFO - Processing file /home/airflow/.local/lib/python3.12/site-packages/airflow/example_dags/example_branch_python_dop_operator_3.py for tasks to queue
[2026-09-06T09:38:23.922+0000] {logging_mixin.py:190} INFO - [2026-09-06T09:38:23.922+0000] {dagbag.py:588} INFO - Filling up the DagBag from /home/airflow/.local/lib/python3.12/site-packages/airflow/example_dags/example_branch_python_dop_operator_3.py
[2026-09-06T09:38:23.930+0000] {processor.py:925} INFO - DAG(s) 'example_branch_dop_operator_v3' retrieved from /home/airflow/.local/lib/python3.12/site-packages/airflow/example_dags/example_branch_python_dop_operator_3.py
[2026-09-06T09:38:23.945+0000] {logging_mixin.py:190} INFO - [2026-09-06T09:38:23.945+0000] {dag.py:3239} INFO - Sync 1 DAGs
[2026-09-06T09:38:23.963+0000] {logging_mixin.py:190} INFO - [2026-09-06T09:38:23.963+0000] {dag.py:4180} INFO - Setting next_dagrun for example_branch_dop_operator_v3 to 2026-09-06 09:37:00+00:00, run_after=2026-09-06 09:38:00+00:00
[2026-09-06T09:38:23.979+0000] {processor.py:208} INFO - Processing /home/airflow/.local/lib/python3.12/site-packages/airflow/example_dags/example_branch_python_dop_operator_3.py took 0.064 seconds
[2026-09-06T09:38:54.442+0000] {processor.py:186} INFO - Started process (PID=5696) to work on /home/airflow/.local/lib/python3.12/site-packages/airflow/example_dags/example_branch_python_dop_operator_3.py
[2026-09-06T09:38:54.444+0000] {processor.py:914} INFO - Processing file /home/airflow/.local/lib/python3.12/site-packages/airflow/example_dags/example_branch_python_dop_operator_3.py for tasks to queue
[2026-09-06T09:38:54.448+0000] {logging_mixin.py:190} INFO - [2026-09-06T09:38:54.447+0000] {dagbag.py:588} INFO - Filling up the DagBag from /home/airflow/.local/lib/python3.12/site-packages/airflow/example_dags/example_branch_python_dop_operator_3.py
[2026-09-06T09:38:54.460+0000] {processor.py:925} INFO - DAG(s) 'example_branch_dop_operator_v3' retrieved from /home/airflow/.local/lib/python3.12/site-packages/airflow/example_dags/example_branch_python_dop_operator_3.py
[2026-09-06T09:38:54.480+0000] {logging_mixin.py:190} INFO - [2026-09-06T09:38:54.480+0000] {dag.py:3239} INFO - Sync 1 DAGs
[2026-09-06T09:38:54.506+0000] {logging_mixin.py:190} INFO - [2026-09-06T09:38:54.506+0000] {dag.py:4180} INFO - Setting next_dagrun for example_branch_dop_operator_v3 to 2026-09-06 09:37:00+00:00, run_after=2026-09-06 09:38:00+00:00
[2026-09-06T09:38:54.525+0000] {processor.py:208} INFO - Processing /home/airflow/.local/lib/python3.12/site-packages/airflow/example_dags/example_branch_python_dop_operator_3.py took 0.089 seconds
[2026-09-06T09:39:25.320+0000] {processor.py:186} INFO - Started process (PID=5760) to work on /home/airflow/.local/lib/python3.12/site-packages/airflow/example_dags/example_branch_python_dop_operator_3.py
[2026-09-06T09:39:25.321+0000] {processor.py:914} INFO - Processing file /home/airflow/.local/lib/python3.12/site-packages/airflow/example_dags/example_branch_python_dop_operator_3.py for tasks to queue
[2026-09-06T09:39:25.323+0000] {logging_mixin.py:190} INFO - [2026-09-06T09:39:25.323+0000] {dagbag.py:588} INFO - Filling up the DagBag from /home/airflow/.local/lib/python3.12/site-packages/airflow/example_dags/example_branch_python_dop_operator_3.py
[2026-09-06T09:39:25.333+0000] {processor.py:925} INFO - DAG(s) 'example_branch_dop_operator_v3' retrieved from /home/airflow/.local/lib/python3.12/site-packages/airflow/example_dags/example_branch_python_dop_operator_3.py
[2026-09-06T09:39:25.347+0000] {logging_mixin.py:190} INFO - [2026-09-06T09:39:25.347+0000] {dag.py:3239} INFO - Sync 1 DAGs
[2026-09-06T09:39:25.370+0000] {logging_mixin.py:190} INFO - [2026-09-06T09:39:25.369+0000] {dag.py:4180} INFO - Setting next_dagrun for example_branch_dop_operator_v3 to 2026-09-06 09:38:00+00:00, run_after=2026-09-06 09:39:00+00:00
[2026-09-06T09:39:25.384+0000] {processor.py:208} INFO - Processing /home/airflow/.local/lib/python3.12/site-packages/airflow/example_dags/example_branch_python_dop_operator_3.py took 0.070 seconds
[2026-09-06T09:39:55.528+0000] {processor.py:186} INFO - Started process (PID=5824) to work on /home/airflow/.local/lib/python3.12/site-packages/airflow/example_dags/example_branch_python_dop_operator_3.py
[2026-09-06T09:39:55.529+0000] {processor.py:914} INFO - Processing file /home/airflow/.local/lib/python3.12/site-packages/airflow/example_dags/example_branch_python_dop_operator_3.py for tasks to queue
[2026-09-06T09:39:55.531+0000] {logging_mixin.py:190} INFO - [2026-09-06T09:39:55.531+0000] {dagbag.py:588} INFO - Filling up the DagBag from /home/airflow/.local/lib/python3.12/site-packages/airflow/example_dags/example_branch_python_dop_operator_3.py
[2026-09-06T09:39:55.540+0000] {processor.py:925} INFO - DAG(s) 'example_branch_dop_operator_v3' retrieved from /home/airflow/.local/lib/python3.12/site-packages/airflow/example_dags/example_branch_python_dop_operator_3.py
[2026-09-06T09:39:55.554+0000] {logging_mixin.py:190} INFO - [2026-09-06T09:39:55.554+0000] {dag.py:3239} INFO - Sync 1 DAGs
[2026-09-06T09:39:55.572+0000] {logging_mixin.py:190} INFO - [2026-09-06T09:39:55.572+0000] {dag.py:4180} INFO - Setting next_dagrun for example_branch_dop_operator_v3 to 2026-09-06 09:38:00+00:00, run_after=2026-09-06 09:39:00+00:00
[2026-09-06T09:39:55.587+0000] {processor.py:208} INFO - Processing /home/airflow/.local/lib/python3.12/site-packages/airflow/example_dags/example_branch_python_dop_operator_3.py took 0.064 seconds
[2026-09-06T09:40:26.160+0000] {processor.py:186} INFO - Started process (PID=5888) to work on /home/airflow/.local/lib/python3.12/site-packages/airflow/example_dags/example_branch_python_dop_operator_3.py
[2026-09-06T09:40:26.161+0000] {processor.py:914} INFO - Processing file /home/airflow/.local/lib/python3.12/site-packages/airflow/example_dags/example_branch_python_dop_operator_3.py for tasks to queue
[2026-09-06T09:40:26.163+0000] {logging_mixin.py:190} INFO - [2026-09-06T09:40:26.163+0000] {dagbag.py:588} INFO - Filling up the DagBag from /home/airflow/.local/lib/python3.12/site-packages/airflow/example_dags/example_branch_python_dop_operator_3.py
[2026-09-06T09:40:26.172+0000] {processor.py:925} INFO - DAG(s) 'example_branch_dop_operator_v3' retrieved from /home/airflow/.local/lib/python3.12/site-packages/airflow/example_dags/example_branch_python_dop_operator_3.py
[2026-09-06T09:40:26.188+0000] {logging_mixin.py:190} INFO - [2026-09-06T09:40:26.188+0000] {dag.py:3239} INFO - Sync 1 DAGs
[2026-09-06T09:40:26.209+0000] {logging_mixin.py:190} INFO - [2026-09-06T09:40:26.209+0000] {dag.py:4180} INFO - Setting next_dagrun for example_branch_dop_operator_v3 to 2026-09-06 09:39:00+00:00, run_after=2026-09-06 09:40:00+00:00
[2026-09-06T09:40:26.224+0000] {processor.py:208} INFO - Processing /home/airflow/.local/lib/python3.12/site-packages/airflow/example_dags/example_branch_python_dop_operator_3.py took 0.069 seconds
[2026-09-06T09:40:56.345+0000] {processor.py:186} INFO - Started process (PID=5952) to work on /home/airflow/.local/lib/python3.12/site-packages/airflow/example_dags/example_branch_python_dop_operator_3.py
[2026-09-06T09:40:56.346+0000] {processor.py:914} INFO - Processing file /home/airflow/.local/lib/python3.12/site-packages/airflow/example_dags/example_branch_python_dop_operator_3.py for tasks to queue
[2026-09-06T09:40:56.348+0000] {logging_mixin.py:190} INFO - [2026-09-06T09:40:56.348+0000] {dagbag.py:588} INFO - Filling up the DagBag from /home/airflow/.local/lib/python3.12/site-packages/airflow/example_dags/example_branch_python_dop_operator_3.py
[2026-09-06T09:40:56.357+0000] {processor.py:925} INFO - DAG(s) 'example_branch_dop_operator_v3' retrieved from /home/airflow/.local/lib/python3.12/site-packages/airflow/example_dags/example_branch_python_dop_operator_3.py
[2026-09-06T09:40:56.371+0000] {logging_mixin.py:190} INFO - [2026-09-06T09:40:56.371+0000] {dag.py:3239} INFO - Sync 1 DAGs
[2026-09-06T09:40:56.390+0000] {logging_mixin.py:190} INFO - [2026-09-06T09:40:56.390+0000] {dag.py:4180} INFO - Setting next_dagrun for example_branch_dop_operator_v3 to 2026-09-06 09:39:00+00:00, run_after=2026-09-06 09:40:00+00:00
[2026-09-06T09:40:56.405+0000] {processor.py:208} INFO - Processing /home/airflow/.local/lib/python3.12/site-packages/airflow/example_dags/example_branch_python_dop_operator_3.py took 0.064 seconds
[2026-09-06T09:41:26.527+0000] {processor.py:186} INFO - Started process (PID=6016) to work on /home/airflow/.local/lib/python3.12/site-packages/airflow/example_dags/example_branch_python_dop_operator_3.py
[2026-09-06T09:41:26.528+0000] {processor.py:914} INFO - Processing file /home/airflow/.local/lib/python3.12/site-packages/airflow/example_dags/example_branch_python_dop_operator_3.py for tasks to queue
[2026-09-06T09:41:26.530+0000] {logging_mixin.py:190} INFO - [2026-09-06T09:41:26.530+0000] {dagbag.py:588} INFO - Filling up the DagBag from /home/airflow/.local/lib/python3.12/site-packages/airflow/example_dags/example_branch_python_dop_operator_3.py
[2026-09-06T09:41:26.539+0000] {processor.py:925} INFO - DAG(s) 'example_branch_dop_operator_v3' retrieved from /home/airflow/.local/lib/python3.12/site-packages/airflow/example_dags/example_branch_python_dop_operator_3.py
[2026-09-06T09:41:26.554+0000] {logging_mixin.py:190} INFO - [2026-09-06T09:41:26.553+0000] {dag.py:3239} INFO - Sync 1 DAGs
[2026-09-06T09:41:26.575+0000] {logging_mixin.py:190} INFO - [2026-09-06T09:41:26.574+0000] {dag.py:4180} INFO - Setting next_dagrun for example_branch_dop_operator_v3 to 2026-09-06 09:40:00+00:00, run_after=2026-09-06 09:41:00+00:00
[2026-09-06T09:41:26.589+0000] {processor.py:208} INFO - Processing /home/airflow/.local/lib/python3.12/site-packages/airflow/example_dags/example_branch_python_dop_operator_3.py took 0.067 seconds
[2026-09-06T09:41:57.176+0000] {processor.py:186} INFO - Started process (PID=6080) to work on /home/airflow/.local/lib/python3.12/site-packages/airflow/example_dags/example_branch_python_dop_operator_3.py
[2026-09-06T09:41:57.177+0000] {processor.py:914} INFO - Processing file /home/airflow/.local/lib/python3.12/site-packages/airflow/example_dags/example_branch_python_dop_operator_3.py for tasks to queue
[2026-09-06T09:41:57.179+0000] {logging_mixin.py:190} INFO - [2026-09-06T09:41:57.179+0000] {dagbag.py:588} INFO - Filling up the DagBag from /home/airflow/.local/lib/python3.12/site-packages/airflow/example_dags/example_branch_python_dop_operator_3.py
[2026-09-06T09:41:57.188+0000] {processor.py:925} INFO - DAG(s) 'example_branch_dop_operator_v3' retrieved from /home/airflow/.local/lib/python3.12/site-packages/airflow/example_dags/example_branch_python_dop_operator_3.py
[2026-09-06T09:41:57.202+0000] {logging_mixin.py:190} INFO - [2026-09-06T09:41:57.202+0000] {dag.py:3239} INFO - Sync 1 DAGs
[2026-09-06T09:41:57.220+0000] {logging_mixin.py:190} INFO - [2026-09-06T09:41:57.220+0000] {dag.py:4180} INFO - Setting next_dagrun for example_branch_dop_operator_v3 to 2026-09-06 09:40:00+00:00, run_after=2026-09-06 09:41:00+00:00
[2026-09-06T09:41:57.233+0000] {processor.py:208} INFO - Processing /home/airflow/.local/lib/python3.12/site-packages/airflow/example_dags/example_branch_python_dop_operator_3.py took 0.062 seconds
