[2026-09-06T08:54:04.612+0000] {processor.py:186} INFO - Started process (PID=111) to work on /home/airflow/.local/lib/python3.12/site-packages/airflow/example_dags/example_task_group_decorator.py
[2026-09-06T08:54:04.613+0000] {processor.py:914} INFO - Processing file /home/airflow/.local/lib/python3.12/site-packages/airflow/example_dags/example_task_group_decorator.py for tasks to queue
[2026-09-06T08:54:04.616+0000] {logging_mixin.py:190} INFO - [2026-09-06T08:54:04.615+0000] {dagbag.py:588} INFO - Filling up the DagBag from /home/airflow/.local/lib/python3.12/site-packages/airflow/example_dags/example_task_group_decorator.py
[2026-09-06T08:54:04.629+0000] {processor.py:925} INFO - DAG(s) 'example_task_group_decorator' retrieved from /home/airflow/.local/lib/python3.12/site-packages/airflow/example_dags/example_task_group_decorator.py
[2026-09-06T08:54:04.719+0000] {logging_mixin.py:190} INFO - [2026-09-06T08:54:04.719+0000] {override.py:1911} INFO - Created Permission View: can edit on DAG:example_task_group_decorator
[2026-09-06T08:54:04.727+0000] {logging_mixin.py:190} INFO - [2026-09-06T08:54:04.727+0000] {override.py:1911} INFO - Created Permission View: can delete on DAG:example_task_group_decorator
[2026-09-06T08:54:04.733+0000] {logging_mixin.py:190} INFO - [2026-09-06T08:54:04.733+0000] {override.py:1911} INFO - Created Permission View: can read on DAG:example_task_group_decorator
[2026-09-06T08:54:04.743+0000] {logging_mixin.py:190} INFO - [2026-09-06T08:54:04.742+0000] {override.py:1911} INFO - Created Permission View: can create on DAG Run:example_task_group_decorator
[2026-09-06T08:54:04.750+0000] {logging_mixin.py:190} INFO - [2026-09-06T08:54:04.750+0000] {override.py:1911} INFO - Created Permission View: can delete on DAG Run:example_task_group_decorator
[2026-09-06T08:54:04.759+0000] {logging_mixin.py:190} INFO - [2026-09-06T08:54:04.759+0000] {override.py:1911} INFO - Created Permission View: can read on DAG Run:example_task_group_decorator
[2026-09-06T08:54:04.765+0000] {logging_mixin.py:190} INFO - [2026-09-06T08:54:04.765+0000] {override.py:1911} INFO - Created Permission View: menu access on DAG Run:example_task_group_decorator
[2026-09-06T08:54:04.766+0000] {logging_mixin.py:190} INFO - [2026-09-06T08:54:04.766+0000] {dag.py:3239} INFO - Sync 1 DAGs
[2026-09-06T08:54:04.775+0000] {logging_mixin.py:190} INFO - [2026-09-06T08:54:04.775+0000] {dag.py:3262} INFO - Creating ORM DAG for example_task_group_decorator
[2026-09-06T08:54:04.776+0000] {logging_mixin.py:190} INFO - [2026-09-06T08:54:04.776+0000] {dag.py:4180} INFO - Setting next_dagrun for example_task_group_decorator to None, run_after=None
[2026-09-06T08:54:04.789+0000] {processor.py:208} INFO - Processing /home/airflow/.local/lib/python3.12/site-packages/airflow/example_dags/example_task_group_decorator.py took 0.182 seconds
[2026-09-06T08:54:35.078+0000] {processor.py:186} INFO - Started process (PID=174) to work on /home/airflow/.local/lib/python3.12/site-packages/airflow/example_dags/example_task_group_decorator.py
[2026-09-06T08:54:35.079+0000] {processor.py:914} INFO - Processing file /home/airflow/.local/lib/python3.12/site-packages/airflow/example_dags/example_task_group_decorator.py for tasks to queue
[2026-09-06T08:54:35.081+0000] {logging_mixin.py:190} INFO - [2026-09-06T08:54:35.081+0000] {dagbag.py:588} INFO - Filling up the DagBag from /home/airflow/.local/lib/python3.12/site-packages/airflow/example_dags/example_task_group_decorator.py
[2026-09-06T08:54:35.092+0000] {processor.py:925} INFO - DAG(s) 'example_task_group_decorator' retrieved from /home/airflow/.local/lib/python3.12/site-packages/airflow/example_dags/example_task_group_decorator.py
[2026-09-06T08:54:35.111+0000] {logging_mixin.py:190} INFO - [2026-09-06T08:54:35.111+0000] {dag.py:3239} INFO - Sync 1 DAGs
[2026-09-06T08:54:35.122+0000] {logging_mixin.py:190} INFO - [2026-09-06T08:54:35.122+0000] {dag.py:4180} INFO - Setting next_dagrun for example_task_group_decorator to None, run_after=None
[2026-09-06T08:54:35.136+0000] {processor.py:208} INFO - Processing /home/airflow/.local/lib/python3.12/site-packages/airflow/example_dags/example_task_group_decorator.py took 0.062 seconds
[2026-09-06T08:55:05.875+0000] {processor.py:186} INFO - Started process (PID=237) to work on /home/airflow/.local/lib/python3.12/site-packages/airflow/example_dags/example_task_group_decorator.py
[2026-09-06T08:55:05.876+0000] {processor.py:914} INFO - Processing file /home/airflow/.local/lib/python3.12/site-packages/airflow/example_dags/example_task_group_decorator.py for tasks to queue
[2026-09-06T08:55:05.878+0000] {logging_mixin.py:190} INFO - [2026-09-06T08:55:05.878+0000] {dagbag.py:588} INFO - Filling up the DagBag from /home/airflow/.local/lib/python3.12/site-packages/airflow/example_dags/example_task_group_decorator.py
[2026-09-06T08:55:05.892+0000] {processor.py:925} INFO - DAG(s) 'example_task_group_decorator' retrieved from /home/airflow/.local/lib/python3.12/site-packages/airflow/example_dags/example_task_group_decorator.py
[2026-09-06T08:55:05.913+0000] {logging_mixin.py:190} INFO - [2026-09-06T08:55:05.913+0000] {dag.py:3239} INFO - Sync 1 DAGs
[2026-09-06T08:55:05.927+0000] {logging_mixin.py:190} INFO - [2026-09-06T08:55:05.926+0000] {dag.py:4180} INFO - Setting next_dagrun for example_task_group_decorator to None, run_after=None
[2026-09-06T08:55:05.943+0000] {processor.py:208} INFO - Processing /home/airflow/.local/lib/python3.12/site-packages/airflow/example_dags/example_task_group_decorator.py took 0.074 seconds
[2026-09-06T08:55:36.855+0000] {processor.py:186} INFO - Started process (PID=300) to work on /home/airflow/.local/lib/python3.12/site-packages/airflow/example_dags/example_task_group_decorator.py
[2026-09-06T08:55:36.857+0000] {processor.py:914} INFO - Processing file /home/airflow/.local/lib/python3.12/site-packages/airflow/example_dags/example_task_group_decorator.py for tasks to queue
[2026-09-06T08:55:36.859+0000] {logging_mixin.py:190} INFO - [2026-09-06T08:55:36.859+0000] {dagbag.py:588} INFO - Filling up the DagBag from /home/airflow/.local/lib/python3.12/site-packages/airflow/example_dags/example_task_group_decorator.py
[2026-09-06T08:55:36.871+0000] {processor.py:925} INFO - DAG(s) 'example_task_group_decorator' retrieved from /home/airflow/.local/lib/python3.12/site-packages/airflow/example_dags/example_task_group_decorator.py
[2026-09-06T08:55:36.891+0000] {logging_mixin.py:190} INFO - [2026-09-06T08:55:36.891+0000] {dag.py:3239} INFO - Sync 1 DAGs
[2026-09-06T08:55:36.902+0000] {logging_mixin.py:190} INFO - [2026-09-06T08:55:36.902+0000] {dag.py:4180} INFO - Setting next_dagrun for example_task_group_decorator to None, run_after=None
[2026-09-06T08:55:36.917+0000] {processor.py:208} INFO - Processing /home/airflow/.local/lib/python3.12/site-packages/airflow/example_dags/example_task_group_decorator.py took 0.066 seconds
[2026-09-06T08:56:07.213+0000] {processor.py:186} INFO - Started process (PID=362) to work on /home/airflow/.local/lib/python3.12/site-packages/airflow/example_dags/example_task_group_decorator.py
[2026-09-06T08:56:07.213+0000] {processor.py:914} INFO - Processing file /home/airflow/.local/lib/python3.12/site-packages/airflow/example_dags/example_task_group_decorator.py for tasks to queue
[2026-09-06T08:56:07.215+0000] {logging_mixin.py:190} INFO - [2026-09-06T08:56:07.215+0000] {dagbag.py:588} INFO - Filling up the DagBag from /home/airflow/.local/lib/python3.12/site-packages/airflow/example_dags/example_task_group_decorator.py
[2026-09-06T08:56:07.226+0000] {processor.py:925} INFO - DAG(s) 'example_task_group_decorator' retrieved from /home/airflow/.local/lib/python3.12/site-packages/airflow/example_dags/example_task_group_decorator.py
[2026-09-06T08:56:07.244+0000] {logging_mixin.py:190} INFO - [2026-09-06T08:56:07.244+0000] {dag.py:3239} INFO - Sync 1 DAGs
[2026-09-06T08:56:07.255+0000] {logging_mixin.py:190} INFO - [2026-09-06T08:56:07.255+0000] {dag.py:4180} INFO - Setting next_dagrun for example_task_group_decorator to None, run_after=None
[2026-09-06T08:56:07.270+0000] {processor.py:208} INFO - Processing /home/airflow/.local/lib/python3.12/site-packages/airflow/example_dags/example_task_group_decorator.py took 0.061 seconds
[2026-09-06T08:56:37.597+0000] {processor.py:186} INFO - Started process (PID=425) to work on /home/airflow/.local/lib/python3.12/site-packages/airflow/example_dags/example_task_group_decorator.py
[2026-09-06T08:56:37.599+0000] {processor.py:914} INFO - Processing file /home/airflow/.local/lib/python3.12/site-packages/airflow/example_dags/example_task_group_decorator.py for tasks to queue
[2026-09-06T08:56:37.601+0000] {logging_mixin.py:190} INFO - [2026-09-06T08:56:37.601+0000] {dagbag.py:588} INFO - Filling up the DagBag from /home/airflow/.local/lib/python3.12/site-packages/airflow/example_dags/example_task_group_decorator.py
[2026-09-06T08:56:37.615+0000] {processor.py:925} INFO - DAG(s) 'example_task_group_decorator' retrieved from /home/airflow/.local/lib/python3.12/site-packages/airflow/example_dags/example_task_group_decorator.py
[2026-09-06T08:56:37.640+0000] {logging_mixin.py:190} INFO - [2026-09-06T08:56:37.640+0000] {dag.py:3239} INFO - Sync 1 DAGs
[2026-09-06T08:56:37.657+0000] {logging_mixin.py:190} INFO - [2026-09-06T08:56:37.657+0000] {dag.py:4180} INFO - Setting next_dagrun for example_task_group_decorator to None, run_after=None
[2026-09-06T08:56:37.677+0000] {processor.py:208} INFO - Processing /home/airflow/.local/lib/python3.12/site-packages/airflow/example_dags/example_task_group_decorator.py took 0.085 seconds
[2026-09-06T08:57:07.936+0000] {processor.py:186} INFO - Started process (PID=487) to work on /home/airflow/.local/lib/python3.12/site-packages/airflow/example_dags/example_task_group_decorator.py
[2026-09-06T08:57:07.937+0000] {processor.py:914} INFO - Processing file /home/airflow/.local/lib/python3.12/site-packages/airflow/example_dags/example_task_group_decorator.py for tasks to queue
[2026-09-06T08:57:07.939+0000] {logging_mixin.py:190} INFO - [2026-09-06T08:57:07.939+0000] {dagbag.py:588} INFO - Filling up the DagBag from /home/airflow/.local/lib/python3.12/site-packages/airflow/example_dags/example_task_group_decorator.py
[2026-09-06T08:57:07.950+0000] {processor.py:925} INFO - DAG(s) 'example_task_group_decorator' retrieved from /home/airflow/.local/lib/python3.12/site-packages/airflow/example_dags/example_task_group_decorator.py
[2026-09-06T08:57:07.969+0000] {logging_mixin.py:190} INFO - [2026-09-06T08:57:07.969+0000] {dag.py:3239} INFO - Sync 1 DAGs
[2026-09-06T08:57:07.979+0000] {logging_mixin.py:190} INFO - [2026-09-06T08:57:07.979+0000] {dag.py:4180} INFO - Setting next_dagrun for example_task_group_decorator to None, run_after=None
[2026-09-06T08:57:07.994+0000] {processor.py:208} INFO - Processing /home/airflow/.local/lib/python3.12/site-packages/airflow/example_dags/example_task_group_decorator.py took 0.062 seconds
[2026-09-06T08:57:38.752+0000] {processor.py:186} INFO - Started process (PID=551) to work on /home/airflow/.local/lib/python3.12/site-packages/airflow/example_dags/example_task_group_decorator.py
[2026-09-06T08:57:38.753+0000] {processor.py:914} INFO - Processing file /home/airflow/.local/lib/python3.12/site-packages/airflow/example_dags/example_task_group_decorator.py for tasks to queue
[2026-09-06T08:57:38.755+0000] {logging_mixin.py:190} INFO - [2026-09-06T08:57:38.755+0000] {dagbag.py:588} INFO - Filling up the DagBag from /home/airflow/.local/lib/python3.12/site-packages/airflow/example_dags/example_task_group_decorator.py
[2026-09-06T08:57:38.767+0000] {processor.py:925} INFO - DAG(s) 'example_task_group_decorator' retrieved from /home/airflow/.local/lib/python3.12/site-packages/airflow/example_dags/example_task_group_decorator.py
[2026-09-06T08:57:38.787+0000] {logging_mixin.py:190} INFO - [2026-09-06T08:57:38.787+0000] {dag.py:3239} INFO - Sync 1 DAGs
[2026-09-06T08:57:38.799+0000] {logging_mixin.py:190} INFO - [2026-09-06T08:57:38.799+0000] {dag.py:4180} INFO - Setting next_dagrun for example_task_group_decorator to None, run_after=None
[2026-09-06T08:57:38.815+0000] {processor.py:208} INFO - Processing /home/airflow/.local/lib/python3.12/site-packages/airflow/example_dags/example_task_group_decorator.py took 0.067 seconds
[2026-09-06T08:58:09.745+0000] {processor.py:186} INFO - Started process (PID=614) to work on /home/airflow/.local/lib/python3.12/site-packages/airflow/example_dags/example_task_group_decorator.py
[2026-09-06T08:58:09.746+0000] {processor.py:914} INFO - Processing file /home/airflow/.local/lib/python3.12/site-packages/airflow/example_dags/example_task_group_decorator.py for tasks to queue
[2026-09-06T08:58:09.748+0000] {logging_mixin.py:190} INFO - [2026-09-06T08:58:09.748+0000] {dagbag.py:588} INFO - Filling up the DagBag from /home/airflow/.local/lib/python3.12/site-packages/airflow/example_dags/example_task_group_decorator.py
[2026-09-06T08:58:09.760+0000] {processor.py:925} INFO - DAG(s) 'example_task_group_decorator' retrieved from /home/airflow/.local/lib/python3.12/site-packages/airflow/example_dags/example_task_group_decorator.py
[2026-09-06T08:58:09.779+0000] {logging_mixin.py:190} INFO - [2026-09-06T08:58:09.779+0000] {dag.py:3239} INFO - Sync 1 DAGs
[2026-09-06T08:58:09.790+0000] {logging_mixin.py:190} INFO - [2026-09-06T08:58:09.790+0000] {dag.py:4180} INFO - Setting next_dagrun for example_task_group_decorator to None, run_after=None
[2026-09-06T08:58:09.803+0000] {processor.py:208} INFO - Processing /home/airflow/.local/lib/python3.12/site-packages/airflow/example_dags/example_task_group_decorator.py took 0.062 seconds
[2026-09-06T08:58:40.789+0000] {processor.py:186} INFO - Started process (PID=677) to work on /home/airflow/.local/lib/python3.12/site-packages/airflow/example_dags/example_task_group_decorator.py
[2026-09-06T08:58:40.790+0000] {processor.py:914} INFO - Processing file /home/airflow/.local/lib/python3.12/site-packages/airflow/example_dags/example_task_group_decorator.py for tasks to queue
[2026-09-06T08:58:40.792+0000] {logging_mixin.py:190} INFO - [2026-09-06T08:58:40.792+0000] {dagbag.py:588} INFO - Filling up the DagBag from /home/airflow/.local/lib/python3.12/site-packages/airflow/example_dags/example_task_group_decorator.py
[2026-09-06T08:58:40.803+0000] {processor.py:925} INFO - DAG(s) 'example_task_group_decorator' retrieved from /home/airflow/.local/lib/python3.12/site-packages/airflow/example_dags/example_task_group_decorator.py
[2026-09-06T08:58:40.823+0000] {logging_mixin.py:190} INFO - [2026-09-06T08:58:40.822+0000] {dag.py:3239} INFO - Sync 1 DAGs
[2026-09-06T08:58:40.835+0000] {logging_mixin.py:190} INFO - [2026-09-06T08:58:40.835+0000] {dag.py:4180} INFO - Setting next_dagrun for example_task_group_decorator to None, run_after=None
[2026-09-06T08:58:40.850+0000] {processor.py:208} INFO - Processing /home/airflow/.local/lib/python3.12/site-packages/airflow/example_dags/example_task_group_decorator.py took 0.066 seconds
[2026-09-06T08:59:12.241+0000] {processor.py:186} INFO - Started process (PID=741) to work on /home/airflow/.local/lib/python3.12/site-packages/airflow/example_dags/example_task_group_decorator.py
[2026-09-06T08:59:12.243+0000] {processor.py:914} INFO - Processing file /home/airflow/.local/lib/python3.12/site-packages/airflow/example_dags/example_task_group_decorator.py for tasks to queue
[2026-09-06T08:59:12.245+0000] {logging_mixin.py:190} INFO - [2026-09-06T08:59:12.245+0000] {dagbag.py:588} INFO - Filling up the DagBag from /home/airflow/.local/lib/python3.12/site-packages/airflow/example_dags/example_task_group_decorator.py
[2026-09-06T08:59:12.260+0000] {processor.py:925} INFO - DAG(s) 'example_task_group_decorator' retrieved from /home/airflow/.local/lib/python3.12/site-packages/airflow/example_dags/example_task_group_decorator.py
[2026-09-06T08:59:12.281+0000] {logging_mixin.py:190} INFO - [2026-09-06T08:59:12.281+0000] {dag.py:3239} INFO - Sync 1 DAGs
[2026-09-06T08:59:12.293+0000] {logging_mixin.py:190} INFO - [2026-09-06T08:59:12.293+0000] {dag.py:4180} INFO - Setting next_dagrun for example_task_group_decorator to None, run_after=None
[2026-09-06T08:59:12.309+0000] {processor.py:208} INFO - Processing /home/airflow/.local/lib/python3.12/site-packages/airflow/example_dags/example_task_group_decorator.py took 0.073 seconds
[2026-09-06T08:59:42.809+0000] {processor.py:186} INFO - Started process (PID=805) to work on /home/airflow/.local/lib/python3.12/site-packages/airflow/example_dags/example_task_group_decorator.py
[2026-09-06T08:59:42.810+0000] {processor.py:914} INFO - Processing file /home/airflow/.local/lib/python3.12/site-packages/airflow/example_dags/example_task_group_decorator.py for tasks to queue
[2026-09-06T08:59:42.813+0000] {logging_mixin.py:190} INFO - [2026-09-06T08:59:42.812+0000] {dagbag.py:588} INFO - Filling up the DagBag from /home/airflow/.local/lib/python3.12/site-packages/airflow/example_dags/example_task_group_decorator.py
[2026-09-06T08:59:42.824+0000] {processor.py:925} INFO - DAG(s) 'example_task_group_decorator' retrieved from /home/airflow/.local/lib/python3.12/site-packages/airflow/example_dags/example_task_group_decorator.py
[2026-09-06T08:59:42.843+0000] {logging_mixin.py:190} INFO - [2026-09-06T08:59:42.842+0000] {dag.py:3239} INFO - Sync 1 DAGs
[2026-09-06T08:59:42.853+0000] {logging_mixin.py:190} INFO - [2026-09-06T08:59:42.853+0000] {dag.py:4180} INFO - Setting next_dagrun for example_task_group_decorator to None, run_after=None
[2026-09-06T08:59:42.866+0000] {processor.py:208} INFO - Processing /home/airflow/.local/lib/python3.12/site-packages/airflow/example_dags/example_task_group_decorator.py took 0.062 seconds
[2026-09-06T09:00:14.082+0000] {processor.py:186} INFO - Started process (PID=869) to work on /home/airflow/.local/lib/python3.12/site-packages/airflow/example_dags/example_task_group_decorator.py
[2026-09-06T09:00:14.083+0000] {processor.py:914} INFO - Processing file /home/airflow/.local/lib/python3.12/site-packages/airflow/example_dags/example_task_group_decorator.py for tasks to queue
[2026-09-06T09:00:14.085+0000] {logging_mixin.py:190} INFO - [2026-09-06T09:00:14.085+0000] {dagbag.py:588} INFO - Filling up the DagBag from /home/airflow/.local/lib/python3.12/site-packages/airflow/example_dags/example_task_group_decorator.py
[2026-09-06T09:00:14.097+0000] {processor.py:925} INFO - DAG(s) 'example_task_group_decorator' retrieved from /home/airflow/.local/lib/python3.12/site-packages/airflow/example_dags/example_task_group_decorator.py
[2026-09-06T09:00:14.116+0000] {logging_mixin.py:190} INFO - [2026-09-06T09:00:14.116+0000] {dag.py:3239} INFO - Sync 1 DAGs
[2026-09-06T09:00:14.127+0000] {logging_mixin.py:190} INFO - [2026-09-06T09:00:14.127+0000] {dag.py:4180} INFO - Setting next_dagrun for example_task_group_decorator to None, run_after=None
[2026-09-06T09:00:14.143+0000] {processor.py:208} INFO - Processing /home/airflow/.local/lib/python3.12/site-packages/airflow/example_dags/example_task_group_decorator.py took 0.066 seconds
[2026-09-06T09:00:45.918+0000] {processor.py:186} INFO - Started process (PID=932) to work on /home/airflow/.local/lib/python3.12/site-packages/airflow/example_dags/example_task_group_decorator.py
[2026-09-06T09:00:45.919+0000] {processor.py:914} INFO - Processing file /home/airflow/.local/lib/python3.12/site-packages/airflow/example_dags/example_task_group_decorator.py for tasks to queue
[2026-09-06T09:00:45.921+0000] {logging_mixin.py:190} INFO - [2026-09-06T09:00:45.920+0000] {dagbag.py:588} INFO - Filling up the DagBag from /home/airflow/.local/lib/python3.12/site-packages/airflow/example_dags/example_task_group_decorator.py
[2026-09-06T09:00:45.932+0000] {processor.py:925} INFO - DAG(s) 'example_task_group_decorator' retrieved from /home/airflow/.local/lib/python3.12/site-packages/airflow/example_dags/example_task_group_decorator.py
[2026-09-06T09:00:45.950+0000] {logging_mixin.py:190} INFO - [2026-09-06T09:00:45.950+0000] {dag.py:3239} INFO - Sync 1 DAGs
[2026-09-06T09:00:45.961+0000] {logging_mixin.py:190} INFO - [2026-09-06T09:00:45.961+0000] {dag.py:4180} INFO - Setting next_dagrun for example_task_group_decorator to None, run_after=None
[2026-09-06T09:00:45.975+0000] {processor.py:208} INFO - Processing /home/airflow/.local/lib/python3.12/site-packages/airflow/example_dags/example_task_group_decorator.py took 0.062 seconds
[2026-09-06T09:01:16.620+0000] {processor.py:186} INFO - Started process (PID=996) to work on /home/airflow/.local/lib/python3.12/site-packages/airflow/example_dags/example_task_group_decorator.py
[2026-09-06T09:01:16.621+0000] {processor.py:914} INFO - Processing file /home/airflow/.local/lib/python3.12/site-packages/airflow/example_dags/example_task_group_decorator.py for tasks to queue
[2026-09-06T09:01:16.624+0000] {logging_mixin.py:190} INFO - [2026-09-06T09:01:16.624+0000] {dagbag.py:588} INFO - Filling up the DagBag from /home/airflow/.local/lib/python3.12/site-packages/airflow/example_dags/example_task_group_decorator.py
[2026-09-06T09:01:16.639+0000] {processor.py:925} INFO - DAG(s) 'example_task_group_decorator' retrieved from /home/airflow/.local/lib/python3.12/site-packages/airflow/example_dags/example_task_group_decorator.py
[2026-09-06T09:01:16.661+0000] {logging_mixin.py:190} INFO - [2026-09-06T09:01:16.660+0000] {dag.py:3239} INFO - Sync 1 DAGs
[2026-09-06T09:01:16.675+0000] {logging_mixin.py:190} INFO - [2026-09-06T09:01:16.675+0000] {dag.py:4180} INFO - Setting next_dagrun for example_task_group_decorator to None, run_after=None
[2026-09-06T09:01:16.692+0000] {processor.py:208} INFO - Processing /home/airflow/.local/lib/python3.12/site-packages/airflow/example_dags/example_task_group_decorator.py took 0.078 seconds
[2026-09-06T09:01:48.019+0000] {processor.py:186} INFO - Started process (PID=1061) to work on /home/airflow/.local/lib/python3.12/site-packages/airflow/example_dags/example_task_group_decorator.py
[2026-09-06T09:01:48.020+0000] {processor.py:914} INFO - Processing file /home/airflow/.local/lib/python3.12/site-packages/airflow/example_dags/example_task_group_decorator.py for tasks to queue
[2026-09-06T09:01:48.022+0000] {logging_mixin.py:190} INFO - [2026-09-06T09:01:48.021+0000] {dagbag.py:588} INFO - Filling up the DagBag from /home/airflow/.local/lib/python3.12/site-packages/airflow/example_dags/example_task_group_decorator.py
[2026-09-06T09:01:48.034+0000] {processor.py:925} INFO - DAG(s) 'example_task_group_decorator' retrieved from /home/airflow/.local/lib/python3.12/site-packages/airflow/example_dags/example_task_group_decorator.py
[2026-09-06T09:01:48.053+0000] {logging_mixin.py:190} INFO - [2026-09-06T09:01:48.053+0000] {dag.py:3239} INFO - Sync 1 DAGs
[2026-09-06T09:01:48.064+0000] {logging_mixin.py:190} INFO - [2026-09-06T09:01:48.064+0000] {dag.py:4180} INFO - Setting next_dagrun for example_task_group_decorator to None, run_after=None
[2026-09-06T09:01:48.078+0000] {processor.py:208} INFO - Processing /home/airflow/.local/lib/python3.12/site-packages/airflow/example_dags/example_task_group_decorator.py took 0.064 seconds
[2026-09-06T09:02:19.090+0000] {processor.py:186} INFO - Started process (PID=1125) to work on /home/airflow/.local/lib/python3.12/site-packages/airflow/example_dags/example_task_group_decorator.py
[2026-09-06T09:02:19.091+0000] {processor.py:914} INFO - Processing file /home/airflow/.local/lib/python3.12/site-packages/airflow/example_dags/example_task_group_decorator.py for tasks to queue
[2026-09-06T09:02:19.093+0000] {logging_mixin.py:190} INFO - [2026-09-06T09:02:19.093+0000] {dagbag.py:588} INFO - Filling up the DagBag from /home/airflow/.local/lib/python3.12/site-packages/airflow/example_dags/example_task_group_decorator.py
[2026-09-06T09:02:19.104+0000] {processor.py:925} INFO - DAG(s) 'example_task_group_decorator' retrieved from /home/airflow/.local/lib/python3.12/site-packages/airflow/example_dags/example_task_group_decorator.py
[2026-09-06T09:02:19.122+0000] {logging_mixin.py:190} INFO - [2026-09-06T09:02:19.121+0000] {dag.py:3239} INFO - Sync 1 DAGs
[2026-09-06T09:02:19.132+0000] {logging_mixin.py:190} INFO - [2026-09-06T09:02:19.132+0000] {dag.py:4180} INFO - Setting next_dagrun for example_task_group_decorator to None, run_after=None
[2026-09-06T09:02:19.146+0000] {processor.py:208} INFO - Processing /home/airflow/.local/lib/python3.12/site-packages/airflow/example_dags/example_task_group_decorator.py took 0.061 seconds
[2026-09-06T09:02:49.735+0000] {processor.py:186} INFO - Started process (PID=1189) to work on /home/airflow/.local/lib/python3.12/site-packages/airflow/example_dags/example_task_group_decorator.py
[2026-09-06T09:02:49.736+0000] {processor.py:914} INFO - Processing file /home/airflow/.local/lib/python3.12/site-packages/airflow/example_dags/example_task_group_decorator.py for tasks to queue
[2026-09-06T09:02:49.739+0000] {logging_mixin.py:190} INFO - [2026-09-06T09:02:49.739+0000] {dagbag.py:588} INFO - Filling up the DagBag from /home/airflow/.local/lib/python3.12/site-packages/airflow/example_dags/example_task_group_decorator.py
[2026-09-06T09:02:49.752+0000] {processor.py:925} INFO - DAG(s) 'example_task_group_decorator' retrieved from /home/airflow/.local/lib/python3.12/site-packages/airflow/example_dags/example_task_group_decorator.py
[2026-09-06T09:02:49.773+0000] {logging_mixin.py:190} INFO - [2026-09-06T09:02:49.773+0000] {dag.py:3239} INFO - Sync 1 DAGs
[2026-09-06T09:02:49.786+0000] {logging_mixin.py:190} INFO - [2026-09-06T09:02:49.785+0000] {dag.py:4180} INFO - Setting next_dagrun for example_task_group_decorator to None, run_after=None
[2026-09-06T09:02:49.808+0000] {processor.py:208} INFO - Processing /home/airflow/.local/lib/python3.12/site-packages/airflow/example_dags/example_task_group_decorator.py took 0.078 seconds
[2026-09-06T09:03:20.420+0000] {processor.py:186} INFO - Started process (PID=1252) to work on /home/airflow/.local/lib/python3.12/site-packages/airflow/example_dags/example_task_group_decorator.py
[2026-09-06T09:03:20.421+0000] {processor.py:914} INFO - Processing file /home/airflow/.local/lib/python3.12/site-packages/airflow/example_dags/example_task_group_decorator.py for tasks to queue
[2026-09-06T09:03:20.423+0000] {logging_mixin.py:190} INFO - [2026-09-06T09:03:20.423+0000] {dagbag.py:588} INFO - Filling up the DagBag from /home/airflow/.local/lib/python3.12/site-packages/airflow/example_dags/example_task_group_decorator.py
[2026-09-06T09:03:20.436+0000] {processor.py:925} INFO - DAG(s) 'example_task_group_decorator' retrieved from /home/airflow/.local/lib/python3.12/site-packages/airflow/example_dags/example_task_group_decorator.py
[2026-09-06T09:03:20.456+0000] {logging_mixin.py:190} INFO - [2026-09-06T09:03:20.456+0000] {dag.py:3239} INFO - Sync 1 DAGs
[2026-09-06T09:03:20.467+0000] {logging_mixin.py:190} INFO - [2026-09-06T09:03:20.467+0000] {dag.py:4180} INFO - Setting next_dagrun for example_task_group_decorator to None, run_after=None
[2026-09-06T09:03:20.495+0000] {processor.py:208} INFO - Processing /home/airflow/.local/lib/python3.12/site-packages/airflow/example_dags/example_task_group_decorator.py took 0.080 seconds
[2026-09-06T09:03:51.234+0000] {processor.py:186} INFO - Started process (PID=1316) to work on /home/airflow/.local/lib/python3.12/site-packages/airflow/example_dags/example_task_group_decorator.py
[2026-09-06T09:03:51.236+0000] {processor.py:914} INFO - Processing file /home/airflow/.local/lib/python3.12/site-packages/airflow/example_dags/example_task_group_decorator.py for tasks to queue
[2026-09-06T09:03:51.238+0000] {logging_mixin.py:190} INFO - [2026-09-06T09:03:51.238+0000] {dagbag.py:588} INFO - Filling up the DagBag from /home/airflow/.local/lib/python3.12/site-packages/airflow/example_dags/example_task_group_decorator.py
[2026-09-06T09:03:51.250+0000] {processor.py:925} INFO - DAG(s) 'example_task_group_decorator' retrieved from /home/airflow/.local/lib/python3.12/site-packages/airflow/example_dags/example_task_group_decorator.py
[2026-09-06T09:03:51.272+0000] {logging_mixin.py:190} INFO - [2026-09-06T09:03:51.272+0000] {dag.py:3239} INFO - Sync 1 DAGs
[2026-09-06T09:03:51.284+0000] {logging_mixin.py:190} INFO - [2026-09-06T09:03:51.284+0000] {dag.py:4180} INFO - Setting next_dagrun for example_task_group_decorator to None, run_after=None
[2026-09-06T09:03:51.310+0000] {processor.py:208} INFO - Processing /home/airflow/.local/lib/python3.12/site-packages/airflow/example_dags/example_task_group_decorator.py took 0.080 seconds
[2026-09-06T09:04:22.076+0000] {processor.py:186} INFO - Started process (PID=1380) to work on /home/airflow/.local/lib/python3.12/site-packages/airflow/example_dags/example_task_group_decorator.py
[2026-09-06T09:04:22.077+0000] {processor.py:914} INFO - Processing file /home/airflow/.local/lib/python3.12/site-packages/airflow/example_dags/example_task_group_decorator.py for tasks to queue
[2026-09-06T09:04:22.079+0000] {logging_mixin.py:190} INFO - [2026-09-06T09:04:22.079+0000] {dagbag.py:588} INFO - Filling up the DagBag from /home/airflow/.local/lib/python3.12/site-packages/airflow/example_dags/example_task_group_decorator.py
[2026-09-06T09:04:22.093+0000] {processor.py:925} INFO - DAG(s) 'example_task_group_decorator' retrieved from /home/airflow/.local/lib/python3.12/site-packages/airflow/example_dags/example_task_group_decorator.py
[2026-09-06T09:04:22.119+0000] {logging_mixin.py:190} INFO - [2026-09-06T09:04:22.119+0000] {dag.py:3239} INFO - Sync 1 DAGs
[2026-09-06T09:04:22.134+0000] {logging_mixin.py:190} INFO - [2026-09-06T09:04:22.134+0000] {dag.py:4180} INFO - Setting next_dagrun for example_task_group_decorator to None, run_after=None
[2026-09-06T09:04:22.158+0000] {processor.py:208} INFO - Processing /home/airflow/.local/lib/python3.12/site-packages/airflow/example_dags/example_task_group_decorator.py took 0.087 seconds
[2026-09-06T09:04:53.599+0000] {processor.py:186} INFO - Started process (PID=1445) to work on /home/airflow/.local/lib/python3.12/site-packages/airflow/example_dags/example_task_group_decorator.py
[2026-09-06T09:04:53.601+0000] {processor.py:914} INFO - Processing file /home/airflow/.local/lib/python3.12/site-packages/airflow/example_dags/example_task_group_decorator.py for tasks to queue
[2026-09-06T09:04:53.605+0000] {logging_mixin.py:190} INFO - [2026-09-06T09:04:53.605+0000] {dagbag.py:588} INFO - Filling up the DagBag from /home/airflow/.local/lib/python3.12/site-packages/airflow/example_dags/example_task_group_decorator.py
[2026-09-06T09:04:53.632+0000] {processor.py:925} INFO - DAG(s) 'example_task_group_decorator' retrieved from /home/airflow/.local/lib/python3.12/site-packages/airflow/example_dags/example_task_group_decorator.py
[2026-09-06T09:04:53.657+0000] {logging_mixin.py:190} INFO - [2026-09-06T09:04:53.657+0000] {dag.py:3239} INFO - Sync 1 DAGs
[2026-09-06T09:04:53.672+0000] {logging_mixin.py:190} INFO - [2026-09-06T09:04:53.672+0000] {dag.py:4180} INFO - Setting next_dagrun for example_task_group_decorator to None, run_after=None
[2026-09-06T09:04:53.687+0000] {processor.py:208} INFO - Processing /home/airflow/.local/lib/python3.12/site-packages/airflow/example_dags/example_task_group_decorator.py took 0.099 seconds
[2026-09-06T09:05:24.398+0000] {processor.py:186} INFO - Started process (PID=1508) to work on /home/airflow/.local/lib/python3.12/site-packages/airflow/example_dags/example_task_group_decorator.py
[2026-09-06T09:05:24.400+0000] {processor.py:914} INFO - Processing file /home/airflow/.local/lib/python3.12/site-packages/airflow/example_dags/example_task_group_decorator.py for tasks to queue
[2026-09-06T09:05:24.402+0000] {logging_mixin.py:190} INFO - [2026-09-06T09:05:24.402+0000] {dagbag.py:588} INFO - Filling up the DagBag from /home/airflow/.local/lib/python3.12/site-packages/airflow/example_dags/example_task_group_decorator.py
[2026-09-06T09:05:24.420+0000] {processor.py:925} INFO - DAG(s) 'example_task_group_decorator' retrieved from /home/airflow/.local/lib/python3.12/site-packages/airflow/example_dags/example_task_group_decorator.py
[2026-09-06T09:05:24.442+0000] {logging_mixin.py:190} INFO - [2026-09-06T09:05:24.442+0000] {dag.py:3239} INFO - Sync 1 DAGs
[2026-09-06T09:05:24.455+0000] {logging_mixin.py:190} INFO - [2026-09-06T09:05:24.455+0000] {dag.py:4180} INFO - Setting next_dagrun for example_task_group_decorator to None, run_after=None
[2026-09-06T09:05:24.471+0000] {processor.py:208} INFO - Processing /home/airflow/.local/lib/python3.12/site-packages/airflow/example_dags/example_task_group_decorator.py took 0.078 seconds
[2026-09-06T09:05:55.273+0000] {processor.py:186} INFO - Started process (PID=1572) to work on /home/airflow/.local/lib/python3.12/site-packages/airflow/example_dags/example_task_group_decorator.py
[2026-09-06T09:05:55.274+0000] {processor.py:914} INFO - Processing file /home/airflow/.local/lib/python3.12/site-packages/airflow/example_dags/example_task_group_decorator.py for tasks to queue
[2026-09-06T09:05:55.277+0000] {logging_mixin.py:190} INFO - [2026-09-06T09:05:55.276+0000] {dagbag.py:588} INFO - Filling up the DagBag from /home/airflow/.local/lib/python3.12/site-packages/airflow/example_dags/example_task_group_decorator.py
[2026-09-06T09:05:55.289+0000] {processor.py:925} INFO - DAG(s) 'example_task_group_decorator' retrieved from /home/airflow/.local/lib/python3.12/site-packages/airflow/example_dags/example_task_group_decorator.py
[2026-09-06T09:05:55.309+0000] {logging_mixin.py:190} INFO - [2026-09-06T09:05:55.309+0000] {dag.py:3239} INFO - Sync 1 DAGs
[2026-09-06T09:05:55.328+0000] {logging_mixin.py:190} INFO - [2026-09-06T09:05:55.327+0000] {dag.py:4180} INFO - Setting next_dagrun for example_task_group_decorator to None, run_after=None
[2026-09-06T09:05:55.352+0000] {processor.py:208} INFO - Processing /home/airflow/.local/lib/python3.12/site-packages/airflow/example_dags/example_task_group_decorator.py took 0.083 seconds
[2026-09-06T09:06:26.116+0000] {processor.py:186} INFO - Started process (PID=1636) to work on /home/airflow/.local/lib/python3.12/site-packages/airflow/example_dags/example_task_group_decorator.py
[2026-09-06T09:06:26.117+0000] {processor.py:914} INFO - Processing file /home/airflow/.local/lib/python3.12/site-packages/airflow/example_dags/example_task_group_decorator.py for tasks to queue
[2026-09-06T09:06:26.119+0000] {logging_mixin.py:190} INFO - [2026-09-06T09:06:26.118+0000] {dagbag.py:588} INFO - Filling up the DagBag from /home/airflow/.local/lib/python3.12/site-packages/airflow/example_dags/example_task_group_decorator.py
[2026-09-06T09:06:26.129+0000] {processor.py:925} INFO - DAG(s) 'example_task_group_decorator' retrieved from /home/airflow/.local/lib/python3.12/site-packages/airflow/example_dags/example_task_group_decorator.py
[2026-09-06T09:06:26.154+0000] {logging_mixin.py:190} INFO - [2026-09-06T09:06:26.153+0000] {dag.py:3239} INFO - Sync 1 DAGs
[2026-09-06T09:06:26.164+0000] {logging_mixin.py:190} INFO - [2026-09-06T09:06:26.164+0000] {dag.py:4180} INFO - Setting next_dagrun for example_task_group_decorator to None, run_after=None
[2026-09-06T09:06:26.185+0000] {processor.py:208} INFO - Processing /home/airflow/.local/lib/python3.12/site-packages/airflow/example_dags/example_task_group_decorator.py took 0.073 seconds
[2026-09-06T09:06:57.044+0000] {processor.py:186} INFO - Started process (PID=1700) to work on /home/airflow/.local/lib/python3.12/site-packages/airflow/example_dags/example_task_group_decorator.py
[2026-09-06T09:06:57.045+0000] {processor.py:914} INFO - Processing file /home/airflow/.local/lib/python3.12/site-packages/airflow/example_dags/example_task_group_decorator.py for tasks to queue
[2026-09-06T09:06:57.047+0000] {logging_mixin.py:190} INFO - [2026-09-06T09:06:57.046+0000] {dagbag.py:588} INFO - Filling up the DagBag from /home/airflow/.local/lib/python3.12/site-packages/airflow/example_dags/example_task_group_decorator.py
[2026-09-06T09:06:57.060+0000] {processor.py:925} INFO - DAG(s) 'example_task_group_decorator' retrieved from /home/airflow/.local/lib/python3.12/site-packages/airflow/example_dags/example_task_group_decorator.py
[2026-09-06T09:06:57.086+0000] {logging_mixin.py:190} INFO - [2026-09-06T09:06:57.086+0000] {dag.py:3239} INFO - Sync 1 DAGs
[2026-09-06T09:06:57.098+0000] {logging_mixin.py:190} INFO - [2026-09-06T09:06:57.098+0000] {dag.py:4180} INFO - Setting next_dagrun for example_task_group_decorator to None, run_after=None
[2026-09-06T09:06:57.115+0000] {processor.py:208} INFO - Processing /home/airflow/.local/lib/python3.12/site-packages/airflow/example_dags/example_task_group_decorator.py took 0.076 seconds
[2026-09-06T09:07:27.994+0000] {processor.py:186} INFO - Started process (PID=1764) to work on /home/airflow/.local/lib/python3.12/site-packages/airflow/example_dags/example_task_group_decorator.py
[2026-09-06T09:07:27.995+0000] {processor.py:914} INFO - Processing file /home/airflow/.local/lib/python3.12/site-packages/airflow/example_dags/example_task_group_decorator.py for tasks to queue
[2026-09-06T09:07:27.997+0000] {logging_mixin.py:190} INFO - [2026-09-06T09:07:27.997+0000] {dagbag.py:588} INFO - Filling up the DagBag from /home/airflow/.local/lib/python3.12/site-packages/airflow/example_dags/example_task_group_decorator.py
[2026-09-06T09:07:28.009+0000] {processor.py:925} INFO - DAG(s) 'example_task_group_decorator' retrieved from /home/airflow/.local/lib/python3.12/site-packages/airflow/example_dags/example_task_group_decorator.py
[2026-09-06T09:07:28.029+0000] {logging_mixin.py:190} INFO - [2026-09-06T09:07:28.028+0000] {dag.py:3239} INFO - Sync 1 DAGs
[2026-09-06T09:07:28.040+0000] {logging_mixin.py:190} INFO - [2026-09-06T09:07:28.040+0000] {dag.py:4180} INFO - Setting next_dagrun for example_task_group_decorator to None, run_after=None
[2026-09-06T09:07:28.054+0000] {processor.py:208} INFO - Processing /home/airflow/.local/lib/python3.12/site-packages/airflow/example_dags/example_task_group_decorator.py took 0.065 seconds
[2026-09-06T09:07:58.762+0000] {processor.py:186} INFO - Started process (PID=1834) to work on /home/airflow/.local/lib/python3.12/site-packages/airflow/example_dags/example_task_group_decorator.py
[2026-09-06T09:07:58.763+0000] {processor.py:914} INFO - Processing file /home/airflow/.local/lib/python3.12/site-packages/airflow/example_dags/example_task_group_decorator.py for tasks to queue
[2026-09-06T09:07:58.765+0000] {logging_mixin.py:190} INFO - [2026-09-06T09:07:58.765+0000] {dagbag.py:588} INFO - Filling up the DagBag from /home/airflow/.local/lib/python3.12/site-packages/airflow/example_dags/example_task_group_decorator.py
[2026-09-06T09:07:58.776+0000] {processor.py:925} INFO - DAG(s) 'example_task_group_decorator' retrieved from /home/airflow/.local/lib/python3.12/site-packages/airflow/example_dags/example_task_group_decorator.py
[2026-09-06T09:07:58.796+0000] {logging_mixin.py:190} INFO - [2026-09-06T09:07:58.795+0000] {dag.py:3239} INFO - Sync 1 DAGs
[2026-09-06T09:07:58.806+0000] {logging_mixin.py:190} INFO - [2026-09-06T09:07:58.806+0000] {dag.py:4180} INFO - Setting next_dagrun for example_task_group_decorator to None, run_after=None
[2026-09-06T09:07:58.820+0000] {processor.py:208} INFO - Processing /home/airflow/.local/lib/python3.12/site-packages/airflow/example_dags/example_task_group_decorator.py took 0.063 seconds
[2026-09-06T09:08:29.454+0000] {processor.py:186} INFO - Started process (PID=1898) to work on /home/airflow/.local/lib/python3.12/site-packages/airflow/example_dags/example_task_group_decorator.py
[2026-09-06T09:08:29.455+0000] {processor.py:914} INFO - Processing file /home/airflow/.local/lib/python3.12/site-packages/airflow/example_dags/example_task_group_decorator.py for tasks to queue
[2026-09-06T09:08:29.458+0000] {logging_mixin.py:190} INFO - [2026-09-06T09:08:29.458+0000] {dagbag.py:588} INFO - Filling up the DagBag from /home/airflow/.local/lib/python3.12/site-packages/airflow/example_dags/example_task_group_decorator.py
[2026-09-06T09:08:29.471+0000] {processor.py:925} INFO - DAG(s) 'example_task_group_decorator' retrieved from /home/airflow/.local/lib/python3.12/site-packages/airflow/example_dags/example_task_group_decorator.py
[2026-09-06T09:08:29.492+0000] {logging_mixin.py:190} INFO - [2026-09-06T09:08:29.492+0000] {dag.py:3239} INFO - Sync 1 DAGs
[2026-09-06T09:08:29.504+0000] {logging_mixin.py:190} INFO - [2026-09-06T09:08:29.503+0000] {dag.py:4180} INFO - Setting next_dagrun for example_task_group_decorator to None, run_after=None
[2026-09-06T09:08:29.519+0000] {processor.py:208} INFO - Processing /home/airflow/.local/lib/python3.12/site-packages/airflow/example_dags/example_task_group_decorator.py took 0.070 seconds
[2026-09-06T09:09:00.158+0000] {processor.py:186} INFO - Started process (PID=1962) to work on /home/airflow/.local/lib/python3.12/site-packages/airflow/example_dags/example_task_group_decorator.py
[2026-09-06T09:09:00.159+0000] {processor.py:914} INFO - Processing file /home/airflow/.local/lib/python3.12/site-packages/airflow/example_dags/example_task_group_decorator.py for tasks to queue
[2026-09-06T09:09:00.161+0000] {logging_mixin.py:190} INFO - [2026-09-06T09:09:00.161+0000] {dagbag.py:588} INFO - Filling up the DagBag from /home/airflow/.local/lib/python3.12/site-packages/airflow/example_dags/example_task_group_decorator.py
[2026-09-06T09:09:00.173+0000] {processor.py:925} INFO - DAG(s) 'example_task_group_decorator' retrieved from /home/airflow/.local/lib/python3.12/site-packages/airflow/example_dags/example_task_group_decorator.py
[2026-09-06T09:09:00.191+0000] {logging_mixin.py:190} INFO - [2026-09-06T09:09:00.191+0000] {dag.py:3239} INFO - Sync 1 DAGs
[2026-09-06T09:09:00.201+0000] {logging_mixin.py:190} INFO - [2026-09-06T09:09:00.201+0000] {dag.py:4180} INFO - Setting next_dagrun for example_task_group_decorator to None, run_after=None
[2026-09-06T09:09:00.215+0000] {processor.py:208} INFO - Processing /home/airflow/.local/lib/python3.12/site-packages/airflow/example_dags/example_task_group_decorator.py took 0.061 seconds
[2026-09-06T09:09:30.832+0000] {processor.py:186} INFO - Started process (PID=2026) to work on /home/airflow/.local/lib/python3.12/site-packages/airflow/example_dags/example_task_group_decorator.py
[2026-09-06T09:09:30.833+0000] {processor.py:914} INFO - Processing file /home/airflow/.local/lib/python3.12/site-packages/airflow/example_dags/example_task_group_decorator.py for tasks to queue
[2026-09-06T09:09:30.835+0000] {logging_mixin.py:190} INFO - [2026-09-06T09:09:30.835+0000] {dagbag.py:588} INFO - Filling up the DagBag from /home/airflow/.local/lib/python3.12/site-packages/airflow/example_dags/example_task_group_decorator.py
[2026-09-06T09:09:30.847+0000] {processor.py:925} INFO - DAG(s) 'example_task_group_decorator' retrieved from /home/airflow/.local/lib/python3.12/site-packages/airflow/example_dags/example_task_group_decorator.py
[2026-09-06T09:09:30.866+0000] {logging_mixin.py:190} INFO - [2026-09-06T09:09:30.865+0000] {dag.py:3239} INFO - Sync 1 DAGs
[2026-09-06T09:09:30.876+0000] {logging_mixin.py:190} INFO - [2026-09-06T09:09:30.876+0000] {dag.py:4180} INFO - Setting next_dagrun for example_task_group_decorator to None, run_after=None
[2026-09-06T09:09:30.890+0000] {processor.py:208} INFO - Processing /home/airflow/.local/lib/python3.12/site-packages/airflow/example_dags/example_task_group_decorator.py took 0.064 seconds
[2026-09-06T09:10:02.353+0000] {processor.py:186} INFO - Started process (PID=2090) to work on /home/airflow/.local/lib/python3.12/site-packages/airflow/example_dags/example_task_group_decorator.py
[2026-09-06T09:10:02.354+0000] {processor.py:914} INFO - Processing file /home/airflow/.local/lib/python3.12/site-packages/airflow/example_dags/example_task_group_decorator.py for tasks to queue
[2026-09-06T09:10:02.356+0000] {logging_mixin.py:190} INFO - [2026-09-06T09:10:02.356+0000] {dagbag.py:588} INFO - Filling up the DagBag from /home/airflow/.local/lib/python3.12/site-packages/airflow/example_dags/example_task_group_decorator.py
[2026-09-06T09:10:02.369+0000] {processor.py:925} INFO - DAG(s) 'example_task_group_decorator' retrieved from /home/airflow/.local/lib/python3.12/site-packages/airflow/example_dags/example_task_group_decorator.py
[2026-09-06T09:10:02.389+0000] {logging_mixin.py:190} INFO - [2026-09-06T09:10:02.389+0000] {dag.py:3239} INFO - Sync 1 DAGs
[2026-09-06T09:10:02.401+0000] {logging_mixin.py:190} INFO - [2026-09-06T09:10:02.400+0000] {dag.py:4180} INFO - Setting next_dagrun for example_task_group_decorator to None, run_after=None
[2026-09-06T09:10:02.423+0000] {processor.py:208} INFO - Processing /home/airflow/.local/lib/python3.12/site-packages/airflow/example_dags/example_task_group_decorator.py took 0.075 seconds
[2026-09-06T09:10:33.868+0000] {processor.py:186} INFO - Started process (PID=2154) to work on /home/airflow/.local/lib/python3.12/site-packages/airflow/example_dags/example_task_group_decorator.py
[2026-09-06T09:10:33.870+0000] {processor.py:914} INFO - Processing file /home/airflow/.local/lib/python3.12/site-packages/airflow/example_dags/example_task_group_decorator.py for tasks to queue
[2026-09-06T09:10:33.874+0000] {logging_mixin.py:190} INFO - [2026-09-06T09:10:33.874+0000] {dagbag.py:588} INFO - Filling up the DagBag from /home/airflow/.local/lib/python3.12/site-packages/airflow/example_dags/example_task_group_decorator.py
[2026-09-06T09:10:33.899+0000] {processor.py:925} INFO - DAG(s) 'example_task_group_decorator' retrieved from /home/airflow/.local/lib/python3.12/site-packages/airflow/example_dags/example_task_group_decorator.py
[2026-09-06T09:10:33.923+0000] {logging_mixin.py:190} INFO - [2026-09-06T09:10:33.922+0000] {dag.py:3239} INFO - Sync 1 DAGs
[2026-09-06T09:10:33.937+0000] {logging_mixin.py:190} INFO - [2026-09-06T09:10:33.937+0000] {dag.py:4180} INFO - Setting next_dagrun for example_task_group_decorator to None, run_after=None
[2026-09-06T09:10:33.953+0000] {processor.py:208} INFO - Processing /home/airflow/.local/lib/python3.12/site-packages/airflow/example_dags/example_task_group_decorator.py took 0.096 seconds
[2026-09-06T09:11:05.860+0000] {processor.py:186} INFO - Started process (PID=2219) to work on /home/airflow/.local/lib/python3.12/site-packages/airflow/example_dags/example_task_group_decorator.py
[2026-09-06T09:11:05.861+0000] {processor.py:914} INFO - Processing file /home/airflow/.local/lib/python3.12/site-packages/airflow/example_dags/example_task_group_decorator.py for tasks to queue
[2026-09-06T09:11:05.863+0000] {logging_mixin.py:190} INFO - [2026-09-06T09:11:05.862+0000] {dagbag.py:588} INFO - Filling up the DagBag from /home/airflow/.local/lib/python3.12/site-packages/airflow/example_dags/example_task_group_decorator.py
[2026-09-06T09:11:05.874+0000] {processor.py:925} INFO - DAG(s) 'example_task_group_decorator' retrieved from /home/airflow/.local/lib/python3.12/site-packages/airflow/example_dags/example_task_group_decorator.py
[2026-09-06T09:11:05.892+0000] {logging_mixin.py:190} INFO - [2026-09-06T09:11:05.892+0000] {dag.py:3239} INFO - Sync 1 DAGs
[2026-09-06T09:11:05.902+0000] {logging_mixin.py:190} INFO - [2026-09-06T09:11:05.902+0000] {dag.py:4180} INFO - Setting next_dagrun for example_task_group_decorator to None, run_after=None
[2026-09-06T09:11:05.923+0000] {processor.py:208} INFO - Processing /home/airflow/.local/lib/python3.12/site-packages/airflow/example_dags/example_task_group_decorator.py took 0.068 seconds
[2026-09-06T09:11:36.597+0000] {processor.py:186} INFO - Started process (PID=2283) to work on /home/airflow/.local/lib/python3.12/site-packages/airflow/example_dags/example_task_group_decorator.py
[2026-09-06T09:11:36.598+0000] {processor.py:914} INFO - Processing file /home/airflow/.local/lib/python3.12/site-packages/airflow/example_dags/example_task_group_decorator.py for tasks to queue
[2026-09-06T09:11:36.600+0000] {logging_mixin.py:190} INFO - [2026-09-06T09:11:36.600+0000] {dagbag.py:588} INFO - Filling up the DagBag from /home/airflow/.local/lib/python3.12/site-packages/airflow/example_dags/example_task_group_decorator.py
[2026-09-06T09:11:36.611+0000] {processor.py:925} INFO - DAG(s) 'example_task_group_decorator' retrieved from /home/airflow/.local/lib/python3.12/site-packages/airflow/example_dags/example_task_group_decorator.py
[2026-09-06T09:11:36.630+0000] {logging_mixin.py:190} INFO - [2026-09-06T09:11:36.630+0000] {dag.py:3239} INFO - Sync 1 DAGs
[2026-09-06T09:11:36.641+0000] {logging_mixin.py:190} INFO - [2026-09-06T09:11:36.641+0000] {dag.py:4180} INFO - Setting next_dagrun for example_task_group_decorator to None, run_after=None
[2026-09-06T09:11:36.655+0000] {processor.py:208} INFO - Processing /home/airflow/.local/lib/python3.12/site-packages/airflow/example_dags/example_task_group_decorator.py took 0.063 seconds
[2026-09-06T09:12:08.502+0000] {processor.py:186} INFO - Started process (PID=2347) to work on /home/airflow/.local/lib/python3.12/site-packages/airflow/example_dags/example_task_group_decorator.py
[2026-09-06T09:12:08.503+0000] {processor.py:914} INFO - Processing file /home/airflow/.local/lib/python3.12/site-packages/airflow/example_dags/example_task_group_decorator.py for tasks to queue
[2026-09-06T09:12:08.505+0000] {logging_mixin.py:190} INFO - [2026-09-06T09:12:08.505+0000] {dagbag.py:588} INFO - Filling up the DagBag from /home/airflow/.local/lib/python3.12/site-packages/airflow/example_dags/example_task_group_decorator.py
[2026-09-06T09:12:08.517+0000] {processor.py:925} INFO - DAG(s) 'example_task_group_decorator' retrieved from /home/airflow/.local/lib/python3.12/site-packages/airflow/example_dags/example_task_group_decorator.py
[2026-09-06T09:12:08.536+0000] {logging_mixin.py:190} INFO - [2026-09-06T09:12:08.536+0000] {dag.py:3239} INFO - Sync 1 DAGs
[2026-09-06T09:12:08.548+0000] {logging_mixin.py:190} INFO - [2026-09-06T09:12:08.548+0000] {dag.py:4180} INFO - Setting next_dagrun for example_task_group_decorator to None, run_after=None
[2026-09-06T09:12:08.562+0000] {processor.py:208} INFO - Processing /home/airflow/.local/lib/python3.12/site-packages/airflow/example_dags/example_task_group_decorator.py took 0.064 seconds
[2026-09-06T09:12:39.676+0000] {processor.py:186} INFO - Started process (PID=2411) to work on /home/airflow/.local/lib/python3.12/site-packages/airflow/example_dags/example_task_group_decorator.py
[2026-09-06T09:12:39.677+0000] {processor.py:914} INFO - Processing file /home/airflow/.local/lib/python3.12/site-packages/airflow/example_dags/example_task_group_decorator.py for tasks to queue
[2026-09-06T09:12:39.679+0000] {logging_mixin.py:190} INFO - [2026-09-06T09:12:39.679+0000] {dagbag.py:588} INFO - Filling up the DagBag from /home/airflow/.local/lib/python3.12/site-packages/airflow/example_dags/example_task_group_decorator.py
[2026-09-06T09:12:39.691+0000] {processor.py:925} INFO - DAG(s) 'example_task_group_decorator' retrieved from /home/airflow/.local/lib/python3.12/site-packages/airflow/example_dags/example_task_group_decorator.py
[2026-09-06T09:12:39.712+0000] {logging_mixin.py:190} INFO - [2026-09-06T09:12:39.712+0000] {dag.py:3239} INFO - Sync 1 DAGs
[2026-09-06T09:12:39.724+0000] {logging_mixin.py:190} INFO - [2026-09-06T09:12:39.724+0000] {dag.py:4180} INFO - Setting next_dagrun for example_task_group_decorator to None, run_after=None
[2026-09-06T09:12:39.739+0000] {processor.py:208} INFO - Processing /home/airflow/.local/lib/python3.12/site-packages/airflow/example_dags/example_task_group_decorator.py took 0.068 seconds
[2026-09-06T09:13:11.133+0000] {processor.py:186} INFO - Started process (PID=2476) to work on /home/airflow/.local/lib/python3.12/site-packages/airflow/example_dags/example_task_group_decorator.py
[2026-09-06T09:13:11.134+0000] {processor.py:914} INFO - Processing file /home/airflow/.local/lib/python3.12/site-packages/airflow/example_dags/example_task_group_decorator.py for tasks to queue
[2026-09-06T09:13:11.136+0000] {logging_mixin.py:190} INFO - [2026-09-06T09:13:11.136+0000] {dagbag.py:588} INFO - Filling up the DagBag from /home/airflow/.local/lib/python3.12/site-packages/airflow/example_dags/example_task_group_decorator.py
[2026-09-06T09:13:11.148+0000] {processor.py:925} INFO - DAG(s) 'example_task_group_decorator' retrieved from /home/airflow/.local/lib/python3.12/site-packages/airflow/example_dags/example_task_group_decorator.py
[2026-09-06T09:13:11.168+0000] {logging_mixin.py:190} INFO - [2026-09-06T09:13:11.168+0000] {dag.py:3239} INFO - Sync 1 DAGs
[2026-09-06T09:13:11.180+0000] {logging_mixin.py:190} INFO - [2026-09-06T09:13:11.180+0000] {dag.py:4180} INFO - Setting next_dagrun for example_task_group_decorator to None, run_after=None
[2026-09-06T09:13:11.195+0000] {processor.py:208} INFO - Processing /home/airflow/.local/lib/python3.12/site-packages/airflow/example_dags/example_task_group_decorator.py took 0.067 seconds
[2026-09-06T09:13:41.897+0000] {processor.py:186} INFO - Started process (PID=2540) to work on /home/airflow/.local/lib/python3.12/site-packages/airflow/example_dags/example_task_group_decorator.py
[2026-09-06T09:13:41.898+0000] {processor.py:914} INFO - Processing file /home/airflow/.local/lib/python3.12/site-packages/airflow/example_dags/example_task_group_decorator.py for tasks to queue
[2026-09-06T09:13:41.900+0000] {logging_mixin.py:190} INFO - [2026-09-06T09:13:41.900+0000] {dagbag.py:588} INFO - Filling up the DagBag from /home/airflow/.local/lib/python3.12/site-packages/airflow/example_dags/example_task_group_decorator.py
[2026-09-06T09:13:41.911+0000] {processor.py:925} INFO - DAG(s) 'example_task_group_decorator' retrieved from /home/airflow/.local/lib/python3.12/site-packages/airflow/example_dags/example_task_group_decorator.py
[2026-09-06T09:13:41.927+0000] {logging_mixin.py:190} INFO - [2026-09-06T09:13:41.927+0000] {dag.py:3239} INFO - Sync 1 DAGs
[2026-09-06T09:13:41.936+0000] {logging_mixin.py:190} INFO - [2026-09-06T09:13:41.936+0000] {dag.py:4180} INFO - Setting next_dagrun for example_task_group_decorator to None, run_after=None
[2026-09-06T09:13:41.950+0000] {processor.py:208} INFO - Processing /home/airflow/.local/lib/python3.12/site-packages/airflow/example_dags/example_task_group_decorator.py took 0.057 seconds
[2026-09-06T09:14:12.997+0000] {processor.py:186} INFO - Started process (PID=2604) to work on /home/airflow/.local/lib/python3.12/site-packages/airflow/example_dags/example_task_group_decorator.py
[2026-09-06T09:14:12.998+0000] {processor.py:914} INFO - Processing file /home/airflow/.local/lib/python3.12/site-packages/airflow/example_dags/example_task_group_decorator.py for tasks to queue
[2026-09-06T09:14:13.000+0000] {logging_mixin.py:190} INFO - [2026-09-06T09:14:13.000+0000] {dagbag.py:588} INFO - Filling up the DagBag from /home/airflow/.local/lib/python3.12/site-packages/airflow/example_dags/example_task_group_decorator.py
[2026-09-06T09:14:13.012+0000] {processor.py:925} INFO - DAG(s) 'example_task_group_decorator' retrieved from /home/airflow/.local/lib/python3.12/site-packages/airflow/example_dags/example_task_group_decorator.py
[2026-09-06T09:14:13.036+0000] {logging_mixin.py:190} INFO - [2026-09-06T09:14:13.035+0000] {dag.py:3239} INFO - Sync 1 DAGs
[2026-09-06T09:14:13.049+0000] {logging_mixin.py:190} INFO - [2026-09-06T09:14:13.048+0000] {dag.py:4180} INFO - Setting next_dagrun for example_task_group_decorator to None, run_after=None
[2026-09-06T09:14:13.070+0000] {processor.py:208} INFO - Processing /home/airflow/.local/lib/python3.12/site-packages/airflow/example_dags/example_task_group_decorator.py took 0.077 seconds
[2026-09-06T09:14:44.537+0000] {processor.py:186} INFO - Started process (PID=2668) to work on /home/airflow/.local/lib/python3.12/site-packages/airflow/example_dags/example_task_group_decorator.py
[2026-09-06T09:14:44.538+0000] {processor.py:914} INFO - Processing file /home/airflow/.local/lib/python3.12/site-packages/airflow/example_dags/example_task_group_decorator.py for tasks to queue
[2026-09-06T09:14:44.540+0000] {logging_mixin.py:190} INFO - [2026-09-06T09:14:44.540+0000] {dagbag.py:588} INFO - Filling up the DagBag from /home/airflow/.local/lib/python3.12/site-packages/airflow/example_dags/example_task_group_decorator.py
[2026-09-06T09:14:44.553+0000] {processor.py:925} INFO - DAG(s) 'example_task_group_decorator' retrieved from /home/airflow/.local/lib/python3.12/site-packages/airflow/example_dags/example_task_group_decorator.py
[2026-09-06T09:14:44.571+0000] {logging_mixin.py:190} INFO - [2026-09-06T09:14:44.571+0000] {dag.py:3239} INFO - Sync 1 DAGs
[2026-09-06T09:14:44.582+0000] {logging_mixin.py:190} INFO - [2026-09-06T09:14:44.582+0000] {dag.py:4180} INFO - Setting next_dagrun for example_task_group_decorator to None, run_after=None
[2026-09-06T09:14:44.596+0000] {processor.py:208} INFO - Processing /home/airflow/.local/lib/python3.12/site-packages/airflow/example_dags/example_task_group_decorator.py took 0.065 seconds
[2026-09-06T09:15:15.497+0000] {processor.py:186} INFO - Started process (PID=2732) to work on /home/airflow/.local/lib/python3.12/site-packages/airflow/example_dags/example_task_group_decorator.py
[2026-09-06T09:15:15.498+0000] {processor.py:914} INFO - Processing file /home/airflow/.local/lib/python3.12/site-packages/airflow/example_dags/example_task_group_decorator.py for tasks to queue
[2026-09-06T09:15:15.501+0000] {logging_mixin.py:190} INFO - [2026-09-06T09:15:15.500+0000] {dagbag.py:588} INFO - Filling up the DagBag from /home/airflow/.local/lib/python3.12/site-packages/airflow/example_dags/example_task_group_decorator.py
[2026-09-06T09:15:15.514+0000] {processor.py:925} INFO - DAG(s) 'example_task_group_decorator' retrieved from /home/airflow/.local/lib/python3.12/site-packages/airflow/example_dags/example_task_group_decorator.py
[2026-09-06T09:15:15.536+0000] {logging_mixin.py:190} INFO - [2026-09-06T09:15:15.536+0000] {dag.py:3239} INFO - Sync 1 DAGs
[2026-09-06T09:15:15.549+0000] {logging_mixin.py:190} INFO - [2026-09-06T09:15:15.548+0000] {dag.py:4180} INFO - Setting next_dagrun for example_task_group_decorator to None, run_after=None
[2026-09-06T09:15:15.566+0000] {processor.py:208} INFO - Processing /home/airflow/.local/lib/python3.12/site-packages/airflow/example_dags/example_task_group_decorator.py took 0.074 seconds
[2026-09-06T09:15:46.534+0000] {processor.py:186} INFO - Started process (PID=2799) to work on /home/airflow/.local/lib/python3.12/site-packages/airflow/example_dags/example_task_group_decorator.py
[2026-09-06T09:15:46.535+0000] {processor.py:914} INFO - Processing file /home/airflow/.local/lib/python3.12/site-packages/airflow/example_dags/example_task_group_decorator.py for tasks to queue
[2026-09-06T09:15:46.538+0000] {logging_mixin.py:190} INFO - [2026-09-06T09:15:46.537+0000] {dagbag.py:588} INFO - Filling up the DagBag from /home/airflow/.local/lib/python3.12/site-packages/airflow/example_dags/example_task_group_decorator.py
[2026-09-06T09:15:46.549+0000] {processor.py:925} INFO - DAG(s) 'example_task_group_decorator' retrieved from /home/airflow/.local/lib/python3.12/site-packages/airflow/example_dags/example_task_group_decorator.py
[2026-09-06T09:15:46.568+0000] {logging_mixin.py:190} INFO - [2026-09-06T09:15:46.567+0000] {dag.py:3239} INFO - Sync 1 DAGs
[2026-09-06T09:15:46.580+0000] {logging_mixin.py:190} INFO - [2026-09-06T09:15:46.580+0000] {dag.py:4180} INFO - Setting next_dagrun for example_task_group_decorator to None, run_after=None
[2026-09-06T09:15:46.609+0000] {processor.py:208} INFO - Processing /home/airflow/.local/lib/python3.12/site-packages/airflow/example_dags/example_task_group_decorator.py took 0.079 seconds
[2026-09-06T09:16:16.971+0000] {processor.py:186} INFO - Started process (PID=2863) to work on /home/airflow/.local/lib/python3.12/site-packages/airflow/example_dags/example_task_group_decorator.py
[2026-09-06T09:16:16.972+0000] {processor.py:914} INFO - Processing file /home/airflow/.local/lib/python3.12/site-packages/airflow/example_dags/example_task_group_decorator.py for tasks to queue
[2026-09-06T09:16:16.974+0000] {logging_mixin.py:190} INFO - [2026-09-06T09:16:16.974+0000] {dagbag.py:588} INFO - Filling up the DagBag from /home/airflow/.local/lib/python3.12/site-packages/airflow/example_dags/example_task_group_decorator.py
[2026-09-06T09:16:16.986+0000] {processor.py:925} INFO - DAG(s) 'example_task_group_decorator' retrieved from /home/airflow/.local/lib/python3.12/site-packages/airflow/example_dags/example_task_group_decorator.py
[2026-09-06T09:16:17.006+0000] {logging_mixin.py:190} INFO - [2026-09-06T09:16:17.006+0000] {dag.py:3239} INFO - Sync 1 DAGs
[2026-09-06T09:16:17.018+0000] {logging_mixin.py:190} INFO - [2026-09-06T09:16:17.017+0000] {dag.py:4180} INFO - Setting next_dagrun for example_task_group_decorator to None, run_after=None
[2026-09-06T09:16:17.034+0000] {processor.py:208} INFO - Processing /home/airflow/.local/lib/python3.12/site-packages/airflow/example_dags/example_task_group_decorator.py took 0.068 seconds
[2026-09-06T09:16:49.302+0000] {processor.py:186} INFO - Started process (PID=2926) to work on /home/airflow/.local/lib/python3.12/site-packages/airflow/example_dags/example_task_group_decorator.py
[2026-09-06T09:16:49.303+0000] {processor.py:914} INFO - Processing file /home/airflow/.local/lib/python3.12/site-packages/airflow/example_dags/example_task_group_decorator.py for tasks to queue
[2026-09-06T09:16:49.305+0000] {logging_mixin.py:190} INFO - [2026-09-06T09:16:49.305+0000] {dagbag.py:588} INFO - Filling up the DagBag from /home/airflow/.local/lib/python3.12/site-packages/airflow/example_dags/example_task_group_decorator.py
[2026-09-06T09:16:49.317+0000] {processor.py:925} INFO - DAG(s) 'example_task_group_decorator' retrieved from /home/airflow/.local/lib/python3.12/site-packages/airflow/example_dags/example_task_group_decorator.py
[2026-09-06T09:16:49.337+0000] {logging_mixin.py:190} INFO - [2026-09-06T09:16:49.337+0000] {dag.py:3239} INFO - Sync 1 DAGs
[2026-09-06T09:16:49.348+0000] {logging_mixin.py:190} INFO - [2026-09-06T09:16:49.348+0000] {dag.py:4180} INFO - Setting next_dagrun for example_task_group_decorator to None, run_after=None
[2026-09-06T09:16:49.362+0000] {processor.py:208} INFO - Processing /home/airflow/.local/lib/python3.12/site-packages/airflow/example_dags/example_task_group_decorator.py took 0.066 seconds
[2026-09-06T09:17:19.958+0000] {processor.py:186} INFO - Started process (PID=2993) to work on /home/airflow/.local/lib/python3.12/site-packages/airflow/example_dags/example_task_group_decorator.py
[2026-09-06T09:17:19.958+0000] {processor.py:914} INFO - Processing file /home/airflow/.local/lib/python3.12/site-packages/airflow/example_dags/example_task_group_decorator.py for tasks to queue
[2026-09-06T09:17:19.961+0000] {logging_mixin.py:190} INFO - [2026-09-06T09:17:19.960+0000] {dagbag.py:588} INFO - Filling up the DagBag from /home/airflow/.local/lib/python3.12/site-packages/airflow/example_dags/example_task_group_decorator.py
[2026-09-06T09:17:19.972+0000] {processor.py:925} INFO - DAG(s) 'example_task_group_decorator' retrieved from /home/airflow/.local/lib/python3.12/site-packages/airflow/example_dags/example_task_group_decorator.py
[2026-09-06T09:17:19.991+0000] {logging_mixin.py:190} INFO - [2026-09-06T09:17:19.991+0000] {dag.py:3239} INFO - Sync 1 DAGs
[2026-09-06T09:17:20.002+0000] {logging_mixin.py:190} INFO - [2026-09-06T09:17:20.002+0000] {dag.py:4180} INFO - Setting next_dagrun for example_task_group_decorator to None, run_after=None
[2026-09-06T09:17:20.018+0000] {processor.py:208} INFO - Processing /home/airflow/.local/lib/python3.12/site-packages/airflow/example_dags/example_task_group_decorator.py took 0.065 seconds
[2026-09-06T09:17:50.801+0000] {processor.py:186} INFO - Started process (PID=3061) to work on /home/airflow/.local/lib/python3.12/site-packages/airflow/example_dags/example_task_group_decorator.py
[2026-09-06T09:17:50.802+0000] {processor.py:914} INFO - Processing file /home/airflow/.local/lib/python3.12/site-packages/airflow/example_dags/example_task_group_decorator.py for tasks to queue
[2026-09-06T09:17:50.805+0000] {logging_mixin.py:190} INFO - [2026-09-06T09:17:50.804+0000] {dagbag.py:588} INFO - Filling up the DagBag from /home/airflow/.local/lib/python3.12/site-packages/airflow/example_dags/example_task_group_decorator.py
[2026-09-06T09:17:50.816+0000] {processor.py:925} INFO - DAG(s) 'example_task_group_decorator' retrieved from /home/airflow/.local/lib/python3.12/site-packages/airflow/example_dags/example_task_group_decorator.py
[2026-09-06T09:17:50.835+0000] {logging_mixin.py:190} INFO - [2026-09-06T09:17:50.835+0000] {dag.py:3239} INFO - Sync 1 DAGs
[2026-09-06T09:17:50.845+0000] {logging_mixin.py:190} INFO - [2026-09-06T09:17:50.845+0000] {dag.py:4180} INFO - Setting next_dagrun for example_task_group_decorator to None, run_after=None
[2026-09-06T09:17:50.860+0000] {processor.py:208} INFO - Processing /home/airflow/.local/lib/python3.12/site-packages/airflow/example_dags/example_task_group_decorator.py took 0.063 seconds
[2026-09-06T09:18:22.614+0000] {processor.py:186} INFO - Started process (PID=3130) to work on /home/airflow/.local/lib/python3.12/site-packages/airflow/example_dags/example_task_group_decorator.py
[2026-09-06T09:18:22.615+0000] {processor.py:914} INFO - Processing file /home/airflow/.local/lib/python3.12/site-packages/airflow/example_dags/example_task_group_decorator.py for tasks to queue
[2026-09-06T09:18:22.617+0000] {logging_mixin.py:190} INFO - [2026-09-06T09:18:22.617+0000] {dagbag.py:588} INFO - Filling up the DagBag from /home/airflow/.local/lib/python3.12/site-packages/airflow/example_dags/example_task_group_decorator.py
[2026-09-06T09:18:22.630+0000] {processor.py:925} INFO - DAG(s) 'example_task_group_decorator' retrieved from /home/airflow/.local/lib/python3.12/site-packages/airflow/example_dags/example_task_group_decorator.py
[2026-09-06T09:18:22.653+0000] {logging_mixin.py:190} INFO - [2026-09-06T09:18:22.653+0000] {dag.py:3239} INFO - Sync 1 DAGs
[2026-09-06T09:18:22.665+0000] {logging_mixin.py:190} INFO - [2026-09-06T09:18:22.664+0000] {dag.py:4180} INFO - Setting next_dagrun for example_task_group_decorator to None, run_after=None
[2026-09-06T09:18:22.680+0000] {processor.py:208} INFO - Processing /home/airflow/.local/lib/python3.12/site-packages/airflow/example_dags/example_task_group_decorator.py took 0.071 seconds
[2026-09-06T09:18:56.997+0000] {processor.py:186} INFO - Started process (PID=3195) to work on /home/airflow/.local/lib/python3.12/site-packages/airflow/example_dags/example_task_group_decorator.py
[2026-09-06T09:18:56.998+0000] {processor.py:914} INFO - Processing file /home/airflow/.local/lib/python3.12/site-packages/airflow/example_dags/example_task_group_decorator.py for tasks to queue
[2026-09-06T09:18:57.000+0000] {logging_mixin.py:190} INFO - [2026-09-06T09:18:57.000+0000] {dagbag.py:588} INFO - Filling up the DagBag from /home/airflow/.local/lib/python3.12/site-packages/airflow/example_dags/example_task_group_decorator.py
[2026-09-06T09:18:57.011+0000] {processor.py:925} INFO - DAG(s) 'example_task_group_decorator' retrieved from /home/airflow/.local/lib/python3.12/site-packages/airflow/example_dags/example_task_group_decorator.py
[2026-09-06T09:18:57.030+0000] {logging_mixin.py:190} INFO - [2026-09-06T09:18:57.030+0000] {dag.py:3239} INFO - Sync 1 DAGs
[2026-09-06T09:18:57.040+0000] {logging_mixin.py:190} INFO - [2026-09-06T09:18:57.040+0000] {dag.py:4180} INFO - Setting next_dagrun for example_task_group_decorator to None, run_after=None
[2026-09-06T09:18:57.055+0000] {processor.py:208} INFO - Processing /home/airflow/.local/lib/python3.12/site-packages/airflow/example_dags/example_task_group_decorator.py took 0.062 seconds
[2026-09-06T09:19:27.914+0000] {processor.py:186} INFO - Started process (PID=3259) to work on /home/airflow/.local/lib/python3.12/site-packages/airflow/example_dags/example_task_group_decorator.py
[2026-09-06T09:19:27.915+0000] {processor.py:914} INFO - Processing file /home/airflow/.local/lib/python3.12/site-packages/airflow/example_dags/example_task_group_decorator.py for tasks to queue
[2026-09-06T09:19:27.917+0000] {logging_mixin.py:190} INFO - [2026-09-06T09:19:27.916+0000] {dagbag.py:588} INFO - Filling up the DagBag from /home/airflow/.local/lib/python3.12/site-packages/airflow/example_dags/example_task_group_decorator.py
[2026-09-06T09:19:27.928+0000] {processor.py:925} INFO - DAG(s) 'example_task_group_decorator' retrieved from /home/airflow/.local/lib/python3.12/site-packages/airflow/example_dags/example_task_group_decorator.py
[2026-09-06T09:19:27.947+0000] {logging_mixin.py:190} INFO - [2026-09-06T09:19:27.947+0000] {dag.py:3239} INFO - Sync 1 DAGs
[2026-09-06T09:19:28.124+0000] {logging_mixin.py:190} INFO - [2026-09-06T09:19:28.124+0000] {dag.py:4180} INFO - Setting next_dagrun for example_task_group_decorator to None, run_after=None
[2026-09-06T09:19:28.138+0000] {processor.py:208} INFO - Processing /home/airflow/.local/lib/python3.12/site-packages/airflow/example_dags/example_task_group_decorator.py took 0.229 seconds
[2026-09-06T09:19:59.135+0000] {processor.py:186} INFO - Started process (PID=3323) to work on /home/airflow/.local/lib/python3.12/site-packages/airflow/example_dags/example_task_group_decorator.py
[2026-09-06T09:19:59.136+0000] {processor.py:914} INFO - Processing file /home/airflow/.local/lib/python3.12/site-packages/airflow/example_dags/example_task_group_decorator.py for tasks to queue
[2026-09-06T09:19:59.139+0000] {logging_mixin.py:190} INFO - [2026-09-06T09:19:59.138+0000] {dagbag.py:588} INFO - Filling up the DagBag from /home/airflow/.local/lib/python3.12/site-packages/airflow/example_dags/example_task_group_decorator.py
[2026-09-06T09:19:59.151+0000] {processor.py:925} INFO - DAG(s) 'example_task_group_decorator' retrieved from /home/airflow/.local/lib/python3.12/site-packages/airflow/example_dags/example_task_group_decorator.py
[2026-09-06T09:19:59.171+0000] {logging_mixin.py:190} INFO - [2026-09-06T09:19:59.171+0000] {dag.py:3239} INFO - Sync 1 DAGs
[2026-09-06T09:19:59.182+0000] {logging_mixin.py:190} INFO - [2026-09-06T09:19:59.182+0000] {dag.py:4180} INFO - Setting next_dagrun for example_task_group_decorator to None, run_after=None
[2026-09-06T09:19:59.413+0000] {processor.py:208} INFO - Processing /home/airflow/.local/lib/python3.12/site-packages/airflow/example_dags/example_task_group_decorator.py took 0.283 seconds
[2026-09-06T09:20:30.035+0000] {processor.py:186} INFO - Started process (PID=3393) to work on /home/airflow/.local/lib/python3.12/site-packages/airflow/example_dags/example_task_group_decorator.py
[2026-09-06T09:20:30.036+0000] {processor.py:914} INFO - Processing file /home/airflow/.local/lib/python3.12/site-packages/airflow/example_dags/example_task_group_decorator.py for tasks to queue
[2026-09-06T09:20:30.038+0000] {logging_mixin.py:190} INFO - [2026-09-06T09:20:30.038+0000] {dagbag.py:588} INFO - Filling up the DagBag from /home/airflow/.local/lib/python3.12/site-packages/airflow/example_dags/example_task_group_decorator.py
[2026-09-06T09:20:30.050+0000] {processor.py:925} INFO - DAG(s) 'example_task_group_decorator' retrieved from /home/airflow/.local/lib/python3.12/site-packages/airflow/example_dags/example_task_group_decorator.py
[2026-09-06T09:20:30.069+0000] {logging_mixin.py:190} INFO - [2026-09-06T09:20:30.069+0000] {dag.py:3239} INFO - Sync 1 DAGs
[2026-09-06T09:20:30.080+0000] {logging_mixin.py:190} INFO - [2026-09-06T09:20:30.080+0000] {dag.py:4180} INFO - Setting next_dagrun for example_task_group_decorator to None, run_after=None
[2026-09-06T09:20:30.095+0000] {processor.py:208} INFO - Processing /home/airflow/.local/lib/python3.12/site-packages/airflow/example_dags/example_task_group_decorator.py took 0.065 seconds
[2026-09-06T09:21:00.219+0000] {processor.py:186} INFO - Started process (PID=3456) to work on /home/airflow/.local/lib/python3.12/site-packages/airflow/example_dags/example_task_group_decorator.py
[2026-09-06T09:21:00.220+0000] {processor.py:914} INFO - Processing file /home/airflow/.local/lib/python3.12/site-packages/airflow/example_dags/example_task_group_decorator.py for tasks to queue
[2026-09-06T09:21:00.222+0000] {logging_mixin.py:190} INFO - [2026-09-06T09:21:00.222+0000] {dagbag.py:588} INFO - Filling up the DagBag from /home/airflow/.local/lib/python3.12/site-packages/airflow/example_dags/example_task_group_decorator.py
[2026-09-06T09:21:00.234+0000] {processor.py:925} INFO - DAG(s) 'example_task_group_decorator' retrieved from /home/airflow/.local/lib/python3.12/site-packages/airflow/example_dags/example_task_group_decorator.py
[2026-09-06T09:21:00.255+0000] {logging_mixin.py:190} INFO - [2026-09-06T09:21:00.255+0000] {dag.py:3239} INFO - Sync 1 DAGs
[2026-09-06T09:21:00.268+0000] {logging_mixin.py:190} INFO - [2026-09-06T09:21:00.268+0000] {dag.py:4180} INFO - Setting next_dagrun for example_task_group_decorator to None, run_after=None
[2026-09-06T09:21:00.284+0000] {processor.py:208} INFO - Processing /home/airflow/.local/lib/python3.12/site-packages/airflow/example_dags/example_task_group_decorator.py took 0.070 seconds
[2026-09-06T09:21:30.638+0000] {processor.py:186} INFO - Started process (PID=3520) to work on /home/airflow/.local/lib/python3.12/site-packages/airflow/example_dags/example_task_group_decorator.py
[2026-09-06T09:21:30.640+0000] {processor.py:914} INFO - Processing file /home/airflow/.local/lib/python3.12/site-packages/airflow/example_dags/example_task_group_decorator.py for tasks to queue
[2026-09-06T09:21:30.642+0000] {logging_mixin.py:190} INFO - [2026-09-06T09:21:30.642+0000] {dagbag.py:588} INFO - Filling up the DagBag from /home/airflow/.local/lib/python3.12/site-packages/airflow/example_dags/example_task_group_decorator.py
[2026-09-06T09:21:30.654+0000] {processor.py:925} INFO - DAG(s) 'example_task_group_decorator' retrieved from /home/airflow/.local/lib/python3.12/site-packages/airflow/example_dags/example_task_group_decorator.py
[2026-09-06T09:21:30.675+0000] {logging_mixin.py:190} INFO - [2026-09-06T09:21:30.675+0000] {dag.py:3239} INFO - Sync 1 DAGs
[2026-09-06T09:21:30.687+0000] {logging_mixin.py:190} INFO - [2026-09-06T09:21:30.687+0000] {dag.py:4180} INFO - Setting next_dagrun for example_task_group_decorator to None, run_after=None
[2026-09-06T09:21:30.701+0000] {processor.py:208} INFO - Processing /home/airflow/.local/lib/python3.12/site-packages/airflow/example_dags/example_task_group_decorator.py took 0.071 seconds
[2026-09-06T09:22:01.735+0000] {processor.py:186} INFO - Started process (PID=3585) to work on /home/airflow/.local/lib/python3.12/site-packages/airflow/example_dags/example_task_group_decorator.py
[2026-09-06T09:22:01.736+0000] {processor.py:914} INFO - Processing file /home/airflow/.local/lib/python3.12/site-packages/airflow/example_dags/example_task_group_decorator.py for tasks to queue
[2026-09-06T09:22:01.738+0000] {logging_mixin.py:190} INFO - [2026-09-06T09:22:01.738+0000] {dagbag.py:588} INFO - Filling up the DagBag from /home/airflow/.local/lib/python3.12/site-packages/airflow/example_dags/example_task_group_decorator.py
[2026-09-06T09:22:01.750+0000] {processor.py:925} INFO - DAG(s) 'example_task_group_decorator' retrieved from /home/airflow/.local/lib/python3.12/site-packages/airflow/example_dags/example_task_group_decorator.py
[2026-09-06T09:22:01.768+0000] {logging_mixin.py:190} INFO - [2026-09-06T09:22:01.768+0000] {dag.py:3239} INFO - Sync 1 DAGs
[2026-09-06T09:22:01.779+0000] {logging_mixin.py:190} INFO - [2026-09-06T09:22:01.779+0000] {dag.py:4180} INFO - Setting next_dagrun for example_task_group_decorator to None, run_after=None
[2026-09-06T09:22:01.792+0000] {processor.py:208} INFO - Processing /home/airflow/.local/lib/python3.12/site-packages/airflow/example_dags/example_task_group_decorator.py took 0.061 seconds
[2026-09-06T09:22:32.913+0000] {processor.py:186} INFO - Started process (PID=3649) to work on /home/airflow/.local/lib/python3.12/site-packages/airflow/example_dags/example_task_group_decorator.py
[2026-09-06T09:22:32.914+0000] {processor.py:914} INFO - Processing file /home/airflow/.local/lib/python3.12/site-packages/airflow/example_dags/example_task_group_decorator.py for tasks to queue
[2026-09-06T09:22:32.916+0000] {logging_mixin.py:190} INFO - [2026-09-06T09:22:32.916+0000] {dagbag.py:588} INFO - Filling up the DagBag from /home/airflow/.local/lib/python3.12/site-packages/airflow/example_dags/example_task_group_decorator.py
[2026-09-06T09:22:32.927+0000] {processor.py:925} INFO - DAG(s) 'example_task_group_decorator' retrieved from /home/airflow/.local/lib/python3.12/site-packages/airflow/example_dags/example_task_group_decorator.py
[2026-09-06T09:22:32.945+0000] {logging_mixin.py:190} INFO - [2026-09-06T09:22:32.945+0000] {dag.py:3239} INFO - Sync 1 DAGs
[2026-09-06T09:22:32.955+0000] {logging_mixin.py:190} INFO - [2026-09-06T09:22:32.955+0000] {dag.py:4180} INFO - Setting next_dagrun for example_task_group_decorator to None, run_after=None
[2026-09-06T09:22:32.969+0000] {processor.py:208} INFO - Processing /home/airflow/.local/lib/python3.12/site-packages/airflow/example_dags/example_task_group_decorator.py took 0.061 seconds
[2026-09-06T09:23:03.978+0000] {processor.py:186} INFO - Started process (PID=3713) to work on /home/airflow/.local/lib/python3.12/site-packages/airflow/example_dags/example_task_group_decorator.py
[2026-09-06T09:23:03.979+0000] {processor.py:914} INFO - Processing file /home/airflow/.local/lib/python3.12/site-packages/airflow/example_dags/example_task_group_decorator.py for tasks to queue
[2026-09-06T09:23:03.981+0000] {logging_mixin.py:190} INFO - [2026-09-06T09:23:03.981+0000] {dagbag.py:588} INFO - Filling up the DagBag from /home/airflow/.local/lib/python3.12/site-packages/airflow/example_dags/example_task_group_decorator.py
[2026-09-06T09:23:03.993+0000] {processor.py:925} INFO - DAG(s) 'example_task_group_decorator' retrieved from /home/airflow/.local/lib/python3.12/site-packages/airflow/example_dags/example_task_group_decorator.py
[2026-09-06T09:23:04.013+0000] {logging_mixin.py:190} INFO - [2026-09-06T09:23:04.013+0000] {dag.py:3239} INFO - Sync 1 DAGs
[2026-09-06T09:23:04.024+0000] {logging_mixin.py:190} INFO - [2026-09-06T09:23:04.024+0000] {dag.py:4180} INFO - Setting next_dagrun for example_task_group_decorator to None, run_after=None
[2026-09-06T09:23:04.039+0000] {processor.py:208} INFO - Processing /home/airflow/.local/lib/python3.12/site-packages/airflow/example_dags/example_task_group_decorator.py took 0.066 seconds
[2026-09-06T09:23:34.894+0000] {processor.py:186} INFO - Started process (PID=3777) to work on /home/airflow/.local/lib/python3.12/site-packages/airflow/example_dags/example_task_group_decorator.py
[2026-09-06T09:23:34.895+0000] {processor.py:914} INFO - Processing file /home/airflow/.local/lib/python3.12/site-packages/airflow/example_dags/example_task_group_decorator.py for tasks to queue
[2026-09-06T09:23:34.897+0000] {logging_mixin.py:190} INFO - [2026-09-06T09:23:34.897+0000] {dagbag.py:588} INFO - Filling up the DagBag from /home/airflow/.local/lib/python3.12/site-packages/airflow/example_dags/example_task_group_decorator.py
[2026-09-06T09:23:34.909+0000] {processor.py:925} INFO - DAG(s) 'example_task_group_decorator' retrieved from /home/airflow/.local/lib/python3.12/site-packages/airflow/example_dags/example_task_group_decorator.py
[2026-09-06T09:23:34.927+0000] {logging_mixin.py:190} INFO - [2026-09-06T09:23:34.927+0000] {dag.py:3239} INFO - Sync 1 DAGs
[2026-09-06T09:23:34.937+0000] {logging_mixin.py:190} INFO - [2026-09-06T09:23:34.937+0000] {dag.py:4180} INFO - Setting next_dagrun for example_task_group_decorator to None, run_after=None
[2026-09-06T09:23:34.955+0000] {processor.py:208} INFO - Processing /home/airflow/.local/lib/python3.12/site-packages/airflow/example_dags/example_task_group_decorator.py took 0.065 seconds
[2026-09-06T09:24:06.005+0000] {processor.py:186} INFO - Started process (PID=3841) to work on /home/airflow/.local/lib/python3.12/site-packages/airflow/example_dags/example_task_group_decorator.py
[2026-09-06T09:24:06.006+0000] {processor.py:914} INFO - Processing file /home/airflow/.local/lib/python3.12/site-packages/airflow/example_dags/example_task_group_decorator.py for tasks to queue
[2026-09-06T09:24:06.008+0000] {logging_mixin.py:190} INFO - [2026-09-06T09:24:06.008+0000] {dagbag.py:588} INFO - Filling up the DagBag from /home/airflow/.local/lib/python3.12/site-packages/airflow/example_dags/example_task_group_decorator.py
[2026-09-06T09:24:06.020+0000] {processor.py:925} INFO - DAG(s) 'example_task_group_decorator' retrieved from /home/airflow/.local/lib/python3.12/site-packages/airflow/example_dags/example_task_group_decorator.py
[2026-09-06T09:24:06.040+0000] {logging_mixin.py:190} INFO - [2026-09-06T09:24:06.040+0000] {dag.py:3239} INFO - Sync 1 DAGs
[2026-09-06T09:24:06.051+0000] {logging_mixin.py:190} INFO - [2026-09-06T09:24:06.051+0000] {dag.py:4180} INFO - Setting next_dagrun for example_task_group_decorator to None, run_after=None
[2026-09-06T09:24:06.066+0000] {processor.py:208} INFO - Processing /home/airflow/.local/lib/python3.12/site-packages/airflow/example_dags/example_task_group_decorator.py took 0.065 seconds
[2026-09-06T09:24:37.209+0000] {processor.py:186} INFO - Started process (PID=3905) to work on /home/airflow/.local/lib/python3.12/site-packages/airflow/example_dags/example_task_group_decorator.py
[2026-09-06T09:24:37.210+0000] {processor.py:914} INFO - Processing file /home/airflow/.local/lib/python3.12/site-packages/airflow/example_dags/example_task_group_decorator.py for tasks to queue
[2026-09-06T09:24:37.212+0000] {logging_mixin.py:190} INFO - [2026-09-06T09:24:37.212+0000] {dagbag.py:588} INFO - Filling up the DagBag from /home/airflow/.local/lib/python3.12/site-packages/airflow/example_dags/example_task_group_decorator.py
[2026-09-06T09:24:37.224+0000] {processor.py:925} INFO - DAG(s) 'example_task_group_decorator' retrieved from /home/airflow/.local/lib/python3.12/site-packages/airflow/example_dags/example_task_group_decorator.py
[2026-09-06T09:24:37.243+0000] {logging_mixin.py:190} INFO - [2026-09-06T09:24:37.242+0000] {dag.py:3239} INFO - Sync 1 DAGs
[2026-09-06T09:24:37.253+0000] {logging_mixin.py:190} INFO - [2026-09-06T09:24:37.253+0000] {dag.py:4180} INFO - Setting next_dagrun for example_task_group_decorator to None, run_after=None
[2026-09-06T09:24:37.267+0000] {processor.py:208} INFO - Processing /home/airflow/.local/lib/python3.12/site-packages/airflow/example_dags/example_task_group_decorator.py took 0.063 seconds
[2026-09-06T09:25:08.511+0000] {processor.py:186} INFO - Started process (PID=3969) to work on /home/airflow/.local/lib/python3.12/site-packages/airflow/example_dags/example_task_group_decorator.py
[2026-09-06T09:25:08.512+0000] {processor.py:914} INFO - Processing file /home/airflow/.local/lib/python3.12/site-packages/airflow/example_dags/example_task_group_decorator.py for tasks to queue
[2026-09-06T09:25:08.514+0000] {logging_mixin.py:190} INFO - [2026-09-06T09:25:08.514+0000] {dagbag.py:588} INFO - Filling up the DagBag from /home/airflow/.local/lib/python3.12/site-packages/airflow/example_dags/example_task_group_decorator.py
[2026-09-06T09:25:08.529+0000] {processor.py:925} INFO - DAG(s) 'example_task_group_decorator' retrieved from /home/airflow/.local/lib/python3.12/site-packages/airflow/example_dags/example_task_group_decorator.py
[2026-09-06T09:25:08.550+0000] {logging_mixin.py:190} INFO - [2026-09-06T09:25:08.550+0000] {dag.py:3239} INFO - Sync 1 DAGs
[2026-09-06T09:25:08.561+0000] {logging_mixin.py:190} INFO - [2026-09-06T09:25:08.561+0000] {dag.py:4180} INFO - Setting next_dagrun for example_task_group_decorator to None, run_after=None
[2026-09-06T09:25:08.582+0000] {processor.py:208} INFO - Processing /home/airflow/.local/lib/python3.12/site-packages/airflow/example_dags/example_task_group_decorator.py took 0.077 seconds
[2026-09-06T09:25:38.936+0000] {processor.py:186} INFO - Started process (PID=4033) to work on /home/airflow/.local/lib/python3.12/site-packages/airflow/example_dags/example_task_group_decorator.py
[2026-09-06T09:25:38.937+0000] {processor.py:914} INFO - Processing file /home/airflow/.local/lib/python3.12/site-packages/airflow/example_dags/example_task_group_decorator.py for tasks to queue
[2026-09-06T09:25:38.939+0000] {logging_mixin.py:190} INFO - [2026-09-06T09:25:38.939+0000] {dagbag.py:588} INFO - Filling up the DagBag from /home/airflow/.local/lib/python3.12/site-packages/airflow/example_dags/example_task_group_decorator.py
[2026-09-06T09:25:38.952+0000] {processor.py:925} INFO - DAG(s) 'example_task_group_decorator' retrieved from /home/airflow/.local/lib/python3.12/site-packages/airflow/example_dags/example_task_group_decorator.py
[2026-09-06T09:25:38.973+0000] {logging_mixin.py:190} INFO - [2026-09-06T09:25:38.972+0000] {dag.py:3239} INFO - Sync 1 DAGs
[2026-09-06T09:25:38.984+0000] {logging_mixin.py:190} INFO - [2026-09-06T09:25:38.984+0000] {dag.py:4180} INFO - Setting next_dagrun for example_task_group_decorator to None, run_after=None
[2026-09-06T09:25:38.998+0000] {processor.py:208} INFO - Processing /home/airflow/.local/lib/python3.12/site-packages/airflow/example_dags/example_task_group_decorator.py took 0.067 seconds
[2026-09-06T09:26:09.422+0000] {processor.py:186} INFO - Started process (PID=4097) to work on /home/airflow/.local/lib/python3.12/site-packages/airflow/example_dags/example_task_group_decorator.py
[2026-09-06T09:26:09.423+0000] {processor.py:914} INFO - Processing file /home/airflow/.local/lib/python3.12/site-packages/airflow/example_dags/example_task_group_decorator.py for tasks to queue
[2026-09-06T09:26:09.425+0000] {logging_mixin.py:190} INFO - [2026-09-06T09:26:09.425+0000] {dagbag.py:588} INFO - Filling up the DagBag from /home/airflow/.local/lib/python3.12/site-packages/airflow/example_dags/example_task_group_decorator.py
[2026-09-06T09:26:09.437+0000] {processor.py:925} INFO - DAG(s) 'example_task_group_decorator' retrieved from /home/airflow/.local/lib/python3.12/site-packages/airflow/example_dags/example_task_group_decorator.py
[2026-09-06T09:26:09.457+0000] {logging_mixin.py:190} INFO - [2026-09-06T09:26:09.457+0000] {dag.py:3239} INFO - Sync 1 DAGs
[2026-09-06T09:26:09.471+0000] {logging_mixin.py:190} INFO - [2026-09-06T09:26:09.471+0000] {dag.py:4180} INFO - Setting next_dagrun for example_task_group_decorator to None, run_after=None
[2026-09-06T09:26:09.489+0000] {processor.py:208} INFO - Processing /home/airflow/.local/lib/python3.12/site-packages/airflow/example_dags/example_task_group_decorator.py took 0.072 seconds
[2026-09-06T09:26:40.444+0000] {processor.py:186} INFO - Started process (PID=4161) to work on /home/airflow/.local/lib/python3.12/site-packages/airflow/example_dags/example_task_group_decorator.py
[2026-09-06T09:26:40.445+0000] {processor.py:914} INFO - Processing file /home/airflow/.local/lib/python3.12/site-packages/airflow/example_dags/example_task_group_decorator.py for tasks to queue
[2026-09-06T09:26:40.447+0000] {logging_mixin.py:190} INFO - [2026-09-06T09:26:40.447+0000] {dagbag.py:588} INFO - Filling up the DagBag from /home/airflow/.local/lib/python3.12/site-packages/airflow/example_dags/example_task_group_decorator.py
[2026-09-06T09:26:40.459+0000] {processor.py:925} INFO - DAG(s) 'example_task_group_decorator' retrieved from /home/airflow/.local/lib/python3.12/site-packages/airflow/example_dags/example_task_group_decorator.py
[2026-09-06T09:26:40.481+0000] {logging_mixin.py:190} INFO - [2026-09-06T09:26:40.481+0000] {dag.py:3239} INFO - Sync 1 DAGs
[2026-09-06T09:26:40.495+0000] {logging_mixin.py:190} INFO - [2026-09-06T09:26:40.495+0000] {dag.py:4180} INFO - Setting next_dagrun for example_task_group_decorator to None, run_after=None
[2026-09-06T09:26:40.513+0000] {processor.py:208} INFO - Processing /home/airflow/.local/lib/python3.12/site-packages/airflow/example_dags/example_task_group_decorator.py took 0.074 seconds
[2026-09-06T09:27:11.532+0000] {processor.py:186} INFO - Started process (PID=4226) to work on /home/airflow/.local/lib/python3.12/site-packages/airflow/example_dags/example_task_group_decorator.py
[2026-09-06T09:27:11.533+0000] {processor.py:914} INFO - Processing file /home/airflow/.local/lib/python3.12/site-packages/airflow/example_dags/example_task_group_decorator.py for tasks to queue
[2026-09-06T09:27:11.536+0000] {logging_mixin.py:190} INFO - [2026-09-06T09:27:11.535+0000] {dagbag.py:588} INFO - Filling up the DagBag from /home/airflow/.local/lib/python3.12/site-packages/airflow/example_dags/example_task_group_decorator.py
[2026-09-06T09:27:11.549+0000] {processor.py:925} INFO - DAG(s) 'example_task_group_decorator' retrieved from /home/airflow/.local/lib/python3.12/site-packages/airflow/example_dags/example_task_group_decorator.py
[2026-09-06T09:27:11.569+0000] {logging_mixin.py:190} INFO - [2026-09-06T09:27:11.569+0000] {dag.py:3239} INFO - Sync 1 DAGs
[2026-09-06T09:27:11.581+0000] {logging_mixin.py:190} INFO - [2026-09-06T09:27:11.581+0000] {dag.py:4180} INFO - Setting next_dagrun for example_task_group_decorator to None, run_after=None
[2026-09-06T09:27:11.596+0000] {processor.py:208} INFO - Processing /home/airflow/.local/lib/python3.12/site-packages/airflow/example_dags/example_task_group_decorator.py took 0.070 seconds
[2026-09-06T09:27:42.312+0000] {processor.py:186} INFO - Started process (PID=4290) to work on /home/airflow/.local/lib/python3.12/site-packages/airflow/example_dags/example_task_group_decorator.py
[2026-09-06T09:27:42.313+0000] {processor.py:914} INFO - Processing file /home/airflow/.local/lib/python3.12/site-packages/airflow/example_dags/example_task_group_decorator.py for tasks to queue
[2026-09-06T09:27:42.315+0000] {logging_mixin.py:190} INFO - [2026-09-06T09:27:42.315+0000] {dagbag.py:588} INFO - Filling up the DagBag from /home/airflow/.local/lib/python3.12/site-packages/airflow/example_dags/example_task_group_decorator.py
[2026-09-06T09:27:42.329+0000] {processor.py:925} INFO - DAG(s) 'example_task_group_decorator' retrieved from /home/airflow/.local/lib/python3.12/site-packages/airflow/example_dags/example_task_group_decorator.py
[2026-09-06T09:27:42.352+0000] {logging_mixin.py:190} INFO - [2026-09-06T09:27:42.351+0000] {dag.py:3239} INFO - Sync 1 DAGs
[2026-09-06T09:27:42.364+0000] {logging_mixin.py:190} INFO - [2026-09-06T09:27:42.364+0000] {dag.py:4180} INFO - Setting next_dagrun for example_task_group_decorator to None, run_after=None
[2026-09-06T09:27:42.381+0000] {processor.py:208} INFO - Processing /home/airflow/.local/lib/python3.12/site-packages/airflow/example_dags/example_task_group_decorator.py took 0.075 seconds
[2026-09-06T09:28:12.793+0000] {processor.py:186} INFO - Started process (PID=4353) to work on /home/airflow/.local/lib/python3.12/site-packages/airflow/example_dags/example_task_group_decorator.py
[2026-09-06T09:28:12.795+0000] {processor.py:914} INFO - Processing file /home/airflow/.local/lib/python3.12/site-packages/airflow/example_dags/example_task_group_decorator.py for tasks to queue
[2026-09-06T09:28:12.797+0000] {logging_mixin.py:190} INFO - [2026-09-06T09:28:12.797+0000] {dagbag.py:588} INFO - Filling up the DagBag from /home/airflow/.local/lib/python3.12/site-packages/airflow/example_dags/example_task_group_decorator.py
[2026-09-06T09:28:12.810+0000] {processor.py:925} INFO - DAG(s) 'example_task_group_decorator' retrieved from /home/airflow/.local/lib/python3.12/site-packages/airflow/example_dags/example_task_group_decorator.py
[2026-09-06T09:28:12.833+0000] {logging_mixin.py:190} INFO - [2026-09-06T09:28:12.833+0000] {dag.py:3239} INFO - Sync 1 DAGs
[2026-09-06T09:28:12.845+0000] {logging_mixin.py:190} INFO - [2026-09-06T09:28:12.845+0000] {dag.py:4180} INFO - Setting next_dagrun for example_task_group_decorator to None, run_after=None
[2026-09-06T09:28:12.861+0000] {processor.py:208} INFO - Processing /home/airflow/.local/lib/python3.12/site-packages/airflow/example_dags/example_task_group_decorator.py took 0.073 seconds
[2026-09-06T09:28:43.340+0000] {processor.py:186} INFO - Started process (PID=4417) to work on /home/airflow/.local/lib/python3.12/site-packages/airflow/example_dags/example_task_group_decorator.py
[2026-09-06T09:28:43.341+0000] {processor.py:914} INFO - Processing file /home/airflow/.local/lib/python3.12/site-packages/airflow/example_dags/example_task_group_decorator.py for tasks to queue
[2026-09-06T09:28:43.343+0000] {logging_mixin.py:190} INFO - [2026-09-06T09:28:43.343+0000] {dagbag.py:588} INFO - Filling up the DagBag from /home/airflow/.local/lib/python3.12/site-packages/airflow/example_dags/example_task_group_decorator.py
[2026-09-06T09:28:43.355+0000] {processor.py:925} INFO - DAG(s) 'example_task_group_decorator' retrieved from /home/airflow/.local/lib/python3.12/site-packages/airflow/example_dags/example_task_group_decorator.py
[2026-09-06T09:28:43.376+0000] {logging_mixin.py:190} INFO - [2026-09-06T09:28:43.376+0000] {dag.py:3239} INFO - Sync 1 DAGs
[2026-09-06T09:28:43.389+0000] {logging_mixin.py:190} INFO - [2026-09-06T09:28:43.389+0000] {dag.py:4180} INFO - Setting next_dagrun for example_task_group_decorator to None, run_after=None
[2026-09-06T09:28:43.404+0000] {processor.py:208} INFO - Processing /home/airflow/.local/lib/python3.12/site-packages/airflow/example_dags/example_task_group_decorator.py took 0.069 seconds
[2026-09-06T09:29:13.731+0000] {processor.py:186} INFO - Started process (PID=4481) to work on /home/airflow/.local/lib/python3.12/site-packages/airflow/example_dags/example_task_group_decorator.py
[2026-09-06T09:29:13.732+0000] {processor.py:914} INFO - Processing file /home/airflow/.local/lib/python3.12/site-packages/airflow/example_dags/example_task_group_decorator.py for tasks to queue
[2026-09-06T09:29:13.735+0000] {logging_mixin.py:190} INFO - [2026-09-06T09:29:13.734+0000] {dagbag.py:588} INFO - Filling up the DagBag from /home/airflow/.local/lib/python3.12/site-packages/airflow/example_dags/example_task_group_decorator.py
[2026-09-06T09:29:13.746+0000] {processor.py:925} INFO - DAG(s) 'example_task_group_decorator' retrieved from /home/airflow/.local/lib/python3.12/site-packages/airflow/example_dags/example_task_group_decorator.py
[2026-09-06T09:29:13.764+0000] {logging_mixin.py:190} INFO - [2026-09-06T09:29:13.764+0000] {dag.py:3239} INFO - Sync 1 DAGs
[2026-09-06T09:29:13.775+0000] {logging_mixin.py:190} INFO - [2026-09-06T09:29:13.775+0000] {dag.py:4180} INFO - Setting next_dagrun for example_task_group_decorator to None, run_after=None
[2026-09-06T09:29:13.791+0000] {processor.py:208} INFO - Processing /home/airflow/.local/lib/python3.12/site-packages/airflow/example_dags/example_task_group_decorator.py took 0.064 seconds
[2026-09-06T09:29:44.387+0000] {processor.py:186} INFO - Started process (PID=4545) to work on /home/airflow/.local/lib/python3.12/site-packages/airflow/example_dags/example_task_group_decorator.py
[2026-09-06T09:29:44.388+0000] {processor.py:914} INFO - Processing file /home/airflow/.local/lib/python3.12/site-packages/airflow/example_dags/example_task_group_decorator.py for tasks to queue
[2026-09-06T09:29:44.391+0000] {logging_mixin.py:190} INFO - [2026-09-06T09:29:44.391+0000] {dagbag.py:588} INFO - Filling up the DagBag from /home/airflow/.local/lib/python3.12/site-packages/airflow/example_dags/example_task_group_decorator.py
[2026-09-06T09:29:44.405+0000] {processor.py:925} INFO - DAG(s) 'example_task_group_decorator' retrieved from /home/airflow/.local/lib/python3.12/site-packages/airflow/example_dags/example_task_group_decorator.py
[2026-09-06T09:29:44.426+0000] {logging_mixin.py:190} INFO - [2026-09-06T09:29:44.426+0000] {dag.py:3239} INFO - Sync 1 DAGs
[2026-09-06T09:29:44.441+0000] {logging_mixin.py:190} INFO - [2026-09-06T09:29:44.441+0000] {dag.py:4180} INFO - Setting next_dagrun for example_task_group_decorator to None, run_after=None
[2026-09-06T09:29:44.467+0000] {processor.py:208} INFO - Processing /home/airflow/.local/lib/python3.12/site-packages/airflow/example_dags/example_task_group_decorator.py took 0.086 seconds
[2026-09-06T09:30:14.942+0000] {processor.py:186} INFO - Started process (PID=4609) to work on /home/airflow/.local/lib/python3.12/site-packages/airflow/example_dags/example_task_group_decorator.py
[2026-09-06T09:30:14.943+0000] {processor.py:914} INFO - Processing file /home/airflow/.local/lib/python3.12/site-packages/airflow/example_dags/example_task_group_decorator.py for tasks to queue
[2026-09-06T09:30:14.945+0000] {logging_mixin.py:190} INFO - [2026-09-06T09:30:14.945+0000] {dagbag.py:588} INFO - Filling up the DagBag from /home/airflow/.local/lib/python3.12/site-packages/airflow/example_dags/example_task_group_decorator.py
[2026-09-06T09:30:14.959+0000] {processor.py:925} INFO - DAG(s) 'example_task_group_decorator' retrieved from /home/airflow/.local/lib/python3.12/site-packages/airflow/example_dags/example_task_group_decorator.py
[2026-09-06T09:30:14.981+0000] {logging_mixin.py:190} INFO - [2026-09-06T09:30:14.981+0000] {dag.py:3239} INFO - Sync 1 DAGs
[2026-09-06T09:30:14.995+0000] {logging_mixin.py:190} INFO - [2026-09-06T09:30:14.995+0000] {dag.py:4180} INFO - Setting next_dagrun for example_task_group_decorator to None, run_after=None
[2026-09-06T09:30:15.010+0000] {processor.py:208} INFO - Processing /home/airflow/.local/lib/python3.12/site-packages/airflow/example_dags/example_task_group_decorator.py took 0.075 seconds
[2026-09-06T09:30:45.613+0000] {processor.py:186} INFO - Started process (PID=4673) to work on /home/airflow/.local/lib/python3.12/site-packages/airflow/example_dags/example_task_group_decorator.py
[2026-09-06T09:30:45.614+0000] {processor.py:914} INFO - Processing file /home/airflow/.local/lib/python3.12/site-packages/airflow/example_dags/example_task_group_decorator.py for tasks to queue
[2026-09-06T09:30:45.616+0000] {logging_mixin.py:190} INFO - [2026-09-06T09:30:45.616+0000] {dagbag.py:588} INFO - Filling up the DagBag from /home/airflow/.local/lib/python3.12/site-packages/airflow/example_dags/example_task_group_decorator.py
[2026-09-06T09:30:45.629+0000] {processor.py:925} INFO - DAG(s) 'example_task_group_decorator' retrieved from /home/airflow/.local/lib/python3.12/site-packages/airflow/example_dags/example_task_group_decorator.py
[2026-09-06T09:30:45.652+0000] {logging_mixin.py:190} INFO - [2026-09-06T09:30:45.652+0000] {dag.py:3239} INFO - Sync 1 DAGs
[2026-09-06T09:30:45.664+0000] {logging_mixin.py:190} INFO - [2026-09-06T09:30:45.664+0000] {dag.py:4180} INFO - Setting next_dagrun for example_task_group_decorator to None, run_after=None
[2026-09-06T09:30:45.679+0000] {processor.py:208} INFO - Processing /home/airflow/.local/lib/python3.12/site-packages/airflow/example_dags/example_task_group_decorator.py took 0.071 seconds
[2026-09-06T09:31:16.076+0000] {processor.py:186} INFO - Started process (PID=4737) to work on /home/airflow/.local/lib/python3.12/site-packages/airflow/example_dags/example_task_group_decorator.py
[2026-09-06T09:31:16.077+0000] {processor.py:914} INFO - Processing file /home/airflow/.local/lib/python3.12/site-packages/airflow/example_dags/example_task_group_decorator.py for tasks to queue
[2026-09-06T09:31:16.079+0000] {logging_mixin.py:190} INFO - [2026-09-06T09:31:16.079+0000] {dagbag.py:588} INFO - Filling up the DagBag from /home/airflow/.local/lib/python3.12/site-packages/airflow/example_dags/example_task_group_decorator.py
[2026-09-06T09:31:16.091+0000] {processor.py:925} INFO - DAG(s) 'example_task_group_decorator' retrieved from /home/airflow/.local/lib/python3.12/site-packages/airflow/example_dags/example_task_group_decorator.py
[2026-09-06T09:31:16.111+0000] {logging_mixin.py:190} INFO - [2026-09-06T09:31:16.110+0000] {dag.py:3239} INFO - Sync 1 DAGs
[2026-09-06T09:31:16.123+0000] {logging_mixin.py:190} INFO - [2026-09-06T09:31:16.122+0000] {dag.py:4180} INFO - Setting next_dagrun for example_task_group_decorator to None, run_after=None
[2026-09-06T09:31:16.138+0000] {processor.py:208} INFO - Processing /home/airflow/.local/lib/python3.12/site-packages/airflow/example_dags/example_task_group_decorator.py took 0.067 seconds
[2026-09-06T09:31:46.192+0000] {processor.py:186} INFO - Started process (PID=4800) to work on /home/airflow/.local/lib/python3.12/site-packages/airflow/example_dags/example_task_group_decorator.py
[2026-09-06T09:31:46.193+0000] {processor.py:914} INFO - Processing file /home/airflow/.local/lib/python3.12/site-packages/airflow/example_dags/example_task_group_decorator.py for tasks to queue
[2026-09-06T09:31:46.195+0000] {logging_mixin.py:190} INFO - [2026-09-06T09:31:46.195+0000] {dagbag.py:588} INFO - Filling up the DagBag from /home/airflow/.local/lib/python3.12/site-packages/airflow/example_dags/example_task_group_decorator.py
[2026-09-06T09:31:46.206+0000] {processor.py:925} INFO - DAG(s) 'example_task_group_decorator' retrieved from /home/airflow/.local/lib/python3.12/site-packages/airflow/example_dags/example_task_group_decorator.py
[2026-09-06T09:31:46.224+0000] {logging_mixin.py:190} INFO - [2026-09-06T09:31:46.224+0000] {dag.py:3239} INFO - Sync 1 DAGs
[2026-09-06T09:31:46.234+0000] {logging_mixin.py:190} INFO - [2026-09-06T09:31:46.234+0000] {dag.py:4180} INFO - Setting next_dagrun for example_task_group_decorator to None, run_after=None
[2026-09-06T09:31:46.250+0000] {processor.py:208} INFO - Processing /home/airflow/.local/lib/python3.12/site-packages/airflow/example_dags/example_task_group_decorator.py took 0.063 seconds
[2026-09-06T09:32:16.687+0000] {processor.py:186} INFO - Started process (PID=4864) to work on /home/airflow/.local/lib/python3.12/site-packages/airflow/example_dags/example_task_group_decorator.py
[2026-09-06T09:32:16.688+0000] {processor.py:914} INFO - Processing file /home/airflow/.local/lib/python3.12/site-packages/airflow/example_dags/example_task_group_decorator.py for tasks to queue
[2026-09-06T09:32:16.691+0000] {logging_mixin.py:190} INFO - [2026-09-06T09:32:16.691+0000] {dagbag.py:588} INFO - Filling up the DagBag from /home/airflow/.local/lib/python3.12/site-packages/airflow/example_dags/example_task_group_decorator.py
[2026-09-06T09:32:16.705+0000] {processor.py:925} INFO - DAG(s) 'example_task_group_decorator' retrieved from /home/airflow/.local/lib/python3.12/site-packages/airflow/example_dags/example_task_group_decorator.py
[2026-09-06T09:32:16.727+0000] {logging_mixin.py:190} INFO - [2026-09-06T09:32:16.727+0000] {dag.py:3239} INFO - Sync 1 DAGs
[2026-09-06T09:32:16.740+0000] {logging_mixin.py:190} INFO - [2026-09-06T09:32:16.740+0000] {dag.py:4180} INFO - Setting next_dagrun for example_task_group_decorator to None, run_after=None
[2026-09-06T09:32:16.756+0000] {processor.py:208} INFO - Processing /home/airflow/.local/lib/python3.12/site-packages/airflow/example_dags/example_task_group_decorator.py took 0.075 seconds
[2026-09-06T09:32:47.032+0000] {processor.py:186} INFO - Started process (PID=4928) to work on /home/airflow/.local/lib/python3.12/site-packages/airflow/example_dags/example_task_group_decorator.py
[2026-09-06T09:32:47.033+0000] {processor.py:914} INFO - Processing file /home/airflow/.local/lib/python3.12/site-packages/airflow/example_dags/example_task_group_decorator.py for tasks to queue
[2026-09-06T09:32:47.035+0000] {logging_mixin.py:190} INFO - [2026-09-06T09:32:47.035+0000] {dagbag.py:588} INFO - Filling up the DagBag from /home/airflow/.local/lib/python3.12/site-packages/airflow/example_dags/example_task_group_decorator.py
[2026-09-06T09:32:47.049+0000] {processor.py:925} INFO - DAG(s) 'example_task_group_decorator' retrieved from /home/airflow/.local/lib/python3.12/site-packages/airflow/example_dags/example_task_group_decorator.py
[2026-09-06T09:32:47.072+0000] {logging_mixin.py:190} INFO - [2026-09-06T09:32:47.071+0000] {dag.py:3239} INFO - Sync 1 DAGs
[2026-09-06T09:32:47.085+0000] {logging_mixin.py:190} INFO - [2026-09-06T09:32:47.085+0000] {dag.py:4180} INFO - Setting next_dagrun for example_task_group_decorator to None, run_after=None
[2026-09-06T09:32:47.103+0000] {processor.py:208} INFO - Processing /home/airflow/.local/lib/python3.12/site-packages/airflow/example_dags/example_task_group_decorator.py took 0.076 seconds
[2026-09-06T09:33:17.291+0000] {processor.py:186} INFO - Started process (PID=4991) to work on /home/airflow/.local/lib/python3.12/site-packages/airflow/example_dags/example_task_group_decorator.py
[2026-09-06T09:33:17.292+0000] {processor.py:914} INFO - Processing file /home/airflow/.local/lib/python3.12/site-packages/airflow/example_dags/example_task_group_decorator.py for tasks to queue
[2026-09-06T09:33:17.295+0000] {logging_mixin.py:190} INFO - [2026-09-06T09:33:17.294+0000] {dagbag.py:588} INFO - Filling up the DagBag from /home/airflow/.local/lib/python3.12/site-packages/airflow/example_dags/example_task_group_decorator.py
[2026-09-06T09:33:17.307+0000] {processor.py:925} INFO - DAG(s) 'example_task_group_decorator' retrieved from /home/airflow/.local/lib/python3.12/site-packages/airflow/example_dags/example_task_group_decorator.py
[2026-09-06T09:33:17.329+0000] {logging_mixin.py:190} INFO - [2026-09-06T09:33:17.329+0000] {dag.py:3239} INFO - Sync 1 DAGs
[2026-09-06T09:33:17.341+0000] {logging_mixin.py:190} INFO - [2026-09-06T09:33:17.341+0000] {dag.py:4180} INFO - Setting next_dagrun for example_task_group_decorator to None, run_after=None
[2026-09-06T09:33:17.360+0000] {processor.py:208} INFO - Processing /home/airflow/.local/lib/python3.12/site-packages/airflow/example_dags/example_task_group_decorator.py took 0.074 seconds
[2026-09-06T09:33:47.928+0000] {processor.py:186} INFO - Started process (PID=5055) to work on /home/airflow/.local/lib/python3.12/site-packages/airflow/example_dags/example_task_group_decorator.py
[2026-09-06T09:33:47.929+0000] {processor.py:914} INFO - Processing file /home/airflow/.local/lib/python3.12/site-packages/airflow/example_dags/example_task_group_decorator.py for tasks to queue
[2026-09-06T09:33:47.932+0000] {logging_mixin.py:190} INFO - [2026-09-06T09:33:47.931+0000] {dagbag.py:588} INFO - Filling up the DagBag from /home/airflow/.local/lib/python3.12/site-packages/airflow/example_dags/example_task_group_decorator.py
[2026-09-06T09:33:47.948+0000] {processor.py:925} INFO - DAG(s) 'example_task_group_decorator' retrieved from /home/airflow/.local/lib/python3.12/site-packages/airflow/example_dags/example_task_group_decorator.py
[2026-09-06T09:33:47.971+0000] {logging_mixin.py:190} INFO - [2026-09-06T09:33:47.970+0000] {dag.py:3239} INFO - Sync 1 DAGs
[2026-09-06T09:33:47.983+0000] {logging_mixin.py:190} INFO - [2026-09-06T09:33:47.983+0000] {dag.py:4180} INFO - Setting next_dagrun for example_task_group_decorator to None, run_after=None
[2026-09-06T09:33:48.003+0000] {processor.py:208} INFO - Processing /home/airflow/.local/lib/python3.12/site-packages/airflow/example_dags/example_task_group_decorator.py took 0.079 seconds
[2026-09-06T09:34:18.269+0000] {processor.py:186} INFO - Started process (PID=5119) to work on /home/airflow/.local/lib/python3.12/site-packages/airflow/example_dags/example_task_group_decorator.py
[2026-09-06T09:34:18.270+0000] {processor.py:914} INFO - Processing file /home/airflow/.local/lib/python3.12/site-packages/airflow/example_dags/example_task_group_decorator.py for tasks to queue
[2026-09-06T09:34:18.272+0000] {logging_mixin.py:190} INFO - [2026-09-06T09:34:18.272+0000] {dagbag.py:588} INFO - Filling up the DagBag from /home/airflow/.local/lib/python3.12/site-packages/airflow/example_dags/example_task_group_decorator.py
[2026-09-06T09:34:18.284+0000] {processor.py:925} INFO - DAG(s) 'example_task_group_decorator' retrieved from /home/airflow/.local/lib/python3.12/site-packages/airflow/example_dags/example_task_group_decorator.py
[2026-09-06T09:34:18.305+0000] {logging_mixin.py:190} INFO - [2026-09-06T09:34:18.305+0000] {dag.py:3239} INFO - Sync 1 DAGs
[2026-09-06T09:34:18.316+0000] {logging_mixin.py:190} INFO - [2026-09-06T09:34:18.316+0000] {dag.py:4180} INFO - Setting next_dagrun for example_task_group_decorator to None, run_after=None
[2026-09-06T09:34:18.330+0000] {processor.py:208} INFO - Processing /home/airflow/.local/lib/python3.12/site-packages/airflow/example_dags/example_task_group_decorator.py took 0.066 seconds
[2026-09-06T09:34:48.487+0000] {processor.py:186} INFO - Started process (PID=5183) to work on /home/airflow/.local/lib/python3.12/site-packages/airflow/example_dags/example_task_group_decorator.py
[2026-09-06T09:34:48.488+0000] {processor.py:914} INFO - Processing file /home/airflow/.local/lib/python3.12/site-packages/airflow/example_dags/example_task_group_decorator.py for tasks to queue
[2026-09-06T09:34:48.490+0000] {logging_mixin.py:190} INFO - [2026-09-06T09:34:48.490+0000] {dagbag.py:588} INFO - Filling up the DagBag from /home/airflow/.local/lib/python3.12/site-packages/airflow/example_dags/example_task_group_decorator.py
[2026-09-06T09:34:48.502+0000] {processor.py:925} INFO - DAG(s) 'example_task_group_decorator' retrieved from /home/airflow/.local/lib/python3.12/site-packages/airflow/example_dags/example_task_group_decorator.py
[2026-09-06T09:34:48.520+0000] {logging_mixin.py:190} INFO - [2026-09-06T09:34:48.520+0000] {dag.py:3239} INFO - Sync 1 DAGs
[2026-09-06T09:34:48.533+0000] {logging_mixin.py:190} INFO - [2026-09-06T09:34:48.532+0000] {dag.py:4180} INFO - Setting next_dagrun for example_task_group_decorator to None, run_after=None
[2026-09-06T09:34:48.547+0000] {processor.py:208} INFO - Processing /home/airflow/.local/lib/python3.12/site-packages/airflow/example_dags/example_task_group_decorator.py took 0.065 seconds
[2026-09-06T09:35:19.687+0000] {processor.py:186} INFO - Started process (PID=5247) to work on /home/airflow/.local/lib/python3.12/site-packages/airflow/example_dags/example_task_group_decorator.py
[2026-09-06T09:35:19.688+0000] {processor.py:914} INFO - Processing file /home/airflow/.local/lib/python3.12/site-packages/airflow/example_dags/example_task_group_decorator.py for tasks to queue
[2026-09-06T09:35:19.691+0000] {logging_mixin.py:190} INFO - [2026-09-06T09:35:19.690+0000] {dagbag.py:588} INFO - Filling up the DagBag from /home/airflow/.local/lib/python3.12/site-packages/airflow/example_dags/example_task_group_decorator.py
[2026-09-06T09:35:19.703+0000] {processor.py:925} INFO - DAG(s) 'example_task_group_decorator' retrieved from /home/airflow/.local/lib/python3.12/site-packages/airflow/example_dags/example_task_group_decorator.py
[2026-09-06T09:35:19.724+0000] {logging_mixin.py:190} INFO - [2026-09-06T09:35:19.724+0000] {dag.py:3239} INFO - Sync 1 DAGs
[2026-09-06T09:35:19.736+0000] {logging_mixin.py:190} INFO - [2026-09-06T09:35:19.736+0000] {dag.py:4180} INFO - Setting next_dagrun for example_task_group_decorator to None, run_after=None
[2026-09-06T09:35:19.755+0000] {processor.py:208} INFO - Processing /home/airflow/.local/lib/python3.12/site-packages/airflow/example_dags/example_task_group_decorator.py took 0.074 seconds
[2026-09-06T09:35:50.081+0000] {processor.py:186} INFO - Started process (PID=5310) to work on /home/airflow/.local/lib/python3.12/site-packages/airflow/example_dags/example_task_group_decorator.py
[2026-09-06T09:35:50.082+0000] {processor.py:914} INFO - Processing file /home/airflow/.local/lib/python3.12/site-packages/airflow/example_dags/example_task_group_decorator.py for tasks to queue
[2026-09-06T09:35:50.084+0000] {logging_mixin.py:190} INFO - [2026-09-06T09:35:50.084+0000] {dagbag.py:588} INFO - Filling up the DagBag from /home/airflow/.local/lib/python3.12/site-packages/airflow/example_dags/example_task_group_decorator.py
[2026-09-06T09:35:50.097+0000] {processor.py:925} INFO - DAG(s) 'example_task_group_decorator' retrieved from /home/airflow/.local/lib/python3.12/site-packages/airflow/example_dags/example_task_group_decorator.py
[2026-09-06T09:35:50.116+0000] {logging_mixin.py:190} INFO - [2026-09-06T09:35:50.116+0000] {dag.py:3239} INFO - Sync 1 DAGs
[2026-09-06T09:35:50.127+0000] {logging_mixin.py:190} INFO - [2026-09-06T09:35:50.126+0000] {dag.py:4180} INFO - Setting next_dagrun for example_task_group_decorator to None, run_after=None
[2026-09-06T09:35:50.142+0000] {processor.py:208} INFO - Processing /home/airflow/.local/lib/python3.12/site-packages/airflow/example_dags/example_task_group_decorator.py took 0.066 seconds
[2026-09-06T09:36:21.140+0000] {processor.py:186} INFO - Started process (PID=5374) to work on /home/airflow/.local/lib/python3.12/site-packages/airflow/example_dags/example_task_group_decorator.py
[2026-09-06T09:36:21.141+0000] {processor.py:914} INFO - Processing file /home/airflow/.local/lib/python3.12/site-packages/airflow/example_dags/example_task_group_decorator.py for tasks to queue
[2026-09-06T09:36:21.143+0000] {logging_mixin.py:190} INFO - [2026-09-06T09:36:21.143+0000] {dagbag.py:588} INFO - Filling up the DagBag from /home/airflow/.local/lib/python3.12/site-packages/airflow/example_dags/example_task_group_decorator.py
[2026-09-06T09:36:21.155+0000] {processor.py:925} INFO - DAG(s) 'example_task_group_decorator' retrieved from /home/airflow/.local/lib/python3.12/site-packages/airflow/example_dags/example_task_group_decorator.py
[2026-09-06T09:36:21.178+0000] {logging_mixin.py:190} INFO - [2026-09-06T09:36:21.178+0000] {dag.py:3239} INFO - Sync 1 DAGs
[2026-09-06T09:36:21.189+0000] {logging_mixin.py:190} INFO - [2026-09-06T09:36:21.189+0000] {dag.py:4180} INFO - Setting next_dagrun for example_task_group_decorator to None, run_after=None
[2026-09-06T09:36:21.204+0000] {processor.py:208} INFO - Processing /home/airflow/.local/lib/python3.12/site-packages/airflow/example_dags/example_task_group_decorator.py took 0.068 seconds
[2026-09-06T09:36:51.311+0000] {processor.py:186} INFO - Started process (PID=5437) to work on /home/airflow/.local/lib/python3.12/site-packages/airflow/example_dags/example_task_group_decorator.py
[2026-09-06T09:36:51.312+0000] {processor.py:914} INFO - Processing file /home/airflow/.local/lib/python3.12/site-packages/airflow/example_dags/example_task_group_decorator.py for tasks to queue
[2026-09-06T09:36:51.315+0000] {logging_mixin.py:190} INFO - [2026-09-06T09:36:51.315+0000] {dagbag.py:588} INFO - Filling up the DagBag from /home/airflow/.local/lib/python3.12/site-packages/airflow/example_dags/example_task_group_decorator.py
[2026-09-06T09:36:51.328+0000] {processor.py:925} INFO - DAG(s) 'example_task_group_decorator' retrieved from /home/airflow/.local/lib/python3.12/site-packages/airflow/example_dags/example_task_group_decorator.py
[2026-09-06T09:36:51.349+0000] {logging_mixin.py:190} INFO - [2026-09-06T09:36:51.349+0000] {dag.py:3239} INFO - Sync 1 DAGs
[2026-09-06T09:36:51.361+0000] {logging_mixin.py:190} INFO - [2026-09-06T09:36:51.361+0000] {dag.py:4180} INFO - Setting next_dagrun for example_task_group_decorator to None, run_after=None
[2026-09-06T09:36:51.377+0000] {processor.py:208} INFO - Processing /home/airflow/.local/lib/python3.12/site-packages/airflow/example_dags/example_task_group_decorator.py took 0.070 seconds
[2026-09-06T09:37:22.448+0000] {processor.py:186} INFO - Started process (PID=5502) to work on /home/airflow/.local/lib/python3.12/site-packages/airflow/example_dags/example_task_group_decorator.py
[2026-09-06T09:37:22.449+0000] {processor.py:914} INFO - Processing file /home/airflow/.local/lib/python3.12/site-packages/airflow/example_dags/example_task_group_decorator.py for tasks to queue
[2026-09-06T09:37:22.451+0000] {logging_mixin.py:190} INFO - [2026-09-06T09:37:22.451+0000] {dagbag.py:588} INFO - Filling up the DagBag from /home/airflow/.local/lib/python3.12/site-packages/airflow/example_dags/example_task_group_decorator.py
[2026-09-06T09:37:22.462+0000] {processor.py:925} INFO - DAG(s) 'example_task_group_decorator' retrieved from /home/airflow/.local/lib/python3.12/site-packages/airflow/example_dags/example_task_group_decorator.py
[2026-09-06T09:37:22.482+0000] {logging_mixin.py:190} INFO - [2026-09-06T09:37:22.482+0000] {dag.py:3239} INFO - Sync 1 DAGs
[2026-09-06T09:37:22.494+0000] {logging_mixin.py:190} INFO - [2026-09-06T09:37:22.493+0000] {dag.py:4180} INFO - Setting next_dagrun for example_task_group_decorator to None, run_after=None
[2026-09-06T09:37:22.509+0000] {processor.py:208} INFO - Processing /home/airflow/.local/lib/python3.12/site-packages/airflow/example_dags/example_task_group_decorator.py took 0.066 seconds
[2026-09-06T09:37:52.559+0000] {processor.py:186} INFO - Started process (PID=5565) to work on /home/airflow/.local/lib/python3.12/site-packages/airflow/example_dags/example_task_group_decorator.py
[2026-09-06T09:37:52.560+0000] {processor.py:914} INFO - Processing file /home/airflow/.local/lib/python3.12/site-packages/airflow/example_dags/example_task_group_decorator.py for tasks to queue
[2026-09-06T09:37:52.562+0000] {logging_mixin.py:190} INFO - [2026-09-06T09:37:52.562+0000] {dagbag.py:588} INFO - Filling up the DagBag from /home/airflow/.local/lib/python3.12/site-packages/airflow/example_dags/example_task_group_decorator.py
[2026-09-06T09:37:52.573+0000] {processor.py:925} INFO - DAG(s) 'example_task_group_decorator' retrieved from /home/airflow/.local/lib/python3.12/site-packages/airflow/example_dags/example_task_group_decorator.py
[2026-09-06T09:37:52.592+0000] {logging_mixin.py:190} INFO - [2026-09-06T09:37:52.592+0000] {dag.py:3239} INFO - Sync 1 DAGs
[2026-09-06T09:37:52.602+0000] {logging_mixin.py:190} INFO - [2026-09-06T09:37:52.602+0000] {dag.py:4180} INFO - Setting next_dagrun for example_task_group_decorator to None, run_after=None
[2026-09-06T09:37:52.616+0000] {processor.py:208} INFO - Processing /home/airflow/.local/lib/python3.12/site-packages/airflow/example_dags/example_task_group_decorator.py took 0.061 seconds
[2026-09-06T09:38:22.656+0000] {processor.py:186} INFO - Started process (PID=5628) to work on /home/airflow/.local/lib/python3.12/site-packages/airflow/example_dags/example_task_group_decorator.py
[2026-09-06T09:38:22.657+0000] {processor.py:914} INFO - Processing file /home/airflow/.local/lib/python3.12/site-packages/airflow/example_dags/example_task_group_decorator.py for tasks to queue
[2026-09-06T09:38:22.659+0000] {logging_mixin.py:190} INFO - [2026-09-06T09:38:22.659+0000] {dagbag.py:588} INFO - Filling up the DagBag from /home/airflow/.local/lib/python3.12/site-packages/airflow/example_dags/example_task_group_decorator.py
[2026-09-06T09:38:22.671+0000] {processor.py:925} INFO - DAG(s) 'example_task_group_decorator' retrieved from /home/airflow/.local/lib/python3.12/site-packages/airflow/example_dags/example_task_group_decorator.py
[2026-09-06T09:38:22.688+0000] {logging_mixin.py:190} INFO - [2026-09-06T09:38:22.688+0000] {dag.py:3239} INFO - Sync 1 DAGs
[2026-09-06T09:38:22.699+0000] {logging_mixin.py:190} INFO - [2026-09-06T09:38:22.698+0000] {dag.py:4180} INFO - Setting next_dagrun for example_task_group_decorator to None, run_after=None
[2026-09-06T09:38:22.712+0000] {processor.py:208} INFO - Processing /home/airflow/.local/lib/python3.12/site-packages/airflow/example_dags/example_task_group_decorator.py took 0.060 seconds
[2026-09-06T09:38:53.271+0000] {processor.py:186} INFO - Started process (PID=5693) to work on /home/airflow/.local/lib/python3.12/site-packages/airflow/example_dags/example_task_group_decorator.py
[2026-09-06T09:38:53.272+0000] {processor.py:914} INFO - Processing file /home/airflow/.local/lib/python3.12/site-packages/airflow/example_dags/example_task_group_decorator.py for tasks to queue
[2026-09-06T09:38:53.275+0000] {logging_mixin.py:190} INFO - [2026-09-06T09:38:53.274+0000] {dagbag.py:588} INFO - Filling up the DagBag from /home/airflow/.local/lib/python3.12/site-packages/airflow/example_dags/example_task_group_decorator.py
[2026-09-06T09:38:53.286+0000] {processor.py:925} INFO - DAG(s) 'example_task_group_decorator' retrieved from /home/airflow/.local/lib/python3.12/site-packages/airflow/example_dags/example_task_group_decorator.py
[2026-09-06T09:38:53.304+0000] {logging_mixin.py:190} INFO - [2026-09-06T09:38:53.304+0000] {dag.py:3239} INFO - Sync 1 DAGs
[2026-09-06T09:38:53.315+0000] {logging_mixin.py:190} INFO - [2026-09-06T09:38:53.315+0000] {dag.py:4180} INFO - Setting next_dagrun for example_task_group_decorator to None, run_after=None
[2026-09-06T09:38:53.329+0000] {processor.py:208} INFO - Processing /home/airflow/.local/lib/python3.12/site-packages/airflow/example_dags/example_task_group_decorator.py took 0.062 seconds
[2026-09-06T09:39:24.167+0000] {processor.py:186} INFO - Started process (PID=5757) to work on /home/airflow/.local/lib/python3.12/site-packages/airflow/example_dags/example_task_group_decorator.py
[2026-09-06T09:39:24.168+0000] {processor.py:914} INFO - Processing file /home/airflow/.local/lib/python3.12/site-packages/airflow/example_dags/example_task_group_decorator.py for tasks to queue
[2026-09-06T09:39:24.170+0000] {logging_mixin.py:190} INFO - [2026-09-06T09:39:24.170+0000] {dagbag.py:588} INFO - Filling up the DagBag from /home/airflow/.local/lib/python3.12/site-packages/airflow/example_dags/example_task_group_decorator.py
[2026-09-06T09:39:24.181+0000] {processor.py:925} INFO - DAG(s) 'example_task_group_decorator' retrieved from /home/airflow/.local/lib/python3.12/site-packages/airflow/example_dags/example_task_group_decorator.py
[2026-09-06T09:39:24.200+0000] {logging_mixin.py:190} INFO - [2026-09-06T09:39:24.199+0000] {dag.py:3239} INFO - Sync 1 DAGs
[2026-09-06T09:39:24.211+0000] {logging_mixin.py:190} INFO - [2026-09-06T09:39:24.211+0000] {dag.py:4180} INFO - Setting next_dagrun for example_task_group_decorator to None, run_after=None
[2026-09-06T09:39:24.224+0000] {processor.py:208} INFO - Processing /home/airflow/.local/lib/python3.12/site-packages/airflow/example_dags/example_task_group_decorator.py took 0.062 seconds
[2026-09-06T09:39:54.330+0000] {processor.py:186} INFO - Started process (PID=5821) to work on /home/airflow/.local/lib/python3.12/site-packages/airflow/example_dags/example_task_group_decorator.py
[2026-09-06T09:39:54.331+0000] {processor.py:914} INFO - Processing file /home/airflow/.local/lib/python3.12/site-packages/airflow/example_dags/example_task_group_decorator.py for tasks to queue
[2026-09-06T09:39:54.334+0000] {logging_mixin.py:190} INFO - [2026-09-06T09:39:54.333+0000] {dagbag.py:588} INFO - Filling up the DagBag from /home/airflow/.local/lib/python3.12/site-packages/airflow/example_dags/example_task_group_decorator.py
[2026-09-06T09:39:54.345+0000] {processor.py:925} INFO - DAG(s) 'example_task_group_decorator' retrieved from /home/airflow/.local/lib/python3.12/site-packages/airflow/example_dags/example_task_group_decorator.py
[2026-09-06T09:39:54.368+0000] {logging_mixin.py:190} INFO - [2026-09-06T09:39:54.368+0000] {dag.py:3239} INFO - Sync 1 DAGs
[2026-09-06T09:39:54.379+0000] {logging_mixin.py:190} INFO - [2026-09-06T09:39:54.379+0000] {dag.py:4180} INFO - Setting next_dagrun for example_task_group_decorator to None, run_after=None
[2026-09-06T09:39:54.393+0000] {processor.py:208} INFO - Processing /home/airflow/.local/lib/python3.12/site-packages/airflow/example_dags/example_task_group_decorator.py took 0.067 seconds
[2026-09-06T09:40:24.944+0000] {processor.py:186} INFO - Started process (PID=5885) to work on /home/airflow/.local/lib/python3.12/site-packages/airflow/example_dags/example_task_group_decorator.py
[2026-09-06T09:40:24.945+0000] {processor.py:914} INFO - Processing file /home/airflow/.local/lib/python3.12/site-packages/airflow/example_dags/example_task_group_decorator.py for tasks to queue
[2026-09-06T09:40:24.948+0000] {logging_mixin.py:190} INFO - [2026-09-06T09:40:24.947+0000] {dagbag.py:588} INFO - Filling up the DagBag from /home/airflow/.local/lib/python3.12/site-packages/airflow/example_dags/example_task_group_decorator.py
[2026-09-06T09:40:24.963+0000] {processor.py:925} INFO - DAG(s) 'example_task_group_decorator' retrieved from /home/airflow/.local/lib/python3.12/site-packages/airflow/example_dags/example_task_group_decorator.py
[2026-09-06T09:40:24.992+0000] {logging_mixin.py:190} INFO - [2026-09-06T09:40:24.991+0000] {dag.py:3239} INFO - Sync 1 DAGs
[2026-09-06T09:40:25.016+0000] {logging_mixin.py:190} INFO - [2026-09-06T09:40:25.015+0000] {dag.py:4180} INFO - Setting next_dagrun for example_task_group_decorator to None, run_after=None
[2026-09-06T09:40:25.042+0000] {processor.py:208} INFO - Processing /home/airflow/.local/lib/python3.12/site-packages/airflow/example_dags/example_task_group_decorator.py took 0.105 seconds
[2026-09-06T09:40:55.192+0000] {processor.py:186} INFO - Started process (PID=5949) to work on /home/airflow/.local/lib/python3.12/site-packages/airflow/example_dags/example_task_group_decorator.py
[2026-09-06T09:40:55.193+0000] {processor.py:914} INFO - Processing file /home/airflow/.local/lib/python3.12/site-packages/airflow/example_dags/example_task_group_decorator.py for tasks to queue
[2026-09-06T09:40:55.196+0000] {logging_mixin.py:190} INFO - [2026-09-06T09:40:55.195+0000] {dagbag.py:588} INFO - Filling up the DagBag from /home/airflow/.local/lib/python3.12/site-packages/airflow/example_dags/example_task_group_decorator.py
[2026-09-06T09:40:55.208+0000] {processor.py:925} INFO - DAG(s) 'example_task_group_decorator' retrieved from /home/airflow/.local/lib/python3.12/site-packages/airflow/example_dags/example_task_group_decorator.py
[2026-09-06T09:40:55.228+0000] {logging_mixin.py:190} INFO - [2026-09-06T09:40:55.228+0000] {dag.py:3239} INFO - Sync 1 DAGs
[2026-09-06T09:40:55.240+0000] {logging_mixin.py:190} INFO - [2026-09-06T09:40:55.239+0000] {dag.py:4180} INFO - Setting next_dagrun for example_task_group_decorator to None, run_after=None
[2026-09-06T09:40:55.254+0000] {processor.py:208} INFO - Processing /home/airflow/.local/lib/python3.12/site-packages/airflow/example_dags/example_task_group_decorator.py took 0.066 seconds
[2026-09-06T09:41:25.326+0000] {processor.py:186} INFO - Started process (PID=6013) to work on /home/airflow/.local/lib/python3.12/site-packages/airflow/example_dags/example_task_group_decorator.py
[2026-09-06T09:41:25.327+0000] {processor.py:914} INFO - Processing file /home/airflow/.local/lib/python3.12/site-packages/airflow/example_dags/example_task_group_decorator.py for tasks to queue
[2026-09-06T09:41:25.329+0000] {logging_mixin.py:190} INFO - [2026-09-06T09:41:25.328+0000] {dagbag.py:588} INFO - Filling up the DagBag from /home/airflow/.local/lib/python3.12/site-packages/airflow/example_dags/example_task_group_decorator.py
[2026-09-06T09:41:25.340+0000] {processor.py:925} INFO - DAG(s) 'example_task_group_decorator' retrieved from /home/airflow/.local/lib/python3.12/site-packages/airflow/example_dags/example_task_group_decorator.py
[2026-09-06T09:41:25.360+0000] {logging_mixin.py:190} INFO - [2026-09-06T09:41:25.359+0000] {dag.py:3239} INFO - Sync 1 DAGs
[2026-09-06T09:41:25.370+0000] {logging_mixin.py:190} INFO - [2026-09-06T09:41:25.370+0000] {dag.py:4180} INFO - Setting next_dagrun for example_task_group_decorator to None, run_after=None
[2026-09-06T09:41:25.384+0000] {processor.py:208} INFO - Processing /home/airflow/.local/lib/python3.12/site-packages/airflow/example_dags/example_task_group_decorator.py took 0.063 seconds
[2026-09-06T09:41:56.030+0000] {processor.py:186} INFO - Started process (PID=6077) to work on /home/airflow/.local/lib/python3.12/site-packages/airflow/example_dags/example_task_group_decorator.py
[2026-09-06T09:41:56.031+0000] {processor.py:914} INFO - Processing file /home/airflow/.local/lib/python3.12/site-packages/airflow/example_dags/example_task_group_decorator.py for tasks to queue
[2026-09-06T09:41:56.033+0000] {logging_mixin.py:190} INFO - [2026-09-06T09:41:56.033+0000] {dagbag.py:588} INFO - Filling up the DagBag from /home/airflow/.local/lib/python3.12/site-packages/airflow/example_dags/example_task_group_decorator.py
[2026-09-06T09:41:56.044+0000] {processor.py:925} INFO - DAG(s) 'example_task_group_decorator' retrieved from /home/airflow/.local/lib/python3.12/site-packages/airflow/example_dags/example_task_group_decorator.py
[2026-09-06T09:41:56.062+0000] {logging_mixin.py:190} INFO - [2026-09-06T09:41:56.062+0000] {dag.py:3239} INFO - Sync 1 DAGs
[2026-09-06T09:41:56.073+0000] {logging_mixin.py:190} INFO - [2026-09-06T09:41:56.073+0000] {dag.py:4180} INFO - Setting next_dagrun for example_task_group_decorator to None, run_after=None
[2026-09-06T09:41:56.087+0000] {processor.py:208} INFO - Processing /home/airflow/.local/lib/python3.12/site-packages/airflow/example_dags/example_task_group_decorator.py took 0.062 seconds
