[2026-09-06T08:53:57.088+0000] {processor.py:186} INFO - Started process (PID=70) to work on /home/airflow/.local/lib/python3.12/site-packages/airflow/example_dags/example_dataset_alias_with_no_taskflow.py
[2026-09-06T08:53:57.090+0000] {processor.py:914} INFO - Processing file /home/airflow/.local/lib/python3.12/site-packages/airflow/example_dags/example_dataset_alias_with_no_taskflow.py for tasks to queue
[2026-09-06T08:53:57.093+0000] {logging_mixin.py:190} INFO - [2026-09-06T08:53:57.093+0000] {dagbag.py:588} INFO - Filling up the DagBag from /home/airflow/.local/lib/python3.12/site-packages/airflow/example_dags/example_dataset_alias_with_no_taskflow.py
[2026-09-06T08:53:58.457+0000] {processor.py:925} INFO - DAG(s) 'dataset_s3_bucket_consumer_with_no_taskflow', 'dataset_alias_example_alias_producer_with_no_taskflow', 'dataset_s3_bucket_producer_with_no_taskflow', 'dataset_alias_example_alias_consumer_with_no_taskflow' retrieved from /home/airflow/.local/lib/python3.12/site-packages/airflow/example_dags/example_dataset_alias_with_no_taskflow.py
[2026-09-06T08:53:58.601+0000] {logging_mixin.py:190} INFO - [2026-09-06T08:53:58.600+0000] {override.py:1911} INFO - Created Permission View: can edit on DAG:dataset_s3_bucket_consumer_with_no_taskflow
[2026-09-06T08:53:58.617+0000] {logging_mixin.py:190} INFO - [2026-09-06T08:53:58.616+0000] {override.py:1911} INFO - Created Permission View: can delete on DAG:dataset_s3_bucket_consumer_with_no_taskflow
[2026-09-06T08:53:58.625+0000] {logging_mixin.py:190} INFO - [2026-09-06T08:53:58.625+0000] {override.py:1911} INFO - Created Permission View: can read on DAG:dataset_s3_bucket_consumer_with_no_taskflow
[2026-09-06T08:53:58.636+0000] {logging_mixin.py:190} INFO - [2026-09-06T08:53:58.636+0000] {override.py:1911} INFO - Created Permission View: can create on DAG Run:dataset_s3_bucket_consumer_with_no_taskflow
[2026-09-06T08:53:58.645+0000] {logging_mixin.py:190} INFO - [2026-09-06T08:53:58.644+0000] {override.py:1911} INFO - Created Permission View: can delete on DAG Run:dataset_s3_bucket_consumer_with_no_taskflow
[2026-09-06T08:53:58.653+0000] {logging_mixin.py:190} INFO - [2026-09-06T08:53:58.652+0000] {override.py:1911} INFO - Created Permission View: can read on DAG Run:dataset_s3_bucket_consumer_with_no_taskflow
[2026-09-06T08:53:58.661+0000] {logging_mixin.py:190} INFO - [2026-09-06T08:53:58.661+0000] {override.py:1911} INFO - Created Permission View: menu access on DAG Run:dataset_s3_bucket_consumer_with_no_taskflow
[2026-09-06T08:53:58.687+0000] {logging_mixin.py:190} INFO - [2026-09-06T08:53:58.686+0000] {override.py:1911} INFO - Created Permission View: can edit on DAG:dataset_alias_example_alias_producer_with_no_taskflow
[2026-09-06T08:53:58.704+0000] {logging_mixin.py:190} INFO - [2026-09-06T08:53:58.703+0000] {override.py:1911} INFO - Created Permission View: can delete on DAG:dataset_alias_example_alias_producer_with_no_taskflow
[2026-09-06T08:53:58.714+0000] {logging_mixin.py:190} INFO - [2026-09-06T08:53:58.714+0000] {override.py:1911} INFO - Created Permission View: can read on DAG:dataset_alias_example_alias_producer_with_no_taskflow
[2026-09-06T08:53:58.726+0000] {logging_mixin.py:190} INFO - [2026-09-06T08:53:58.725+0000] {override.py:1911} INFO - Created Permission View: can create on DAG Run:dataset_alias_example_alias_producer_with_no_taskflow
[2026-09-06T08:53:58.733+0000] {logging_mixin.py:190} INFO - [2026-09-06T08:53:58.732+0000] {override.py:1911} INFO - Created Permission View: can delete on DAG Run:dataset_alias_example_alias_producer_with_no_taskflow
[2026-09-06T08:53:58.739+0000] {logging_mixin.py:190} INFO - [2026-09-06T08:53:58.739+0000] {override.py:1911} INFO - Created Permission View: can read on DAG Run:dataset_alias_example_alias_producer_with_no_taskflow
[2026-09-06T08:53:58.746+0000] {logging_mixin.py:190} INFO - [2026-09-06T08:53:58.745+0000] {override.py:1911} INFO - Created Permission View: menu access on DAG Run:dataset_alias_example_alias_producer_with_no_taskflow
[2026-09-06T08:53:58.761+0000] {logging_mixin.py:190} INFO - [2026-09-06T08:53:58.760+0000] {override.py:1911} INFO - Created Permission View: can edit on DAG:dataset_s3_bucket_producer_with_no_taskflow
[2026-09-06T08:53:58.769+0000] {logging_mixin.py:190} INFO - [2026-09-06T08:53:58.768+0000] {override.py:1911} INFO - Created Permission View: can delete on DAG:dataset_s3_bucket_producer_with_no_taskflow
[2026-09-06T08:53:58.775+0000] {logging_mixin.py:190} INFO - [2026-09-06T08:53:58.775+0000] {override.py:1911} INFO - Created Permission View: can read on DAG:dataset_s3_bucket_producer_with_no_taskflow
[2026-09-06T08:53:58.786+0000] {logging_mixin.py:190} INFO - [2026-09-06T08:53:58.785+0000] {override.py:1911} INFO - Created Permission View: can create on DAG Run:dataset_s3_bucket_producer_with_no_taskflow
[2026-09-06T08:53:58.793+0000] {logging_mixin.py:190} INFO - [2026-09-06T08:53:58.793+0000] {override.py:1911} INFO - Created Permission View: can delete on DAG Run:dataset_s3_bucket_producer_with_no_taskflow
[2026-09-06T08:53:58.800+0000] {logging_mixin.py:190} INFO - [2026-09-06T08:53:58.800+0000] {override.py:1911} INFO - Created Permission View: can read on DAG Run:dataset_s3_bucket_producer_with_no_taskflow
[2026-09-06T08:53:58.806+0000] {logging_mixin.py:190} INFO - [2026-09-06T08:53:58.806+0000] {override.py:1911} INFO - Created Permission View: menu access on DAG Run:dataset_s3_bucket_producer_with_no_taskflow
[2026-09-06T08:53:58.820+0000] {logging_mixin.py:190} INFO - [2026-09-06T08:53:58.820+0000] {override.py:1911} INFO - Created Permission View: can edit on DAG:dataset_alias_example_alias_consumer_with_no_taskflow
[2026-09-06T08:53:58.828+0000] {logging_mixin.py:190} INFO - [2026-09-06T08:53:58.828+0000] {override.py:1911} INFO - Created Permission View: can delete on DAG:dataset_alias_example_alias_consumer_with_no_taskflow
[2026-09-06T08:53:58.834+0000] {logging_mixin.py:190} INFO - [2026-09-06T08:53:58.834+0000] {override.py:1911} INFO - Created Permission View: can read on DAG:dataset_alias_example_alias_consumer_with_no_taskflow
[2026-09-06T08:53:58.843+0000] {logging_mixin.py:190} INFO - [2026-09-06T08:53:58.843+0000] {override.py:1911} INFO - Created Permission View: can create on DAG Run:dataset_alias_example_alias_consumer_with_no_taskflow
[2026-09-06T08:53:58.849+0000] {logging_mixin.py:190} INFO - [2026-09-06T08:53:58.849+0000] {override.py:1911} INFO - Created Permission View: can delete on DAG Run:dataset_alias_example_alias_consumer_with_no_taskflow
[2026-09-06T08:53:58.855+0000] {logging_mixin.py:190} INFO - [2026-09-06T08:53:58.855+0000] {override.py:1911} INFO - Created Permission View: can read on DAG Run:dataset_alias_example_alias_consumer_with_no_taskflow
[2026-09-06T08:53:58.861+0000] {logging_mixin.py:190} INFO - [2026-09-06T08:53:58.861+0000] {override.py:1911} INFO - Created Permission View: menu access on DAG Run:dataset_alias_example_alias_consumer_with_no_taskflow
[2026-09-06T08:53:58.862+0000] {logging_mixin.py:190} INFO - [2026-09-06T08:53:58.862+0000] {dag.py:3239} INFO - Sync 4 DAGs
[2026-09-06T08:53:58.873+0000] {logging_mixin.py:190} INFO - [2026-09-06T08:53:58.873+0000] {dag.py:3262} INFO - Creating ORM DAG for dataset_alias_example_alias_producer_with_no_taskflow
[2026-09-06T08:53:58.874+0000] {logging_mixin.py:190} INFO - [2026-09-06T08:53:58.874+0000] {dag.py:3262} INFO - Creating ORM DAG for dataset_s3_bucket_producer_with_no_taskflow
[2026-09-06T08:53:58.875+0000] {logging_mixin.py:190} INFO - [2026-09-06T08:53:58.875+0000] {dag.py:3262} INFO - Creating ORM DAG for dataset_alias_example_alias_consumer_with_no_taskflow
[2026-09-06T08:53:58.876+0000] {logging_mixin.py:190} INFO - [2026-09-06T08:53:58.875+0000] {dag.py:3262} INFO - Creating ORM DAG for dataset_s3_bucket_consumer_with_no_taskflow
[2026-09-06T08:53:58.883+0000] {logging_mixin.py:190} INFO - [2026-09-06T08:53:58.882+0000] {dag.py:4180} INFO - Setting next_dagrun for dataset_alias_example_alias_consumer_with_no_taskflow to None, run_after=None
[2026-09-06T08:53:58.884+0000] {logging_mixin.py:190} INFO - [2026-09-06T08:53:58.883+0000] {dag.py:4180} INFO - Setting next_dagrun for dataset_alias_example_alias_producer_with_no_taskflow to None, run_after=None
[2026-09-06T08:53:58.885+0000] {logging_mixin.py:190} INFO - [2026-09-06T08:53:58.885+0000] {dag.py:4180} INFO - Setting next_dagrun for dataset_s3_bucket_consumer_with_no_taskflow to None, run_after=None
[2026-09-06T08:53:58.886+0000] {logging_mixin.py:190} INFO - [2026-09-06T08:53:58.885+0000] {dag.py:4180} INFO - Setting next_dagrun for dataset_s3_bucket_producer_with_no_taskflow to None, run_after=None
[2026-09-06T08:53:58.906+0000] {processor.py:208} INFO - Processing /home/airflow/.local/lib/python3.12/site-packages/airflow/example_dags/example_dataset_alias_with_no_taskflow.py took 1.825 seconds
[2026-09-06T08:54:29.353+0000] {processor.py:186} INFO - Started process (PID=139) to work on /home/airflow/.local/lib/python3.12/site-packages/airflow/example_dags/example_dataset_alias_with_no_taskflow.py
[2026-09-06T08:54:29.355+0000] {processor.py:914} INFO - Processing file /home/airflow/.local/lib/python3.12/site-packages/airflow/example_dags/example_dataset_alias_with_no_taskflow.py for tasks to queue
[2026-09-06T08:54:29.358+0000] {logging_mixin.py:190} INFO - [2026-09-06T08:54:29.358+0000] {dagbag.py:588} INFO - Filling up the DagBag from /home/airflow/.local/lib/python3.12/site-packages/airflow/example_dags/example_dataset_alias_with_no_taskflow.py
[2026-09-06T08:54:29.950+0000] {processor.py:925} INFO - DAG(s) 'dataset_s3_bucket_consumer_with_no_taskflow', 'dataset_s3_bucket_producer_with_no_taskflow', 'dataset_alias_example_alias_producer_with_no_taskflow', 'dataset_alias_example_alias_consumer_with_no_taskflow' retrieved from /home/airflow/.local/lib/python3.12/site-packages/airflow/example_dags/example_dataset_alias_with_no_taskflow.py
[2026-09-06T08:54:29.965+0000] {logging_mixin.py:190} INFO - [2026-09-06T08:54:29.964+0000] {dag.py:3239} INFO - Sync 4 DAGs
[2026-09-06T08:54:29.982+0000] {logging_mixin.py:190} INFO - [2026-09-06T08:54:29.982+0000] {dag.py:4180} INFO - Setting next_dagrun for dataset_alias_example_alias_consumer_with_no_taskflow to None, run_after=None
[2026-09-06T08:54:29.984+0000] {logging_mixin.py:190} INFO - [2026-09-06T08:54:29.984+0000] {dag.py:4180} INFO - Setting next_dagrun for dataset_alias_example_alias_producer_with_no_taskflow to None, run_after=None
[2026-09-06T08:54:29.985+0000] {logging_mixin.py:190} INFO - [2026-09-06T08:54:29.985+0000] {dag.py:4180} INFO - Setting next_dagrun for dataset_s3_bucket_consumer_with_no_taskflow to None, run_after=None
[2026-09-06T08:54:29.987+0000] {logging_mixin.py:190} INFO - [2026-09-06T08:54:29.986+0000] {dag.py:4180} INFO - Setting next_dagrun for dataset_s3_bucket_producer_with_no_taskflow to None, run_after=None
[2026-09-06T08:54:30.002+0000] {processor.py:208} INFO - Processing /home/airflow/.local/lib/python3.12/site-packages/airflow/example_dags/example_dataset_alias_with_no_taskflow.py took 0.654 seconds
[2026-09-06T08:55:00.291+0000] {processor.py:186} INFO - Started process (PID=202) to work on /home/airflow/.local/lib/python3.12/site-packages/airflow/example_dags/example_dataset_alias_with_no_taskflow.py
[2026-09-06T08:55:00.292+0000] {processor.py:914} INFO - Processing file /home/airflow/.local/lib/python3.12/site-packages/airflow/example_dags/example_dataset_alias_with_no_taskflow.py for tasks to queue
[2026-09-06T08:55:00.295+0000] {logging_mixin.py:190} INFO - [2026-09-06T08:55:00.295+0000] {dagbag.py:588} INFO - Filling up the DagBag from /home/airflow/.local/lib/python3.12/site-packages/airflow/example_dags/example_dataset_alias_with_no_taskflow.py
[2026-09-06T08:55:00.895+0000] {processor.py:925} INFO - DAG(s) 'dataset_alias_example_alias_consumer_with_no_taskflow', 'dataset_s3_bucket_producer_with_no_taskflow', 'dataset_alias_example_alias_producer_with_no_taskflow', 'dataset_s3_bucket_consumer_with_no_taskflow' retrieved from /home/airflow/.local/lib/python3.12/site-packages/airflow/example_dags/example_dataset_alias_with_no_taskflow.py
[2026-09-06T08:55:00.910+0000] {logging_mixin.py:190} INFO - [2026-09-06T08:55:00.910+0000] {dag.py:3239} INFO - Sync 4 DAGs
[2026-09-06T08:55:00.929+0000] {logging_mixin.py:190} INFO - [2026-09-06T08:55:00.929+0000] {dag.py:4180} INFO - Setting next_dagrun for dataset_alias_example_alias_consumer_with_no_taskflow to None, run_after=None
[2026-09-06T08:55:00.931+0000] {logging_mixin.py:190} INFO - [2026-09-06T08:55:00.931+0000] {dag.py:4180} INFO - Setting next_dagrun for dataset_alias_example_alias_producer_with_no_taskflow to None, run_after=None
[2026-09-06T08:55:00.933+0000] {logging_mixin.py:190} INFO - [2026-09-06T08:55:00.933+0000] {dag.py:4180} INFO - Setting next_dagrun for dataset_s3_bucket_consumer_with_no_taskflow to None, run_after=None
[2026-09-06T08:55:00.934+0000] {logging_mixin.py:190} INFO - [2026-09-06T08:55:00.934+0000] {dag.py:4180} INFO - Setting next_dagrun for dataset_s3_bucket_producer_with_no_taskflow to None, run_after=None
[2026-09-06T08:55:00.952+0000] {processor.py:208} INFO - Processing /home/airflow/.local/lib/python3.12/site-packages/airflow/example_dags/example_dataset_alias_with_no_taskflow.py took 0.667 seconds
[2026-09-06T08:55:31.082+0000] {processor.py:186} INFO - Started process (PID=265) to work on /home/airflow/.local/lib/python3.12/site-packages/airflow/example_dags/example_dataset_alias_with_no_taskflow.py
[2026-09-06T08:55:31.083+0000] {processor.py:914} INFO - Processing file /home/airflow/.local/lib/python3.12/site-packages/airflow/example_dags/example_dataset_alias_with_no_taskflow.py for tasks to queue
[2026-09-06T08:55:31.085+0000] {logging_mixin.py:190} INFO - [2026-09-06T08:55:31.085+0000] {dagbag.py:588} INFO - Filling up the DagBag from /home/airflow/.local/lib/python3.12/site-packages/airflow/example_dags/example_dataset_alias_with_no_taskflow.py
[2026-09-06T08:55:31.624+0000] {processor.py:925} INFO - DAG(s) 'dataset_s3_bucket_consumer_with_no_taskflow', 'dataset_alias_example_alias_consumer_with_no_taskflow', 'dataset_alias_example_alias_producer_with_no_taskflow', 'dataset_s3_bucket_producer_with_no_taskflow' retrieved from /home/airflow/.local/lib/python3.12/site-packages/airflow/example_dags/example_dataset_alias_with_no_taskflow.py
[2026-09-06T08:55:31.647+0000] {logging_mixin.py:190} INFO - [2026-09-06T08:55:31.647+0000] {dag.py:3239} INFO - Sync 4 DAGs
[2026-09-06T08:55:31.671+0000] {logging_mixin.py:190} INFO - [2026-09-06T08:55:31.671+0000] {dag.py:4180} INFO - Setting next_dagrun for dataset_alias_example_alias_consumer_with_no_taskflow to None, run_after=None
[2026-09-06T08:55:31.675+0000] {logging_mixin.py:190} INFO - [2026-09-06T08:55:31.675+0000] {dag.py:4180} INFO - Setting next_dagrun for dataset_alias_example_alias_producer_with_no_taskflow to None, run_after=None
[2026-09-06T08:55:31.677+0000] {logging_mixin.py:190} INFO - [2026-09-06T08:55:31.677+0000] {dag.py:4180} INFO - Setting next_dagrun for dataset_s3_bucket_consumer_with_no_taskflow to None, run_after=None
[2026-09-06T08:55:31.678+0000] {logging_mixin.py:190} INFO - [2026-09-06T08:55:31.678+0000] {dag.py:4180} INFO - Setting next_dagrun for dataset_s3_bucket_producer_with_no_taskflow to None, run_after=None
[2026-09-06T08:55:31.696+0000] {processor.py:208} INFO - Processing /home/airflow/.local/lib/python3.12/site-packages/airflow/example_dags/example_dataset_alias_with_no_taskflow.py took 0.620 seconds
[2026-09-06T08:56:02.277+0000] {processor.py:186} INFO - Started process (PID=328) to work on /home/airflow/.local/lib/python3.12/site-packages/airflow/example_dags/example_dataset_alias_with_no_taskflow.py
[2026-09-06T08:56:02.278+0000] {processor.py:914} INFO - Processing file /home/airflow/.local/lib/python3.12/site-packages/airflow/example_dags/example_dataset_alias_with_no_taskflow.py for tasks to queue
[2026-09-06T08:56:02.281+0000] {logging_mixin.py:190} INFO - [2026-09-06T08:56:02.281+0000] {dagbag.py:588} INFO - Filling up the DagBag from /home/airflow/.local/lib/python3.12/site-packages/airflow/example_dags/example_dataset_alias_with_no_taskflow.py
[2026-09-06T08:56:02.812+0000] {processor.py:925} INFO - DAG(s) 'dataset_s3_bucket_producer_with_no_taskflow', 'dataset_alias_example_alias_consumer_with_no_taskflow', 'dataset_s3_bucket_consumer_with_no_taskflow', 'dataset_alias_example_alias_producer_with_no_taskflow' retrieved from /home/airflow/.local/lib/python3.12/site-packages/airflow/example_dags/example_dataset_alias_with_no_taskflow.py
[2026-09-06T08:56:02.832+0000] {logging_mixin.py:190} INFO - [2026-09-06T08:56:02.831+0000] {dag.py:3239} INFO - Sync 4 DAGs
[2026-09-06T08:56:02.850+0000] {logging_mixin.py:190} INFO - [2026-09-06T08:56:02.850+0000] {dag.py:4180} INFO - Setting next_dagrun for dataset_alias_example_alias_consumer_with_no_taskflow to None, run_after=None
[2026-09-06T08:56:02.853+0000] {logging_mixin.py:190} INFO - [2026-09-06T08:56:02.852+0000] {dag.py:4180} INFO - Setting next_dagrun for dataset_alias_example_alias_producer_with_no_taskflow to None, run_after=None
[2026-09-06T08:56:02.854+0000] {logging_mixin.py:190} INFO - [2026-09-06T08:56:02.854+0000] {dag.py:4180} INFO - Setting next_dagrun for dataset_s3_bucket_consumer_with_no_taskflow to None, run_after=None
[2026-09-06T08:56:02.855+0000] {logging_mixin.py:190} INFO - [2026-09-06T08:56:02.855+0000] {dag.py:4180} INFO - Setting next_dagrun for dataset_s3_bucket_producer_with_no_taskflow to None, run_after=None
[2026-09-06T08:56:02.872+0000] {processor.py:208} INFO - Processing /home/airflow/.local/lib/python3.12/site-packages/airflow/example_dags/example_dataset_alias_with_no_taskflow.py took 0.601 seconds
[2026-09-06T08:56:32.978+0000] {processor.py:186} INFO - Started process (PID=391) to work on /home/airflow/.local/lib/python3.12/site-packages/airflow/example_dags/example_dataset_alias_with_no_taskflow.py
[2026-09-06T08:56:32.980+0000] {processor.py:914} INFO - Processing file /home/airflow/.local/lib/python3.12/site-packages/airflow/example_dags/example_dataset_alias_with_no_taskflow.py for tasks to queue
[2026-09-06T08:56:32.982+0000] {logging_mixin.py:190} INFO - [2026-09-06T08:56:32.982+0000] {dagbag.py:588} INFO - Filling up the DagBag from /home/airflow/.local/lib/python3.12/site-packages/airflow/example_dags/example_dataset_alias_with_no_taskflow.py
[2026-09-06T08:56:33.614+0000] {processor.py:925} INFO - DAG(s) 'dataset_alias_example_alias_producer_with_no_taskflow', 'dataset_s3_bucket_consumer_with_no_taskflow', 'dataset_s3_bucket_producer_with_no_taskflow', 'dataset_alias_example_alias_consumer_with_no_taskflow' retrieved from /home/airflow/.local/lib/python3.12/site-packages/airflow/example_dags/example_dataset_alias_with_no_taskflow.py
[2026-09-06T08:56:33.628+0000] {logging_mixin.py:190} INFO - [2026-09-06T08:56:33.628+0000] {dag.py:3239} INFO - Sync 4 DAGs
[2026-09-06T08:56:33.644+0000] {logging_mixin.py:190} INFO - [2026-09-06T08:56:33.644+0000] {dag.py:4180} INFO - Setting next_dagrun for dataset_alias_example_alias_consumer_with_no_taskflow to None, run_after=None
[2026-09-06T08:56:33.646+0000] {logging_mixin.py:190} INFO - [2026-09-06T08:56:33.646+0000] {dag.py:4180} INFO - Setting next_dagrun for dataset_alias_example_alias_producer_with_no_taskflow to None, run_after=None
[2026-09-06T08:56:33.648+0000] {logging_mixin.py:190} INFO - [2026-09-06T08:56:33.648+0000] {dag.py:4180} INFO - Setting next_dagrun for dataset_s3_bucket_consumer_with_no_taskflow to None, run_after=None
[2026-09-06T08:56:33.650+0000] {logging_mixin.py:190} INFO - [2026-09-06T08:56:33.650+0000] {dag.py:4180} INFO - Setting next_dagrun for dataset_s3_bucket_producer_with_no_taskflow to None, run_after=None
[2026-09-06T08:56:33.667+0000] {processor.py:208} INFO - Processing /home/airflow/.local/lib/python3.12/site-packages/airflow/example_dags/example_dataset_alias_with_no_taskflow.py took 0.693 seconds
[2026-09-06T08:57:04.134+0000] {processor.py:186} INFO - Started process (PID=454) to work on /home/airflow/.local/lib/python3.12/site-packages/airflow/example_dags/example_dataset_alias_with_no_taskflow.py
[2026-09-06T08:57:04.135+0000] {processor.py:914} INFO - Processing file /home/airflow/.local/lib/python3.12/site-packages/airflow/example_dags/example_dataset_alias_with_no_taskflow.py for tasks to queue
[2026-09-06T08:57:04.137+0000] {logging_mixin.py:190} INFO - [2026-09-06T08:57:04.137+0000] {dagbag.py:588} INFO - Filling up the DagBag from /home/airflow/.local/lib/python3.12/site-packages/airflow/example_dags/example_dataset_alias_with_no_taskflow.py
[2026-09-06T08:57:04.629+0000] {processor.py:925} INFO - DAG(s) 'dataset_s3_bucket_producer_with_no_taskflow', 'dataset_s3_bucket_consumer_with_no_taskflow', 'dataset_alias_example_alias_consumer_with_no_taskflow', 'dataset_alias_example_alias_producer_with_no_taskflow' retrieved from /home/airflow/.local/lib/python3.12/site-packages/airflow/example_dags/example_dataset_alias_with_no_taskflow.py
[2026-09-06T08:57:04.643+0000] {logging_mixin.py:190} INFO - [2026-09-06T08:57:04.642+0000] {dag.py:3239} INFO - Sync 4 DAGs
[2026-09-06T08:57:04.657+0000] {logging_mixin.py:190} INFO - [2026-09-06T08:57:04.657+0000] {dag.py:4180} INFO - Setting next_dagrun for dataset_alias_example_alias_consumer_with_no_taskflow to None, run_after=None
[2026-09-06T08:57:04.659+0000] {logging_mixin.py:190} INFO - [2026-09-06T08:57:04.659+0000] {dag.py:4180} INFO - Setting next_dagrun for dataset_alias_example_alias_producer_with_no_taskflow to None, run_after=None
[2026-09-06T08:57:04.661+0000] {logging_mixin.py:190} INFO - [2026-09-06T08:57:04.661+0000] {dag.py:4180} INFO - Setting next_dagrun for dataset_s3_bucket_consumer_with_no_taskflow to None, run_after=None
[2026-09-06T08:57:04.662+0000] {logging_mixin.py:190} INFO - [2026-09-06T08:57:04.662+0000] {dag.py:4180} INFO - Setting next_dagrun for dataset_s3_bucket_producer_with_no_taskflow to None, run_after=None
[2026-09-06T08:57:04.679+0000] {processor.py:208} INFO - Processing /home/airflow/.local/lib/python3.12/site-packages/airflow/example_dags/example_dataset_alias_with_no_taskflow.py took 0.549 seconds
[2026-09-06T08:57:34.792+0000] {processor.py:186} INFO - Started process (PID=517) to work on /home/airflow/.local/lib/python3.12/site-packages/airflow/example_dags/example_dataset_alias_with_no_taskflow.py
[2026-09-06T08:57:34.793+0000] {processor.py:914} INFO - Processing file /home/airflow/.local/lib/python3.12/site-packages/airflow/example_dags/example_dataset_alias_with_no_taskflow.py for tasks to queue
[2026-09-06T08:57:34.796+0000] {logging_mixin.py:190} INFO - [2026-09-06T08:57:34.795+0000] {dagbag.py:588} INFO - Filling up the DagBag from /home/airflow/.local/lib/python3.12/site-packages/airflow/example_dags/example_dataset_alias_with_no_taskflow.py
[2026-09-06T08:57:35.326+0000] {processor.py:925} INFO - DAG(s) 'dataset_s3_bucket_producer_with_no_taskflow', 'dataset_alias_example_alias_consumer_with_no_taskflow', 'dataset_alias_example_alias_producer_with_no_taskflow', 'dataset_s3_bucket_consumer_with_no_taskflow' retrieved from /home/airflow/.local/lib/python3.12/site-packages/airflow/example_dags/example_dataset_alias_with_no_taskflow.py
[2026-09-06T08:57:35.343+0000] {logging_mixin.py:190} INFO - [2026-09-06T08:57:35.342+0000] {dag.py:3239} INFO - Sync 4 DAGs
[2026-09-06T08:57:35.362+0000] {logging_mixin.py:190} INFO - [2026-09-06T08:57:35.362+0000] {dag.py:4180} INFO - Setting next_dagrun for dataset_alias_example_alias_consumer_with_no_taskflow to None, run_after=None
[2026-09-06T08:57:35.365+0000] {logging_mixin.py:190} INFO - [2026-09-06T08:57:35.364+0000] {dag.py:4180} INFO - Setting next_dagrun for dataset_alias_example_alias_producer_with_no_taskflow to None, run_after=None
[2026-09-06T08:57:35.366+0000] {logging_mixin.py:190} INFO - [2026-09-06T08:57:35.366+0000] {dag.py:4180} INFO - Setting next_dagrun for dataset_s3_bucket_consumer_with_no_taskflow to None, run_after=None
[2026-09-06T08:57:35.367+0000] {logging_mixin.py:190} INFO - [2026-09-06T08:57:35.367+0000] {dag.py:4180} INFO - Setting next_dagrun for dataset_s3_bucket_producer_with_no_taskflow to None, run_after=None
[2026-09-06T08:57:35.384+0000] {processor.py:208} INFO - Processing /home/airflow/.local/lib/python3.12/site-packages/airflow/example_dags/example_dataset_alias_with_no_taskflow.py took 0.597 seconds
[2026-09-06T08:58:06.029+0000] {processor.py:186} INFO - Started process (PID=580) to work on /home/airflow/.local/lib/python3.12/site-packages/airflow/example_dags/example_dataset_alias_with_no_taskflow.py
[2026-09-06T08:58:06.030+0000] {processor.py:914} INFO - Processing file /home/airflow/.local/lib/python3.12/site-packages/airflow/example_dags/example_dataset_alias_with_no_taskflow.py for tasks to queue
[2026-09-06T08:58:06.033+0000] {logging_mixin.py:190} INFO - [2026-09-06T08:58:06.033+0000] {dagbag.py:588} INFO - Filling up the DagBag from /home/airflow/.local/lib/python3.12/site-packages/airflow/example_dags/example_dataset_alias_with_no_taskflow.py
[2026-09-06T08:58:06.563+0000] {processor.py:925} INFO - DAG(s) 'dataset_alias_example_alias_consumer_with_no_taskflow', 'dataset_s3_bucket_producer_with_no_taskflow', 'dataset_s3_bucket_consumer_with_no_taskflow', 'dataset_alias_example_alias_producer_with_no_taskflow' retrieved from /home/airflow/.local/lib/python3.12/site-packages/airflow/example_dags/example_dataset_alias_with_no_taskflow.py
[2026-09-06T08:58:06.579+0000] {logging_mixin.py:190} INFO - [2026-09-06T08:58:06.578+0000] {dag.py:3239} INFO - Sync 4 DAGs
[2026-09-06T08:58:06.596+0000] {logging_mixin.py:190} INFO - [2026-09-06T08:58:06.596+0000] {dag.py:4180} INFO - Setting next_dagrun for dataset_alias_example_alias_consumer_with_no_taskflow to None, run_after=None
[2026-09-06T08:58:06.599+0000] {logging_mixin.py:190} INFO - [2026-09-06T08:58:06.598+0000] {dag.py:4180} INFO - Setting next_dagrun for dataset_alias_example_alias_producer_with_no_taskflow to None, run_after=None
[2026-09-06T08:58:06.600+0000] {logging_mixin.py:190} INFO - [2026-09-06T08:58:06.600+0000] {dag.py:4180} INFO - Setting next_dagrun for dataset_s3_bucket_consumer_with_no_taskflow to None, run_after=None
[2026-09-06T08:58:06.601+0000] {logging_mixin.py:190} INFO - [2026-09-06T08:58:06.601+0000] {dag.py:4180} INFO - Setting next_dagrun for dataset_s3_bucket_producer_with_no_taskflow to None, run_after=None
[2026-09-06T08:58:06.619+0000] {processor.py:208} INFO - Processing /home/airflow/.local/lib/python3.12/site-packages/airflow/example_dags/example_dataset_alias_with_no_taskflow.py took 0.595 seconds
[2026-09-06T08:58:37.486+0000] {processor.py:186} INFO - Started process (PID=643) to work on /home/airflow/.local/lib/python3.12/site-packages/airflow/example_dags/example_dataset_alias_with_no_taskflow.py
[2026-09-06T08:58:37.487+0000] {processor.py:914} INFO - Processing file /home/airflow/.local/lib/python3.12/site-packages/airflow/example_dags/example_dataset_alias_with_no_taskflow.py for tasks to queue
[2026-09-06T08:58:37.489+0000] {logging_mixin.py:190} INFO - [2026-09-06T08:58:37.489+0000] {dagbag.py:588} INFO - Filling up the DagBag from /home/airflow/.local/lib/python3.12/site-packages/airflow/example_dags/example_dataset_alias_with_no_taskflow.py
[2026-09-06T08:58:38.014+0000] {processor.py:925} INFO - DAG(s) 'dataset_s3_bucket_consumer_with_no_taskflow', 'dataset_s3_bucket_producer_with_no_taskflow', 'dataset_alias_example_alias_producer_with_no_taskflow', 'dataset_alias_example_alias_consumer_with_no_taskflow' retrieved from /home/airflow/.local/lib/python3.12/site-packages/airflow/example_dags/example_dataset_alias_with_no_taskflow.py
[2026-09-06T08:58:38.031+0000] {logging_mixin.py:190} INFO - [2026-09-06T08:58:38.031+0000] {dag.py:3239} INFO - Sync 4 DAGs
[2026-09-06T08:58:38.048+0000] {logging_mixin.py:190} INFO - [2026-09-06T08:58:38.048+0000] {dag.py:4180} INFO - Setting next_dagrun for dataset_alias_example_alias_consumer_with_no_taskflow to None, run_after=None
[2026-09-06T08:58:38.051+0000] {logging_mixin.py:190} INFO - [2026-09-06T08:58:38.050+0000] {dag.py:4180} INFO - Setting next_dagrun for dataset_alias_example_alias_producer_with_no_taskflow to None, run_after=None
[2026-09-06T08:58:38.052+0000] {logging_mixin.py:190} INFO - [2026-09-06T08:58:38.052+0000] {dag.py:4180} INFO - Setting next_dagrun for dataset_s3_bucket_consumer_with_no_taskflow to None, run_after=None
[2026-09-06T08:58:38.053+0000] {logging_mixin.py:190} INFO - [2026-09-06T08:58:38.053+0000] {dag.py:4180} INFO - Setting next_dagrun for dataset_s3_bucket_producer_with_no_taskflow to None, run_after=None
[2026-09-06T08:58:38.073+0000] {processor.py:208} INFO - Processing /home/airflow/.local/lib/python3.12/site-packages/airflow/example_dags/example_dataset_alias_with_no_taskflow.py took 0.591 seconds
[2026-09-06T08:59:08.898+0000] {processor.py:186} INFO - Started process (PID=707) to work on /home/airflow/.local/lib/python3.12/site-packages/airflow/example_dags/example_dataset_alias_with_no_taskflow.py
[2026-09-06T08:59:08.899+0000] {processor.py:914} INFO - Processing file /home/airflow/.local/lib/python3.12/site-packages/airflow/example_dags/example_dataset_alias_with_no_taskflow.py for tasks to queue
[2026-09-06T08:59:08.901+0000] {logging_mixin.py:190} INFO - [2026-09-06T08:59:08.901+0000] {dagbag.py:588} INFO - Filling up the DagBag from /home/airflow/.local/lib/python3.12/site-packages/airflow/example_dags/example_dataset_alias_with_no_taskflow.py
[2026-09-06T08:59:09.418+0000] {processor.py:925} INFO - DAG(s) 'dataset_alias_example_alias_consumer_with_no_taskflow', 'dataset_s3_bucket_producer_with_no_taskflow', 'dataset_s3_bucket_consumer_with_no_taskflow', 'dataset_alias_example_alias_producer_with_no_taskflow' retrieved from /home/airflow/.local/lib/python3.12/site-packages/airflow/example_dags/example_dataset_alias_with_no_taskflow.py
[2026-09-06T08:59:09.435+0000] {logging_mixin.py:190} INFO - [2026-09-06T08:59:09.434+0000] {dag.py:3239} INFO - Sync 4 DAGs
[2026-09-06T08:59:09.454+0000] {logging_mixin.py:190} INFO - [2026-09-06T08:59:09.454+0000] {dag.py:4180} INFO - Setting next_dagrun for dataset_alias_example_alias_consumer_with_no_taskflow to None, run_after=None
[2026-09-06T08:59:09.456+0000] {logging_mixin.py:190} INFO - [2026-09-06T08:59:09.456+0000] {dag.py:4180} INFO - Setting next_dagrun for dataset_alias_example_alias_producer_with_no_taskflow to None, run_after=None
[2026-09-06T08:59:09.458+0000] {logging_mixin.py:190} INFO - [2026-09-06T08:59:09.457+0000] {dag.py:4180} INFO - Setting next_dagrun for dataset_s3_bucket_consumer_with_no_taskflow to None, run_after=None
[2026-09-06T08:59:09.459+0000] {logging_mixin.py:190} INFO - [2026-09-06T08:59:09.459+0000] {dag.py:4180} INFO - Setting next_dagrun for dataset_s3_bucket_producer_with_no_taskflow to None, run_after=None
[2026-09-06T08:59:09.478+0000] {processor.py:208} INFO - Processing /home/airflow/.local/lib/python3.12/site-packages/airflow/example_dags/example_dataset_alias_with_no_taskflow.py took 0.584 seconds
[2026-09-06T08:59:40.256+0000] {processor.py:186} INFO - Started process (PID=771) to work on /home/airflow/.local/lib/python3.12/site-packages/airflow/example_dags/example_dataset_alias_with_no_taskflow.py
[2026-09-06T08:59:40.257+0000] {processor.py:914} INFO - Processing file /home/airflow/.local/lib/python3.12/site-packages/airflow/example_dags/example_dataset_alias_with_no_taskflow.py for tasks to queue
[2026-09-06T08:59:40.259+0000] {logging_mixin.py:190} INFO - [2026-09-06T08:59:40.259+0000] {dagbag.py:588} INFO - Filling up the DagBag from /home/airflow/.local/lib/python3.12/site-packages/airflow/example_dags/example_dataset_alias_with_no_taskflow.py
[2026-09-06T08:59:40.815+0000] {processor.py:925} INFO - DAG(s) 'dataset_s3_bucket_consumer_with_no_taskflow', 'dataset_alias_example_alias_consumer_with_no_taskflow', 'dataset_s3_bucket_producer_with_no_taskflow', 'dataset_alias_example_alias_producer_with_no_taskflow' retrieved from /home/airflow/.local/lib/python3.12/site-packages/airflow/example_dags/example_dataset_alias_with_no_taskflow.py
[2026-09-06T08:59:40.831+0000] {logging_mixin.py:190} INFO - [2026-09-06T08:59:40.830+0000] {dag.py:3239} INFO - Sync 4 DAGs
[2026-09-06T08:59:40.849+0000] {logging_mixin.py:190} INFO - [2026-09-06T08:59:40.849+0000] {dag.py:4180} INFO - Setting next_dagrun for dataset_alias_example_alias_consumer_with_no_taskflow to None, run_after=None
[2026-09-06T08:59:40.852+0000] {logging_mixin.py:190} INFO - [2026-09-06T08:59:40.851+0000] {dag.py:4180} INFO - Setting next_dagrun for dataset_alias_example_alias_producer_with_no_taskflow to None, run_after=None
[2026-09-06T08:59:40.853+0000] {logging_mixin.py:190} INFO - [2026-09-06T08:59:40.853+0000] {dag.py:4180} INFO - Setting next_dagrun for dataset_s3_bucket_consumer_with_no_taskflow to None, run_after=None
[2026-09-06T08:59:40.855+0000] {logging_mixin.py:190} INFO - [2026-09-06T08:59:40.854+0000] {dag.py:4180} INFO - Setting next_dagrun for dataset_s3_bucket_producer_with_no_taskflow to None, run_after=None
[2026-09-06T08:59:40.872+0000] {processor.py:208} INFO - Processing /home/airflow/.local/lib/python3.12/site-packages/airflow/example_dags/example_dataset_alias_with_no_taskflow.py took 0.620 seconds
[2026-09-06T09:00:11.611+0000] {processor.py:186} INFO - Started process (PID=835) to work on /home/airflow/.local/lib/python3.12/site-packages/airflow/example_dags/example_dataset_alias_with_no_taskflow.py
[2026-09-06T09:00:11.612+0000] {processor.py:914} INFO - Processing file /home/airflow/.local/lib/python3.12/site-packages/airflow/example_dags/example_dataset_alias_with_no_taskflow.py for tasks to queue
[2026-09-06T09:00:11.614+0000] {logging_mixin.py:190} INFO - [2026-09-06T09:00:11.614+0000] {dagbag.py:588} INFO - Filling up the DagBag from /home/airflow/.local/lib/python3.12/site-packages/airflow/example_dags/example_dataset_alias_with_no_taskflow.py
[2026-09-06T09:00:12.076+0000] {processor.py:925} INFO - DAG(s) 'dataset_alias_example_alias_producer_with_no_taskflow', 'dataset_s3_bucket_producer_with_no_taskflow', 'dataset_s3_bucket_consumer_with_no_taskflow', 'dataset_alias_example_alias_consumer_with_no_taskflow' retrieved from /home/airflow/.local/lib/python3.12/site-packages/airflow/example_dags/example_dataset_alias_with_no_taskflow.py
[2026-09-06T09:00:12.089+0000] {logging_mixin.py:190} INFO - [2026-09-06T09:00:12.089+0000] {dag.py:3239} INFO - Sync 4 DAGs
[2026-09-06T09:00:12.104+0000] {logging_mixin.py:190} INFO - [2026-09-06T09:00:12.104+0000] {dag.py:4180} INFO - Setting next_dagrun for dataset_alias_example_alias_consumer_with_no_taskflow to None, run_after=None
[2026-09-06T09:00:12.106+0000] {logging_mixin.py:190} INFO - [2026-09-06T09:00:12.106+0000] {dag.py:4180} INFO - Setting next_dagrun for dataset_alias_example_alias_producer_with_no_taskflow to None, run_after=None
[2026-09-06T09:00:12.108+0000] {logging_mixin.py:190} INFO - [2026-09-06T09:00:12.107+0000] {dag.py:4180} INFO - Setting next_dagrun for dataset_s3_bucket_consumer_with_no_taskflow to None, run_after=None
[2026-09-06T09:00:12.109+0000] {logging_mixin.py:190} INFO - [2026-09-06T09:00:12.109+0000] {dag.py:4180} INFO - Setting next_dagrun for dataset_s3_bucket_producer_with_no_taskflow to None, run_after=None
[2026-09-06T09:00:12.127+0000] {processor.py:208} INFO - Processing /home/airflow/.local/lib/python3.12/site-packages/airflow/example_dags/example_dataset_alias_with_no_taskflow.py took 0.520 seconds
[2026-09-06T09:00:42.930+0000] {processor.py:186} INFO - Started process (PID=899) to work on /home/airflow/.local/lib/python3.12/site-packages/airflow/example_dags/example_dataset_alias_with_no_taskflow.py
[2026-09-06T09:00:42.931+0000] {processor.py:914} INFO - Processing file /home/airflow/.local/lib/python3.12/site-packages/airflow/example_dags/example_dataset_alias_with_no_taskflow.py for tasks to queue
[2026-09-06T09:00:42.933+0000] {logging_mixin.py:190} INFO - [2026-09-06T09:00:42.933+0000] {dagbag.py:588} INFO - Filling up the DagBag from /home/airflow/.local/lib/python3.12/site-packages/airflow/example_dags/example_dataset_alias_with_no_taskflow.py
[2026-09-06T09:00:43.464+0000] {processor.py:925} INFO - DAG(s) 'dataset_alias_example_alias_producer_with_no_taskflow', 'dataset_alias_example_alias_consumer_with_no_taskflow', 'dataset_s3_bucket_producer_with_no_taskflow', 'dataset_s3_bucket_consumer_with_no_taskflow' retrieved from /home/airflow/.local/lib/python3.12/site-packages/airflow/example_dags/example_dataset_alias_with_no_taskflow.py
[2026-09-06T09:00:43.480+0000] {logging_mixin.py:190} INFO - [2026-09-06T09:00:43.479+0000] {dag.py:3239} INFO - Sync 4 DAGs
[2026-09-06T09:00:43.496+0000] {logging_mixin.py:190} INFO - [2026-09-06T09:00:43.495+0000] {dag.py:4180} INFO - Setting next_dagrun for dataset_alias_example_alias_consumer_with_no_taskflow to None, run_after=None
[2026-09-06T09:00:43.498+0000] {logging_mixin.py:190} INFO - [2026-09-06T09:00:43.498+0000] {dag.py:4180} INFO - Setting next_dagrun for dataset_alias_example_alias_producer_with_no_taskflow to None, run_after=None
[2026-09-06T09:00:43.499+0000] {logging_mixin.py:190} INFO - [2026-09-06T09:00:43.499+0000] {dag.py:4180} INFO - Setting next_dagrun for dataset_s3_bucket_consumer_with_no_taskflow to None, run_after=None
[2026-09-06T09:00:43.500+0000] {logging_mixin.py:190} INFO - [2026-09-06T09:00:43.500+0000] {dag.py:4180} INFO - Setting next_dagrun for dataset_s3_bucket_producer_with_no_taskflow to None, run_after=None
[2026-09-06T09:00:43.515+0000] {processor.py:208} INFO - Processing /home/airflow/.local/lib/python3.12/site-packages/airflow/example_dags/example_dataset_alias_with_no_taskflow.py took 0.591 seconds
[2026-09-06T09:01:13.652+0000] {processor.py:186} INFO - Started process (PID=963) to work on /home/airflow/.local/lib/python3.12/site-packages/airflow/example_dags/example_dataset_alias_with_no_taskflow.py
[2026-09-06T09:01:13.654+0000] {processor.py:914} INFO - Processing file /home/airflow/.local/lib/python3.12/site-packages/airflow/example_dags/example_dataset_alias_with_no_taskflow.py for tasks to queue
[2026-09-06T09:01:13.656+0000] {logging_mixin.py:190} INFO - [2026-09-06T09:01:13.656+0000] {dagbag.py:588} INFO - Filling up the DagBag from /home/airflow/.local/lib/python3.12/site-packages/airflow/example_dags/example_dataset_alias_with_no_taskflow.py
[2026-09-06T09:01:14.159+0000] {processor.py:925} INFO - DAG(s) 'dataset_alias_example_alias_consumer_with_no_taskflow', 'dataset_s3_bucket_producer_with_no_taskflow', 'dataset_s3_bucket_consumer_with_no_taskflow', 'dataset_alias_example_alias_producer_with_no_taskflow' retrieved from /home/airflow/.local/lib/python3.12/site-packages/airflow/example_dags/example_dataset_alias_with_no_taskflow.py
[2026-09-06T09:01:14.174+0000] {logging_mixin.py:190} INFO - [2026-09-06T09:01:14.174+0000] {dag.py:3239} INFO - Sync 4 DAGs
[2026-09-06T09:01:14.191+0000] {logging_mixin.py:190} INFO - [2026-09-06T09:01:14.191+0000] {dag.py:4180} INFO - Setting next_dagrun for dataset_alias_example_alias_consumer_with_no_taskflow to None, run_after=None
[2026-09-06T09:01:14.193+0000] {logging_mixin.py:190} INFO - [2026-09-06T09:01:14.193+0000] {dag.py:4180} INFO - Setting next_dagrun for dataset_alias_example_alias_producer_with_no_taskflow to None, run_after=None
[2026-09-06T09:01:14.194+0000] {logging_mixin.py:190} INFO - [2026-09-06T09:01:14.194+0000] {dag.py:4180} INFO - Setting next_dagrun for dataset_s3_bucket_consumer_with_no_taskflow to None, run_after=None
[2026-09-06T09:01:14.195+0000] {logging_mixin.py:190} INFO - [2026-09-06T09:01:14.195+0000] {dag.py:4180} INFO - Setting next_dagrun for dataset_s3_bucket_producer_with_no_taskflow to None, run_after=None
[2026-09-06T09:01:14.212+0000] {processor.py:208} INFO - Processing /home/airflow/.local/lib/python3.12/site-packages/airflow/example_dags/example_dataset_alias_with_no_taskflow.py took 0.565 seconds
[2026-09-06T09:01:44.291+0000] {processor.py:186} INFO - Started process (PID=1027) to work on /home/airflow/.local/lib/python3.12/site-packages/airflow/example_dags/example_dataset_alias_with_no_taskflow.py
[2026-09-06T09:01:44.292+0000] {processor.py:914} INFO - Processing file /home/airflow/.local/lib/python3.12/site-packages/airflow/example_dags/example_dataset_alias_with_no_taskflow.py for tasks to queue
[2026-09-06T09:01:44.294+0000] {logging_mixin.py:190} INFO - [2026-09-06T09:01:44.294+0000] {dagbag.py:588} INFO - Filling up the DagBag from /home/airflow/.local/lib/python3.12/site-packages/airflow/example_dags/example_dataset_alias_with_no_taskflow.py
[2026-09-06T09:01:44.846+0000] {processor.py:925} INFO - DAG(s) 'dataset_alias_example_alias_producer_with_no_taskflow', 'dataset_s3_bucket_consumer_with_no_taskflow', 'dataset_s3_bucket_producer_with_no_taskflow', 'dataset_alias_example_alias_consumer_with_no_taskflow' retrieved from /home/airflow/.local/lib/python3.12/site-packages/airflow/example_dags/example_dataset_alias_with_no_taskflow.py
[2026-09-06T09:01:44.861+0000] {logging_mixin.py:190} INFO - [2026-09-06T09:01:44.860+0000] {dag.py:3239} INFO - Sync 4 DAGs
[2026-09-06T09:01:44.880+0000] {logging_mixin.py:190} INFO - [2026-09-06T09:01:44.880+0000] {dag.py:4180} INFO - Setting next_dagrun for dataset_alias_example_alias_consumer_with_no_taskflow to None, run_after=None
[2026-09-06T09:01:44.882+0000] {logging_mixin.py:190} INFO - [2026-09-06T09:01:44.882+0000] {dag.py:4180} INFO - Setting next_dagrun for dataset_alias_example_alias_producer_with_no_taskflow to None, run_after=None
[2026-09-06T09:01:44.884+0000] {logging_mixin.py:190} INFO - [2026-09-06T09:01:44.884+0000] {dag.py:4180} INFO - Setting next_dagrun for dataset_s3_bucket_consumer_with_no_taskflow to None, run_after=None
[2026-09-06T09:01:44.885+0000] {logging_mixin.py:190} INFO - [2026-09-06T09:01:44.885+0000] {dag.py:4180} INFO - Setting next_dagrun for dataset_s3_bucket_producer_with_no_taskflow to None, run_after=None
[2026-09-06T09:01:44.902+0000] {processor.py:208} INFO - Processing /home/airflow/.local/lib/python3.12/site-packages/airflow/example_dags/example_dataset_alias_with_no_taskflow.py took 0.615 seconds
[2026-09-06T09:02:14.960+0000] {processor.py:186} INFO - Started process (PID=1092) to work on /home/airflow/.local/lib/python3.12/site-packages/airflow/example_dags/example_dataset_alias_with_no_taskflow.py
[2026-09-06T09:02:14.962+0000] {processor.py:914} INFO - Processing file /home/airflow/.local/lib/python3.12/site-packages/airflow/example_dags/example_dataset_alias_with_no_taskflow.py for tasks to queue
[2026-09-06T09:02:14.964+0000] {logging_mixin.py:190} INFO - [2026-09-06T09:02:14.963+0000] {dagbag.py:588} INFO - Filling up the DagBag from /home/airflow/.local/lib/python3.12/site-packages/airflow/example_dags/example_dataset_alias_with_no_taskflow.py
[2026-09-06T09:02:15.432+0000] {processor.py:925} INFO - DAG(s) 'dataset_s3_bucket_producer_with_no_taskflow', 'dataset_alias_example_alias_consumer_with_no_taskflow', 'dataset_s3_bucket_consumer_with_no_taskflow', 'dataset_alias_example_alias_producer_with_no_taskflow' retrieved from /home/airflow/.local/lib/python3.12/site-packages/airflow/example_dags/example_dataset_alias_with_no_taskflow.py
[2026-09-06T09:02:15.445+0000] {logging_mixin.py:190} INFO - [2026-09-06T09:02:15.445+0000] {dag.py:3239} INFO - Sync 4 DAGs
[2026-09-06T09:02:15.461+0000] {logging_mixin.py:190} INFO - [2026-09-06T09:02:15.461+0000] {dag.py:4180} INFO - Setting next_dagrun for dataset_alias_example_alias_consumer_with_no_taskflow to None, run_after=None
[2026-09-06T09:02:15.463+0000] {logging_mixin.py:190} INFO - [2026-09-06T09:02:15.463+0000] {dag.py:4180} INFO - Setting next_dagrun for dataset_alias_example_alias_producer_with_no_taskflow to None, run_after=None
[2026-09-06T09:02:15.464+0000] {logging_mixin.py:190} INFO - [2026-09-06T09:02:15.464+0000] {dag.py:4180} INFO - Setting next_dagrun for dataset_s3_bucket_consumer_with_no_taskflow to None, run_after=None
[2026-09-06T09:02:15.465+0000] {logging_mixin.py:190} INFO - [2026-09-06T09:02:15.465+0000] {dag.py:4180} INFO - Setting next_dagrun for dataset_s3_bucket_producer_with_no_taskflow to None, run_after=None
[2026-09-06T09:02:15.482+0000] {processor.py:208} INFO - Processing /home/airflow/.local/lib/python3.12/site-packages/airflow/example_dags/example_dataset_alias_with_no_taskflow.py took 0.526 seconds
[2026-09-06T09:02:46.211+0000] {processor.py:186} INFO - Started process (PID=1155) to work on /home/airflow/.local/lib/python3.12/site-packages/airflow/example_dags/example_dataset_alias_with_no_taskflow.py
[2026-09-06T09:02:46.212+0000] {processor.py:914} INFO - Processing file /home/airflow/.local/lib/python3.12/site-packages/airflow/example_dags/example_dataset_alias_with_no_taskflow.py for tasks to queue
[2026-09-06T09:02:46.215+0000] {logging_mixin.py:190} INFO - [2026-09-06T09:02:46.214+0000] {dagbag.py:588} INFO - Filling up the DagBag from /home/airflow/.local/lib/python3.12/site-packages/airflow/example_dags/example_dataset_alias_with_no_taskflow.py
[2026-09-06T09:02:46.769+0000] {processor.py:925} INFO - DAG(s) 'dataset_alias_example_alias_producer_with_no_taskflow', 'dataset_alias_example_alias_consumer_with_no_taskflow', 'dataset_s3_bucket_consumer_with_no_taskflow', 'dataset_s3_bucket_producer_with_no_taskflow' retrieved from /home/airflow/.local/lib/python3.12/site-packages/airflow/example_dags/example_dataset_alias_with_no_taskflow.py
[2026-09-06T09:02:46.785+0000] {logging_mixin.py:190} INFO - [2026-09-06T09:02:46.784+0000] {dag.py:3239} INFO - Sync 4 DAGs
[2026-09-06T09:02:46.802+0000] {logging_mixin.py:190} INFO - [2026-09-06T09:02:46.802+0000] {dag.py:4180} INFO - Setting next_dagrun for dataset_alias_example_alias_consumer_with_no_taskflow to None, run_after=None
[2026-09-06T09:02:46.805+0000] {logging_mixin.py:190} INFO - [2026-09-06T09:02:46.805+0000] {dag.py:4180} INFO - Setting next_dagrun for dataset_alias_example_alias_producer_with_no_taskflow to None, run_after=None
[2026-09-06T09:02:46.806+0000] {logging_mixin.py:190} INFO - [2026-09-06T09:02:46.806+0000] {dag.py:4180} INFO - Setting next_dagrun for dataset_s3_bucket_consumer_with_no_taskflow to None, run_after=None
[2026-09-06T09:02:46.808+0000] {logging_mixin.py:190} INFO - [2026-09-06T09:02:46.808+0000] {dag.py:4180} INFO - Setting next_dagrun for dataset_s3_bucket_producer_with_no_taskflow to None, run_after=None
[2026-09-06T09:02:46.841+0000] {processor.py:208} INFO - Processing /home/airflow/.local/lib/python3.12/site-packages/airflow/example_dags/example_dataset_alias_with_no_taskflow.py took 0.636 seconds
[2026-09-06T09:03:17.052+0000] {processor.py:186} INFO - Started process (PID=1219) to work on /home/airflow/.local/lib/python3.12/site-packages/airflow/example_dags/example_dataset_alias_with_no_taskflow.py
[2026-09-06T09:03:17.054+0000] {processor.py:914} INFO - Processing file /home/airflow/.local/lib/python3.12/site-packages/airflow/example_dags/example_dataset_alias_with_no_taskflow.py for tasks to queue
[2026-09-06T09:03:17.057+0000] {logging_mixin.py:190} INFO - [2026-09-06T09:03:17.056+0000] {dagbag.py:588} INFO - Filling up the DagBag from /home/airflow/.local/lib/python3.12/site-packages/airflow/example_dags/example_dataset_alias_with_no_taskflow.py
[2026-09-06T09:03:17.668+0000] {processor.py:925} INFO - DAG(s) 'dataset_s3_bucket_producer_with_no_taskflow', 'dataset_s3_bucket_consumer_with_no_taskflow', 'dataset_alias_example_alias_producer_with_no_taskflow', 'dataset_alias_example_alias_consumer_with_no_taskflow' retrieved from /home/airflow/.local/lib/python3.12/site-packages/airflow/example_dags/example_dataset_alias_with_no_taskflow.py
[2026-09-06T09:03:17.687+0000] {logging_mixin.py:190} INFO - [2026-09-06T09:03:17.686+0000] {dag.py:3239} INFO - Sync 4 DAGs
[2026-09-06T09:03:17.707+0000] {logging_mixin.py:190} INFO - [2026-09-06T09:03:17.707+0000] {dag.py:4180} INFO - Setting next_dagrun for dataset_alias_example_alias_consumer_with_no_taskflow to None, run_after=None
[2026-09-06T09:03:17.710+0000] {logging_mixin.py:190} INFO - [2026-09-06T09:03:17.710+0000] {dag.py:4180} INFO - Setting next_dagrun for dataset_alias_example_alias_producer_with_no_taskflow to None, run_after=None
[2026-09-06T09:03:17.712+0000] {logging_mixin.py:190} INFO - [2026-09-06T09:03:17.712+0000] {dag.py:4180} INFO - Setting next_dagrun for dataset_s3_bucket_consumer_with_no_taskflow to None, run_after=None
[2026-09-06T09:03:17.713+0000] {logging_mixin.py:190} INFO - [2026-09-06T09:03:17.713+0000] {dag.py:4180} INFO - Setting next_dagrun for dataset_s3_bucket_producer_with_no_taskflow to None, run_after=None
[2026-09-06T09:03:17.731+0000] {processor.py:208} INFO - Processing /home/airflow/.local/lib/python3.12/site-packages/airflow/example_dags/example_dataset_alias_with_no_taskflow.py took 0.686 seconds
[2026-09-06T09:03:48.395+0000] {processor.py:186} INFO - Started process (PID=1283) to work on /home/airflow/.local/lib/python3.12/site-packages/airflow/example_dags/example_dataset_alias_with_no_taskflow.py
[2026-09-06T09:03:48.396+0000] {processor.py:914} INFO - Processing file /home/airflow/.local/lib/python3.12/site-packages/airflow/example_dags/example_dataset_alias_with_no_taskflow.py for tasks to queue
[2026-09-06T09:03:48.398+0000] {logging_mixin.py:190} INFO - [2026-09-06T09:03:48.398+0000] {dagbag.py:588} INFO - Filling up the DagBag from /home/airflow/.local/lib/python3.12/site-packages/airflow/example_dags/example_dataset_alias_with_no_taskflow.py
[2026-09-06T09:03:48.943+0000] {processor.py:925} INFO - DAG(s) 'dataset_s3_bucket_consumer_with_no_taskflow', 'dataset_alias_example_alias_consumer_with_no_taskflow', 'dataset_s3_bucket_producer_with_no_taskflow', 'dataset_alias_example_alias_producer_with_no_taskflow' retrieved from /home/airflow/.local/lib/python3.12/site-packages/airflow/example_dags/example_dataset_alias_with_no_taskflow.py
[2026-09-06T09:03:48.960+0000] {logging_mixin.py:190} INFO - [2026-09-06T09:03:48.960+0000] {dag.py:3239} INFO - Sync 4 DAGs
[2026-09-06T09:03:48.978+0000] {logging_mixin.py:190} INFO - [2026-09-06T09:03:48.977+0000] {dag.py:4180} INFO - Setting next_dagrun for dataset_alias_example_alias_consumer_with_no_taskflow to None, run_after=None
[2026-09-06T09:03:48.980+0000] {logging_mixin.py:190} INFO - [2026-09-06T09:03:48.980+0000] {dag.py:4180} INFO - Setting next_dagrun for dataset_alias_example_alias_producer_with_no_taskflow to None, run_after=None
[2026-09-06T09:03:48.981+0000] {logging_mixin.py:190} INFO - [2026-09-06T09:03:48.981+0000] {dag.py:4180} INFO - Setting next_dagrun for dataset_s3_bucket_consumer_with_no_taskflow to None, run_after=None
[2026-09-06T09:03:48.983+0000] {logging_mixin.py:190} INFO - [2026-09-06T09:03:48.982+0000] {dag.py:4180} INFO - Setting next_dagrun for dataset_s3_bucket_producer_with_no_taskflow to None, run_after=None
[2026-09-06T09:03:49.015+0000] {processor.py:208} INFO - Processing /home/airflow/.local/lib/python3.12/site-packages/airflow/example_dags/example_dataset_alias_with_no_taskflow.py took 0.625 seconds
[2026-09-06T09:04:19.505+0000] {processor.py:186} INFO - Started process (PID=1347) to work on /home/airflow/.local/lib/python3.12/site-packages/airflow/example_dags/example_dataset_alias_with_no_taskflow.py
[2026-09-06T09:04:19.506+0000] {processor.py:914} INFO - Processing file /home/airflow/.local/lib/python3.12/site-packages/airflow/example_dags/example_dataset_alias_with_no_taskflow.py for tasks to queue
[2026-09-06T09:04:19.509+0000] {logging_mixin.py:190} INFO - [2026-09-06T09:04:19.508+0000] {dagbag.py:588} INFO - Filling up the DagBag from /home/airflow/.local/lib/python3.12/site-packages/airflow/example_dags/example_dataset_alias_with_no_taskflow.py
[2026-09-06T09:04:20.012+0000] {processor.py:925} INFO - DAG(s) 'dataset_s3_bucket_producer_with_no_taskflow', 'dataset_alias_example_alias_producer_with_no_taskflow', 'dataset_s3_bucket_consumer_with_no_taskflow', 'dataset_alias_example_alias_consumer_with_no_taskflow' retrieved from /home/airflow/.local/lib/python3.12/site-packages/airflow/example_dags/example_dataset_alias_with_no_taskflow.py
[2026-09-06T09:04:20.027+0000] {logging_mixin.py:190} INFO - [2026-09-06T09:04:20.026+0000] {dag.py:3239} INFO - Sync 4 DAGs
[2026-09-06T09:04:20.044+0000] {logging_mixin.py:190} INFO - [2026-09-06T09:04:20.044+0000] {dag.py:4180} INFO - Setting next_dagrun for dataset_alias_example_alias_consumer_with_no_taskflow to None, run_after=None
[2026-09-06T09:04:20.046+0000] {logging_mixin.py:190} INFO - [2026-09-06T09:04:20.046+0000] {dag.py:4180} INFO - Setting next_dagrun for dataset_alias_example_alias_producer_with_no_taskflow to None, run_after=None
[2026-09-06T09:04:20.047+0000] {logging_mixin.py:190} INFO - [2026-09-06T09:04:20.047+0000] {dag.py:4180} INFO - Setting next_dagrun for dataset_s3_bucket_consumer_with_no_taskflow to None, run_after=None
[2026-09-06T09:04:20.049+0000] {logging_mixin.py:190} INFO - [2026-09-06T09:04:20.048+0000] {dag.py:4180} INFO - Setting next_dagrun for dataset_s3_bucket_producer_with_no_taskflow to None, run_after=None
[2026-09-06T09:04:20.069+0000] {processor.py:208} INFO - Processing /home/airflow/.local/lib/python3.12/site-packages/airflow/example_dags/example_dataset_alias_with_no_taskflow.py took 0.568 seconds
[2026-09-06T09:04:50.965+0000] {processor.py:186} INFO - Started process (PID=1411) to work on /home/airflow/.local/lib/python3.12/site-packages/airflow/example_dags/example_dataset_alias_with_no_taskflow.py
[2026-09-06T09:04:50.967+0000] {processor.py:914} INFO - Processing file /home/airflow/.local/lib/python3.12/site-packages/airflow/example_dags/example_dataset_alias_with_no_taskflow.py for tasks to queue
[2026-09-06T09:04:50.969+0000] {logging_mixin.py:190} INFO - [2026-09-06T09:04:50.969+0000] {dagbag.py:588} INFO - Filling up the DagBag from /home/airflow/.local/lib/python3.12/site-packages/airflow/example_dags/example_dataset_alias_with_no_taskflow.py
[2026-09-06T09:04:51.462+0000] {processor.py:925} INFO - DAG(s) 'dataset_alias_example_alias_producer_with_no_taskflow', 'dataset_s3_bucket_producer_with_no_taskflow', 'dataset_alias_example_alias_consumer_with_no_taskflow', 'dataset_s3_bucket_consumer_with_no_taskflow' retrieved from /home/airflow/.local/lib/python3.12/site-packages/airflow/example_dags/example_dataset_alias_with_no_taskflow.py
[2026-09-06T09:04:51.476+0000] {logging_mixin.py:190} INFO - [2026-09-06T09:04:51.475+0000] {dag.py:3239} INFO - Sync 4 DAGs
[2026-09-06T09:04:51.491+0000] {logging_mixin.py:190} INFO - [2026-09-06T09:04:51.491+0000] {dag.py:4180} INFO - Setting next_dagrun for dataset_alias_example_alias_consumer_with_no_taskflow to None, run_after=None
[2026-09-06T09:04:51.494+0000] {logging_mixin.py:190} INFO - [2026-09-06T09:04:51.494+0000] {dag.py:4180} INFO - Setting next_dagrun for dataset_alias_example_alias_producer_with_no_taskflow to None, run_after=None
[2026-09-06T09:04:51.495+0000] {logging_mixin.py:190} INFO - [2026-09-06T09:04:51.495+0000] {dag.py:4180} INFO - Setting next_dagrun for dataset_s3_bucket_consumer_with_no_taskflow to None, run_after=None
[2026-09-06T09:04:51.496+0000] {logging_mixin.py:190} INFO - [2026-09-06T09:04:51.496+0000] {dag.py:4180} INFO - Setting next_dagrun for dataset_s3_bucket_producer_with_no_taskflow to None, run_after=None
[2026-09-06T09:04:51.514+0000] {processor.py:208} INFO - Processing /home/airflow/.local/lib/python3.12/site-packages/airflow/example_dags/example_dataset_alias_with_no_taskflow.py took 0.553 seconds
[2026-09-06T09:05:21.577+0000] {processor.py:186} INFO - Started process (PID=1475) to work on /home/airflow/.local/lib/python3.12/site-packages/airflow/example_dags/example_dataset_alias_with_no_taskflow.py
[2026-09-06T09:05:21.579+0000] {processor.py:914} INFO - Processing file /home/airflow/.local/lib/python3.12/site-packages/airflow/example_dags/example_dataset_alias_with_no_taskflow.py for tasks to queue
[2026-09-06T09:05:21.581+0000] {logging_mixin.py:190} INFO - [2026-09-06T09:05:21.581+0000] {dagbag.py:588} INFO - Filling up the DagBag from /home/airflow/.local/lib/python3.12/site-packages/airflow/example_dags/example_dataset_alias_with_no_taskflow.py
[2026-09-06T09:05:22.085+0000] {processor.py:925} INFO - DAG(s) 'dataset_s3_bucket_consumer_with_no_taskflow', 'dataset_alias_example_alias_consumer_with_no_taskflow', 'dataset_s3_bucket_producer_with_no_taskflow', 'dataset_alias_example_alias_producer_with_no_taskflow' retrieved from /home/airflow/.local/lib/python3.12/site-packages/airflow/example_dags/example_dataset_alias_with_no_taskflow.py
[2026-09-06T09:05:22.101+0000] {logging_mixin.py:190} INFO - [2026-09-06T09:05:22.101+0000] {dag.py:3239} INFO - Sync 4 DAGs
[2026-09-06T09:05:22.117+0000] {logging_mixin.py:190} INFO - [2026-09-06T09:05:22.117+0000] {dag.py:4180} INFO - Setting next_dagrun for dataset_alias_example_alias_consumer_with_no_taskflow to None, run_after=None
[2026-09-06T09:05:22.119+0000] {logging_mixin.py:190} INFO - [2026-09-06T09:05:22.119+0000] {dag.py:4180} INFO - Setting next_dagrun for dataset_alias_example_alias_producer_with_no_taskflow to None, run_after=None
[2026-09-06T09:05:22.121+0000] {logging_mixin.py:190} INFO - [2026-09-06T09:05:22.120+0000] {dag.py:4180} INFO - Setting next_dagrun for dataset_s3_bucket_consumer_with_no_taskflow to None, run_after=None
[2026-09-06T09:05:22.122+0000] {logging_mixin.py:190} INFO - [2026-09-06T09:05:22.122+0000] {dag.py:4180} INFO - Setting next_dagrun for dataset_s3_bucket_producer_with_no_taskflow to None, run_after=None
[2026-09-06T09:05:22.138+0000] {processor.py:208} INFO - Processing /home/airflow/.local/lib/python3.12/site-packages/airflow/example_dags/example_dataset_alias_with_no_taskflow.py took 0.566 seconds
[2026-09-06T09:05:52.794+0000] {processor.py:186} INFO - Started process (PID=1539) to work on /home/airflow/.local/lib/python3.12/site-packages/airflow/example_dags/example_dataset_alias_with_no_taskflow.py
[2026-09-06T09:05:52.795+0000] {processor.py:914} INFO - Processing file /home/airflow/.local/lib/python3.12/site-packages/airflow/example_dags/example_dataset_alias_with_no_taskflow.py for tasks to queue
[2026-09-06T09:05:52.797+0000] {logging_mixin.py:190} INFO - [2026-09-06T09:05:52.797+0000] {dagbag.py:588} INFO - Filling up the DagBag from /home/airflow/.local/lib/python3.12/site-packages/airflow/example_dags/example_dataset_alias_with_no_taskflow.py
[2026-09-06T09:05:53.280+0000] {processor.py:925} INFO - DAG(s) 'dataset_alias_example_alias_consumer_with_no_taskflow', 'dataset_s3_bucket_producer_with_no_taskflow', 'dataset_alias_example_alias_producer_with_no_taskflow', 'dataset_s3_bucket_consumer_with_no_taskflow' retrieved from /home/airflow/.local/lib/python3.12/site-packages/airflow/example_dags/example_dataset_alias_with_no_taskflow.py
[2026-09-06T09:05:53.296+0000] {logging_mixin.py:190} INFO - [2026-09-06T09:05:53.296+0000] {dag.py:3239} INFO - Sync 4 DAGs
[2026-09-06T09:05:53.312+0000] {logging_mixin.py:190} INFO - [2026-09-06T09:05:53.312+0000] {dag.py:4180} INFO - Setting next_dagrun for dataset_alias_example_alias_consumer_with_no_taskflow to None, run_after=None
[2026-09-06T09:05:53.314+0000] {logging_mixin.py:190} INFO - [2026-09-06T09:05:53.314+0000] {dag.py:4180} INFO - Setting next_dagrun for dataset_alias_example_alias_producer_with_no_taskflow to None, run_after=None
[2026-09-06T09:05:53.316+0000] {logging_mixin.py:190} INFO - [2026-09-06T09:05:53.316+0000] {dag.py:4180} INFO - Setting next_dagrun for dataset_s3_bucket_consumer_with_no_taskflow to None, run_after=None
[2026-09-06T09:05:53.317+0000] {logging_mixin.py:190} INFO - [2026-09-06T09:05:53.317+0000] {dag.py:4180} INFO - Setting next_dagrun for dataset_s3_bucket_producer_with_no_taskflow to None, run_after=None
[2026-09-06T09:05:53.332+0000] {processor.py:208} INFO - Processing /home/airflow/.local/lib/python3.12/site-packages/airflow/example_dags/example_dataset_alias_with_no_taskflow.py took 0.543 seconds
[2026-09-06T09:06:23.463+0000] {processor.py:186} INFO - Started process (PID=1603) to work on /home/airflow/.local/lib/python3.12/site-packages/airflow/example_dags/example_dataset_alias_with_no_taskflow.py
[2026-09-06T09:06:23.464+0000] {processor.py:914} INFO - Processing file /home/airflow/.local/lib/python3.12/site-packages/airflow/example_dags/example_dataset_alias_with_no_taskflow.py for tasks to queue
[2026-09-06T09:06:23.466+0000] {logging_mixin.py:190} INFO - [2026-09-06T09:06:23.466+0000] {dagbag.py:588} INFO - Filling up the DagBag from /home/airflow/.local/lib/python3.12/site-packages/airflow/example_dags/example_dataset_alias_with_no_taskflow.py
[2026-09-06T09:06:23.995+0000] {processor.py:925} INFO - DAG(s) 'dataset_s3_bucket_producer_with_no_taskflow', 'dataset_alias_example_alias_consumer_with_no_taskflow', 'dataset_s3_bucket_consumer_with_no_taskflow', 'dataset_alias_example_alias_producer_with_no_taskflow' retrieved from /home/airflow/.local/lib/python3.12/site-packages/airflow/example_dags/example_dataset_alias_with_no_taskflow.py
[2026-09-06T09:06:24.010+0000] {logging_mixin.py:190} INFO - [2026-09-06T09:06:24.009+0000] {dag.py:3239} INFO - Sync 4 DAGs
[2026-09-06T09:06:24.027+0000] {logging_mixin.py:190} INFO - [2026-09-06T09:06:24.026+0000] {dag.py:4180} INFO - Setting next_dagrun for dataset_alias_example_alias_consumer_with_no_taskflow to None, run_after=None
[2026-09-06T09:06:24.029+0000] {logging_mixin.py:190} INFO - [2026-09-06T09:06:24.029+0000] {dag.py:4180} INFO - Setting next_dagrun for dataset_alias_example_alias_producer_with_no_taskflow to None, run_after=None
[2026-09-06T09:06:24.030+0000] {logging_mixin.py:190} INFO - [2026-09-06T09:06:24.030+0000] {dag.py:4180} INFO - Setting next_dagrun for dataset_s3_bucket_consumer_with_no_taskflow to None, run_after=None
[2026-09-06T09:06:24.031+0000] {logging_mixin.py:190} INFO - [2026-09-06T09:06:24.031+0000] {dag.py:4180} INFO - Setting next_dagrun for dataset_s3_bucket_producer_with_no_taskflow to None, run_after=None
[2026-09-06T09:06:24.047+0000] {processor.py:208} INFO - Processing /home/airflow/.local/lib/python3.12/site-packages/airflow/example_dags/example_dataset_alias_with_no_taskflow.py took 0.589 seconds
[2026-09-06T09:06:54.431+0000] {processor.py:186} INFO - Started process (PID=1667) to work on /home/airflow/.local/lib/python3.12/site-packages/airflow/example_dags/example_dataset_alias_with_no_taskflow.py
[2026-09-06T09:06:54.432+0000] {processor.py:914} INFO - Processing file /home/airflow/.local/lib/python3.12/site-packages/airflow/example_dags/example_dataset_alias_with_no_taskflow.py for tasks to queue
[2026-09-06T09:06:54.434+0000] {logging_mixin.py:190} INFO - [2026-09-06T09:06:54.434+0000] {dagbag.py:588} INFO - Filling up the DagBag from /home/airflow/.local/lib/python3.12/site-packages/airflow/example_dags/example_dataset_alias_with_no_taskflow.py
[2026-09-06T09:06:54.952+0000] {processor.py:925} INFO - DAG(s) 'dataset_s3_bucket_producer_with_no_taskflow', 'dataset_s3_bucket_consumer_with_no_taskflow', 'dataset_alias_example_alias_consumer_with_no_taskflow', 'dataset_alias_example_alias_producer_with_no_taskflow' retrieved from /home/airflow/.local/lib/python3.12/site-packages/airflow/example_dags/example_dataset_alias_with_no_taskflow.py
[2026-09-06T09:06:54.966+0000] {logging_mixin.py:190} INFO - [2026-09-06T09:06:54.965+0000] {dag.py:3239} INFO - Sync 4 DAGs
[2026-09-06T09:06:54.984+0000] {logging_mixin.py:190} INFO - [2026-09-06T09:06:54.983+0000] {dag.py:4180} INFO - Setting next_dagrun for dataset_alias_example_alias_consumer_with_no_taskflow to None, run_after=None
[2026-09-06T09:06:54.986+0000] {logging_mixin.py:190} INFO - [2026-09-06T09:06:54.986+0000] {dag.py:4180} INFO - Setting next_dagrun for dataset_alias_example_alias_producer_with_no_taskflow to None, run_after=None
[2026-09-06T09:06:54.987+0000] {logging_mixin.py:190} INFO - [2026-09-06T09:06:54.987+0000] {dag.py:4180} INFO - Setting next_dagrun for dataset_s3_bucket_consumer_with_no_taskflow to None, run_after=None
[2026-09-06T09:06:54.988+0000] {logging_mixin.py:190} INFO - [2026-09-06T09:06:54.988+0000] {dag.py:4180} INFO - Setting next_dagrun for dataset_s3_bucket_producer_with_no_taskflow to None, run_after=None
[2026-09-06T09:06:55.004+0000] {processor.py:208} INFO - Processing /home/airflow/.local/lib/python3.12/site-packages/airflow/example_dags/example_dataset_alias_with_no_taskflow.py took 0.578 seconds
[2026-09-06T09:07:25.356+0000] {processor.py:186} INFO - Started process (PID=1731) to work on /home/airflow/.local/lib/python3.12/site-packages/airflow/example_dags/example_dataset_alias_with_no_taskflow.py
[2026-09-06T09:07:25.357+0000] {processor.py:914} INFO - Processing file /home/airflow/.local/lib/python3.12/site-packages/airflow/example_dags/example_dataset_alias_with_no_taskflow.py for tasks to queue
[2026-09-06T09:07:25.359+0000] {logging_mixin.py:190} INFO - [2026-09-06T09:07:25.359+0000] {dagbag.py:588} INFO - Filling up the DagBag from /home/airflow/.local/lib/python3.12/site-packages/airflow/example_dags/example_dataset_alias_with_no_taskflow.py
[2026-09-06T09:07:25.916+0000] {processor.py:925} INFO - DAG(s) 'dataset_s3_bucket_producer_with_no_taskflow', 'dataset_s3_bucket_consumer_with_no_taskflow', 'dataset_alias_example_alias_producer_with_no_taskflow', 'dataset_alias_example_alias_consumer_with_no_taskflow' retrieved from /home/airflow/.local/lib/python3.12/site-packages/airflow/example_dags/example_dataset_alias_with_no_taskflow.py
[2026-09-06T09:07:25.931+0000] {logging_mixin.py:190} INFO - [2026-09-06T09:07:25.931+0000] {dag.py:3239} INFO - Sync 4 DAGs
[2026-09-06T09:07:25.949+0000] {logging_mixin.py:190} INFO - [2026-09-06T09:07:25.949+0000] {dag.py:4180} INFO - Setting next_dagrun for dataset_alias_example_alias_consumer_with_no_taskflow to None, run_after=None
[2026-09-06T09:07:25.951+0000] {logging_mixin.py:190} INFO - [2026-09-06T09:07:25.951+0000] {dag.py:4180} INFO - Setting next_dagrun for dataset_alias_example_alias_producer_with_no_taskflow to None, run_after=None
[2026-09-06T09:07:25.953+0000] {logging_mixin.py:190} INFO - [2026-09-06T09:07:25.953+0000] {dag.py:4180} INFO - Setting next_dagrun for dataset_s3_bucket_consumer_with_no_taskflow to None, run_after=None
[2026-09-06T09:07:25.954+0000] {logging_mixin.py:190} INFO - [2026-09-06T09:07:25.954+0000] {dag.py:4180} INFO - Setting next_dagrun for dataset_s3_bucket_producer_with_no_taskflow to None, run_after=None
[2026-09-06T09:07:25.972+0000] {processor.py:208} INFO - Processing /home/airflow/.local/lib/python3.12/site-packages/airflow/example_dags/example_dataset_alias_with_no_taskflow.py took 0.622 seconds
[2026-09-06T09:07:56.286+0000] {processor.py:186} INFO - Started process (PID=1795) to work on /home/airflow/.local/lib/python3.12/site-packages/airflow/example_dags/example_dataset_alias_with_no_taskflow.py
[2026-09-06T09:07:56.287+0000] {processor.py:914} INFO - Processing file /home/airflow/.local/lib/python3.12/site-packages/airflow/example_dags/example_dataset_alias_with_no_taskflow.py for tasks to queue
[2026-09-06T09:07:56.289+0000] {logging_mixin.py:190} INFO - [2026-09-06T09:07:56.289+0000] {dagbag.py:588} INFO - Filling up the DagBag from /home/airflow/.local/lib/python3.12/site-packages/airflow/example_dags/example_dataset_alias_with_no_taskflow.py
[2026-09-06T09:07:56.746+0000] {processor.py:925} INFO - DAG(s) 'dataset_alias_example_alias_consumer_with_no_taskflow', 'dataset_s3_bucket_producer_with_no_taskflow', 'dataset_s3_bucket_consumer_with_no_taskflow', 'dataset_alias_example_alias_producer_with_no_taskflow' retrieved from /home/airflow/.local/lib/python3.12/site-packages/airflow/example_dags/example_dataset_alias_with_no_taskflow.py
[2026-09-06T09:07:56.759+0000] {logging_mixin.py:190} INFO - [2026-09-06T09:07:56.759+0000] {dag.py:3239} INFO - Sync 4 DAGs
[2026-09-06T09:07:56.773+0000] {logging_mixin.py:190} INFO - [2026-09-06T09:07:56.773+0000] {dag.py:4180} INFO - Setting next_dagrun for dataset_alias_example_alias_consumer_with_no_taskflow to None, run_after=None
[2026-09-06T09:07:56.775+0000] {logging_mixin.py:190} INFO - [2026-09-06T09:07:56.775+0000] {dag.py:4180} INFO - Setting next_dagrun for dataset_alias_example_alias_producer_with_no_taskflow to None, run_after=None
[2026-09-06T09:07:56.777+0000] {logging_mixin.py:190} INFO - [2026-09-06T09:07:56.777+0000] {dag.py:4180} INFO - Setting next_dagrun for dataset_s3_bucket_consumer_with_no_taskflow to None, run_after=None
[2026-09-06T09:07:56.778+0000] {logging_mixin.py:190} INFO - [2026-09-06T09:07:56.778+0000] {dag.py:4180} INFO - Setting next_dagrun for dataset_s3_bucket_producer_with_no_taskflow to None, run_after=None
[2026-09-06T09:07:56.793+0000] {processor.py:208} INFO - Processing /home/airflow/.local/lib/python3.12/site-packages/airflow/example_dags/example_dataset_alias_with_no_taskflow.py took 0.512 seconds
[2026-09-06T09:08:26.940+0000] {processor.py:186} INFO - Started process (PID=1859) to work on /home/airflow/.local/lib/python3.12/site-packages/airflow/example_dags/example_dataset_alias_with_no_taskflow.py
[2026-09-06T09:08:26.941+0000] {processor.py:914} INFO - Processing file /home/airflow/.local/lib/python3.12/site-packages/airflow/example_dags/example_dataset_alias_with_no_taskflow.py for tasks to queue
[2026-09-06T09:08:26.943+0000] {logging_mixin.py:190} INFO - [2026-09-06T09:08:26.943+0000] {dagbag.py:588} INFO - Filling up the DagBag from /home/airflow/.local/lib/python3.12/site-packages/airflow/example_dags/example_dataset_alias_with_no_taskflow.py
[2026-09-06T09:08:27.420+0000] {processor.py:925} INFO - DAG(s) 'dataset_alias_example_alias_producer_with_no_taskflow', 'dataset_alias_example_alias_consumer_with_no_taskflow', 'dataset_s3_bucket_producer_with_no_taskflow', 'dataset_s3_bucket_consumer_with_no_taskflow' retrieved from /home/airflow/.local/lib/python3.12/site-packages/airflow/example_dags/example_dataset_alias_with_no_taskflow.py
[2026-09-06T09:08:27.434+0000] {logging_mixin.py:190} INFO - [2026-09-06T09:08:27.433+0000] {dag.py:3239} INFO - Sync 4 DAGs
[2026-09-06T09:08:27.449+0000] {logging_mixin.py:190} INFO - [2026-09-06T09:08:27.449+0000] {dag.py:4180} INFO - Setting next_dagrun for dataset_alias_example_alias_consumer_with_no_taskflow to None, run_after=None
[2026-09-06T09:08:27.451+0000] {logging_mixin.py:190} INFO - [2026-09-06T09:08:27.451+0000] {dag.py:4180} INFO - Setting next_dagrun for dataset_alias_example_alias_producer_with_no_taskflow to None, run_after=None
[2026-09-06T09:08:27.452+0000] {logging_mixin.py:190} INFO - [2026-09-06T09:08:27.452+0000] {dag.py:4180} INFO - Setting next_dagrun for dataset_s3_bucket_consumer_with_no_taskflow to None, run_after=None
[2026-09-06T09:08:27.453+0000] {logging_mixin.py:190} INFO - [2026-09-06T09:08:27.453+0000] {dag.py:4180} INFO - Setting next_dagrun for dataset_s3_bucket_producer_with_no_taskflow to None, run_after=None
[2026-09-06T09:08:27.469+0000] {processor.py:208} INFO - Processing /home/airflow/.local/lib/python3.12/site-packages/airflow/example_dags/example_dataset_alias_with_no_taskflow.py took 0.535 seconds
[2026-09-06T09:08:57.651+0000] {processor.py:186} INFO - Started process (PID=1923) to work on /home/airflow/.local/lib/python3.12/site-packages/airflow/example_dags/example_dataset_alias_with_no_taskflow.py
[2026-09-06T09:08:57.652+0000] {processor.py:914} INFO - Processing file /home/airflow/.local/lib/python3.12/site-packages/airflow/example_dags/example_dataset_alias_with_no_taskflow.py for tasks to queue
[2026-09-06T09:08:57.654+0000] {logging_mixin.py:190} INFO - [2026-09-06T09:08:57.654+0000] {dagbag.py:588} INFO - Filling up the DagBag from /home/airflow/.local/lib/python3.12/site-packages/airflow/example_dags/example_dataset_alias_with_no_taskflow.py
[2026-09-06T09:08:58.170+0000] {processor.py:925} INFO - DAG(s) 'dataset_alias_example_alias_producer_with_no_taskflow', 'dataset_alias_example_alias_consumer_with_no_taskflow', 'dataset_s3_bucket_producer_with_no_taskflow', 'dataset_s3_bucket_consumer_with_no_taskflow' retrieved from /home/airflow/.local/lib/python3.12/site-packages/airflow/example_dags/example_dataset_alias_with_no_taskflow.py
[2026-09-06T09:08:58.184+0000] {logging_mixin.py:190} INFO - [2026-09-06T09:08:58.184+0000] {dag.py:3239} INFO - Sync 4 DAGs
[2026-09-06T09:08:58.200+0000] {logging_mixin.py:190} INFO - [2026-09-06T09:08:58.200+0000] {dag.py:4180} INFO - Setting next_dagrun for dataset_alias_example_alias_consumer_with_no_taskflow to None, run_after=None
[2026-09-06T09:08:58.202+0000] {logging_mixin.py:190} INFO - [2026-09-06T09:08:58.202+0000] {dag.py:4180} INFO - Setting next_dagrun for dataset_alias_example_alias_producer_with_no_taskflow to None, run_after=None
[2026-09-06T09:08:58.203+0000] {logging_mixin.py:190} INFO - [2026-09-06T09:08:58.203+0000] {dag.py:4180} INFO - Setting next_dagrun for dataset_s3_bucket_consumer_with_no_taskflow to None, run_after=None
[2026-09-06T09:08:58.205+0000] {logging_mixin.py:190} INFO - [2026-09-06T09:08:58.205+0000] {dag.py:4180} INFO - Setting next_dagrun for dataset_s3_bucket_producer_with_no_taskflow to None, run_after=None
[2026-09-06T09:08:58.221+0000] {processor.py:208} INFO - Processing /home/airflow/.local/lib/python3.12/site-packages/airflow/example_dags/example_dataset_alias_with_no_taskflow.py took 0.574 seconds
[2026-09-06T09:09:28.367+0000] {processor.py:186} INFO - Started process (PID=1987) to work on /home/airflow/.local/lib/python3.12/site-packages/airflow/example_dags/example_dataset_alias_with_no_taskflow.py
[2026-09-06T09:09:28.368+0000] {processor.py:914} INFO - Processing file /home/airflow/.local/lib/python3.12/site-packages/airflow/example_dags/example_dataset_alias_with_no_taskflow.py for tasks to queue
[2026-09-06T09:09:28.371+0000] {logging_mixin.py:190} INFO - [2026-09-06T09:09:28.370+0000] {dagbag.py:588} INFO - Filling up the DagBag from /home/airflow/.local/lib/python3.12/site-packages/airflow/example_dags/example_dataset_alias_with_no_taskflow.py
[2026-09-06T09:09:28.900+0000] {processor.py:925} INFO - DAG(s) 'dataset_s3_bucket_consumer_with_no_taskflow', 'dataset_s3_bucket_producer_with_no_taskflow', 'dataset_alias_example_alias_producer_with_no_taskflow', 'dataset_alias_example_alias_consumer_with_no_taskflow' retrieved from /home/airflow/.local/lib/python3.12/site-packages/airflow/example_dags/example_dataset_alias_with_no_taskflow.py
[2026-09-06T09:09:28.915+0000] {logging_mixin.py:190} INFO - [2026-09-06T09:09:28.914+0000] {dag.py:3239} INFO - Sync 4 DAGs
[2026-09-06T09:09:28.931+0000] {logging_mixin.py:190} INFO - [2026-09-06T09:09:28.931+0000] {dag.py:4180} INFO - Setting next_dagrun for dataset_alias_example_alias_consumer_with_no_taskflow to None, run_after=None
[2026-09-06T09:09:28.934+0000] {logging_mixin.py:190} INFO - [2026-09-06T09:09:28.933+0000] {dag.py:4180} INFO - Setting next_dagrun for dataset_alias_example_alias_producer_with_no_taskflow to None, run_after=None
[2026-09-06T09:09:28.935+0000] {logging_mixin.py:190} INFO - [2026-09-06T09:09:28.935+0000] {dag.py:4180} INFO - Setting next_dagrun for dataset_s3_bucket_consumer_with_no_taskflow to None, run_after=None
[2026-09-06T09:09:28.936+0000] {logging_mixin.py:190} INFO - [2026-09-06T09:09:28.936+0000] {dag.py:4180} INFO - Setting next_dagrun for dataset_s3_bucket_producer_with_no_taskflow to None, run_after=None
[2026-09-06T09:09:28.953+0000] {processor.py:208} INFO - Processing /home/airflow/.local/lib/python3.12/site-packages/airflow/example_dags/example_dataset_alias_with_no_taskflow.py took 0.593 seconds
[2026-09-06T09:09:59.573+0000] {processor.py:186} INFO - Started process (PID=2057) to work on /home/airflow/.local/lib/python3.12/site-packages/airflow/example_dags/example_dataset_alias_with_no_taskflow.py
[2026-09-06T09:09:59.574+0000] {processor.py:914} INFO - Processing file /home/airflow/.local/lib/python3.12/site-packages/airflow/example_dags/example_dataset_alias_with_no_taskflow.py for tasks to queue
[2026-09-06T09:09:59.577+0000] {logging_mixin.py:190} INFO - [2026-09-06T09:09:59.576+0000] {dagbag.py:588} INFO - Filling up the DagBag from /home/airflow/.local/lib/python3.12/site-packages/airflow/example_dags/example_dataset_alias_with_no_taskflow.py
[2026-09-06T09:10:00.129+0000] {processor.py:925} INFO - DAG(s) 'dataset_alias_example_alias_consumer_with_no_taskflow', 'dataset_s3_bucket_producer_with_no_taskflow', 'dataset_s3_bucket_consumer_with_no_taskflow', 'dataset_alias_example_alias_producer_with_no_taskflow' retrieved from /home/airflow/.local/lib/python3.12/site-packages/airflow/example_dags/example_dataset_alias_with_no_taskflow.py
[2026-09-06T09:10:00.145+0000] {logging_mixin.py:190} INFO - [2026-09-06T09:10:00.145+0000] {dag.py:3239} INFO - Sync 4 DAGs
[2026-09-06T09:10:00.163+0000] {logging_mixin.py:190} INFO - [2026-09-06T09:10:00.162+0000] {dag.py:4180} INFO - Setting next_dagrun for dataset_alias_example_alias_consumer_with_no_taskflow to None, run_after=None
[2026-09-06T09:10:00.165+0000] {logging_mixin.py:190} INFO - [2026-09-06T09:10:00.165+0000] {dag.py:4180} INFO - Setting next_dagrun for dataset_alias_example_alias_producer_with_no_taskflow to None, run_after=None
[2026-09-06T09:10:00.166+0000] {logging_mixin.py:190} INFO - [2026-09-06T09:10:00.166+0000] {dag.py:4180} INFO - Setting next_dagrun for dataset_s3_bucket_consumer_with_no_taskflow to None, run_after=None
[2026-09-06T09:10:00.167+0000] {logging_mixin.py:190} INFO - [2026-09-06T09:10:00.167+0000] {dag.py:4180} INFO - Setting next_dagrun for dataset_s3_bucket_producer_with_no_taskflow to None, run_after=None
[2026-09-06T09:10:00.190+0000] {processor.py:208} INFO - Processing /home/airflow/.local/lib/python3.12/site-packages/airflow/example_dags/example_dataset_alias_with_no_taskflow.py took 0.624 seconds
[2026-09-06T09:10:31.194+0000] {processor.py:186} INFO - Started process (PID=2121) to work on /home/airflow/.local/lib/python3.12/site-packages/airflow/example_dags/example_dataset_alias_with_no_taskflow.py
[2026-09-06T09:10:31.195+0000] {processor.py:914} INFO - Processing file /home/airflow/.local/lib/python3.12/site-packages/airflow/example_dags/example_dataset_alias_with_no_taskflow.py for tasks to queue
[2026-09-06T09:10:31.198+0000] {logging_mixin.py:190} INFO - [2026-09-06T09:10:31.197+0000] {dagbag.py:588} INFO - Filling up the DagBag from /home/airflow/.local/lib/python3.12/site-packages/airflow/example_dags/example_dataset_alias_with_no_taskflow.py
[2026-09-06T09:10:31.711+0000] {processor.py:925} INFO - DAG(s) 'dataset_alias_example_alias_consumer_with_no_taskflow', 'dataset_alias_example_alias_producer_with_no_taskflow', 'dataset_s3_bucket_consumer_with_no_taskflow', 'dataset_s3_bucket_producer_with_no_taskflow' retrieved from /home/airflow/.local/lib/python3.12/site-packages/airflow/example_dags/example_dataset_alias_with_no_taskflow.py
[2026-09-06T09:10:31.727+0000] {logging_mixin.py:190} INFO - [2026-09-06T09:10:31.726+0000] {dag.py:3239} INFO - Sync 4 DAGs
[2026-09-06T09:10:31.744+0000] {logging_mixin.py:190} INFO - [2026-09-06T09:10:31.744+0000] {dag.py:4180} INFO - Setting next_dagrun for dataset_alias_example_alias_consumer_with_no_taskflow to None, run_after=None
[2026-09-06T09:10:31.746+0000] {logging_mixin.py:190} INFO - [2026-09-06T09:10:31.746+0000] {dag.py:4180} INFO - Setting next_dagrun for dataset_alias_example_alias_producer_with_no_taskflow to None, run_after=None
[2026-09-06T09:10:31.747+0000] {logging_mixin.py:190} INFO - [2026-09-06T09:10:31.747+0000] {dag.py:4180} INFO - Setting next_dagrun for dataset_s3_bucket_consumer_with_no_taskflow to None, run_after=None
[2026-09-06T09:10:31.748+0000] {logging_mixin.py:190} INFO - [2026-09-06T09:10:31.748+0000] {dag.py:4180} INFO - Setting next_dagrun for dataset_s3_bucket_producer_with_no_taskflow to None, run_after=None
[2026-09-06T09:10:31.764+0000] {processor.py:208} INFO - Processing /home/airflow/.local/lib/python3.12/site-packages/airflow/example_dags/example_dataset_alias_with_no_taskflow.py took 0.575 seconds
[2026-09-06T09:11:02.459+0000] {processor.py:186} INFO - Started process (PID=2185) to work on /home/airflow/.local/lib/python3.12/site-packages/airflow/example_dags/example_dataset_alias_with_no_taskflow.py
[2026-09-06T09:11:02.460+0000] {processor.py:914} INFO - Processing file /home/airflow/.local/lib/python3.12/site-packages/airflow/example_dags/example_dataset_alias_with_no_taskflow.py for tasks to queue
[2026-09-06T09:11:02.463+0000] {logging_mixin.py:190} INFO - [2026-09-06T09:11:02.462+0000] {dagbag.py:588} INFO - Filling up the DagBag from /home/airflow/.local/lib/python3.12/site-packages/airflow/example_dags/example_dataset_alias_with_no_taskflow.py
[2026-09-06T09:11:02.983+0000] {processor.py:925} INFO - DAG(s) 'dataset_alias_example_alias_producer_with_no_taskflow', 'dataset_alias_example_alias_consumer_with_no_taskflow', 'dataset_s3_bucket_producer_with_no_taskflow', 'dataset_s3_bucket_consumer_with_no_taskflow' retrieved from /home/airflow/.local/lib/python3.12/site-packages/airflow/example_dags/example_dataset_alias_with_no_taskflow.py
[2026-09-06T09:11:02.999+0000] {logging_mixin.py:190} INFO - [2026-09-06T09:11:02.998+0000] {dag.py:3239} INFO - Sync 4 DAGs
[2026-09-06T09:11:03.017+0000] {logging_mixin.py:190} INFO - [2026-09-06T09:11:03.017+0000] {dag.py:4180} INFO - Setting next_dagrun for dataset_alias_example_alias_consumer_with_no_taskflow to None, run_after=None
[2026-09-06T09:11:03.020+0000] {logging_mixin.py:190} INFO - [2026-09-06T09:11:03.020+0000] {dag.py:4180} INFO - Setting next_dagrun for dataset_alias_example_alias_producer_with_no_taskflow to None, run_after=None
[2026-09-06T09:11:03.021+0000] {logging_mixin.py:190} INFO - [2026-09-06T09:11:03.021+0000] {dag.py:4180} INFO - Setting next_dagrun for dataset_s3_bucket_consumer_with_no_taskflow to None, run_after=None
[2026-09-06T09:11:03.022+0000] {logging_mixin.py:190} INFO - [2026-09-06T09:11:03.022+0000] {dag.py:4180} INFO - Setting next_dagrun for dataset_s3_bucket_producer_with_no_taskflow to None, run_after=None
[2026-09-06T09:11:03.039+0000] {processor.py:208} INFO - Processing /home/airflow/.local/lib/python3.12/site-packages/airflow/example_dags/example_dataset_alias_with_no_taskflow.py took 0.585 seconds
[2026-09-06T09:11:33.715+0000] {processor.py:186} INFO - Started process (PID=2249) to work on /home/airflow/.local/lib/python3.12/site-packages/airflow/example_dags/example_dataset_alias_with_no_taskflow.py
[2026-09-06T09:11:33.717+0000] {processor.py:914} INFO - Processing file /home/airflow/.local/lib/python3.12/site-packages/airflow/example_dags/example_dataset_alias_with_no_taskflow.py for tasks to queue
[2026-09-06T09:11:33.719+0000] {logging_mixin.py:190} INFO - [2026-09-06T09:11:33.719+0000] {dagbag.py:588} INFO - Filling up the DagBag from /home/airflow/.local/lib/python3.12/site-packages/airflow/example_dags/example_dataset_alias_with_no_taskflow.py
[2026-09-06T09:11:34.254+0000] {processor.py:925} INFO - DAG(s) 'dataset_alias_example_alias_producer_with_no_taskflow', 'dataset_s3_bucket_producer_with_no_taskflow', 'dataset_alias_example_alias_consumer_with_no_taskflow', 'dataset_s3_bucket_consumer_with_no_taskflow' retrieved from /home/airflow/.local/lib/python3.12/site-packages/airflow/example_dags/example_dataset_alias_with_no_taskflow.py
[2026-09-06T09:11:34.268+0000] {logging_mixin.py:190} INFO - [2026-09-06T09:11:34.268+0000] {dag.py:3239} INFO - Sync 4 DAGs
[2026-09-06T09:11:34.284+0000] {logging_mixin.py:190} INFO - [2026-09-06T09:11:34.284+0000] {dag.py:4180} INFO - Setting next_dagrun for dataset_alias_example_alias_consumer_with_no_taskflow to None, run_after=None
[2026-09-06T09:11:34.287+0000] {logging_mixin.py:190} INFO - [2026-09-06T09:11:34.286+0000] {dag.py:4180} INFO - Setting next_dagrun for dataset_alias_example_alias_producer_with_no_taskflow to None, run_after=None
[2026-09-06T09:11:34.288+0000] {logging_mixin.py:190} INFO - [2026-09-06T09:11:34.288+0000] {dag.py:4180} INFO - Setting next_dagrun for dataset_s3_bucket_consumer_with_no_taskflow to None, run_after=None
[2026-09-06T09:11:34.289+0000] {logging_mixin.py:190} INFO - [2026-09-06T09:11:34.289+0000] {dag.py:4180} INFO - Setting next_dagrun for dataset_s3_bucket_producer_with_no_taskflow to None, run_after=None
[2026-09-06T09:11:34.305+0000] {processor.py:208} INFO - Processing /home/airflow/.local/lib/python3.12/site-packages/airflow/example_dags/example_dataset_alias_with_no_taskflow.py took 0.595 seconds
[2026-09-06T09:12:04.917+0000] {processor.py:186} INFO - Started process (PID=2313) to work on /home/airflow/.local/lib/python3.12/site-packages/airflow/example_dags/example_dataset_alias_with_no_taskflow.py
[2026-09-06T09:12:04.918+0000] {processor.py:914} INFO - Processing file /home/airflow/.local/lib/python3.12/site-packages/airflow/example_dags/example_dataset_alias_with_no_taskflow.py for tasks to queue
[2026-09-06T09:12:04.920+0000] {logging_mixin.py:190} INFO - [2026-09-06T09:12:04.920+0000] {dagbag.py:588} INFO - Filling up the DagBag from /home/airflow/.local/lib/python3.12/site-packages/airflow/example_dags/example_dataset_alias_with_no_taskflow.py
[2026-09-06T09:12:05.401+0000] {processor.py:925} INFO - DAG(s) 'dataset_alias_example_alias_producer_with_no_taskflow', 'dataset_s3_bucket_consumer_with_no_taskflow', 'dataset_alias_example_alias_consumer_with_no_taskflow', 'dataset_s3_bucket_producer_with_no_taskflow' retrieved from /home/airflow/.local/lib/python3.12/site-packages/airflow/example_dags/example_dataset_alias_with_no_taskflow.py
[2026-09-06T09:12:05.416+0000] {logging_mixin.py:190} INFO - [2026-09-06T09:12:05.415+0000] {dag.py:3239} INFO - Sync 4 DAGs
[2026-09-06T09:12:05.433+0000] {logging_mixin.py:190} INFO - [2026-09-06T09:12:05.432+0000] {dag.py:4180} INFO - Setting next_dagrun for dataset_alias_example_alias_consumer_with_no_taskflow to None, run_after=None
[2026-09-06T09:12:05.435+0000] {logging_mixin.py:190} INFO - [2026-09-06T09:12:05.435+0000] {dag.py:4180} INFO - Setting next_dagrun for dataset_alias_example_alias_producer_with_no_taskflow to None, run_after=None
[2026-09-06T09:12:05.436+0000] {logging_mixin.py:190} INFO - [2026-09-06T09:12:05.436+0000] {dag.py:4180} INFO - Setting next_dagrun for dataset_s3_bucket_consumer_with_no_taskflow to None, run_after=None
[2026-09-06T09:12:05.438+0000] {logging_mixin.py:190} INFO - [2026-09-06T09:12:05.438+0000] {dag.py:4180} INFO - Setting next_dagrun for dataset_s3_bucket_producer_with_no_taskflow to None, run_after=None
[2026-09-06T09:12:05.456+0000] {processor.py:208} INFO - Processing /home/airflow/.local/lib/python3.12/site-packages/airflow/example_dags/example_dataset_alias_with_no_taskflow.py took 0.544 seconds
[2026-09-06T09:12:36.340+0000] {processor.py:186} INFO - Started process (PID=2377) to work on /home/airflow/.local/lib/python3.12/site-packages/airflow/example_dags/example_dataset_alias_with_no_taskflow.py
[2026-09-06T09:12:36.341+0000] {processor.py:914} INFO - Processing file /home/airflow/.local/lib/python3.12/site-packages/airflow/example_dags/example_dataset_alias_with_no_taskflow.py for tasks to queue
[2026-09-06T09:12:36.343+0000] {logging_mixin.py:190} INFO - [2026-09-06T09:12:36.343+0000] {dagbag.py:588} INFO - Filling up the DagBag from /home/airflow/.local/lib/python3.12/site-packages/airflow/example_dags/example_dataset_alias_with_no_taskflow.py
[2026-09-06T09:12:36.867+0000] {processor.py:925} INFO - DAG(s) 'dataset_alias_example_alias_producer_with_no_taskflow', 'dataset_s3_bucket_producer_with_no_taskflow', 'dataset_s3_bucket_consumer_with_no_taskflow', 'dataset_alias_example_alias_consumer_with_no_taskflow' retrieved from /home/airflow/.local/lib/python3.12/site-packages/airflow/example_dags/example_dataset_alias_with_no_taskflow.py
[2026-09-06T09:12:36.880+0000] {logging_mixin.py:190} INFO - [2026-09-06T09:12:36.880+0000] {dag.py:3239} INFO - Sync 4 DAGs
[2026-09-06T09:12:36.896+0000] {logging_mixin.py:190} INFO - [2026-09-06T09:12:36.896+0000] {dag.py:4180} INFO - Setting next_dagrun for dataset_alias_example_alias_consumer_with_no_taskflow to None, run_after=None
[2026-09-06T09:12:36.898+0000] {logging_mixin.py:190} INFO - [2026-09-06T09:12:36.898+0000] {dag.py:4180} INFO - Setting next_dagrun for dataset_alias_example_alias_producer_with_no_taskflow to None, run_after=None
[2026-09-06T09:12:36.899+0000] {logging_mixin.py:190} INFO - [2026-09-06T09:12:36.899+0000] {dag.py:4180} INFO - Setting next_dagrun for dataset_s3_bucket_consumer_with_no_taskflow to None, run_after=None
[2026-09-06T09:12:36.900+0000] {logging_mixin.py:190} INFO - [2026-09-06T09:12:36.900+0000] {dag.py:4180} INFO - Setting next_dagrun for dataset_s3_bucket_producer_with_no_taskflow to None, run_after=None
[2026-09-06T09:12:36.918+0000] {processor.py:208} INFO - Processing /home/airflow/.local/lib/python3.12/site-packages/airflow/example_dags/example_dataset_alias_with_no_taskflow.py took 0.584 seconds
[2026-09-06T09:13:07.614+0000] {processor.py:186} INFO - Started process (PID=2441) to work on /home/airflow/.local/lib/python3.12/site-packages/airflow/example_dags/example_dataset_alias_with_no_taskflow.py
[2026-09-06T09:13:07.615+0000] {processor.py:914} INFO - Processing file /home/airflow/.local/lib/python3.12/site-packages/airflow/example_dags/example_dataset_alias_with_no_taskflow.py for tasks to queue
[2026-09-06T09:13:07.618+0000] {logging_mixin.py:190} INFO - [2026-09-06T09:13:07.617+0000] {dagbag.py:588} INFO - Filling up the DagBag from /home/airflow/.local/lib/python3.12/site-packages/airflow/example_dags/example_dataset_alias_with_no_taskflow.py
[2026-09-06T09:13:08.161+0000] {processor.py:925} INFO - DAG(s) 'dataset_alias_example_alias_producer_with_no_taskflow', 'dataset_alias_example_alias_consumer_with_no_taskflow', 'dataset_s3_bucket_consumer_with_no_taskflow', 'dataset_s3_bucket_producer_with_no_taskflow' retrieved from /home/airflow/.local/lib/python3.12/site-packages/airflow/example_dags/example_dataset_alias_with_no_taskflow.py
[2026-09-06T09:13:08.179+0000] {logging_mixin.py:190} INFO - [2026-09-06T09:13:08.179+0000] {dag.py:3239} INFO - Sync 4 DAGs
[2026-09-06T09:13:08.198+0000] {logging_mixin.py:190} INFO - [2026-09-06T09:13:08.197+0000] {dag.py:4180} INFO - Setting next_dagrun for dataset_alias_example_alias_consumer_with_no_taskflow to None, run_after=None
[2026-09-06T09:13:08.200+0000] {logging_mixin.py:190} INFO - [2026-09-06T09:13:08.200+0000] {dag.py:4180} INFO - Setting next_dagrun for dataset_alias_example_alias_producer_with_no_taskflow to None, run_after=None
[2026-09-06T09:13:08.202+0000] {logging_mixin.py:190} INFO - [2026-09-06T09:13:08.201+0000] {dag.py:4180} INFO - Setting next_dagrun for dataset_s3_bucket_consumer_with_no_taskflow to None, run_after=None
[2026-09-06T09:13:08.203+0000] {logging_mixin.py:190} INFO - [2026-09-06T09:13:08.203+0000] {dag.py:4180} INFO - Setting next_dagrun for dataset_s3_bucket_producer_with_no_taskflow to None, run_after=None
[2026-09-06T09:13:08.221+0000] {processor.py:208} INFO - Processing /home/airflow/.local/lib/python3.12/site-packages/airflow/example_dags/example_dataset_alias_with_no_taskflow.py took 0.613 seconds
[2026-09-06T09:13:38.862+0000] {processor.py:186} INFO - Started process (PID=2505) to work on /home/airflow/.local/lib/python3.12/site-packages/airflow/example_dags/example_dataset_alias_with_no_taskflow.py
[2026-09-06T09:13:38.863+0000] {processor.py:914} INFO - Processing file /home/airflow/.local/lib/python3.12/site-packages/airflow/example_dags/example_dataset_alias_with_no_taskflow.py for tasks to queue
[2026-09-06T09:13:38.866+0000] {logging_mixin.py:190} INFO - [2026-09-06T09:13:38.865+0000] {dagbag.py:588} INFO - Filling up the DagBag from /home/airflow/.local/lib/python3.12/site-packages/airflow/example_dags/example_dataset_alias_with_no_taskflow.py
[2026-09-06T09:13:39.382+0000] {processor.py:925} INFO - DAG(s) 'dataset_s3_bucket_consumer_with_no_taskflow', 'dataset_alias_example_alias_producer_with_no_taskflow', 'dataset_s3_bucket_producer_with_no_taskflow', 'dataset_alias_example_alias_consumer_with_no_taskflow' retrieved from /home/airflow/.local/lib/python3.12/site-packages/airflow/example_dags/example_dataset_alias_with_no_taskflow.py
[2026-09-06T09:13:39.395+0000] {logging_mixin.py:190} INFO - [2026-09-06T09:13:39.394+0000] {dag.py:3239} INFO - Sync 4 DAGs
[2026-09-06T09:13:39.411+0000] {logging_mixin.py:190} INFO - [2026-09-06T09:13:39.411+0000] {dag.py:4180} INFO - Setting next_dagrun for dataset_alias_example_alias_consumer_with_no_taskflow to None, run_after=None
[2026-09-06T09:13:39.413+0000] {logging_mixin.py:190} INFO - [2026-09-06T09:13:39.413+0000] {dag.py:4180} INFO - Setting next_dagrun for dataset_alias_example_alias_producer_with_no_taskflow to None, run_after=None
[2026-09-06T09:13:39.414+0000] {logging_mixin.py:190} INFO - [2026-09-06T09:13:39.414+0000] {dag.py:4180} INFO - Setting next_dagrun for dataset_s3_bucket_consumer_with_no_taskflow to None, run_after=None
[2026-09-06T09:13:39.415+0000] {logging_mixin.py:190} INFO - [2026-09-06T09:13:39.415+0000] {dag.py:4180} INFO - Setting next_dagrun for dataset_s3_bucket_producer_with_no_taskflow to None, run_after=None
[2026-09-06T09:13:39.430+0000] {processor.py:208} INFO - Processing /home/airflow/.local/lib/python3.12/site-packages/airflow/example_dags/example_dataset_alias_with_no_taskflow.py took 0.573 seconds
[2026-09-06T09:14:10.266+0000] {processor.py:186} INFO - Started process (PID=2569) to work on /home/airflow/.local/lib/python3.12/site-packages/airflow/example_dags/example_dataset_alias_with_no_taskflow.py
[2026-09-06T09:14:10.268+0000] {processor.py:914} INFO - Processing file /home/airflow/.local/lib/python3.12/site-packages/airflow/example_dags/example_dataset_alias_with_no_taskflow.py for tasks to queue
[2026-09-06T09:14:10.270+0000] {logging_mixin.py:190} INFO - [2026-09-06T09:14:10.269+0000] {dagbag.py:588} INFO - Filling up the DagBag from /home/airflow/.local/lib/python3.12/site-packages/airflow/example_dags/example_dataset_alias_with_no_taskflow.py
[2026-09-06T09:14:10.771+0000] {processor.py:925} INFO - DAG(s) 'dataset_s3_bucket_producer_with_no_taskflow', 'dataset_alias_example_alias_producer_with_no_taskflow', 'dataset_s3_bucket_consumer_with_no_taskflow', 'dataset_alias_example_alias_consumer_with_no_taskflow' retrieved from /home/airflow/.local/lib/python3.12/site-packages/airflow/example_dags/example_dataset_alias_with_no_taskflow.py
[2026-09-06T09:14:10.784+0000] {logging_mixin.py:190} INFO - [2026-09-06T09:14:10.784+0000] {dag.py:3239} INFO - Sync 4 DAGs
[2026-09-06T09:14:10.800+0000] {logging_mixin.py:190} INFO - [2026-09-06T09:14:10.800+0000] {dag.py:4180} INFO - Setting next_dagrun for dataset_alias_example_alias_consumer_with_no_taskflow to None, run_after=None
[2026-09-06T09:14:10.802+0000] {logging_mixin.py:190} INFO - [2026-09-06T09:14:10.802+0000] {dag.py:4180} INFO - Setting next_dagrun for dataset_alias_example_alias_producer_with_no_taskflow to None, run_after=None
[2026-09-06T09:14:10.803+0000] {logging_mixin.py:190} INFO - [2026-09-06T09:14:10.803+0000] {dag.py:4180} INFO - Setting next_dagrun for dataset_s3_bucket_consumer_with_no_taskflow to None, run_after=None
[2026-09-06T09:14:10.804+0000] {logging_mixin.py:190} INFO - [2026-09-06T09:14:10.804+0000] {dag.py:4180} INFO - Setting next_dagrun for dataset_s3_bucket_producer_with_no_taskflow to None, run_after=None
[2026-09-06T09:14:10.819+0000] {processor.py:208} INFO - Processing /home/airflow/.local/lib/python3.12/site-packages/airflow/example_dags/example_dataset_alias_with_no_taskflow.py took 0.558 seconds
[2026-09-06T09:14:41.375+0000] {processor.py:186} INFO - Started process (PID=2633) to work on /home/airflow/.local/lib/python3.12/site-packages/airflow/example_dags/example_dataset_alias_with_no_taskflow.py
[2026-09-06T09:14:41.376+0000] {processor.py:914} INFO - Processing file /home/airflow/.local/lib/python3.12/site-packages/airflow/example_dags/example_dataset_alias_with_no_taskflow.py for tasks to queue
[2026-09-06T09:14:41.378+0000] {logging_mixin.py:190} INFO - [2026-09-06T09:14:41.378+0000] {dagbag.py:588} INFO - Filling up the DagBag from /home/airflow/.local/lib/python3.12/site-packages/airflow/example_dags/example_dataset_alias_with_no_taskflow.py
[2026-09-06T09:14:41.909+0000] {processor.py:925} INFO - DAG(s) 'dataset_s3_bucket_consumer_with_no_taskflow', 'dataset_s3_bucket_producer_with_no_taskflow', 'dataset_alias_example_alias_producer_with_no_taskflow', 'dataset_alias_example_alias_consumer_with_no_taskflow' retrieved from /home/airflow/.local/lib/python3.12/site-packages/airflow/example_dags/example_dataset_alias_with_no_taskflow.py
[2026-09-06T09:14:41.924+0000] {logging_mixin.py:190} INFO - [2026-09-06T09:14:41.924+0000] {dag.py:3239} INFO - Sync 4 DAGs
[2026-09-06T09:14:41.942+0000] {logging_mixin.py:190} INFO - [2026-09-06T09:14:41.942+0000] {dag.py:4180} INFO - Setting next_dagrun for dataset_alias_example_alias_consumer_with_no_taskflow to None, run_after=None
[2026-09-06T09:14:41.944+0000] {logging_mixin.py:190} INFO - [2026-09-06T09:14:41.944+0000] {dag.py:4180} INFO - Setting next_dagrun for dataset_alias_example_alias_producer_with_no_taskflow to None, run_after=None
[2026-09-06T09:14:41.946+0000] {logging_mixin.py:190} INFO - [2026-09-06T09:14:41.946+0000] {dag.py:4180} INFO - Setting next_dagrun for dataset_s3_bucket_consumer_with_no_taskflow to None, run_after=None
[2026-09-06T09:14:41.947+0000] {logging_mixin.py:190} INFO - [2026-09-06T09:14:41.947+0000] {dag.py:4180} INFO - Setting next_dagrun for dataset_s3_bucket_producer_with_no_taskflow to None, run_after=None
[2026-09-06T09:14:41.963+0000] {processor.py:208} INFO - Processing /home/airflow/.local/lib/python3.12/site-packages/airflow/example_dags/example_dataset_alias_with_no_taskflow.py took 0.593 seconds
[2026-09-06T09:15:12.571+0000] {processor.py:186} INFO - Started process (PID=2697) to work on /home/airflow/.local/lib/python3.12/site-packages/airflow/example_dags/example_dataset_alias_with_no_taskflow.py
[2026-09-06T09:15:12.573+0000] {processor.py:914} INFO - Processing file /home/airflow/.local/lib/python3.12/site-packages/airflow/example_dags/example_dataset_alias_with_no_taskflow.py for tasks to queue
[2026-09-06T09:15:12.575+0000] {logging_mixin.py:190} INFO - [2026-09-06T09:15:12.575+0000] {dagbag.py:588} INFO - Filling up the DagBag from /home/airflow/.local/lib/python3.12/site-packages/airflow/example_dags/example_dataset_alias_with_no_taskflow.py
[2026-09-06T09:15:13.046+0000] {processor.py:925} INFO - DAG(s) 'dataset_alias_example_alias_consumer_with_no_taskflow', 'dataset_s3_bucket_consumer_with_no_taskflow', 'dataset_s3_bucket_producer_with_no_taskflow', 'dataset_alias_example_alias_producer_with_no_taskflow' retrieved from /home/airflow/.local/lib/python3.12/site-packages/airflow/example_dags/example_dataset_alias_with_no_taskflow.py
[2026-09-06T09:15:13.062+0000] {logging_mixin.py:190} INFO - [2026-09-06T09:15:13.061+0000] {dag.py:3239} INFO - Sync 4 DAGs
[2026-09-06T09:15:13.079+0000] {logging_mixin.py:190} INFO - [2026-09-06T09:15:13.079+0000] {dag.py:4180} INFO - Setting next_dagrun for dataset_alias_example_alias_consumer_with_no_taskflow to None, run_after=None
[2026-09-06T09:15:13.081+0000] {logging_mixin.py:190} INFO - [2026-09-06T09:15:13.081+0000] {dag.py:4180} INFO - Setting next_dagrun for dataset_alias_example_alias_producer_with_no_taskflow to None, run_after=None
[2026-09-06T09:15:13.083+0000] {logging_mixin.py:190} INFO - [2026-09-06T09:15:13.083+0000] {dag.py:4180} INFO - Setting next_dagrun for dataset_s3_bucket_consumer_with_no_taskflow to None, run_after=None
[2026-09-06T09:15:13.085+0000] {logging_mixin.py:190} INFO - [2026-09-06T09:15:13.085+0000] {dag.py:4180} INFO - Setting next_dagrun for dataset_s3_bucket_producer_with_no_taskflow to None, run_after=None
[2026-09-06T09:15:13.104+0000] {processor.py:208} INFO - Processing /home/airflow/.local/lib/python3.12/site-packages/airflow/example_dags/example_dataset_alias_with_no_taskflow.py took 0.538 seconds
[2026-09-06T09:15:43.260+0000] {processor.py:186} INFO - Started process (PID=2762) to work on /home/airflow/.local/lib/python3.12/site-packages/airflow/example_dags/example_dataset_alias_with_no_taskflow.py
[2026-09-06T09:15:43.261+0000] {processor.py:914} INFO - Processing file /home/airflow/.local/lib/python3.12/site-packages/airflow/example_dags/example_dataset_alias_with_no_taskflow.py for tasks to queue
[2026-09-06T09:15:43.263+0000] {logging_mixin.py:190} INFO - [2026-09-06T09:15:43.262+0000] {dagbag.py:588} INFO - Filling up the DagBag from /home/airflow/.local/lib/python3.12/site-packages/airflow/example_dags/example_dataset_alias_with_no_taskflow.py
[2026-09-06T09:15:43.737+0000] {processor.py:925} INFO - DAG(s) 'dataset_s3_bucket_producer_with_no_taskflow', 'dataset_s3_bucket_consumer_with_no_taskflow', 'dataset_alias_example_alias_producer_with_no_taskflow', 'dataset_alias_example_alias_consumer_with_no_taskflow' retrieved from /home/airflow/.local/lib/python3.12/site-packages/airflow/example_dags/example_dataset_alias_with_no_taskflow.py
[2026-09-06T09:15:43.759+0000] {logging_mixin.py:190} INFO - [2026-09-06T09:15:43.758+0000] {dag.py:3239} INFO - Sync 4 DAGs
[2026-09-06T09:15:43.780+0000] {logging_mixin.py:190} INFO - [2026-09-06T09:15:43.780+0000] {dag.py:4180} INFO - Setting next_dagrun for dataset_alias_example_alias_consumer_with_no_taskflow to None, run_after=None
[2026-09-06T09:15:43.783+0000] {logging_mixin.py:190} INFO - [2026-09-06T09:15:43.783+0000] {dag.py:4180} INFO - Setting next_dagrun for dataset_alias_example_alias_producer_with_no_taskflow to None, run_after=None
[2026-09-06T09:15:43.785+0000] {logging_mixin.py:190} INFO - [2026-09-06T09:15:43.785+0000] {dag.py:4180} INFO - Setting next_dagrun for dataset_s3_bucket_consumer_with_no_taskflow to None, run_after=None
[2026-09-06T09:15:43.787+0000] {logging_mixin.py:190} INFO - [2026-09-06T09:15:43.786+0000] {dag.py:4180} INFO - Setting next_dagrun for dataset_s3_bucket_producer_with_no_taskflow to None, run_after=None
[2026-09-06T09:15:43.827+0000] {processor.py:208} INFO - Processing /home/airflow/.local/lib/python3.12/site-packages/airflow/example_dags/example_dataset_alias_with_no_taskflow.py took 0.572 seconds
[2026-09-06T09:16:14.052+0000] {processor.py:186} INFO - Started process (PID=2826) to work on /home/airflow/.local/lib/python3.12/site-packages/airflow/example_dags/example_dataset_alias_with_no_taskflow.py
[2026-09-06T09:16:14.054+0000] {processor.py:914} INFO - Processing file /home/airflow/.local/lib/python3.12/site-packages/airflow/example_dags/example_dataset_alias_with_no_taskflow.py for tasks to queue
[2026-09-06T09:16:14.058+0000] {logging_mixin.py:190} INFO - [2026-09-06T09:16:14.058+0000] {dagbag.py:588} INFO - Filling up the DagBag from /home/airflow/.local/lib/python3.12/site-packages/airflow/example_dags/example_dataset_alias_with_no_taskflow.py
[2026-09-06T09:16:14.613+0000] {processor.py:925} INFO - DAG(s) 'dataset_s3_bucket_producer_with_no_taskflow', 'dataset_alias_example_alias_producer_with_no_taskflow', 'dataset_alias_example_alias_consumer_with_no_taskflow', 'dataset_s3_bucket_consumer_with_no_taskflow' retrieved from /home/airflow/.local/lib/python3.12/site-packages/airflow/example_dags/example_dataset_alias_with_no_taskflow.py
[2026-09-06T09:16:14.627+0000] {logging_mixin.py:190} INFO - [2026-09-06T09:16:14.626+0000] {dag.py:3239} INFO - Sync 4 DAGs
[2026-09-06T09:16:14.642+0000] {logging_mixin.py:190} INFO - [2026-09-06T09:16:14.642+0000] {dag.py:4180} INFO - Setting next_dagrun for dataset_alias_example_alias_consumer_with_no_taskflow to None, run_after=None
[2026-09-06T09:16:14.644+0000] {logging_mixin.py:190} INFO - [2026-09-06T09:16:14.644+0000] {dag.py:4180} INFO - Setting next_dagrun for dataset_alias_example_alias_producer_with_no_taskflow to None, run_after=None
[2026-09-06T09:16:14.645+0000] {logging_mixin.py:190} INFO - [2026-09-06T09:16:14.645+0000] {dag.py:4180} INFO - Setting next_dagrun for dataset_s3_bucket_consumer_with_no_taskflow to None, run_after=None
[2026-09-06T09:16:14.647+0000] {logging_mixin.py:190} INFO - [2026-09-06T09:16:14.647+0000] {dag.py:4180} INFO - Setting next_dagrun for dataset_s3_bucket_producer_with_no_taskflow to None, run_after=None
[2026-09-06T09:16:14.662+0000] {processor.py:208} INFO - Processing /home/airflow/.local/lib/python3.12/site-packages/airflow/example_dags/example_dataset_alias_with_no_taskflow.py took 0.620 seconds
[2026-09-06T09:16:44.775+0000] {processor.py:186} INFO - Started process (PID=2890) to work on /home/airflow/.local/lib/python3.12/site-packages/airflow/example_dags/example_dataset_alias_with_no_taskflow.py
[2026-09-06T09:16:44.776+0000] {processor.py:914} INFO - Processing file /home/airflow/.local/lib/python3.12/site-packages/airflow/example_dags/example_dataset_alias_with_no_taskflow.py for tasks to queue
[2026-09-06T09:16:44.779+0000] {logging_mixin.py:190} INFO - [2026-09-06T09:16:44.779+0000] {dagbag.py:588} INFO - Filling up the DagBag from /home/airflow/.local/lib/python3.12/site-packages/airflow/example_dags/example_dataset_alias_with_no_taskflow.py
[2026-09-06T09:16:45.325+0000] {processor.py:925} INFO - DAG(s) 'dataset_s3_bucket_consumer_with_no_taskflow', 'dataset_s3_bucket_producer_with_no_taskflow', 'dataset_alias_example_alias_consumer_with_no_taskflow', 'dataset_alias_example_alias_producer_with_no_taskflow' retrieved from /home/airflow/.local/lib/python3.12/site-packages/airflow/example_dags/example_dataset_alias_with_no_taskflow.py
[2026-09-06T09:16:45.342+0000] {logging_mixin.py:190} INFO - [2026-09-06T09:16:45.341+0000] {dag.py:3239} INFO - Sync 4 DAGs
[2026-09-06T09:16:45.363+0000] {logging_mixin.py:190} INFO - [2026-09-06T09:16:45.363+0000] {dag.py:4180} INFO - Setting next_dagrun for dataset_alias_example_alias_consumer_with_no_taskflow to None, run_after=None
[2026-09-06T09:16:45.365+0000] {logging_mixin.py:190} INFO - [2026-09-06T09:16:45.365+0000] {dag.py:4180} INFO - Setting next_dagrun for dataset_alias_example_alias_producer_with_no_taskflow to None, run_after=None
[2026-09-06T09:16:45.366+0000] {logging_mixin.py:190} INFO - [2026-09-06T09:16:45.366+0000] {dag.py:4180} INFO - Setting next_dagrun for dataset_s3_bucket_consumer_with_no_taskflow to None, run_after=None
[2026-09-06T09:16:45.369+0000] {logging_mixin.py:190} INFO - [2026-09-06T09:16:45.368+0000] {dag.py:4180} INFO - Setting next_dagrun for dataset_s3_bucket_producer_with_no_taskflow to None, run_after=None
[2026-09-06T09:16:45.389+0000] {processor.py:208} INFO - Processing /home/airflow/.local/lib/python3.12/site-packages/airflow/example_dags/example_dataset_alias_with_no_taskflow.py took 0.620 seconds
[2026-09-06T09:17:15.705+0000] {processor.py:186} INFO - Started process (PID=2955) to work on /home/airflow/.local/lib/python3.12/site-packages/airflow/example_dags/example_dataset_alias_with_no_taskflow.py
[2026-09-06T09:17:15.706+0000] {processor.py:914} INFO - Processing file /home/airflow/.local/lib/python3.12/site-packages/airflow/example_dags/example_dataset_alias_with_no_taskflow.py for tasks to queue
[2026-09-06T09:17:15.709+0000] {logging_mixin.py:190} INFO - [2026-09-06T09:17:15.708+0000] {dagbag.py:588} INFO - Filling up the DagBag from /home/airflow/.local/lib/python3.12/site-packages/airflow/example_dags/example_dataset_alias_with_no_taskflow.py
[2026-09-06T09:17:16.248+0000] {processor.py:925} INFO - DAG(s) 'dataset_alias_example_alias_consumer_with_no_taskflow', 'dataset_s3_bucket_consumer_with_no_taskflow', 'dataset_s3_bucket_producer_with_no_taskflow', 'dataset_alias_example_alias_producer_with_no_taskflow' retrieved from /home/airflow/.local/lib/python3.12/site-packages/airflow/example_dags/example_dataset_alias_with_no_taskflow.py
[2026-09-06T09:17:16.263+0000] {logging_mixin.py:190} INFO - [2026-09-06T09:17:16.263+0000] {dag.py:3239} INFO - Sync 4 DAGs
[2026-09-06T09:17:16.280+0000] {logging_mixin.py:190} INFO - [2026-09-06T09:17:16.280+0000] {dag.py:4180} INFO - Setting next_dagrun for dataset_alias_example_alias_consumer_with_no_taskflow to None, run_after=None
[2026-09-06T09:17:16.282+0000] {logging_mixin.py:190} INFO - [2026-09-06T09:17:16.282+0000] {dag.py:4180} INFO - Setting next_dagrun for dataset_alias_example_alias_producer_with_no_taskflow to None, run_after=None
[2026-09-06T09:17:16.284+0000] {logging_mixin.py:190} INFO - [2026-09-06T09:17:16.283+0000] {dag.py:4180} INFO - Setting next_dagrun for dataset_s3_bucket_consumer_with_no_taskflow to None, run_after=None
[2026-09-06T09:17:16.285+0000] {logging_mixin.py:190} INFO - [2026-09-06T09:17:16.285+0000] {dag.py:4180} INFO - Setting next_dagrun for dataset_s3_bucket_producer_with_no_taskflow to None, run_after=None
[2026-09-06T09:17:16.307+0000] {processor.py:208} INFO - Processing /home/airflow/.local/lib/python3.12/site-packages/airflow/example_dags/example_dataset_alias_with_no_taskflow.py took 0.606 seconds
[2026-09-06T09:17:46.401+0000] {processor.py:186} INFO - Started process (PID=3019) to work on /home/airflow/.local/lib/python3.12/site-packages/airflow/example_dags/example_dataset_alias_with_no_taskflow.py
[2026-09-06T09:17:46.402+0000] {processor.py:914} INFO - Processing file /home/airflow/.local/lib/python3.12/site-packages/airflow/example_dags/example_dataset_alias_with_no_taskflow.py for tasks to queue
[2026-09-06T09:17:46.404+0000] {logging_mixin.py:190} INFO - [2026-09-06T09:17:46.404+0000] {dagbag.py:588} INFO - Filling up the DagBag from /home/airflow/.local/lib/python3.12/site-packages/airflow/example_dags/example_dataset_alias_with_no_taskflow.py
[2026-09-06T09:17:46.891+0000] {processor.py:925} INFO - DAG(s) 'dataset_s3_bucket_consumer_with_no_taskflow', 'dataset_s3_bucket_producer_with_no_taskflow', 'dataset_alias_example_alias_consumer_with_no_taskflow', 'dataset_alias_example_alias_producer_with_no_taskflow' retrieved from /home/airflow/.local/lib/python3.12/site-packages/airflow/example_dags/example_dataset_alias_with_no_taskflow.py
[2026-09-06T09:17:46.905+0000] {logging_mixin.py:190} INFO - [2026-09-06T09:17:46.905+0000] {dag.py:3239} INFO - Sync 4 DAGs
[2026-09-06T09:17:46.923+0000] {logging_mixin.py:190} INFO - [2026-09-06T09:17:46.922+0000] {dag.py:4180} INFO - Setting next_dagrun for dataset_alias_example_alias_consumer_with_no_taskflow to None, run_after=None
[2026-09-06T09:17:46.925+0000] {logging_mixin.py:190} INFO - [2026-09-06T09:17:46.925+0000] {dag.py:4180} INFO - Setting next_dagrun for dataset_alias_example_alias_producer_with_no_taskflow to None, run_after=None
[2026-09-06T09:17:46.926+0000] {logging_mixin.py:190} INFO - [2026-09-06T09:17:46.926+0000] {dag.py:4180} INFO - Setting next_dagrun for dataset_s3_bucket_consumer_with_no_taskflow to None, run_after=None
[2026-09-06T09:17:46.927+0000] {logging_mixin.py:190} INFO - [2026-09-06T09:17:46.927+0000] {dag.py:4180} INFO - Setting next_dagrun for dataset_s3_bucket_producer_with_no_taskflow to None, run_after=None
[2026-09-06T09:17:46.945+0000] {processor.py:208} INFO - Processing /home/airflow/.local/lib/python3.12/site-packages/airflow/example_dags/example_dataset_alias_with_no_taskflow.py took 0.549 seconds
[2026-09-06T09:18:17.654+0000] {processor.py:186} INFO - Started process (PID=3083) to work on /home/airflow/.local/lib/python3.12/site-packages/airflow/example_dags/example_dataset_alias_with_no_taskflow.py
[2026-09-06T09:18:17.656+0000] {processor.py:914} INFO - Processing file /home/airflow/.local/lib/python3.12/site-packages/airflow/example_dags/example_dataset_alias_with_no_taskflow.py for tasks to queue
[2026-09-06T09:18:17.658+0000] {logging_mixin.py:190} INFO - [2026-09-06T09:18:17.658+0000] {dagbag.py:588} INFO - Filling up the DagBag from /home/airflow/.local/lib/python3.12/site-packages/airflow/example_dags/example_dataset_alias_with_no_taskflow.py
[2026-09-06T09:18:18.159+0000] {processor.py:925} INFO - DAG(s) 'dataset_s3_bucket_producer_with_no_taskflow', 'dataset_s3_bucket_consumer_with_no_taskflow', 'dataset_alias_example_alias_consumer_with_no_taskflow', 'dataset_alias_example_alias_producer_with_no_taskflow' retrieved from /home/airflow/.local/lib/python3.12/site-packages/airflow/example_dags/example_dataset_alias_with_no_taskflow.py
[2026-09-06T09:18:18.173+0000] {logging_mixin.py:190} INFO - [2026-09-06T09:18:18.173+0000] {dag.py:3239} INFO - Sync 4 DAGs
[2026-09-06T09:18:18.191+0000] {logging_mixin.py:190} INFO - [2026-09-06T09:18:18.190+0000] {dag.py:4180} INFO - Setting next_dagrun for dataset_alias_example_alias_consumer_with_no_taskflow to None, run_after=None
[2026-09-06T09:18:18.193+0000] {logging_mixin.py:190} INFO - [2026-09-06T09:18:18.192+0000] {dag.py:4180} INFO - Setting next_dagrun for dataset_alias_example_alias_producer_with_no_taskflow to None, run_after=None
[2026-09-06T09:18:18.194+0000] {logging_mixin.py:190} INFO - [2026-09-06T09:18:18.194+0000] {dag.py:4180} INFO - Setting next_dagrun for dataset_s3_bucket_consumer_with_no_taskflow to None, run_after=None
[2026-09-06T09:18:18.195+0000] {logging_mixin.py:190} INFO - [2026-09-06T09:18:18.195+0000] {dag.py:4180} INFO - Setting next_dagrun for dataset_s3_bucket_producer_with_no_taskflow to None, run_after=None
[2026-09-06T09:18:18.211+0000] {processor.py:208} INFO - Processing /home/airflow/.local/lib/python3.12/site-packages/airflow/example_dags/example_dataset_alias_with_no_taskflow.py took 0.562 seconds
[2026-09-06T09:18:48.948+0000] {processor.py:186} INFO - Started process (PID=3147) to work on /home/airflow/.local/lib/python3.12/site-packages/airflow/example_dags/example_dataset_alias_with_no_taskflow.py
[2026-09-06T09:18:48.949+0000] {processor.py:914} INFO - Processing file /home/airflow/.local/lib/python3.12/site-packages/airflow/example_dags/example_dataset_alias_with_no_taskflow.py for tasks to queue
[2026-09-06T09:18:48.951+0000] {logging_mixin.py:190} INFO - [2026-09-06T09:18:48.951+0000] {dagbag.py:588} INFO - Filling up the DagBag from /home/airflow/.local/lib/python3.12/site-packages/airflow/example_dags/example_dataset_alias_with_no_taskflow.py
[2026-09-06T09:18:49.501+0000] {processor.py:925} INFO - DAG(s) 'dataset_alias_example_alias_producer_with_no_taskflow', 'dataset_s3_bucket_consumer_with_no_taskflow', 'dataset_s3_bucket_producer_with_no_taskflow', 'dataset_alias_example_alias_consumer_with_no_taskflow' retrieved from /home/airflow/.local/lib/python3.12/site-packages/airflow/example_dags/example_dataset_alias_with_no_taskflow.py
[2026-09-06T09:18:49.518+0000] {logging_mixin.py:190} INFO - [2026-09-06T09:18:49.517+0000] {dag.py:3239} INFO - Sync 4 DAGs
[2026-09-06T09:18:49.535+0000] {logging_mixin.py:190} INFO - [2026-09-06T09:18:49.535+0000] {dag.py:4180} INFO - Setting next_dagrun for dataset_alias_example_alias_consumer_with_no_taskflow to None, run_after=None
[2026-09-06T09:18:49.539+0000] {logging_mixin.py:190} INFO - [2026-09-06T09:18:49.539+0000] {dag.py:4180} INFO - Setting next_dagrun for dataset_alias_example_alias_producer_with_no_taskflow to None, run_after=None
[2026-09-06T09:18:49.541+0000] {logging_mixin.py:190} INFO - [2026-09-06T09:18:49.541+0000] {dag.py:4180} INFO - Setting next_dagrun for dataset_s3_bucket_consumer_with_no_taskflow to None, run_after=None
[2026-09-06T09:18:49.542+0000] {logging_mixin.py:190} INFO - [2026-09-06T09:18:49.542+0000] {dag.py:4180} INFO - Setting next_dagrun for dataset_s3_bucket_producer_with_no_taskflow to None, run_after=None
[2026-09-06T09:18:49.559+0000] {processor.py:208} INFO - Processing /home/airflow/.local/lib/python3.12/site-packages/airflow/example_dags/example_dataset_alias_with_no_taskflow.py took 0.616 seconds
[2026-09-06T09:19:19.621+0000] {processor.py:186} INFO - Started process (PID=3211) to work on /home/airflow/.local/lib/python3.12/site-packages/airflow/example_dags/example_dataset_alias_with_no_taskflow.py
[2026-09-06T09:19:19.622+0000] {processor.py:914} INFO - Processing file /home/airflow/.local/lib/python3.12/site-packages/airflow/example_dags/example_dataset_alias_with_no_taskflow.py for tasks to queue
[2026-09-06T09:19:19.624+0000] {logging_mixin.py:190} INFO - [2026-09-06T09:19:19.624+0000] {dagbag.py:588} INFO - Filling up the DagBag from /home/airflow/.local/lib/python3.12/site-packages/airflow/example_dags/example_dataset_alias_with_no_taskflow.py
[2026-09-06T09:19:20.126+0000] {processor.py:925} INFO - DAG(s) 'dataset_alias_example_alias_producer_with_no_taskflow', 'dataset_s3_bucket_producer_with_no_taskflow', 'dataset_s3_bucket_consumer_with_no_taskflow', 'dataset_alias_example_alias_consumer_with_no_taskflow' retrieved from /home/airflow/.local/lib/python3.12/site-packages/airflow/example_dags/example_dataset_alias_with_no_taskflow.py
[2026-09-06T09:19:20.141+0000] {logging_mixin.py:190} INFO - [2026-09-06T09:19:20.141+0000] {dag.py:3239} INFO - Sync 4 DAGs
[2026-09-06T09:19:20.157+0000] {logging_mixin.py:190} INFO - [2026-09-06T09:19:20.157+0000] {dag.py:4180} INFO - Setting next_dagrun for dataset_alias_example_alias_consumer_with_no_taskflow to None, run_after=None
[2026-09-06T09:19:20.160+0000] {logging_mixin.py:190} INFO - [2026-09-06T09:19:20.159+0000] {dag.py:4180} INFO - Setting next_dagrun for dataset_alias_example_alias_producer_with_no_taskflow to None, run_after=None
[2026-09-06T09:19:20.161+0000] {logging_mixin.py:190} INFO - [2026-09-06T09:19:20.161+0000] {dag.py:4180} INFO - Setting next_dagrun for dataset_s3_bucket_consumer_with_no_taskflow to None, run_after=None
[2026-09-06T09:19:20.162+0000] {logging_mixin.py:190} INFO - [2026-09-06T09:19:20.162+0000] {dag.py:4180} INFO - Setting next_dagrun for dataset_s3_bucket_producer_with_no_taskflow to None, run_after=None
[2026-09-06T09:19:20.180+0000] {processor.py:208} INFO - Processing /home/airflow/.local/lib/python3.12/site-packages/airflow/example_dags/example_dataset_alias_with_no_taskflow.py took 0.564 seconds
[2026-09-06T09:19:51.077+0000] {processor.py:186} INFO - Started process (PID=3277) to work on /home/airflow/.local/lib/python3.12/site-packages/airflow/example_dags/example_dataset_alias_with_no_taskflow.py
[2026-09-06T09:19:51.078+0000] {processor.py:914} INFO - Processing file /home/airflow/.local/lib/python3.12/site-packages/airflow/example_dags/example_dataset_alias_with_no_taskflow.py for tasks to queue
[2026-09-06T09:19:51.080+0000] {logging_mixin.py:190} INFO - [2026-09-06T09:19:51.080+0000] {dagbag.py:588} INFO - Filling up the DagBag from /home/airflow/.local/lib/python3.12/site-packages/airflow/example_dags/example_dataset_alias_with_no_taskflow.py
[2026-09-06T09:19:51.515+0000] {processor.py:925} INFO - DAG(s) 'dataset_alias_example_alias_producer_with_no_taskflow', 'dataset_s3_bucket_producer_with_no_taskflow', 'dataset_alias_example_alias_consumer_with_no_taskflow', 'dataset_s3_bucket_consumer_with_no_taskflow' retrieved from /home/airflow/.local/lib/python3.12/site-packages/airflow/example_dags/example_dataset_alias_with_no_taskflow.py
[2026-09-06T09:19:51.529+0000] {logging_mixin.py:190} INFO - [2026-09-06T09:19:51.529+0000] {dag.py:3239} INFO - Sync 4 DAGs
[2026-09-06T09:19:51.545+0000] {logging_mixin.py:190} INFO - [2026-09-06T09:19:51.545+0000] {dag.py:4180} INFO - Setting next_dagrun for dataset_alias_example_alias_consumer_with_no_taskflow to None, run_after=None
[2026-09-06T09:19:51.547+0000] {logging_mixin.py:190} INFO - [2026-09-06T09:19:51.547+0000] {dag.py:4180} INFO - Setting next_dagrun for dataset_alias_example_alias_producer_with_no_taskflow to None, run_after=None
[2026-09-06T09:19:51.548+0000] {logging_mixin.py:190} INFO - [2026-09-06T09:19:51.548+0000] {dag.py:4180} INFO - Setting next_dagrun for dataset_s3_bucket_consumer_with_no_taskflow to None, run_after=None
[2026-09-06T09:19:51.549+0000] {logging_mixin.py:190} INFO - [2026-09-06T09:19:51.549+0000] {dag.py:4180} INFO - Setting next_dagrun for dataset_s3_bucket_producer_with_no_taskflow to None, run_after=None
[2026-09-06T09:19:51.564+0000] {processor.py:208} INFO - Processing /home/airflow/.local/lib/python3.12/site-packages/airflow/example_dags/example_dataset_alias_with_no_taskflow.py took 0.492 seconds
[2026-09-06T09:20:22.782+0000] {processor.py:186} INFO - Started process (PID=3343) to work on /home/airflow/.local/lib/python3.12/site-packages/airflow/example_dags/example_dataset_alias_with_no_taskflow.py
[2026-09-06T09:20:22.783+0000] {processor.py:914} INFO - Processing file /home/airflow/.local/lib/python3.12/site-packages/airflow/example_dags/example_dataset_alias_with_no_taskflow.py for tasks to queue
[2026-09-06T09:20:22.785+0000] {logging_mixin.py:190} INFO - [2026-09-06T09:20:22.785+0000] {dagbag.py:588} INFO - Filling up the DagBag from /home/airflow/.local/lib/python3.12/site-packages/airflow/example_dags/example_dataset_alias_with_no_taskflow.py
[2026-09-06T09:20:23.277+0000] {processor.py:925} INFO - DAG(s) 'dataset_s3_bucket_producer_with_no_taskflow', 'dataset_alias_example_alias_consumer_with_no_taskflow', 'dataset_s3_bucket_consumer_with_no_taskflow', 'dataset_alias_example_alias_producer_with_no_taskflow' retrieved from /home/airflow/.local/lib/python3.12/site-packages/airflow/example_dags/example_dataset_alias_with_no_taskflow.py
[2026-09-06T09:20:23.293+0000] {logging_mixin.py:190} INFO - [2026-09-06T09:20:23.292+0000] {dag.py:3239} INFO - Sync 4 DAGs
[2026-09-06T09:20:23.310+0000] {logging_mixin.py:190} INFO - [2026-09-06T09:20:23.310+0000] {dag.py:4180} INFO - Setting next_dagrun for dataset_alias_example_alias_consumer_with_no_taskflow to None, run_after=None
[2026-09-06T09:20:23.312+0000] {logging_mixin.py:190} INFO - [2026-09-06T09:20:23.312+0000] {dag.py:4180} INFO - Setting next_dagrun for dataset_alias_example_alias_producer_with_no_taskflow to None, run_after=None
[2026-09-06T09:20:23.314+0000] {logging_mixin.py:190} INFO - [2026-09-06T09:20:23.314+0000] {dag.py:4180} INFO - Setting next_dagrun for dataset_s3_bucket_consumer_with_no_taskflow to None, run_after=None
[2026-09-06T09:20:23.315+0000] {logging_mixin.py:190} INFO - [2026-09-06T09:20:23.315+0000] {dag.py:4180} INFO - Setting next_dagrun for dataset_s3_bucket_producer_with_no_taskflow to None, run_after=None
[2026-09-06T09:20:23.332+0000] {processor.py:208} INFO - Processing /home/airflow/.local/lib/python3.12/site-packages/airflow/example_dags/example_dataset_alias_with_no_taskflow.py took 0.555 seconds
[2026-09-06T09:20:53.948+0000] {processor.py:186} INFO - Started process (PID=3407) to work on /home/airflow/.local/lib/python3.12/site-packages/airflow/example_dags/example_dataset_alias_with_no_taskflow.py
[2026-09-06T09:20:53.949+0000] {processor.py:914} INFO - Processing file /home/airflow/.local/lib/python3.12/site-packages/airflow/example_dags/example_dataset_alias_with_no_taskflow.py for tasks to queue
[2026-09-06T09:20:53.953+0000] {logging_mixin.py:190} INFO - [2026-09-06T09:20:53.952+0000] {dagbag.py:588} INFO - Filling up the DagBag from /home/airflow/.local/lib/python3.12/site-packages/airflow/example_dags/example_dataset_alias_with_no_taskflow.py
[2026-09-06T09:20:54.379+0000] {processor.py:925} INFO - DAG(s) 'dataset_s3_bucket_consumer_with_no_taskflow', 'dataset_alias_example_alias_consumer_with_no_taskflow', 'dataset_alias_example_alias_producer_with_no_taskflow', 'dataset_s3_bucket_producer_with_no_taskflow' retrieved from /home/airflow/.local/lib/python3.12/site-packages/airflow/example_dags/example_dataset_alias_with_no_taskflow.py
[2026-09-06T09:20:54.401+0000] {logging_mixin.py:190} INFO - [2026-09-06T09:20:54.400+0000] {dag.py:3239} INFO - Sync 4 DAGs
[2026-09-06T09:20:54.423+0000] {logging_mixin.py:190} INFO - [2026-09-06T09:20:54.423+0000] {dag.py:4180} INFO - Setting next_dagrun for dataset_alias_example_alias_consumer_with_no_taskflow to None, run_after=None
[2026-09-06T09:20:54.426+0000] {logging_mixin.py:190} INFO - [2026-09-06T09:20:54.426+0000] {dag.py:4180} INFO - Setting next_dagrun for dataset_alias_example_alias_producer_with_no_taskflow to None, run_after=None
[2026-09-06T09:20:54.428+0000] {logging_mixin.py:190} INFO - [2026-09-06T09:20:54.428+0000] {dag.py:4180} INFO - Setting next_dagrun for dataset_s3_bucket_consumer_with_no_taskflow to None, run_after=None
[2026-09-06T09:20:54.429+0000] {logging_mixin.py:190} INFO - [2026-09-06T09:20:54.429+0000] {dag.py:4180} INFO - Setting next_dagrun for dataset_s3_bucket_producer_with_no_taskflow to None, run_after=None
[2026-09-06T09:20:54.447+0000] {processor.py:208} INFO - Processing /home/airflow/.local/lib/python3.12/site-packages/airflow/example_dags/example_dataset_alias_with_no_taskflow.py took 0.506 seconds
[2026-09-06T09:21:25.377+0000] {processor.py:186} INFO - Started process (PID=3473) to work on /home/airflow/.local/lib/python3.12/site-packages/airflow/example_dags/example_dataset_alias_with_no_taskflow.py
[2026-09-06T09:21:25.378+0000] {processor.py:914} INFO - Processing file /home/airflow/.local/lib/python3.12/site-packages/airflow/example_dags/example_dataset_alias_with_no_taskflow.py for tasks to queue
[2026-09-06T09:21:25.380+0000] {logging_mixin.py:190} INFO - [2026-09-06T09:21:25.380+0000] {dagbag.py:588} INFO - Filling up the DagBag from /home/airflow/.local/lib/python3.12/site-packages/airflow/example_dags/example_dataset_alias_with_no_taskflow.py
[2026-09-06T09:21:25.730+0000] {processor.py:925} INFO - DAG(s) 'dataset_s3_bucket_consumer_with_no_taskflow', 'dataset_alias_example_alias_producer_with_no_taskflow', 'dataset_alias_example_alias_consumer_with_no_taskflow', 'dataset_s3_bucket_producer_with_no_taskflow' retrieved from /home/airflow/.local/lib/python3.12/site-packages/airflow/example_dags/example_dataset_alias_with_no_taskflow.py
[2026-09-06T09:21:25.746+0000] {logging_mixin.py:190} INFO - [2026-09-06T09:21:25.745+0000] {dag.py:3239} INFO - Sync 4 DAGs
[2026-09-06T09:21:25.767+0000] {logging_mixin.py:190} INFO - [2026-09-06T09:21:25.767+0000] {dag.py:4180} INFO - Setting next_dagrun for dataset_alias_example_alias_consumer_with_no_taskflow to None, run_after=None
[2026-09-06T09:21:25.770+0000] {logging_mixin.py:190} INFO - [2026-09-06T09:21:25.769+0000] {dag.py:4180} INFO - Setting next_dagrun for dataset_alias_example_alias_producer_with_no_taskflow to None, run_after=None
[2026-09-06T09:21:25.771+0000] {logging_mixin.py:190} INFO - [2026-09-06T09:21:25.771+0000] {dag.py:4180} INFO - Setting next_dagrun for dataset_s3_bucket_consumer_with_no_taskflow to None, run_after=None
[2026-09-06T09:21:25.772+0000] {logging_mixin.py:190} INFO - [2026-09-06T09:21:25.772+0000] {dag.py:4180} INFO - Setting next_dagrun for dataset_s3_bucket_producer_with_no_taskflow to None, run_after=None
[2026-09-06T09:21:25.790+0000] {processor.py:208} INFO - Processing /home/airflow/.local/lib/python3.12/site-packages/airflow/example_dags/example_dataset_alias_with_no_taskflow.py took 0.418 seconds
[2026-09-06T09:21:56.873+0000] {processor.py:186} INFO - Started process (PID=3540) to work on /home/airflow/.local/lib/python3.12/site-packages/airflow/example_dags/example_dataset_alias_with_no_taskflow.py
[2026-09-06T09:21:56.874+0000] {processor.py:914} INFO - Processing file /home/airflow/.local/lib/python3.12/site-packages/airflow/example_dags/example_dataset_alias_with_no_taskflow.py for tasks to queue
[2026-09-06T09:21:56.876+0000] {logging_mixin.py:190} INFO - [2026-09-06T09:21:56.876+0000] {dagbag.py:588} INFO - Filling up the DagBag from /home/airflow/.local/lib/python3.12/site-packages/airflow/example_dags/example_dataset_alias_with_no_taskflow.py
[2026-09-06T09:21:57.185+0000] {processor.py:925} INFO - DAG(s) 'dataset_s3_bucket_producer_with_no_taskflow', 'dataset_alias_example_alias_producer_with_no_taskflow', 'dataset_s3_bucket_consumer_with_no_taskflow', 'dataset_alias_example_alias_consumer_with_no_taskflow' retrieved from /home/airflow/.local/lib/python3.12/site-packages/airflow/example_dags/example_dataset_alias_with_no_taskflow.py
[2026-09-06T09:21:57.201+0000] {logging_mixin.py:190} INFO - [2026-09-06T09:21:57.201+0000] {dag.py:3239} INFO - Sync 4 DAGs
[2026-09-06T09:21:57.222+0000] {logging_mixin.py:190} INFO - [2026-09-06T09:21:57.222+0000] {dag.py:4180} INFO - Setting next_dagrun for dataset_alias_example_alias_consumer_with_no_taskflow to None, run_after=None
[2026-09-06T09:21:57.224+0000] {logging_mixin.py:190} INFO - [2026-09-06T09:21:57.224+0000] {dag.py:4180} INFO - Setting next_dagrun for dataset_alias_example_alias_producer_with_no_taskflow to None, run_after=None
[2026-09-06T09:21:57.227+0000] {logging_mixin.py:190} INFO - [2026-09-06T09:21:57.226+0000] {dag.py:4180} INFO - Setting next_dagrun for dataset_s3_bucket_consumer_with_no_taskflow to None, run_after=None
[2026-09-06T09:21:57.228+0000] {logging_mixin.py:190} INFO - [2026-09-06T09:21:57.228+0000] {dag.py:4180} INFO - Setting next_dagrun for dataset_s3_bucket_producer_with_no_taskflow to None, run_after=None
[2026-09-06T09:21:57.249+0000] {processor.py:208} INFO - Processing /home/airflow/.local/lib/python3.12/site-packages/airflow/example_dags/example_dataset_alias_with_no_taskflow.py took 0.380 seconds
[2026-09-06T09:22:27.893+0000] {processor.py:186} INFO - Started process (PID=3604) to work on /home/airflow/.local/lib/python3.12/site-packages/airflow/example_dags/example_dataset_alias_with_no_taskflow.py
[2026-09-06T09:22:27.894+0000] {processor.py:914} INFO - Processing file /home/airflow/.local/lib/python3.12/site-packages/airflow/example_dags/example_dataset_alias_with_no_taskflow.py for tasks to queue
[2026-09-06T09:22:27.896+0000] {logging_mixin.py:190} INFO - [2026-09-06T09:22:27.896+0000] {dagbag.py:588} INFO - Filling up the DagBag from /home/airflow/.local/lib/python3.12/site-packages/airflow/example_dags/example_dataset_alias_with_no_taskflow.py
[2026-09-06T09:22:28.203+0000] {processor.py:925} INFO - DAG(s) 'dataset_alias_example_alias_consumer_with_no_taskflow', 'dataset_alias_example_alias_producer_with_no_taskflow', 'dataset_s3_bucket_producer_with_no_taskflow', 'dataset_s3_bucket_consumer_with_no_taskflow' retrieved from /home/airflow/.local/lib/python3.12/site-packages/airflow/example_dags/example_dataset_alias_with_no_taskflow.py
[2026-09-06T09:22:28.218+0000] {logging_mixin.py:190} INFO - [2026-09-06T09:22:28.217+0000] {dag.py:3239} INFO - Sync 4 DAGs
[2026-09-06T09:22:28.235+0000] {logging_mixin.py:190} INFO - [2026-09-06T09:22:28.235+0000] {dag.py:4180} INFO - Setting next_dagrun for dataset_alias_example_alias_consumer_with_no_taskflow to None, run_after=None
[2026-09-06T09:22:28.237+0000] {logging_mixin.py:190} INFO - [2026-09-06T09:22:28.237+0000] {dag.py:4180} INFO - Setting next_dagrun for dataset_alias_example_alias_producer_with_no_taskflow to None, run_after=None
[2026-09-06T09:22:28.238+0000] {logging_mixin.py:190} INFO - [2026-09-06T09:22:28.238+0000] {dag.py:4180} INFO - Setting next_dagrun for dataset_s3_bucket_consumer_with_no_taskflow to None, run_after=None
[2026-09-06T09:22:28.239+0000] {logging_mixin.py:190} INFO - [2026-09-06T09:22:28.239+0000] {dag.py:4180} INFO - Setting next_dagrun for dataset_s3_bucket_producer_with_no_taskflow to None, run_after=None
[2026-09-06T09:22:28.256+0000] {processor.py:208} INFO - Processing /home/airflow/.local/lib/python3.12/site-packages/airflow/example_dags/example_dataset_alias_with_no_taskflow.py took 0.368 seconds
[2026-09-06T09:22:58.823+0000] {processor.py:186} INFO - Started process (PID=3668) to work on /home/airflow/.local/lib/python3.12/site-packages/airflow/example_dags/example_dataset_alias_with_no_taskflow.py
[2026-09-06T09:22:58.824+0000] {processor.py:914} INFO - Processing file /home/airflow/.local/lib/python3.12/site-packages/airflow/example_dags/example_dataset_alias_with_no_taskflow.py for tasks to queue
[2026-09-06T09:22:58.826+0000] {logging_mixin.py:190} INFO - [2026-09-06T09:22:58.826+0000] {dagbag.py:588} INFO - Filling up the DagBag from /home/airflow/.local/lib/python3.12/site-packages/airflow/example_dags/example_dataset_alias_with_no_taskflow.py
[2026-09-06T09:22:59.141+0000] {processor.py:925} INFO - DAG(s) 'dataset_s3_bucket_producer_with_no_taskflow', 'dataset_alias_example_alias_producer_with_no_taskflow', 'dataset_s3_bucket_consumer_with_no_taskflow', 'dataset_alias_example_alias_consumer_with_no_taskflow' retrieved from /home/airflow/.local/lib/python3.12/site-packages/airflow/example_dags/example_dataset_alias_with_no_taskflow.py
[2026-09-06T09:22:59.157+0000] {logging_mixin.py:190} INFO - [2026-09-06T09:22:59.157+0000] {dag.py:3239} INFO - Sync 4 DAGs
[2026-09-06T09:22:59.175+0000] {logging_mixin.py:190} INFO - [2026-09-06T09:22:59.175+0000] {dag.py:4180} INFO - Setting next_dagrun for dataset_alias_example_alias_consumer_with_no_taskflow to None, run_after=None
[2026-09-06T09:22:59.177+0000] {logging_mixin.py:190} INFO - [2026-09-06T09:22:59.177+0000] {dag.py:4180} INFO - Setting next_dagrun for dataset_alias_example_alias_producer_with_no_taskflow to None, run_after=None
[2026-09-06T09:22:59.179+0000] {logging_mixin.py:190} INFO - [2026-09-06T09:22:59.178+0000] {dag.py:4180} INFO - Setting next_dagrun for dataset_s3_bucket_consumer_with_no_taskflow to None, run_after=None
[2026-09-06T09:22:59.180+0000] {logging_mixin.py:190} INFO - [2026-09-06T09:22:59.180+0000] {dag.py:4180} INFO - Setting next_dagrun for dataset_s3_bucket_producer_with_no_taskflow to None, run_after=None
[2026-09-06T09:22:59.200+0000] {processor.py:208} INFO - Processing /home/airflow/.local/lib/python3.12/site-packages/airflow/example_dags/example_dataset_alias_with_no_taskflow.py took 0.382 seconds
[2026-09-06T09:23:30.133+0000] {processor.py:186} INFO - Started process (PID=3740) to work on /home/airflow/.local/lib/python3.12/site-packages/airflow/example_dags/example_dataset_alias_with_no_taskflow.py
[2026-09-06T09:23:30.134+0000] {processor.py:914} INFO - Processing file /home/airflow/.local/lib/python3.12/site-packages/airflow/example_dags/example_dataset_alias_with_no_taskflow.py for tasks to queue
[2026-09-06T09:23:30.136+0000] {logging_mixin.py:190} INFO - [2026-09-06T09:23:30.136+0000] {dagbag.py:588} INFO - Filling up the DagBag from /home/airflow/.local/lib/python3.12/site-packages/airflow/example_dags/example_dataset_alias_with_no_taskflow.py
[2026-09-06T09:23:30.459+0000] {processor.py:925} INFO - DAG(s) 'dataset_s3_bucket_producer_with_no_taskflow', 'dataset_s3_bucket_consumer_with_no_taskflow', 'dataset_alias_example_alias_producer_with_no_taskflow', 'dataset_alias_example_alias_consumer_with_no_taskflow' retrieved from /home/airflow/.local/lib/python3.12/site-packages/airflow/example_dags/example_dataset_alias_with_no_taskflow.py
[2026-09-06T09:23:30.476+0000] {logging_mixin.py:190} INFO - [2026-09-06T09:23:30.475+0000] {dag.py:3239} INFO - Sync 4 DAGs
[2026-09-06T09:23:30.497+0000] {logging_mixin.py:190} INFO - [2026-09-06T09:23:30.497+0000] {dag.py:4180} INFO - Setting next_dagrun for dataset_alias_example_alias_consumer_with_no_taskflow to None, run_after=None
[2026-09-06T09:23:30.500+0000] {logging_mixin.py:190} INFO - [2026-09-06T09:23:30.500+0000] {dag.py:4180} INFO - Setting next_dagrun for dataset_alias_example_alias_producer_with_no_taskflow to None, run_after=None
[2026-09-06T09:23:30.501+0000] {logging_mixin.py:190} INFO - [2026-09-06T09:23:30.501+0000] {dag.py:4180} INFO - Setting next_dagrun for dataset_s3_bucket_consumer_with_no_taskflow to None, run_after=None
[2026-09-06T09:23:30.502+0000] {logging_mixin.py:190} INFO - [2026-09-06T09:23:30.502+0000] {dag.py:4180} INFO - Setting next_dagrun for dataset_s3_bucket_producer_with_no_taskflow to None, run_after=None
[2026-09-06T09:23:30.520+0000] {processor.py:208} INFO - Processing /home/airflow/.local/lib/python3.12/site-packages/airflow/example_dags/example_dataset_alias_with_no_taskflow.py took 0.392 seconds
[2026-09-06T09:24:00.969+0000] {processor.py:186} INFO - Started process (PID=3804) to work on /home/airflow/.local/lib/python3.12/site-packages/airflow/example_dags/example_dataset_alias_with_no_taskflow.py
[2026-09-06T09:24:00.971+0000] {processor.py:914} INFO - Processing file /home/airflow/.local/lib/python3.12/site-packages/airflow/example_dags/example_dataset_alias_with_no_taskflow.py for tasks to queue
[2026-09-06T09:24:00.973+0000] {logging_mixin.py:190} INFO - [2026-09-06T09:24:00.973+0000] {dagbag.py:588} INFO - Filling up the DagBag from /home/airflow/.local/lib/python3.12/site-packages/airflow/example_dags/example_dataset_alias_with_no_taskflow.py
[2026-09-06T09:24:01.275+0000] {processor.py:925} INFO - DAG(s) 'dataset_alias_example_alias_consumer_with_no_taskflow', 'dataset_s3_bucket_consumer_with_no_taskflow', 'dataset_s3_bucket_producer_with_no_taskflow', 'dataset_alias_example_alias_producer_with_no_taskflow' retrieved from /home/airflow/.local/lib/python3.12/site-packages/airflow/example_dags/example_dataset_alias_with_no_taskflow.py
[2026-09-06T09:24:01.291+0000] {logging_mixin.py:190} INFO - [2026-09-06T09:24:01.291+0000] {dag.py:3239} INFO - Sync 4 DAGs
[2026-09-06T09:24:01.311+0000] {logging_mixin.py:190} INFO - [2026-09-06T09:24:01.311+0000] {dag.py:4180} INFO - Setting next_dagrun for dataset_alias_example_alias_consumer_with_no_taskflow to None, run_after=None
[2026-09-06T09:24:01.314+0000] {logging_mixin.py:190} INFO - [2026-09-06T09:24:01.314+0000] {dag.py:4180} INFO - Setting next_dagrun for dataset_alias_example_alias_producer_with_no_taskflow to None, run_after=None
[2026-09-06T09:24:01.315+0000] {logging_mixin.py:190} INFO - [2026-09-06T09:24:01.315+0000] {dag.py:4180} INFO - Setting next_dagrun for dataset_s3_bucket_consumer_with_no_taskflow to None, run_after=None
[2026-09-06T09:24:01.316+0000] {logging_mixin.py:190} INFO - [2026-09-06T09:24:01.316+0000] {dag.py:4180} INFO - Setting next_dagrun for dataset_s3_bucket_producer_with_no_taskflow to None, run_after=None
[2026-09-06T09:24:01.335+0000] {processor.py:208} INFO - Processing /home/airflow/.local/lib/python3.12/site-packages/airflow/example_dags/example_dataset_alias_with_no_taskflow.py took 0.372 seconds
[2026-09-06T09:24:32.279+0000] {processor.py:186} INFO - Started process (PID=3870) to work on /home/airflow/.local/lib/python3.12/site-packages/airflow/example_dags/example_dataset_alias_with_no_taskflow.py
[2026-09-06T09:24:32.280+0000] {processor.py:914} INFO - Processing file /home/airflow/.local/lib/python3.12/site-packages/airflow/example_dags/example_dataset_alias_with_no_taskflow.py for tasks to queue
[2026-09-06T09:24:32.283+0000] {logging_mixin.py:190} INFO - [2026-09-06T09:24:32.283+0000] {dagbag.py:588} INFO - Filling up the DagBag from /home/airflow/.local/lib/python3.12/site-packages/airflow/example_dags/example_dataset_alias_with_no_taskflow.py
[2026-09-06T09:24:32.641+0000] {processor.py:925} INFO - DAG(s) 'dataset_s3_bucket_consumer_with_no_taskflow', 'dataset_alias_example_alias_producer_with_no_taskflow', 'dataset_s3_bucket_producer_with_no_taskflow', 'dataset_alias_example_alias_consumer_with_no_taskflow' retrieved from /home/airflow/.local/lib/python3.12/site-packages/airflow/example_dags/example_dataset_alias_with_no_taskflow.py
[2026-09-06T09:24:32.658+0000] {logging_mixin.py:190} INFO - [2026-09-06T09:24:32.657+0000] {dag.py:3239} INFO - Sync 4 DAGs
[2026-09-06T09:24:32.679+0000] {logging_mixin.py:190} INFO - [2026-09-06T09:24:32.678+0000] {dag.py:4180} INFO - Setting next_dagrun for dataset_alias_example_alias_consumer_with_no_taskflow to None, run_after=None
[2026-09-06T09:24:32.681+0000] {logging_mixin.py:190} INFO - [2026-09-06T09:24:32.681+0000] {dag.py:4180} INFO - Setting next_dagrun for dataset_alias_example_alias_producer_with_no_taskflow to None, run_after=None
[2026-09-06T09:24:32.682+0000] {logging_mixin.py:190} INFO - [2026-09-06T09:24:32.682+0000] {dag.py:4180} INFO - Setting next_dagrun for dataset_s3_bucket_consumer_with_no_taskflow to None, run_after=None
[2026-09-06T09:24:32.683+0000] {logging_mixin.py:190} INFO - [2026-09-06T09:24:32.683+0000] {dag.py:4180} INFO - Setting next_dagrun for dataset_s3_bucket_producer_with_no_taskflow to None, run_after=None
[2026-09-06T09:24:32.700+0000] {processor.py:208} INFO - Processing /home/airflow/.local/lib/python3.12/site-packages/airflow/example_dags/example_dataset_alias_with_no_taskflow.py took 0.427 seconds
[2026-09-06T09:25:03.329+0000] {processor.py:186} INFO - Started process (PID=3934) to work on /home/airflow/.local/lib/python3.12/site-packages/airflow/example_dags/example_dataset_alias_with_no_taskflow.py
[2026-09-06T09:25:03.330+0000] {processor.py:914} INFO - Processing file /home/airflow/.local/lib/python3.12/site-packages/airflow/example_dags/example_dataset_alias_with_no_taskflow.py for tasks to queue
[2026-09-06T09:25:03.332+0000] {logging_mixin.py:190} INFO - [2026-09-06T09:25:03.332+0000] {dagbag.py:588} INFO - Filling up the DagBag from /home/airflow/.local/lib/python3.12/site-packages/airflow/example_dags/example_dataset_alias_with_no_taskflow.py
[2026-09-06T09:25:03.699+0000] {processor.py:925} INFO - DAG(s) 'dataset_alias_example_alias_consumer_with_no_taskflow', 'dataset_s3_bucket_producer_with_no_taskflow', 'dataset_alias_example_alias_producer_with_no_taskflow', 'dataset_s3_bucket_consumer_with_no_taskflow' retrieved from /home/airflow/.local/lib/python3.12/site-packages/airflow/example_dags/example_dataset_alias_with_no_taskflow.py
[2026-09-06T09:25:03.722+0000] {logging_mixin.py:190} INFO - [2026-09-06T09:25:03.721+0000] {dag.py:3239} INFO - Sync 4 DAGs
[2026-09-06T09:25:03.754+0000] {logging_mixin.py:190} INFO - [2026-09-06T09:25:03.753+0000] {dag.py:4180} INFO - Setting next_dagrun for dataset_alias_example_alias_consumer_with_no_taskflow to None, run_after=None
[2026-09-06T09:25:03.756+0000] {logging_mixin.py:190} INFO - [2026-09-06T09:25:03.756+0000] {dag.py:4180} INFO - Setting next_dagrun for dataset_alias_example_alias_producer_with_no_taskflow to None, run_after=None
[2026-09-06T09:25:03.757+0000] {logging_mixin.py:190} INFO - [2026-09-06T09:25:03.757+0000] {dag.py:4180} INFO - Setting next_dagrun for dataset_s3_bucket_consumer_with_no_taskflow to None, run_after=None
[2026-09-06T09:25:03.759+0000] {logging_mixin.py:190} INFO - [2026-09-06T09:25:03.758+0000] {dag.py:4180} INFO - Setting next_dagrun for dataset_s3_bucket_producer_with_no_taskflow to None, run_after=None
[2026-09-06T09:25:03.778+0000] {processor.py:208} INFO - Processing /home/airflow/.local/lib/python3.12/site-packages/airflow/example_dags/example_dataset_alias_with_no_taskflow.py took 0.454 seconds
[2026-09-06T09:25:34.523+0000] {processor.py:186} INFO - Started process (PID=3998) to work on /home/airflow/.local/lib/python3.12/site-packages/airflow/example_dags/example_dataset_alias_with_no_taskflow.py
[2026-09-06T09:25:34.524+0000] {processor.py:914} INFO - Processing file /home/airflow/.local/lib/python3.12/site-packages/airflow/example_dags/example_dataset_alias_with_no_taskflow.py for tasks to queue
[2026-09-06T09:25:34.527+0000] {logging_mixin.py:190} INFO - [2026-09-06T09:25:34.526+0000] {dagbag.py:588} INFO - Filling up the DagBag from /home/airflow/.local/lib/python3.12/site-packages/airflow/example_dags/example_dataset_alias_with_no_taskflow.py
[2026-09-06T09:25:34.867+0000] {processor.py:925} INFO - DAG(s) 'dataset_s3_bucket_producer_with_no_taskflow', 'dataset_alias_example_alias_producer_with_no_taskflow', 'dataset_alias_example_alias_consumer_with_no_taskflow', 'dataset_s3_bucket_consumer_with_no_taskflow' retrieved from /home/airflow/.local/lib/python3.12/site-packages/airflow/example_dags/example_dataset_alias_with_no_taskflow.py
[2026-09-06T09:25:34.885+0000] {logging_mixin.py:190} INFO - [2026-09-06T09:25:34.884+0000] {dag.py:3239} INFO - Sync 4 DAGs
[2026-09-06T09:25:34.903+0000] {logging_mixin.py:190} INFO - [2026-09-06T09:25:34.903+0000] {dag.py:4180} INFO - Setting next_dagrun for dataset_alias_example_alias_consumer_with_no_taskflow to None, run_after=None
[2026-09-06T09:25:34.907+0000] {logging_mixin.py:190} INFO - [2026-09-06T09:25:34.906+0000] {dag.py:4180} INFO - Setting next_dagrun for dataset_alias_example_alias_producer_with_no_taskflow to None, run_after=None
[2026-09-06T09:25:34.908+0000] {logging_mixin.py:190} INFO - [2026-09-06T09:25:34.908+0000] {dag.py:4180} INFO - Setting next_dagrun for dataset_s3_bucket_consumer_with_no_taskflow to None, run_after=None
[2026-09-06T09:25:34.909+0000] {logging_mixin.py:190} INFO - [2026-09-06T09:25:34.909+0000] {dag.py:4180} INFO - Setting next_dagrun for dataset_s3_bucket_producer_with_no_taskflow to None, run_after=None
[2026-09-06T09:25:34.929+0000] {processor.py:208} INFO - Processing /home/airflow/.local/lib/python3.12/site-packages/airflow/example_dags/example_dataset_alias_with_no_taskflow.py took 0.411 seconds
[2026-09-06T09:26:04.975+0000] {processor.py:186} INFO - Started process (PID=4062) to work on /home/airflow/.local/lib/python3.12/site-packages/airflow/example_dags/example_dataset_alias_with_no_taskflow.py
[2026-09-06T09:26:04.976+0000] {processor.py:914} INFO - Processing file /home/airflow/.local/lib/python3.12/site-packages/airflow/example_dags/example_dataset_alias_with_no_taskflow.py for tasks to queue
[2026-09-06T09:26:04.978+0000] {logging_mixin.py:190} INFO - [2026-09-06T09:26:04.978+0000] {dagbag.py:588} INFO - Filling up the DagBag from /home/airflow/.local/lib/python3.12/site-packages/airflow/example_dags/example_dataset_alias_with_no_taskflow.py
[2026-09-06T09:26:05.277+0000] {processor.py:925} INFO - DAG(s) 'dataset_s3_bucket_consumer_with_no_taskflow', 'dataset_alias_example_alias_consumer_with_no_taskflow', 'dataset_alias_example_alias_producer_with_no_taskflow', 'dataset_s3_bucket_producer_with_no_taskflow' retrieved from /home/airflow/.local/lib/python3.12/site-packages/airflow/example_dags/example_dataset_alias_with_no_taskflow.py
[2026-09-06T09:26:05.291+0000] {logging_mixin.py:190} INFO - [2026-09-06T09:26:05.291+0000] {dag.py:3239} INFO - Sync 4 DAGs
[2026-09-06T09:26:05.308+0000] {logging_mixin.py:190} INFO - [2026-09-06T09:26:05.308+0000] {dag.py:4180} INFO - Setting next_dagrun for dataset_alias_example_alias_consumer_with_no_taskflow to None, run_after=None
[2026-09-06T09:26:05.310+0000] {logging_mixin.py:190} INFO - [2026-09-06T09:26:05.310+0000] {dag.py:4180} INFO - Setting next_dagrun for dataset_alias_example_alias_producer_with_no_taskflow to None, run_after=None
[2026-09-06T09:26:05.312+0000] {logging_mixin.py:190} INFO - [2026-09-06T09:26:05.312+0000] {dag.py:4180} INFO - Setting next_dagrun for dataset_s3_bucket_consumer_with_no_taskflow to None, run_after=None
[2026-09-06T09:26:05.313+0000] {logging_mixin.py:190} INFO - [2026-09-06T09:26:05.313+0000] {dag.py:4180} INFO - Setting next_dagrun for dataset_s3_bucket_producer_with_no_taskflow to None, run_after=None
[2026-09-06T09:26:05.334+0000] {processor.py:208} INFO - Processing /home/airflow/.local/lib/python3.12/site-packages/airflow/example_dags/example_dataset_alias_with_no_taskflow.py took 0.364 seconds
[2026-09-06T09:26:35.577+0000] {processor.py:186} INFO - Started process (PID=4126) to work on /home/airflow/.local/lib/python3.12/site-packages/airflow/example_dags/example_dataset_alias_with_no_taskflow.py
[2026-09-06T09:26:35.578+0000] {processor.py:914} INFO - Processing file /home/airflow/.local/lib/python3.12/site-packages/airflow/example_dags/example_dataset_alias_with_no_taskflow.py for tasks to queue
[2026-09-06T09:26:35.580+0000] {logging_mixin.py:190} INFO - [2026-09-06T09:26:35.580+0000] {dagbag.py:588} INFO - Filling up the DagBag from /home/airflow/.local/lib/python3.12/site-packages/airflow/example_dags/example_dataset_alias_with_no_taskflow.py
[2026-09-06T09:26:35.913+0000] {processor.py:925} INFO - DAG(s) 'dataset_s3_bucket_consumer_with_no_taskflow', 'dataset_s3_bucket_producer_with_no_taskflow', 'dataset_alias_example_alias_producer_with_no_taskflow', 'dataset_alias_example_alias_consumer_with_no_taskflow' retrieved from /home/airflow/.local/lib/python3.12/site-packages/airflow/example_dags/example_dataset_alias_with_no_taskflow.py
[2026-09-06T09:26:35.930+0000] {logging_mixin.py:190} INFO - [2026-09-06T09:26:35.930+0000] {dag.py:3239} INFO - Sync 4 DAGs
[2026-09-06T09:26:35.950+0000] {logging_mixin.py:190} INFO - [2026-09-06T09:26:35.950+0000] {dag.py:4180} INFO - Setting next_dagrun for dataset_alias_example_alias_consumer_with_no_taskflow to None, run_after=None
[2026-09-06T09:26:35.953+0000] {logging_mixin.py:190} INFO - [2026-09-06T09:26:35.952+0000] {dag.py:4180} INFO - Setting next_dagrun for dataset_alias_example_alias_producer_with_no_taskflow to None, run_after=None
[2026-09-06T09:26:35.954+0000] {logging_mixin.py:190} INFO - [2026-09-06T09:26:35.954+0000] {dag.py:4180} INFO - Setting next_dagrun for dataset_s3_bucket_consumer_with_no_taskflow to None, run_after=None
[2026-09-06T09:26:35.955+0000] {logging_mixin.py:190} INFO - [2026-09-06T09:26:35.955+0000] {dag.py:4180} INFO - Setting next_dagrun for dataset_s3_bucket_producer_with_no_taskflow to None, run_after=None
[2026-09-06T09:26:35.972+0000] {processor.py:208} INFO - Processing /home/airflow/.local/lib/python3.12/site-packages/airflow/example_dags/example_dataset_alias_with_no_taskflow.py took 0.400 seconds
[2026-09-06T09:27:06.025+0000] {processor.py:186} INFO - Started process (PID=4194) to work on /home/airflow/.local/lib/python3.12/site-packages/airflow/example_dags/example_dataset_alias_with_no_taskflow.py
[2026-09-06T09:27:06.027+0000] {processor.py:914} INFO - Processing file /home/airflow/.local/lib/python3.12/site-packages/airflow/example_dags/example_dataset_alias_with_no_taskflow.py for tasks to queue
[2026-09-06T09:27:06.029+0000] {logging_mixin.py:190} INFO - [2026-09-06T09:27:06.029+0000] {dagbag.py:588} INFO - Filling up the DagBag from /home/airflow/.local/lib/python3.12/site-packages/airflow/example_dags/example_dataset_alias_with_no_taskflow.py
[2026-09-06T09:27:06.358+0000] {processor.py:925} INFO - DAG(s) 'dataset_s3_bucket_consumer_with_no_taskflow', 'dataset_alias_example_alias_consumer_with_no_taskflow', 'dataset_alias_example_alias_producer_with_no_taskflow', 'dataset_s3_bucket_producer_with_no_taskflow' retrieved from /home/airflow/.local/lib/python3.12/site-packages/airflow/example_dags/example_dataset_alias_with_no_taskflow.py
[2026-09-06T09:27:06.373+0000] {logging_mixin.py:190} INFO - [2026-09-06T09:27:06.372+0000] {dag.py:3239} INFO - Sync 4 DAGs
[2026-09-06T09:27:06.396+0000] {logging_mixin.py:190} INFO - [2026-09-06T09:27:06.396+0000] {dag.py:4180} INFO - Setting next_dagrun for dataset_alias_example_alias_consumer_with_no_taskflow to None, run_after=None
[2026-09-06T09:27:06.400+0000] {logging_mixin.py:190} INFO - [2026-09-06T09:27:06.400+0000] {dag.py:4180} INFO - Setting next_dagrun for dataset_alias_example_alias_producer_with_no_taskflow to None, run_after=None
[2026-09-06T09:27:06.402+0000] {logging_mixin.py:190} INFO - [2026-09-06T09:27:06.402+0000] {dag.py:4180} INFO - Setting next_dagrun for dataset_s3_bucket_consumer_with_no_taskflow to None, run_after=None
[2026-09-06T09:27:06.404+0000] {logging_mixin.py:190} INFO - [2026-09-06T09:27:06.404+0000] {dag.py:4180} INFO - Setting next_dagrun for dataset_s3_bucket_producer_with_no_taskflow to None, run_after=None
[2026-09-06T09:27:06.425+0000] {processor.py:208} INFO - Processing /home/airflow/.local/lib/python3.12/site-packages/airflow/example_dags/example_dataset_alias_with_no_taskflow.py took 0.404 seconds
[2026-09-06T09:27:36.538+0000] {processor.py:186} INFO - Started process (PID=4262) to work on /home/airflow/.local/lib/python3.12/site-packages/airflow/example_dags/example_dataset_alias_with_no_taskflow.py
[2026-09-06T09:27:36.539+0000] {processor.py:914} INFO - Processing file /home/airflow/.local/lib/python3.12/site-packages/airflow/example_dags/example_dataset_alias_with_no_taskflow.py for tasks to queue
[2026-09-06T09:27:36.542+0000] {logging_mixin.py:190} INFO - [2026-09-06T09:27:36.541+0000] {dagbag.py:588} INFO - Filling up the DagBag from /home/airflow/.local/lib/python3.12/site-packages/airflow/example_dags/example_dataset_alias_with_no_taskflow.py
[2026-09-06T09:27:36.851+0000] {processor.py:925} INFO - DAG(s) 'dataset_s3_bucket_consumer_with_no_taskflow', 'dataset_alias_example_alias_consumer_with_no_taskflow', 'dataset_alias_example_alias_producer_with_no_taskflow', 'dataset_s3_bucket_producer_with_no_taskflow' retrieved from /home/airflow/.local/lib/python3.12/site-packages/airflow/example_dags/example_dataset_alias_with_no_taskflow.py
[2026-09-06T09:27:36.867+0000] {logging_mixin.py:190} INFO - [2026-09-06T09:27:36.866+0000] {dag.py:3239} INFO - Sync 4 DAGs
[2026-09-06T09:27:36.886+0000] {logging_mixin.py:190} INFO - [2026-09-06T09:27:36.886+0000] {dag.py:4180} INFO - Setting next_dagrun for dataset_alias_example_alias_consumer_with_no_taskflow to None, run_after=None
[2026-09-06T09:27:36.889+0000] {logging_mixin.py:190} INFO - [2026-09-06T09:27:36.889+0000] {dag.py:4180} INFO - Setting next_dagrun for dataset_alias_example_alias_producer_with_no_taskflow to None, run_after=None
[2026-09-06T09:27:36.890+0000] {logging_mixin.py:190} INFO - [2026-09-06T09:27:36.890+0000] {dag.py:4180} INFO - Setting next_dagrun for dataset_s3_bucket_consumer_with_no_taskflow to None, run_after=None
[2026-09-06T09:27:36.891+0000] {logging_mixin.py:190} INFO - [2026-09-06T09:27:36.891+0000] {dag.py:4180} INFO - Setting next_dagrun for dataset_s3_bucket_producer_with_no_taskflow to None, run_after=None
[2026-09-06T09:27:36.908+0000] {processor.py:208} INFO - Processing /home/airflow/.local/lib/python3.12/site-packages/airflow/example_dags/example_dataset_alias_with_no_taskflow.py took 0.375 seconds
[2026-09-06T09:28:07.007+0000] {processor.py:186} INFO - Started process (PID=4326) to work on /home/airflow/.local/lib/python3.12/site-packages/airflow/example_dags/example_dataset_alias_with_no_taskflow.py
[2026-09-06T09:28:07.008+0000] {processor.py:914} INFO - Processing file /home/airflow/.local/lib/python3.12/site-packages/airflow/example_dags/example_dataset_alias_with_no_taskflow.py for tasks to queue
[2026-09-06T09:28:07.010+0000] {logging_mixin.py:190} INFO - [2026-09-06T09:28:07.010+0000] {dagbag.py:588} INFO - Filling up the DagBag from /home/airflow/.local/lib/python3.12/site-packages/airflow/example_dags/example_dataset_alias_with_no_taskflow.py
[2026-09-06T09:28:07.336+0000] {processor.py:925} INFO - DAG(s) 'dataset_s3_bucket_producer_with_no_taskflow', 'dataset_s3_bucket_consumer_with_no_taskflow', 'dataset_alias_example_alias_consumer_with_no_taskflow', 'dataset_alias_example_alias_producer_with_no_taskflow' retrieved from /home/airflow/.local/lib/python3.12/site-packages/airflow/example_dags/example_dataset_alias_with_no_taskflow.py
[2026-09-06T09:28:07.356+0000] {logging_mixin.py:190} INFO - [2026-09-06T09:28:07.355+0000] {dag.py:3239} INFO - Sync 4 DAGs
[2026-09-06T09:28:07.380+0000] {logging_mixin.py:190} INFO - [2026-09-06T09:28:07.380+0000] {dag.py:4180} INFO - Setting next_dagrun for dataset_alias_example_alias_consumer_with_no_taskflow to None, run_after=None
[2026-09-06T09:28:07.383+0000] {logging_mixin.py:190} INFO - [2026-09-06T09:28:07.383+0000] {dag.py:4180} INFO - Setting next_dagrun for dataset_alias_example_alias_producer_with_no_taskflow to None, run_after=None
[2026-09-06T09:28:07.386+0000] {logging_mixin.py:190} INFO - [2026-09-06T09:28:07.386+0000] {dag.py:4180} INFO - Setting next_dagrun for dataset_s3_bucket_consumer_with_no_taskflow to None, run_after=None
[2026-09-06T09:28:07.388+0000] {logging_mixin.py:190} INFO - [2026-09-06T09:28:07.388+0000] {dag.py:4180} INFO - Setting next_dagrun for dataset_s3_bucket_producer_with_no_taskflow to None, run_after=None
[2026-09-06T09:28:07.427+0000] {processor.py:208} INFO - Processing /home/airflow/.local/lib/python3.12/site-packages/airflow/example_dags/example_dataset_alias_with_no_taskflow.py took 0.424 seconds
[2026-09-06T09:28:37.617+0000] {processor.py:186} INFO - Started process (PID=4390) to work on /home/airflow/.local/lib/python3.12/site-packages/airflow/example_dags/example_dataset_alias_with_no_taskflow.py
[2026-09-06T09:28:37.618+0000] {processor.py:914} INFO - Processing file /home/airflow/.local/lib/python3.12/site-packages/airflow/example_dags/example_dataset_alias_with_no_taskflow.py for tasks to queue
[2026-09-06T09:28:37.620+0000] {logging_mixin.py:190} INFO - [2026-09-06T09:28:37.620+0000] {dagbag.py:588} INFO - Filling up the DagBag from /home/airflow/.local/lib/python3.12/site-packages/airflow/example_dags/example_dataset_alias_with_no_taskflow.py
[2026-09-06T09:28:37.964+0000] {processor.py:925} INFO - DAG(s) 'dataset_alias_example_alias_producer_with_no_taskflow', 'dataset_alias_example_alias_consumer_with_no_taskflow', 'dataset_s3_bucket_consumer_with_no_taskflow', 'dataset_s3_bucket_producer_with_no_taskflow' retrieved from /home/airflow/.local/lib/python3.12/site-packages/airflow/example_dags/example_dataset_alias_with_no_taskflow.py
[2026-09-06T09:28:37.981+0000] {logging_mixin.py:190} INFO - [2026-09-06T09:28:37.981+0000] {dag.py:3239} INFO - Sync 4 DAGs
[2026-09-06T09:28:38.001+0000] {logging_mixin.py:190} INFO - [2026-09-06T09:28:38.001+0000] {dag.py:4180} INFO - Setting next_dagrun for dataset_alias_example_alias_consumer_with_no_taskflow to None, run_after=None
[2026-09-06T09:28:38.004+0000] {logging_mixin.py:190} INFO - [2026-09-06T09:28:38.003+0000] {dag.py:4180} INFO - Setting next_dagrun for dataset_alias_example_alias_producer_with_no_taskflow to None, run_after=None
[2026-09-06T09:28:38.005+0000] {logging_mixin.py:190} INFO - [2026-09-06T09:28:38.005+0000] {dag.py:4180} INFO - Setting next_dagrun for dataset_s3_bucket_consumer_with_no_taskflow to None, run_after=None
[2026-09-06T09:28:38.007+0000] {logging_mixin.py:190} INFO - [2026-09-06T09:28:38.006+0000] {dag.py:4180} INFO - Setting next_dagrun for dataset_s3_bucket_producer_with_no_taskflow to None, run_after=None
[2026-09-06T09:28:38.026+0000] {processor.py:208} INFO - Processing /home/airflow/.local/lib/python3.12/site-packages/airflow/example_dags/example_dataset_alias_with_no_taskflow.py took 0.414 seconds
[2026-09-06T09:29:08.200+0000] {processor.py:186} INFO - Started process (PID=4457) to work on /home/airflow/.local/lib/python3.12/site-packages/airflow/example_dags/example_dataset_alias_with_no_taskflow.py
[2026-09-06T09:29:08.201+0000] {processor.py:914} INFO - Processing file /home/airflow/.local/lib/python3.12/site-packages/airflow/example_dags/example_dataset_alias_with_no_taskflow.py for tasks to queue
[2026-09-06T09:29:08.203+0000] {logging_mixin.py:190} INFO - [2026-09-06T09:29:08.203+0000] {dagbag.py:588} INFO - Filling up the DagBag from /home/airflow/.local/lib/python3.12/site-packages/airflow/example_dags/example_dataset_alias_with_no_taskflow.py
[2026-09-06T09:29:08.515+0000] {processor.py:925} INFO - DAG(s) 'dataset_s3_bucket_consumer_with_no_taskflow', 'dataset_s3_bucket_producer_with_no_taskflow', 'dataset_alias_example_alias_producer_with_no_taskflow', 'dataset_alias_example_alias_consumer_with_no_taskflow' retrieved from /home/airflow/.local/lib/python3.12/site-packages/airflow/example_dags/example_dataset_alias_with_no_taskflow.py
[2026-09-06T09:29:08.530+0000] {logging_mixin.py:190} INFO - [2026-09-06T09:29:08.530+0000] {dag.py:3239} INFO - Sync 4 DAGs
[2026-09-06T09:29:08.547+0000] {logging_mixin.py:190} INFO - [2026-09-06T09:29:08.547+0000] {dag.py:4180} INFO - Setting next_dagrun for dataset_alias_example_alias_consumer_with_no_taskflow to None, run_after=None
[2026-09-06T09:29:08.550+0000] {logging_mixin.py:190} INFO - [2026-09-06T09:29:08.549+0000] {dag.py:4180} INFO - Setting next_dagrun for dataset_alias_example_alias_producer_with_no_taskflow to None, run_after=None
[2026-09-06T09:29:08.743+0000] {logging_mixin.py:190} INFO - [2026-09-06T09:29:08.743+0000] {dag.py:4180} INFO - Setting next_dagrun for dataset_s3_bucket_consumer_with_no_taskflow to None, run_after=None
[2026-09-06T09:29:08.745+0000] {logging_mixin.py:190} INFO - [2026-09-06T09:29:08.745+0000] {dag.py:4180} INFO - Setting next_dagrun for dataset_s3_bucket_producer_with_no_taskflow to None, run_after=None
[2026-09-06T09:29:08.761+0000] {processor.py:208} INFO - Processing /home/airflow/.local/lib/python3.12/site-packages/airflow/example_dags/example_dataset_alias_with_no_taskflow.py took 0.566 seconds
[2026-09-06T09:29:39.336+0000] {processor.py:186} INFO - Started process (PID=4522) to work on /home/airflow/.local/lib/python3.12/site-packages/airflow/example_dags/example_dataset_alias_with_no_taskflow.py
[2026-09-06T09:29:39.337+0000] {processor.py:914} INFO - Processing file /home/airflow/.local/lib/python3.12/site-packages/airflow/example_dags/example_dataset_alias_with_no_taskflow.py for tasks to queue
[2026-09-06T09:29:39.339+0000] {logging_mixin.py:190} INFO - [2026-09-06T09:29:39.339+0000] {dagbag.py:588} INFO - Filling up the DagBag from /home/airflow/.local/lib/python3.12/site-packages/airflow/example_dags/example_dataset_alias_with_no_taskflow.py
[2026-09-06T09:29:39.673+0000] {processor.py:925} INFO - DAG(s) 'dataset_s3_bucket_producer_with_no_taskflow', 'dataset_s3_bucket_consumer_with_no_taskflow', 'dataset_alias_example_alias_consumer_with_no_taskflow', 'dataset_alias_example_alias_producer_with_no_taskflow' retrieved from /home/airflow/.local/lib/python3.12/site-packages/airflow/example_dags/example_dataset_alias_with_no_taskflow.py
[2026-09-06T09:29:39.688+0000] {logging_mixin.py:190} INFO - [2026-09-06T09:29:39.688+0000] {dag.py:3239} INFO - Sync 4 DAGs
[2026-09-06T09:29:39.706+0000] {logging_mixin.py:190} INFO - [2026-09-06T09:29:39.706+0000] {dag.py:4180} INFO - Setting next_dagrun for dataset_alias_example_alias_consumer_with_no_taskflow to None, run_after=None
[2026-09-06T09:29:39.709+0000] {logging_mixin.py:190} INFO - [2026-09-06T09:29:39.709+0000] {dag.py:4180} INFO - Setting next_dagrun for dataset_alias_example_alias_producer_with_no_taskflow to None, run_after=None
[2026-09-06T09:29:39.711+0000] {logging_mixin.py:190} INFO - [2026-09-06T09:29:39.711+0000] {dag.py:4180} INFO - Setting next_dagrun for dataset_s3_bucket_consumer_with_no_taskflow to None, run_after=None
[2026-09-06T09:29:39.713+0000] {logging_mixin.py:190} INFO - [2026-09-06T09:29:39.713+0000] {dag.py:4180} INFO - Setting next_dagrun for dataset_s3_bucket_producer_with_no_taskflow to None, run_after=None
[2026-09-06T09:29:39.921+0000] {processor.py:208} INFO - Processing /home/airflow/.local/lib/python3.12/site-packages/airflow/example_dags/example_dataset_alias_with_no_taskflow.py took 0.590 seconds
[2026-09-06T09:30:10.076+0000] {processor.py:186} INFO - Started process (PID=4586) to work on /home/airflow/.local/lib/python3.12/site-packages/airflow/example_dags/example_dataset_alias_with_no_taskflow.py
[2026-09-06T09:30:10.077+0000] {processor.py:914} INFO - Processing file /home/airflow/.local/lib/python3.12/site-packages/airflow/example_dags/example_dataset_alias_with_no_taskflow.py for tasks to queue
[2026-09-06T09:30:10.079+0000] {logging_mixin.py:190} INFO - [2026-09-06T09:30:10.079+0000] {dagbag.py:588} INFO - Filling up the DagBag from /home/airflow/.local/lib/python3.12/site-packages/airflow/example_dags/example_dataset_alias_with_no_taskflow.py
[2026-09-06T09:30:10.386+0000] {processor.py:925} INFO - DAG(s) 'dataset_alias_example_alias_consumer_with_no_taskflow', 'dataset_alias_example_alias_producer_with_no_taskflow', 'dataset_s3_bucket_consumer_with_no_taskflow', 'dataset_s3_bucket_producer_with_no_taskflow' retrieved from /home/airflow/.local/lib/python3.12/site-packages/airflow/example_dags/example_dataset_alias_with_no_taskflow.py
[2026-09-06T09:30:10.401+0000] {logging_mixin.py:190} INFO - [2026-09-06T09:30:10.400+0000] {dag.py:3239} INFO - Sync 4 DAGs
[2026-09-06T09:30:10.418+0000] {logging_mixin.py:190} INFO - [2026-09-06T09:30:10.417+0000] {dag.py:4180} INFO - Setting next_dagrun for dataset_alias_example_alias_consumer_with_no_taskflow to None, run_after=None
[2026-09-06T09:30:10.420+0000] {logging_mixin.py:190} INFO - [2026-09-06T09:30:10.420+0000] {dag.py:4180} INFO - Setting next_dagrun for dataset_alias_example_alias_producer_with_no_taskflow to None, run_after=None
[2026-09-06T09:30:10.421+0000] {logging_mixin.py:190} INFO - [2026-09-06T09:30:10.421+0000] {dag.py:4180} INFO - Setting next_dagrun for dataset_s3_bucket_consumer_with_no_taskflow to None, run_after=None
[2026-09-06T09:30:10.422+0000] {logging_mixin.py:190} INFO - [2026-09-06T09:30:10.422+0000] {dag.py:4180} INFO - Setting next_dagrun for dataset_s3_bucket_producer_with_no_taskflow to None, run_after=None
[2026-09-06T09:30:10.440+0000] {processor.py:208} INFO - Processing /home/airflow/.local/lib/python3.12/site-packages/airflow/example_dags/example_dataset_alias_with_no_taskflow.py took 0.369 seconds
[2026-09-06T09:30:40.611+0000] {processor.py:186} INFO - Started process (PID=4650) to work on /home/airflow/.local/lib/python3.12/site-packages/airflow/example_dags/example_dataset_alias_with_no_taskflow.py
[2026-09-06T09:30:40.612+0000] {processor.py:914} INFO - Processing file /home/airflow/.local/lib/python3.12/site-packages/airflow/example_dags/example_dataset_alias_with_no_taskflow.py for tasks to queue
[2026-09-06T09:30:40.615+0000] {logging_mixin.py:190} INFO - [2026-09-06T09:30:40.614+0000] {dagbag.py:588} INFO - Filling up the DagBag from /home/airflow/.local/lib/python3.12/site-packages/airflow/example_dags/example_dataset_alias_with_no_taskflow.py
[2026-09-06T09:30:40.927+0000] {processor.py:925} INFO - DAG(s) 'dataset_alias_example_alias_producer_with_no_taskflow', 'dataset_s3_bucket_producer_with_no_taskflow', 'dataset_alias_example_alias_consumer_with_no_taskflow', 'dataset_s3_bucket_consumer_with_no_taskflow' retrieved from /home/airflow/.local/lib/python3.12/site-packages/airflow/example_dags/example_dataset_alias_with_no_taskflow.py
[2026-09-06T09:30:40.944+0000] {logging_mixin.py:190} INFO - [2026-09-06T09:30:40.943+0000] {dag.py:3239} INFO - Sync 4 DAGs
[2026-09-06T09:30:40.961+0000] {logging_mixin.py:190} INFO - [2026-09-06T09:30:40.960+0000] {dag.py:4180} INFO - Setting next_dagrun for dataset_alias_example_alias_consumer_with_no_taskflow to None, run_after=None
[2026-09-06T09:30:40.963+0000] {logging_mixin.py:190} INFO - [2026-09-06T09:30:40.963+0000] {dag.py:4180} INFO - Setting next_dagrun for dataset_alias_example_alias_producer_with_no_taskflow to None, run_after=None
[2026-09-06T09:30:40.964+0000] {logging_mixin.py:190} INFO - [2026-09-06T09:30:40.964+0000] {dag.py:4180} INFO - Setting next_dagrun for dataset_s3_bucket_consumer_with_no_taskflow to None, run_after=None
[2026-09-06T09:30:40.965+0000] {logging_mixin.py:190} INFO - [2026-09-06T09:30:40.965+0000] {dag.py:4180} INFO - Setting next_dagrun for dataset_s3_bucket_producer_with_no_taskflow to None, run_after=None
[2026-09-06T09:30:40.981+0000] {processor.py:208} INFO - Processing /home/airflow/.local/lib/python3.12/site-packages/airflow/example_dags/example_dataset_alias_with_no_taskflow.py took 0.375 seconds
[2026-09-06T09:31:11.022+0000] {processor.py:186} INFO - Started process (PID=4715) to work on /home/airflow/.local/lib/python3.12/site-packages/airflow/example_dags/example_dataset_alias_with_no_taskflow.py
[2026-09-06T09:31:11.023+0000] {processor.py:914} INFO - Processing file /home/airflow/.local/lib/python3.12/site-packages/airflow/example_dags/example_dataset_alias_with_no_taskflow.py for tasks to queue
[2026-09-06T09:31:11.026+0000] {logging_mixin.py:190} INFO - [2026-09-06T09:31:11.025+0000] {dagbag.py:588} INFO - Filling up the DagBag from /home/airflow/.local/lib/python3.12/site-packages/airflow/example_dags/example_dataset_alias_with_no_taskflow.py
[2026-09-06T09:31:11.322+0000] {processor.py:925} INFO - DAG(s) 'dataset_s3_bucket_producer_with_no_taskflow', 'dataset_s3_bucket_consumer_with_no_taskflow', 'dataset_alias_example_alias_consumer_with_no_taskflow', 'dataset_alias_example_alias_producer_with_no_taskflow' retrieved from /home/airflow/.local/lib/python3.12/site-packages/airflow/example_dags/example_dataset_alias_with_no_taskflow.py
[2026-09-06T09:31:11.337+0000] {logging_mixin.py:190} INFO - [2026-09-06T09:31:11.337+0000] {dag.py:3239} INFO - Sync 4 DAGs
[2026-09-06T09:31:11.356+0000] {logging_mixin.py:190} INFO - [2026-09-06T09:31:11.356+0000] {dag.py:4180} INFO - Setting next_dagrun for dataset_alias_example_alias_consumer_with_no_taskflow to None, run_after=None
[2026-09-06T09:31:11.359+0000] {logging_mixin.py:190} INFO - [2026-09-06T09:31:11.359+0000] {dag.py:4180} INFO - Setting next_dagrun for dataset_alias_example_alias_producer_with_no_taskflow to None, run_after=None
[2026-09-06T09:31:11.360+0000] {logging_mixin.py:190} INFO - [2026-09-06T09:31:11.360+0000] {dag.py:4180} INFO - Setting next_dagrun for dataset_s3_bucket_consumer_with_no_taskflow to None, run_after=None
[2026-09-06T09:31:11.361+0000] {logging_mixin.py:190} INFO - [2026-09-06T09:31:11.361+0000] {dag.py:4180} INFO - Setting next_dagrun for dataset_s3_bucket_producer_with_no_taskflow to None, run_after=None
[2026-09-06T09:31:11.378+0000] {processor.py:208} INFO - Processing /home/airflow/.local/lib/python3.12/site-packages/airflow/example_dags/example_dataset_alias_with_no_taskflow.py took 0.361 seconds
[2026-09-06T09:31:41.666+0000] {processor.py:186} INFO - Started process (PID=4778) to work on /home/airflow/.local/lib/python3.12/site-packages/airflow/example_dags/example_dataset_alias_with_no_taskflow.py
[2026-09-06T09:31:41.667+0000] {processor.py:914} INFO - Processing file /home/airflow/.local/lib/python3.12/site-packages/airflow/example_dags/example_dataset_alias_with_no_taskflow.py for tasks to queue
[2026-09-06T09:31:41.670+0000] {logging_mixin.py:190} INFO - [2026-09-06T09:31:41.670+0000] {dagbag.py:588} INFO - Filling up the DagBag from /home/airflow/.local/lib/python3.12/site-packages/airflow/example_dags/example_dataset_alias_with_no_taskflow.py
[2026-09-06T09:31:42.001+0000] {processor.py:925} INFO - DAG(s) 'dataset_alias_example_alias_consumer_with_no_taskflow', 'dataset_s3_bucket_consumer_with_no_taskflow', 'dataset_alias_example_alias_producer_with_no_taskflow', 'dataset_s3_bucket_producer_with_no_taskflow' retrieved from /home/airflow/.local/lib/python3.12/site-packages/airflow/example_dags/example_dataset_alias_with_no_taskflow.py
[2026-09-06T09:31:42.016+0000] {logging_mixin.py:190} INFO - [2026-09-06T09:31:42.016+0000] {dag.py:3239} INFO - Sync 4 DAGs
[2026-09-06T09:31:42.035+0000] {logging_mixin.py:190} INFO - [2026-09-06T09:31:42.034+0000] {dag.py:4180} INFO - Setting next_dagrun for dataset_alias_example_alias_consumer_with_no_taskflow to None, run_after=None
[2026-09-06T09:31:42.037+0000] {logging_mixin.py:190} INFO - [2026-09-06T09:31:42.037+0000] {dag.py:4180} INFO - Setting next_dagrun for dataset_alias_example_alias_producer_with_no_taskflow to None, run_after=None
[2026-09-06T09:31:42.038+0000] {logging_mixin.py:190} INFO - [2026-09-06T09:31:42.038+0000] {dag.py:4180} INFO - Setting next_dagrun for dataset_s3_bucket_consumer_with_no_taskflow to None, run_after=None
[2026-09-06T09:31:42.039+0000] {logging_mixin.py:190} INFO - [2026-09-06T09:31:42.039+0000] {dag.py:4180} INFO - Setting next_dagrun for dataset_s3_bucket_producer_with_no_taskflow to None, run_after=None
[2026-09-06T09:31:42.056+0000] {processor.py:208} INFO - Processing /home/airflow/.local/lib/python3.12/site-packages/airflow/example_dags/example_dataset_alias_with_no_taskflow.py took 0.396 seconds
[2026-09-06T09:32:12.259+0000] {processor.py:186} INFO - Started process (PID=4842) to work on /home/airflow/.local/lib/python3.12/site-packages/airflow/example_dags/example_dataset_alias_with_no_taskflow.py
[2026-09-06T09:32:12.261+0000] {processor.py:914} INFO - Processing file /home/airflow/.local/lib/python3.12/site-packages/airflow/example_dags/example_dataset_alias_with_no_taskflow.py for tasks to queue
[2026-09-06T09:32:12.264+0000] {logging_mixin.py:190} INFO - [2026-09-06T09:32:12.263+0000] {dagbag.py:588} INFO - Filling up the DagBag from /home/airflow/.local/lib/python3.12/site-packages/airflow/example_dags/example_dataset_alias_with_no_taskflow.py
[2026-09-06T09:32:12.656+0000] {processor.py:925} INFO - DAG(s) 'dataset_alias_example_alias_consumer_with_no_taskflow', 'dataset_s3_bucket_producer_with_no_taskflow', 'dataset_alias_example_alias_producer_with_no_taskflow', 'dataset_s3_bucket_consumer_with_no_taskflow' retrieved from /home/airflow/.local/lib/python3.12/site-packages/airflow/example_dags/example_dataset_alias_with_no_taskflow.py
[2026-09-06T09:32:12.879+0000] {logging_mixin.py:190} INFO - [2026-09-06T09:32:12.879+0000] {dag.py:3239} INFO - Sync 4 DAGs
[2026-09-06T09:32:12.895+0000] {logging_mixin.py:190} INFO - [2026-09-06T09:32:12.895+0000] {dag.py:4180} INFO - Setting next_dagrun for dataset_alias_example_alias_consumer_with_no_taskflow to None, run_after=None
[2026-09-06T09:32:12.897+0000] {logging_mixin.py:190} INFO - [2026-09-06T09:32:12.897+0000] {dag.py:4180} INFO - Setting next_dagrun for dataset_alias_example_alias_producer_with_no_taskflow to None, run_after=None
[2026-09-06T09:32:12.898+0000] {logging_mixin.py:190} INFO - [2026-09-06T09:32:12.898+0000] {dag.py:4180} INFO - Setting next_dagrun for dataset_s3_bucket_consumer_with_no_taskflow to None, run_after=None
[2026-09-06T09:32:12.900+0000] {logging_mixin.py:190} INFO - [2026-09-06T09:32:12.900+0000] {dag.py:4180} INFO - Setting next_dagrun for dataset_s3_bucket_producer_with_no_taskflow to None, run_after=None
[2026-09-06T09:32:12.915+0000] {processor.py:208} INFO - Processing /home/airflow/.local/lib/python3.12/site-packages/airflow/example_dags/example_dataset_alias_with_no_taskflow.py took 0.662 seconds
[2026-09-06T09:32:43.140+0000] {processor.py:186} INFO - Started process (PID=4906) to work on /home/airflow/.local/lib/python3.12/site-packages/airflow/example_dags/example_dataset_alias_with_no_taskflow.py
[2026-09-06T09:32:43.141+0000] {processor.py:914} INFO - Processing file /home/airflow/.local/lib/python3.12/site-packages/airflow/example_dags/example_dataset_alias_with_no_taskflow.py for tasks to queue
[2026-09-06T09:32:43.144+0000] {logging_mixin.py:190} INFO - [2026-09-06T09:32:43.144+0000] {dagbag.py:588} INFO - Filling up the DagBag from /home/airflow/.local/lib/python3.12/site-packages/airflow/example_dags/example_dataset_alias_with_no_taskflow.py
[2026-09-06T09:32:43.535+0000] {processor.py:925} INFO - DAG(s) 'dataset_s3_bucket_consumer_with_no_taskflow', 'dataset_alias_example_alias_consumer_with_no_taskflow', 'dataset_alias_example_alias_producer_with_no_taskflow', 'dataset_s3_bucket_producer_with_no_taskflow' retrieved from /home/airflow/.local/lib/python3.12/site-packages/airflow/example_dags/example_dataset_alias_with_no_taskflow.py
[2026-09-06T09:32:43.557+0000] {logging_mixin.py:190} INFO - [2026-09-06T09:32:43.556+0000] {dag.py:3239} INFO - Sync 4 DAGs
[2026-09-06T09:32:43.864+0000] {logging_mixin.py:190} INFO - [2026-09-06T09:32:43.864+0000] {dag.py:4180} INFO - Setting next_dagrun for dataset_alias_example_alias_consumer_with_no_taskflow to None, run_after=None
[2026-09-06T09:32:43.867+0000] {logging_mixin.py:190} INFO - [2026-09-06T09:32:43.867+0000] {dag.py:4180} INFO - Setting next_dagrun for dataset_alias_example_alias_producer_with_no_taskflow to None, run_after=None
[2026-09-06T09:32:43.868+0000] {logging_mixin.py:190} INFO - [2026-09-06T09:32:43.868+0000] {dag.py:4180} INFO - Setting next_dagrun for dataset_s3_bucket_consumer_with_no_taskflow to None, run_after=None
[2026-09-06T09:32:43.870+0000] {logging_mixin.py:190} INFO - [2026-09-06T09:32:43.870+0000] {dag.py:4180} INFO - Setting next_dagrun for dataset_s3_bucket_producer_with_no_taskflow to None, run_after=None
[2026-09-06T09:32:43.891+0000] {processor.py:208} INFO - Processing /home/airflow/.local/lib/python3.12/site-packages/airflow/example_dags/example_dataset_alias_with_no_taskflow.py took 0.757 seconds
[2026-09-06T09:33:14.167+0000] {processor.py:186} INFO - Started process (PID=4975) to work on /home/airflow/.local/lib/python3.12/site-packages/airflow/example_dags/example_dataset_alias_with_no_taskflow.py
[2026-09-06T09:33:14.168+0000] {processor.py:914} INFO - Processing file /home/airflow/.local/lib/python3.12/site-packages/airflow/example_dags/example_dataset_alias_with_no_taskflow.py for tasks to queue
[2026-09-06T09:33:14.170+0000] {logging_mixin.py:190} INFO - [2026-09-06T09:33:14.170+0000] {dagbag.py:588} INFO - Filling up the DagBag from /home/airflow/.local/lib/python3.12/site-packages/airflow/example_dags/example_dataset_alias_with_no_taskflow.py
[2026-09-06T09:33:14.515+0000] {processor.py:925} INFO - DAG(s) 'dataset_s3_bucket_consumer_with_no_taskflow', 'dataset_s3_bucket_producer_with_no_taskflow', 'dataset_alias_example_alias_consumer_with_no_taskflow', 'dataset_alias_example_alias_producer_with_no_taskflow' retrieved from /home/airflow/.local/lib/python3.12/site-packages/airflow/example_dags/example_dataset_alias_with_no_taskflow.py
[2026-09-06T09:33:14.534+0000] {logging_mixin.py:190} INFO - [2026-09-06T09:33:14.534+0000] {dag.py:3239} INFO - Sync 4 DAGs
[2026-09-06T09:33:14.786+0000] {logging_mixin.py:190} INFO - [2026-09-06T09:33:14.786+0000] {dag.py:4180} INFO - Setting next_dagrun for dataset_alias_example_alias_consumer_with_no_taskflow to None, run_after=None
[2026-09-06T09:33:14.789+0000] {logging_mixin.py:190} INFO - [2026-09-06T09:33:14.789+0000] {dag.py:4180} INFO - Setting next_dagrun for dataset_alias_example_alias_producer_with_no_taskflow to None, run_after=None
[2026-09-06T09:33:14.791+0000] {logging_mixin.py:190} INFO - [2026-09-06T09:33:14.791+0000] {dag.py:4180} INFO - Setting next_dagrun for dataset_s3_bucket_consumer_with_no_taskflow to None, run_after=None
[2026-09-06T09:33:14.792+0000] {logging_mixin.py:190} INFO - [2026-09-06T09:33:14.792+0000] {dag.py:4180} INFO - Setting next_dagrun for dataset_s3_bucket_producer_with_no_taskflow to None, run_after=None
[2026-09-06T09:33:14.812+0000] {processor.py:208} INFO - Processing /home/airflow/.local/lib/python3.12/site-packages/airflow/example_dags/example_dataset_alias_with_no_taskflow.py took 0.650 seconds
[2026-09-06T09:33:45.252+0000] {processor.py:186} INFO - Started process (PID=5042) to work on /home/airflow/.local/lib/python3.12/site-packages/airflow/example_dags/example_dataset_alias_with_no_taskflow.py
[2026-09-06T09:33:45.253+0000] {processor.py:914} INFO - Processing file /home/airflow/.local/lib/python3.12/site-packages/airflow/example_dags/example_dataset_alias_with_no_taskflow.py for tasks to queue
[2026-09-06T09:33:45.255+0000] {logging_mixin.py:190} INFO - [2026-09-06T09:33:45.254+0000] {dagbag.py:588} INFO - Filling up the DagBag from /home/airflow/.local/lib/python3.12/site-packages/airflow/example_dags/example_dataset_alias_with_no_taskflow.py
[2026-09-06T09:33:45.576+0000] {processor.py:925} INFO - DAG(s) 'dataset_alias_example_alias_consumer_with_no_taskflow', 'dataset_s3_bucket_consumer_with_no_taskflow', 'dataset_s3_bucket_producer_with_no_taskflow', 'dataset_alias_example_alias_producer_with_no_taskflow' retrieved from /home/airflow/.local/lib/python3.12/site-packages/airflow/example_dags/example_dataset_alias_with_no_taskflow.py
[2026-09-06T09:33:45.592+0000] {logging_mixin.py:190} INFO - [2026-09-06T09:33:45.591+0000] {dag.py:3239} INFO - Sync 4 DAGs
[2026-09-06T09:33:45.806+0000] {logging_mixin.py:190} INFO - [2026-09-06T09:33:45.806+0000] {dag.py:4180} INFO - Setting next_dagrun for dataset_alias_example_alias_consumer_with_no_taskflow to None, run_after=None
[2026-09-06T09:33:45.809+0000] {logging_mixin.py:190} INFO - [2026-09-06T09:33:45.809+0000] {dag.py:4180} INFO - Setting next_dagrun for dataset_alias_example_alias_producer_with_no_taskflow to None, run_after=None
[2026-09-06T09:33:45.810+0000] {logging_mixin.py:190} INFO - [2026-09-06T09:33:45.810+0000] {dag.py:4180} INFO - Setting next_dagrun for dataset_s3_bucket_consumer_with_no_taskflow to None, run_after=None
[2026-09-06T09:33:45.811+0000] {logging_mixin.py:190} INFO - [2026-09-06T09:33:45.811+0000] {dag.py:4180} INFO - Setting next_dagrun for dataset_s3_bucket_producer_with_no_taskflow to None, run_after=None
[2026-09-06T09:33:45.828+0000] {processor.py:208} INFO - Processing /home/airflow/.local/lib/python3.12/site-packages/airflow/example_dags/example_dataset_alias_with_no_taskflow.py took 0.581 seconds
[2026-09-06T09:34:16.462+0000] {processor.py:186} INFO - Started process (PID=5106) to work on /home/airflow/.local/lib/python3.12/site-packages/airflow/example_dags/example_dataset_alias_with_no_taskflow.py
[2026-09-06T09:34:16.463+0000] {processor.py:914} INFO - Processing file /home/airflow/.local/lib/python3.12/site-packages/airflow/example_dags/example_dataset_alias_with_no_taskflow.py for tasks to queue
[2026-09-06T09:34:16.465+0000] {logging_mixin.py:190} INFO - [2026-09-06T09:34:16.465+0000] {dagbag.py:588} INFO - Filling up the DagBag from /home/airflow/.local/lib/python3.12/site-packages/airflow/example_dags/example_dataset_alias_with_no_taskflow.py
[2026-09-06T09:34:17.003+0000] {processor.py:925} INFO - DAG(s) 'dataset_s3_bucket_producer_with_no_taskflow', 'dataset_alias_example_alias_producer_with_no_taskflow', 'dataset_alias_example_alias_consumer_with_no_taskflow', 'dataset_s3_bucket_consumer_with_no_taskflow' retrieved from /home/airflow/.local/lib/python3.12/site-packages/airflow/example_dags/example_dataset_alias_with_no_taskflow.py
[2026-09-06T09:34:17.018+0000] {logging_mixin.py:190} INFO - [2026-09-06T09:34:17.017+0000] {dag.py:3239} INFO - Sync 4 DAGs
[2026-09-06T09:34:17.035+0000] {logging_mixin.py:190} INFO - [2026-09-06T09:34:17.035+0000] {dag.py:4180} INFO - Setting next_dagrun for dataset_alias_example_alias_consumer_with_no_taskflow to None, run_after=None
[2026-09-06T09:34:17.038+0000] {logging_mixin.py:190} INFO - [2026-09-06T09:34:17.037+0000] {dag.py:4180} INFO - Setting next_dagrun for dataset_alias_example_alias_producer_with_no_taskflow to None, run_after=None
[2026-09-06T09:34:17.039+0000] {logging_mixin.py:190} INFO - [2026-09-06T09:34:17.039+0000] {dag.py:4180} INFO - Setting next_dagrun for dataset_s3_bucket_consumer_with_no_taskflow to None, run_after=None
[2026-09-06T09:34:17.040+0000] {logging_mixin.py:190} INFO - [2026-09-06T09:34:17.040+0000] {dag.py:4180} INFO - Setting next_dagrun for dataset_s3_bucket_producer_with_no_taskflow to None, run_after=None
[2026-09-06T09:34:17.057+0000] {processor.py:208} INFO - Processing /home/airflow/.local/lib/python3.12/site-packages/airflow/example_dags/example_dataset_alias_with_no_taskflow.py took 0.600 seconds
[2026-09-06T09:34:47.106+0000] {processor.py:186} INFO - Started process (PID=5170) to work on /home/airflow/.local/lib/python3.12/site-packages/airflow/example_dags/example_dataset_alias_with_no_taskflow.py
[2026-09-06T09:34:47.107+0000] {processor.py:914} INFO - Processing file /home/airflow/.local/lib/python3.12/site-packages/airflow/example_dags/example_dataset_alias_with_no_taskflow.py for tasks to queue
[2026-09-06T09:34:47.110+0000] {logging_mixin.py:190} INFO - [2026-09-06T09:34:47.109+0000] {dagbag.py:588} INFO - Filling up the DagBag from /home/airflow/.local/lib/python3.12/site-packages/airflow/example_dags/example_dataset_alias_with_no_taskflow.py
[2026-09-06T09:34:47.609+0000] {processor.py:925} INFO - DAG(s) 'dataset_s3_bucket_producer_with_no_taskflow', 'dataset_alias_example_alias_consumer_with_no_taskflow', 'dataset_s3_bucket_consumer_with_no_taskflow', 'dataset_alias_example_alias_producer_with_no_taskflow' retrieved from /home/airflow/.local/lib/python3.12/site-packages/airflow/example_dags/example_dataset_alias_with_no_taskflow.py
[2026-09-06T09:34:47.623+0000] {logging_mixin.py:190} INFO - [2026-09-06T09:34:47.623+0000] {dag.py:3239} INFO - Sync 4 DAGs
[2026-09-06T09:34:47.639+0000] {logging_mixin.py:190} INFO - [2026-09-06T09:34:47.639+0000] {dag.py:4180} INFO - Setting next_dagrun for dataset_alias_example_alias_consumer_with_no_taskflow to None, run_after=None
[2026-09-06T09:34:47.641+0000] {logging_mixin.py:190} INFO - [2026-09-06T09:34:47.641+0000] {dag.py:4180} INFO - Setting next_dagrun for dataset_alias_example_alias_producer_with_no_taskflow to None, run_after=None
[2026-09-06T09:34:47.642+0000] {logging_mixin.py:190} INFO - [2026-09-06T09:34:47.642+0000] {dag.py:4180} INFO - Setting next_dagrun for dataset_s3_bucket_consumer_with_no_taskflow to None, run_after=None
[2026-09-06T09:34:47.644+0000] {logging_mixin.py:190} INFO - [2026-09-06T09:34:47.643+0000] {dag.py:4180} INFO - Setting next_dagrun for dataset_s3_bucket_producer_with_no_taskflow to None, run_after=None
[2026-09-06T09:34:47.658+0000] {processor.py:208} INFO - Processing /home/airflow/.local/lib/python3.12/site-packages/airflow/example_dags/example_dataset_alias_with_no_taskflow.py took 0.556 seconds
[2026-09-06T09:35:18.520+0000] {processor.py:186} INFO - Started process (PID=5234) to work on /home/airflow/.local/lib/python3.12/site-packages/airflow/example_dags/example_dataset_alias_with_no_taskflow.py
[2026-09-06T09:35:18.521+0000] {processor.py:914} INFO - Processing file /home/airflow/.local/lib/python3.12/site-packages/airflow/example_dags/example_dataset_alias_with_no_taskflow.py for tasks to queue
[2026-09-06T09:35:18.523+0000] {logging_mixin.py:190} INFO - [2026-09-06T09:35:18.523+0000] {dagbag.py:588} INFO - Filling up the DagBag from /home/airflow/.local/lib/python3.12/site-packages/airflow/example_dags/example_dataset_alias_with_no_taskflow.py
[2026-09-06T09:35:19.266+0000] {processor.py:925} INFO - DAG(s) 'dataset_alias_example_alias_consumer_with_no_taskflow', 'dataset_alias_example_alias_producer_with_no_taskflow', 'dataset_s3_bucket_consumer_with_no_taskflow', 'dataset_s3_bucket_producer_with_no_taskflow' retrieved from /home/airflow/.local/lib/python3.12/site-packages/airflow/example_dags/example_dataset_alias_with_no_taskflow.py
[2026-09-06T09:35:19.284+0000] {logging_mixin.py:190} INFO - [2026-09-06T09:35:19.283+0000] {dag.py:3239} INFO - Sync 4 DAGs
[2026-09-06T09:35:19.302+0000] {logging_mixin.py:190} INFO - [2026-09-06T09:35:19.302+0000] {dag.py:4180} INFO - Setting next_dagrun for dataset_alias_example_alias_consumer_with_no_taskflow to None, run_after=None
[2026-09-06T09:35:19.304+0000] {logging_mixin.py:190} INFO - [2026-09-06T09:35:19.304+0000] {dag.py:4180} INFO - Setting next_dagrun for dataset_alias_example_alias_producer_with_no_taskflow to None, run_after=None
[2026-09-06T09:35:19.307+0000] {logging_mixin.py:190} INFO - [2026-09-06T09:35:19.307+0000] {dag.py:4180} INFO - Setting next_dagrun for dataset_s3_bucket_consumer_with_no_taskflow to None, run_after=None
[2026-09-06T09:35:19.309+0000] {logging_mixin.py:190} INFO - [2026-09-06T09:35:19.308+0000] {dag.py:4180} INFO - Setting next_dagrun for dataset_s3_bucket_producer_with_no_taskflow to None, run_after=None
[2026-09-06T09:35:19.326+0000] {processor.py:208} INFO - Processing /home/airflow/.local/lib/python3.12/site-packages/airflow/example_dags/example_dataset_alias_with_no_taskflow.py took 0.811 seconds
[2026-09-06T09:35:49.448+0000] {processor.py:186} INFO - Started process (PID=5304) to work on /home/airflow/.local/lib/python3.12/site-packages/airflow/example_dags/example_dataset_alias_with_no_taskflow.py
[2026-09-06T09:35:49.450+0000] {processor.py:914} INFO - Processing file /home/airflow/.local/lib/python3.12/site-packages/airflow/example_dags/example_dataset_alias_with_no_taskflow.py for tasks to queue
[2026-09-06T09:35:49.452+0000] {logging_mixin.py:190} INFO - [2026-09-06T09:35:49.452+0000] {dagbag.py:588} INFO - Filling up the DagBag from /home/airflow/.local/lib/python3.12/site-packages/airflow/example_dags/example_dataset_alias_with_no_taskflow.py
[2026-09-06T09:35:50.002+0000] {processor.py:925} INFO - DAG(s) 'dataset_alias_example_alias_consumer_with_no_taskflow', 'dataset_s3_bucket_producer_with_no_taskflow', 'dataset_alias_example_alias_producer_with_no_taskflow', 'dataset_s3_bucket_consumer_with_no_taskflow' retrieved from /home/airflow/.local/lib/python3.12/site-packages/airflow/example_dags/example_dataset_alias_with_no_taskflow.py
[2026-09-06T09:35:50.019+0000] {logging_mixin.py:190} INFO - [2026-09-06T09:35:50.018+0000] {dag.py:3239} INFO - Sync 4 DAGs
[2026-09-06T09:35:50.036+0000] {logging_mixin.py:190} INFO - [2026-09-06T09:35:50.036+0000] {dag.py:4180} INFO - Setting next_dagrun for dataset_alias_example_alias_consumer_with_no_taskflow to None, run_after=None
[2026-09-06T09:35:50.039+0000] {logging_mixin.py:190} INFO - [2026-09-06T09:35:50.038+0000] {dag.py:4180} INFO - Setting next_dagrun for dataset_alias_example_alias_producer_with_no_taskflow to None, run_after=None
[2026-09-06T09:35:50.041+0000] {logging_mixin.py:190} INFO - [2026-09-06T09:35:50.041+0000] {dag.py:4180} INFO - Setting next_dagrun for dataset_s3_bucket_consumer_with_no_taskflow to None, run_after=None
[2026-09-06T09:35:50.042+0000] {logging_mixin.py:190} INFO - [2026-09-06T09:35:50.042+0000] {dag.py:4180} INFO - Setting next_dagrun for dataset_s3_bucket_producer_with_no_taskflow to None, run_after=None
[2026-09-06T09:35:50.059+0000] {processor.py:208} INFO - Processing /home/airflow/.local/lib/python3.12/site-packages/airflow/example_dags/example_dataset_alias_with_no_taskflow.py took 0.616 seconds
[2026-09-06T09:36:20.875+0000] {processor.py:186} INFO - Started process (PID=5371) to work on /home/airflow/.local/lib/python3.12/site-packages/airflow/example_dags/example_dataset_alias_with_no_taskflow.py
[2026-09-06T09:36:20.876+0000] {processor.py:914} INFO - Processing file /home/airflow/.local/lib/python3.12/site-packages/airflow/example_dags/example_dataset_alias_with_no_taskflow.py for tasks to queue
[2026-09-06T09:36:20.878+0000] {logging_mixin.py:190} INFO - [2026-09-06T09:36:20.878+0000] {dagbag.py:588} INFO - Filling up the DagBag from /home/airflow/.local/lib/python3.12/site-packages/airflow/example_dags/example_dataset_alias_with_no_taskflow.py
[2026-09-06T09:36:21.387+0000] {processor.py:925} INFO - DAG(s) 'dataset_alias_example_alias_producer_with_no_taskflow', 'dataset_s3_bucket_consumer_with_no_taskflow', 'dataset_s3_bucket_producer_with_no_taskflow', 'dataset_alias_example_alias_consumer_with_no_taskflow' retrieved from /home/airflow/.local/lib/python3.12/site-packages/airflow/example_dags/example_dataset_alias_with_no_taskflow.py
[2026-09-06T09:36:21.402+0000] {logging_mixin.py:190} INFO - [2026-09-06T09:36:21.402+0000] {dag.py:3239} INFO - Sync 4 DAGs
[2026-09-06T09:36:21.422+0000] {logging_mixin.py:190} INFO - [2026-09-06T09:36:21.421+0000] {dag.py:4180} INFO - Setting next_dagrun for dataset_alias_example_alias_consumer_with_no_taskflow to None, run_after=None
[2026-09-06T09:36:21.424+0000] {logging_mixin.py:190} INFO - [2026-09-06T09:36:21.424+0000] {dag.py:4180} INFO - Setting next_dagrun for dataset_alias_example_alias_producer_with_no_taskflow to None, run_after=None
[2026-09-06T09:36:21.425+0000] {logging_mixin.py:190} INFO - [2026-09-06T09:36:21.425+0000] {dag.py:4180} INFO - Setting next_dagrun for dataset_s3_bucket_consumer_with_no_taskflow to None, run_after=None
[2026-09-06T09:36:21.426+0000] {logging_mixin.py:190} INFO - [2026-09-06T09:36:21.426+0000] {dag.py:4180} INFO - Setting next_dagrun for dataset_s3_bucket_producer_with_no_taskflow to None, run_after=None
[2026-09-06T09:36:21.442+0000] {processor.py:208} INFO - Processing /home/airflow/.local/lib/python3.12/site-packages/airflow/example_dags/example_dataset_alias_with_no_taskflow.py took 0.571 seconds
[2026-09-06T09:36:51.537+0000] {processor.py:186} INFO - Started process (PID=5440) to work on /home/airflow/.local/lib/python3.12/site-packages/airflow/example_dags/example_dataset_alias_with_no_taskflow.py
[2026-09-06T09:36:51.538+0000] {processor.py:914} INFO - Processing file /home/airflow/.local/lib/python3.12/site-packages/airflow/example_dags/example_dataset_alias_with_no_taskflow.py for tasks to queue
[2026-09-06T09:36:51.540+0000] {logging_mixin.py:190} INFO - [2026-09-06T09:36:51.540+0000] {dagbag.py:588} INFO - Filling up the DagBag from /home/airflow/.local/lib/python3.12/site-packages/airflow/example_dags/example_dataset_alias_with_no_taskflow.py
[2026-09-06T09:36:52.072+0000] {processor.py:925} INFO - DAG(s) 'dataset_s3_bucket_producer_with_no_taskflow', 'dataset_s3_bucket_consumer_with_no_taskflow', 'dataset_alias_example_alias_consumer_with_no_taskflow', 'dataset_alias_example_alias_producer_with_no_taskflow' retrieved from /home/airflow/.local/lib/python3.12/site-packages/airflow/example_dags/example_dataset_alias_with_no_taskflow.py
[2026-09-06T09:36:52.088+0000] {logging_mixin.py:190} INFO - [2026-09-06T09:36:52.087+0000] {dag.py:3239} INFO - Sync 4 DAGs
[2026-09-06T09:36:52.105+0000] {logging_mixin.py:190} INFO - [2026-09-06T09:36:52.105+0000] {dag.py:4180} INFO - Setting next_dagrun for dataset_alias_example_alias_consumer_with_no_taskflow to None, run_after=None
[2026-09-06T09:36:52.107+0000] {logging_mixin.py:190} INFO - [2026-09-06T09:36:52.107+0000] {dag.py:4180} INFO - Setting next_dagrun for dataset_alias_example_alias_producer_with_no_taskflow to None, run_after=None
[2026-09-06T09:36:52.109+0000] {logging_mixin.py:190} INFO - [2026-09-06T09:36:52.108+0000] {dag.py:4180} INFO - Setting next_dagrun for dataset_s3_bucket_consumer_with_no_taskflow to None, run_after=None
[2026-09-06T09:36:52.110+0000] {logging_mixin.py:190} INFO - [2026-09-06T09:36:52.110+0000] {dag.py:4180} INFO - Setting next_dagrun for dataset_s3_bucket_producer_with_no_taskflow to None, run_after=None
[2026-09-06T09:36:52.130+0000] {processor.py:208} INFO - Processing /home/airflow/.local/lib/python3.12/site-packages/airflow/example_dags/example_dataset_alias_with_no_taskflow.py took 0.598 seconds
[2026-09-06T09:37:22.185+0000] {processor.py:186} INFO - Started process (PID=5499) to work on /home/airflow/.local/lib/python3.12/site-packages/airflow/example_dags/example_dataset_alias_with_no_taskflow.py
[2026-09-06T09:37:22.186+0000] {processor.py:914} INFO - Processing file /home/airflow/.local/lib/python3.12/site-packages/airflow/example_dags/example_dataset_alias_with_no_taskflow.py for tasks to queue
[2026-09-06T09:37:22.188+0000] {logging_mixin.py:190} INFO - [2026-09-06T09:37:22.188+0000] {dagbag.py:588} INFO - Filling up the DagBag from /home/airflow/.local/lib/python3.12/site-packages/airflow/example_dags/example_dataset_alias_with_no_taskflow.py
[2026-09-06T09:37:22.696+0000] {processor.py:925} INFO - DAG(s) 'dataset_alias_example_alias_producer_with_no_taskflow', 'dataset_s3_bucket_consumer_with_no_taskflow', 'dataset_alias_example_alias_consumer_with_no_taskflow', 'dataset_s3_bucket_producer_with_no_taskflow' retrieved from /home/airflow/.local/lib/python3.12/site-packages/airflow/example_dags/example_dataset_alias_with_no_taskflow.py
[2026-09-06T09:37:22.713+0000] {logging_mixin.py:190} INFO - [2026-09-06T09:37:22.712+0000] {dag.py:3239} INFO - Sync 4 DAGs
[2026-09-06T09:37:22.729+0000] {logging_mixin.py:190} INFO - [2026-09-06T09:37:22.729+0000] {dag.py:4180} INFO - Setting next_dagrun for dataset_alias_example_alias_consumer_with_no_taskflow to None, run_after=None
[2026-09-06T09:37:22.731+0000] {logging_mixin.py:190} INFO - [2026-09-06T09:37:22.731+0000] {dag.py:4180} INFO - Setting next_dagrun for dataset_alias_example_alias_producer_with_no_taskflow to None, run_after=None
[2026-09-06T09:37:22.733+0000] {logging_mixin.py:190} INFO - [2026-09-06T09:37:22.732+0000] {dag.py:4180} INFO - Setting next_dagrun for dataset_s3_bucket_consumer_with_no_taskflow to None, run_after=None
[2026-09-06T09:37:22.734+0000] {logging_mixin.py:190} INFO - [2026-09-06T09:37:22.734+0000] {dag.py:4180} INFO - Setting next_dagrun for dataset_s3_bucket_producer_with_no_taskflow to None, run_after=None
[2026-09-06T09:37:22.751+0000] {processor.py:208} INFO - Processing /home/airflow/.local/lib/python3.12/site-packages/airflow/example_dags/example_dataset_alias_with_no_taskflow.py took 0.571 seconds
[2026-09-06T09:37:52.834+0000] {processor.py:186} INFO - Started process (PID=5568) to work on /home/airflow/.local/lib/python3.12/site-packages/airflow/example_dags/example_dataset_alias_with_no_taskflow.py
[2026-09-06T09:37:52.835+0000] {processor.py:914} INFO - Processing file /home/airflow/.local/lib/python3.12/site-packages/airflow/example_dags/example_dataset_alias_with_no_taskflow.py for tasks to queue
[2026-09-06T09:37:52.838+0000] {logging_mixin.py:190} INFO - [2026-09-06T09:37:52.837+0000] {dagbag.py:588} INFO - Filling up the DagBag from /home/airflow/.local/lib/python3.12/site-packages/airflow/example_dags/example_dataset_alias_with_no_taskflow.py
[2026-09-06T09:37:53.331+0000] {processor.py:925} INFO - DAG(s) 'dataset_alias_example_alias_consumer_with_no_taskflow', 'dataset_s3_bucket_producer_with_no_taskflow', 'dataset_s3_bucket_consumer_with_no_taskflow', 'dataset_alias_example_alias_producer_with_no_taskflow' retrieved from /home/airflow/.local/lib/python3.12/site-packages/airflow/example_dags/example_dataset_alias_with_no_taskflow.py
[2026-09-06T09:37:53.346+0000] {logging_mixin.py:190} INFO - [2026-09-06T09:37:53.346+0000] {dag.py:3239} INFO - Sync 4 DAGs
[2026-09-06T09:37:53.361+0000] {logging_mixin.py:190} INFO - [2026-09-06T09:37:53.361+0000] {dag.py:4180} INFO - Setting next_dagrun for dataset_alias_example_alias_consumer_with_no_taskflow to None, run_after=None
[2026-09-06T09:37:53.363+0000] {logging_mixin.py:190} INFO - [2026-09-06T09:37:53.363+0000] {dag.py:4180} INFO - Setting next_dagrun for dataset_alias_example_alias_producer_with_no_taskflow to None, run_after=None
[2026-09-06T09:37:53.365+0000] {logging_mixin.py:190} INFO - [2026-09-06T09:37:53.365+0000] {dag.py:4180} INFO - Setting next_dagrun for dataset_s3_bucket_consumer_with_no_taskflow to None, run_after=None
[2026-09-06T09:37:53.366+0000] {logging_mixin.py:190} INFO - [2026-09-06T09:37:53.366+0000] {dag.py:4180} INFO - Setting next_dagrun for dataset_s3_bucket_producer_with_no_taskflow to None, run_after=None
[2026-09-06T09:37:53.381+0000] {processor.py:208} INFO - Processing /home/airflow/.local/lib/python3.12/site-packages/airflow/example_dags/example_dataset_alias_with_no_taskflow.py took 0.552 seconds
[2026-09-06T09:38:23.919+0000] {processor.py:186} INFO - Started process (PID=5632) to work on /home/airflow/.local/lib/python3.12/site-packages/airflow/example_dags/example_dataset_alias_with_no_taskflow.py
[2026-09-06T09:38:23.920+0000] {processor.py:914} INFO - Processing file /home/airflow/.local/lib/python3.12/site-packages/airflow/example_dags/example_dataset_alias_with_no_taskflow.py for tasks to queue
[2026-09-06T09:38:23.922+0000] {logging_mixin.py:190} INFO - [2026-09-06T09:38:23.922+0000] {dagbag.py:588} INFO - Filling up the DagBag from /home/airflow/.local/lib/python3.12/site-packages/airflow/example_dags/example_dataset_alias_with_no_taskflow.py
[2026-09-06T09:38:24.410+0000] {processor.py:925} INFO - DAG(s) 'dataset_s3_bucket_consumer_with_no_taskflow', 'dataset_alias_example_alias_consumer_with_no_taskflow', 'dataset_s3_bucket_producer_with_no_taskflow', 'dataset_alias_example_alias_producer_with_no_taskflow' retrieved from /home/airflow/.local/lib/python3.12/site-packages/airflow/example_dags/example_dataset_alias_with_no_taskflow.py
[2026-09-06T09:38:24.425+0000] {logging_mixin.py:190} INFO - [2026-09-06T09:38:24.424+0000] {dag.py:3239} INFO - Sync 4 DAGs
[2026-09-06T09:38:24.439+0000] {logging_mixin.py:190} INFO - [2026-09-06T09:38:24.439+0000] {dag.py:4180} INFO - Setting next_dagrun for dataset_alias_example_alias_consumer_with_no_taskflow to None, run_after=None
[2026-09-06T09:38:24.441+0000] {logging_mixin.py:190} INFO - [2026-09-06T09:38:24.441+0000] {dag.py:4180} INFO - Setting next_dagrun for dataset_alias_example_alias_producer_with_no_taskflow to None, run_after=None
[2026-09-06T09:38:24.442+0000] {logging_mixin.py:190} INFO - [2026-09-06T09:38:24.442+0000] {dag.py:4180} INFO - Setting next_dagrun for dataset_s3_bucket_consumer_with_no_taskflow to None, run_after=None
[2026-09-06T09:38:24.444+0000] {logging_mixin.py:190} INFO - [2026-09-06T09:38:24.444+0000] {dag.py:4180} INFO - Setting next_dagrun for dataset_s3_bucket_producer_with_no_taskflow to None, run_after=None
[2026-09-06T09:38:24.459+0000] {processor.py:208} INFO - Processing /home/airflow/.local/lib/python3.12/site-packages/airflow/example_dags/example_dataset_alias_with_no_taskflow.py took 0.545 seconds
[2026-09-06T09:38:54.713+0000] {processor.py:186} INFO - Started process (PID=5702) to work on /home/airflow/.local/lib/python3.12/site-packages/airflow/example_dags/example_dataset_alias_with_no_taskflow.py
[2026-09-06T09:38:54.714+0000] {processor.py:914} INFO - Processing file /home/airflow/.local/lib/python3.12/site-packages/airflow/example_dags/example_dataset_alias_with_no_taskflow.py for tasks to queue
[2026-09-06T09:38:54.717+0000] {logging_mixin.py:190} INFO - [2026-09-06T09:38:54.716+0000] {dagbag.py:588} INFO - Filling up the DagBag from /home/airflow/.local/lib/python3.12/site-packages/airflow/example_dags/example_dataset_alias_with_no_taskflow.py
[2026-09-06T09:38:55.405+0000] {processor.py:925} INFO - DAG(s) 'dataset_alias_example_alias_consumer_with_no_taskflow', 'dataset_alias_example_alias_producer_with_no_taskflow', 'dataset_s3_bucket_consumer_with_no_taskflow', 'dataset_s3_bucket_producer_with_no_taskflow' retrieved from /home/airflow/.local/lib/python3.12/site-packages/airflow/example_dags/example_dataset_alias_with_no_taskflow.py
[2026-09-06T09:38:55.418+0000] {logging_mixin.py:190} INFO - [2026-09-06T09:38:55.418+0000] {dag.py:3239} INFO - Sync 4 DAGs
[2026-09-06T09:38:55.434+0000] {logging_mixin.py:190} INFO - [2026-09-06T09:38:55.434+0000] {dag.py:4180} INFO - Setting next_dagrun for dataset_alias_example_alias_consumer_with_no_taskflow to None, run_after=None
[2026-09-06T09:38:55.436+0000] {logging_mixin.py:190} INFO - [2026-09-06T09:38:55.436+0000] {dag.py:4180} INFO - Setting next_dagrun for dataset_alias_example_alias_producer_with_no_taskflow to None, run_after=None
[2026-09-06T09:38:55.437+0000] {logging_mixin.py:190} INFO - [2026-09-06T09:38:55.437+0000] {dag.py:4180} INFO - Setting next_dagrun for dataset_s3_bucket_consumer_with_no_taskflow to None, run_after=None
[2026-09-06T09:38:55.439+0000] {logging_mixin.py:190} INFO - [2026-09-06T09:38:55.438+0000] {dag.py:4180} INFO - Setting next_dagrun for dataset_s3_bucket_producer_with_no_taskflow to None, run_after=None
[2026-09-06T09:38:55.456+0000] {processor.py:208} INFO - Processing /home/airflow/.local/lib/python3.12/site-packages/airflow/example_dags/example_dataset_alias_with_no_taskflow.py took 0.749 seconds
[2026-09-06T09:39:25.540+0000] {processor.py:186} INFO - Started process (PID=5766) to work on /home/airflow/.local/lib/python3.12/site-packages/airflow/example_dags/example_dataset_alias_with_no_taskflow.py
[2026-09-06T09:39:25.541+0000] {processor.py:914} INFO - Processing file /home/airflow/.local/lib/python3.12/site-packages/airflow/example_dags/example_dataset_alias_with_no_taskflow.py for tasks to queue
[2026-09-06T09:39:25.543+0000] {logging_mixin.py:190} INFO - [2026-09-06T09:39:25.543+0000] {dagbag.py:588} INFO - Filling up the DagBag from /home/airflow/.local/lib/python3.12/site-packages/airflow/example_dags/example_dataset_alias_with_no_taskflow.py
[2026-09-06T09:39:26.067+0000] {processor.py:925} INFO - DAG(s) 'dataset_alias_example_alias_consumer_with_no_taskflow', 'dataset_s3_bucket_producer_with_no_taskflow', 'dataset_s3_bucket_consumer_with_no_taskflow', 'dataset_alias_example_alias_producer_with_no_taskflow' retrieved from /home/airflow/.local/lib/python3.12/site-packages/airflow/example_dags/example_dataset_alias_with_no_taskflow.py
[2026-09-06T09:39:26.081+0000] {logging_mixin.py:190} INFO - [2026-09-06T09:39:26.080+0000] {dag.py:3239} INFO - Sync 4 DAGs
[2026-09-06T09:39:26.097+0000] {logging_mixin.py:190} INFO - [2026-09-06T09:39:26.097+0000] {dag.py:4180} INFO - Setting next_dagrun for dataset_alias_example_alias_consumer_with_no_taskflow to None, run_after=None
[2026-09-06T09:39:26.099+0000] {logging_mixin.py:190} INFO - [2026-09-06T09:39:26.099+0000] {dag.py:4180} INFO - Setting next_dagrun for dataset_alias_example_alias_producer_with_no_taskflow to None, run_after=None
[2026-09-06T09:39:26.100+0000] {logging_mixin.py:190} INFO - [2026-09-06T09:39:26.100+0000] {dag.py:4180} INFO - Setting next_dagrun for dataset_s3_bucket_consumer_with_no_taskflow to None, run_after=None
[2026-09-06T09:39:26.102+0000] {logging_mixin.py:190} INFO - [2026-09-06T09:39:26.101+0000] {dag.py:4180} INFO - Setting next_dagrun for dataset_s3_bucket_producer_with_no_taskflow to None, run_after=None
[2026-09-06T09:39:26.117+0000] {processor.py:208} INFO - Processing /home/airflow/.local/lib/python3.12/site-packages/airflow/example_dags/example_dataset_alias_with_no_taskflow.py took 0.582 seconds
[2026-09-06T09:39:56.712+0000] {processor.py:186} INFO - Started process (PID=5830) to work on /home/airflow/.local/lib/python3.12/site-packages/airflow/example_dags/example_dataset_alias_with_no_taskflow.py
[2026-09-06T09:39:56.713+0000] {processor.py:914} INFO - Processing file /home/airflow/.local/lib/python3.12/site-packages/airflow/example_dags/example_dataset_alias_with_no_taskflow.py for tasks to queue
[2026-09-06T09:39:56.715+0000] {logging_mixin.py:190} INFO - [2026-09-06T09:39:56.715+0000] {dagbag.py:588} INFO - Filling up the DagBag from /home/airflow/.local/lib/python3.12/site-packages/airflow/example_dags/example_dataset_alias_with_no_taskflow.py
[2026-09-06T09:39:57.269+0000] {processor.py:925} INFO - DAG(s) 'dataset_s3_bucket_producer_with_no_taskflow', 'dataset_s3_bucket_consumer_with_no_taskflow', 'dataset_alias_example_alias_producer_with_no_taskflow', 'dataset_alias_example_alias_consumer_with_no_taskflow' retrieved from /home/airflow/.local/lib/python3.12/site-packages/airflow/example_dags/example_dataset_alias_with_no_taskflow.py
[2026-09-06T09:39:57.286+0000] {logging_mixin.py:190} INFO - [2026-09-06T09:39:57.285+0000] {dag.py:3239} INFO - Sync 4 DAGs
[2026-09-06T09:39:57.304+0000] {logging_mixin.py:190} INFO - [2026-09-06T09:39:57.304+0000] {dag.py:4180} INFO - Setting next_dagrun for dataset_alias_example_alias_consumer_with_no_taskflow to None, run_after=None
[2026-09-06T09:39:57.307+0000] {logging_mixin.py:190} INFO - [2026-09-06T09:39:57.307+0000] {dag.py:4180} INFO - Setting next_dagrun for dataset_alias_example_alias_producer_with_no_taskflow to None, run_after=None
[2026-09-06T09:39:57.309+0000] {logging_mixin.py:190} INFO - [2026-09-06T09:39:57.308+0000] {dag.py:4180} INFO - Setting next_dagrun for dataset_s3_bucket_consumer_with_no_taskflow to None, run_after=None
[2026-09-06T09:39:57.310+0000] {logging_mixin.py:190} INFO - [2026-09-06T09:39:57.310+0000] {dag.py:4180} INFO - Setting next_dagrun for dataset_s3_bucket_producer_with_no_taskflow to None, run_after=None
[2026-09-06T09:39:57.328+0000] {processor.py:208} INFO - Processing /home/airflow/.local/lib/python3.12/site-packages/airflow/example_dags/example_dataset_alias_with_no_taskflow.py took 0.622 seconds
[2026-09-06T09:40:27.400+0000] {processor.py:186} INFO - Started process (PID=5894) to work on /home/airflow/.local/lib/python3.12/site-packages/airflow/example_dags/example_dataset_alias_with_no_taskflow.py
[2026-09-06T09:40:27.401+0000] {processor.py:914} INFO - Processing file /home/airflow/.local/lib/python3.12/site-packages/airflow/example_dags/example_dataset_alias_with_no_taskflow.py for tasks to queue
[2026-09-06T09:40:27.403+0000] {logging_mixin.py:190} INFO - [2026-09-06T09:40:27.403+0000] {dagbag.py:588} INFO - Filling up the DagBag from /home/airflow/.local/lib/python3.12/site-packages/airflow/example_dags/example_dataset_alias_with_no_taskflow.py
[2026-09-06T09:40:27.895+0000] {processor.py:925} INFO - DAG(s) 'dataset_s3_bucket_producer_with_no_taskflow', 'dataset_alias_example_alias_consumer_with_no_taskflow', 'dataset_s3_bucket_consumer_with_no_taskflow', 'dataset_alias_example_alias_producer_with_no_taskflow' retrieved from /home/airflow/.local/lib/python3.12/site-packages/airflow/example_dags/example_dataset_alias_with_no_taskflow.py
[2026-09-06T09:40:27.913+0000] {logging_mixin.py:190} INFO - [2026-09-06T09:40:27.913+0000] {dag.py:3239} INFO - Sync 4 DAGs
[2026-09-06T09:40:27.934+0000] {logging_mixin.py:190} INFO - [2026-09-06T09:40:27.934+0000] {dag.py:4180} INFO - Setting next_dagrun for dataset_alias_example_alias_consumer_with_no_taskflow to None, run_after=None
[2026-09-06T09:40:27.937+0000] {logging_mixin.py:190} INFO - [2026-09-06T09:40:27.937+0000] {dag.py:4180} INFO - Setting next_dagrun for dataset_alias_example_alias_producer_with_no_taskflow to None, run_after=None
[2026-09-06T09:40:27.939+0000] {logging_mixin.py:190} INFO - [2026-09-06T09:40:27.938+0000] {dag.py:4180} INFO - Setting next_dagrun for dataset_s3_bucket_consumer_with_no_taskflow to None, run_after=None
[2026-09-06T09:40:27.940+0000] {logging_mixin.py:190} INFO - [2026-09-06T09:40:27.940+0000] {dag.py:4180} INFO - Setting next_dagrun for dataset_s3_bucket_producer_with_no_taskflow to None, run_after=None
[2026-09-06T09:40:27.959+0000] {processor.py:208} INFO - Processing /home/airflow/.local/lib/python3.12/site-packages/airflow/example_dags/example_dataset_alias_with_no_taskflow.py took 0.564 seconds
[2026-09-06T09:40:58.540+0000] {processor.py:186} INFO - Started process (PID=5958) to work on /home/airflow/.local/lib/python3.12/site-packages/airflow/example_dags/example_dataset_alias_with_no_taskflow.py
[2026-09-06T09:40:58.542+0000] {processor.py:914} INFO - Processing file /home/airflow/.local/lib/python3.12/site-packages/airflow/example_dags/example_dataset_alias_with_no_taskflow.py for tasks to queue
[2026-09-06T09:40:58.544+0000] {logging_mixin.py:190} INFO - [2026-09-06T09:40:58.543+0000] {dagbag.py:588} INFO - Filling up the DagBag from /home/airflow/.local/lib/python3.12/site-packages/airflow/example_dags/example_dataset_alias_with_no_taskflow.py
[2026-09-06T09:40:59.046+0000] {processor.py:925} INFO - DAG(s) 'dataset_s3_bucket_consumer_with_no_taskflow', 'dataset_s3_bucket_producer_with_no_taskflow', 'dataset_alias_example_alias_producer_with_no_taskflow', 'dataset_alias_example_alias_consumer_with_no_taskflow' retrieved from /home/airflow/.local/lib/python3.12/site-packages/airflow/example_dags/example_dataset_alias_with_no_taskflow.py
[2026-09-06T09:40:59.060+0000] {logging_mixin.py:190} INFO - [2026-09-06T09:40:59.060+0000] {dag.py:3239} INFO - Sync 4 DAGs
[2026-09-06T09:40:59.080+0000] {logging_mixin.py:190} INFO - [2026-09-06T09:40:59.080+0000] {dag.py:4180} INFO - Setting next_dagrun for dataset_alias_example_alias_consumer_with_no_taskflow to None, run_after=None
[2026-09-06T09:40:59.083+0000] {logging_mixin.py:190} INFO - [2026-09-06T09:40:59.082+0000] {dag.py:4180} INFO - Setting next_dagrun for dataset_alias_example_alias_producer_with_no_taskflow to None, run_after=None
[2026-09-06T09:40:59.084+0000] {logging_mixin.py:190} INFO - [2026-09-06T09:40:59.084+0000] {dag.py:4180} INFO - Setting next_dagrun for dataset_s3_bucket_consumer_with_no_taskflow to None, run_after=None
[2026-09-06T09:40:59.085+0000] {logging_mixin.py:190} INFO - [2026-09-06T09:40:59.085+0000] {dag.py:4180} INFO - Setting next_dagrun for dataset_s3_bucket_producer_with_no_taskflow to None, run_after=None
[2026-09-06T09:40:59.102+0000] {processor.py:208} INFO - Processing /home/airflow/.local/lib/python3.12/site-packages/airflow/example_dags/example_dataset_alias_with_no_taskflow.py took 0.566 seconds
[2026-09-06T09:41:29.726+0000] {processor.py:186} INFO - Started process (PID=6022) to work on /home/airflow/.local/lib/python3.12/site-packages/airflow/example_dags/example_dataset_alias_with_no_taskflow.py
[2026-09-06T09:41:29.727+0000] {processor.py:914} INFO - Processing file /home/airflow/.local/lib/python3.12/site-packages/airflow/example_dags/example_dataset_alias_with_no_taskflow.py for tasks to queue
[2026-09-06T09:41:29.730+0000] {logging_mixin.py:190} INFO - [2026-09-06T09:41:29.729+0000] {dagbag.py:588} INFO - Filling up the DagBag from /home/airflow/.local/lib/python3.12/site-packages/airflow/example_dags/example_dataset_alias_with_no_taskflow.py
[2026-09-06T09:41:30.303+0000] {processor.py:925} INFO - DAG(s) 'dataset_alias_example_alias_producer_with_no_taskflow', 'dataset_alias_example_alias_consumer_with_no_taskflow', 'dataset_s3_bucket_consumer_with_no_taskflow', 'dataset_s3_bucket_producer_with_no_taskflow' retrieved from /home/airflow/.local/lib/python3.12/site-packages/airflow/example_dags/example_dataset_alias_with_no_taskflow.py
[2026-09-06T09:41:30.319+0000] {logging_mixin.py:190} INFO - [2026-09-06T09:41:30.318+0000] {dag.py:3239} INFO - Sync 4 DAGs
[2026-09-06T09:41:30.336+0000] {logging_mixin.py:190} INFO - [2026-09-06T09:41:30.335+0000] {dag.py:4180} INFO - Setting next_dagrun for dataset_alias_example_alias_consumer_with_no_taskflow to None, run_after=None
[2026-09-06T09:41:30.338+0000] {logging_mixin.py:190} INFO - [2026-09-06T09:41:30.338+0000] {dag.py:4180} INFO - Setting next_dagrun for dataset_alias_example_alias_producer_with_no_taskflow to None, run_after=None
[2026-09-06T09:41:30.339+0000] {logging_mixin.py:190} INFO - [2026-09-06T09:41:30.339+0000] {dag.py:4180} INFO - Setting next_dagrun for dataset_s3_bucket_consumer_with_no_taskflow to None, run_after=None
[2026-09-06T09:41:30.341+0000] {logging_mixin.py:190} INFO - [2026-09-06T09:41:30.341+0000] {dag.py:4180} INFO - Setting next_dagrun for dataset_s3_bucket_producer_with_no_taskflow to None, run_after=None
[2026-09-06T09:41:30.358+0000] {processor.py:208} INFO - Processing /home/airflow/.local/lib/python3.12/site-packages/airflow/example_dags/example_dataset_alias_with_no_taskflow.py took 0.636 seconds
