[2026-09-06T08:53:55.595+0000] {processor.py:186} INFO - Started process (PID=62) to work on /home/airflow/.local/lib/python3.12/site-packages/airflow/example_dags/example_complex.py
[2026-09-06T08:53:55.596+0000] {processor.py:914} INFO - Processing file /home/airflow/.local/lib/python3.12/site-packages/airflow/example_dags/example_complex.py for tasks to queue
[2026-09-06T08:53:55.599+0000] {logging_mixin.py:190} INFO - [2026-09-06T08:53:55.599+0000] {dagbag.py:588} INFO - Filling up the DagBag from /home/airflow/.local/lib/python3.12/site-packages/airflow/example_dags/example_complex.py
[2026-09-06T08:53:55.616+0000] {processor.py:925} INFO - DAG(s) 'example_complex' retrieved from /home/airflow/.local/lib/python3.12/site-packages/airflow/example_dags/example_complex.py
[2026-09-06T08:53:55.721+0000] {logging_mixin.py:190} INFO - [2026-09-06T08:53:55.721+0000] {override.py:1911} INFO - Created Permission View: can edit on DAG:example_complex
[2026-09-06T08:53:55.730+0000] {logging_mixin.py:190} INFO - [2026-09-06T08:53:55.730+0000] {override.py:1911} INFO - Created Permission View: can delete on DAG:example_complex
[2026-09-06T08:53:55.737+0000] {logging_mixin.py:190} INFO - [2026-09-06T08:53:55.736+0000] {override.py:1911} INFO - Created Permission View: can read on DAG:example_complex
[2026-09-06T08:53:55.746+0000] {logging_mixin.py:190} INFO - [2026-09-06T08:53:55.745+0000] {override.py:1911} INFO - Created Permission View: can create on DAG Run:example_complex
[2026-09-06T08:53:55.752+0000] {logging_mixin.py:190} INFO - [2026-09-06T08:53:55.752+0000] {override.py:1911} INFO - Created Permission View: can delete on DAG Run:example_complex
[2026-09-06T08:53:55.759+0000] {logging_mixin.py:190} INFO - [2026-09-06T08:53:55.758+0000] {override.py:1911} INFO - Created Permission View: can read on DAG Run:example_complex
[2026-09-06T08:53:55.766+0000] {logging_mixin.py:190} INFO - [2026-09-06T08:53:55.766+0000] {override.py:1911} INFO - Created Permission View: menu access on DAG Run:example_complex
[2026-09-06T08:53:55.768+0000] {logging_mixin.py:190} INFO - [2026-09-06T08:53:55.767+0000] {dag.py:3239} INFO - Sync 1 DAGs
[2026-09-06T08:53:55.784+0000] {logging_mixin.py:190} INFO - [2026-09-06T08:53:55.784+0000] {dag.py:3262} INFO - Creating ORM DAG for example_complex
[2026-09-06T08:53:55.786+0000] {logging_mixin.py:190} INFO - [2026-09-06T08:53:55.786+0000] {dag.py:4180} INFO - Setting next_dagrun for example_complex to None, run_after=None
[2026-09-06T08:53:55.805+0000] {processor.py:208} INFO - Processing /home/airflow/.local/lib/python3.12/site-packages/airflow/example_dags/example_complex.py took 0.216 seconds
[2026-09-06T08:54:26.756+0000] {processor.py:186} INFO - Started process (PID=125) to work on /home/airflow/.local/lib/python3.12/site-packages/airflow/example_dags/example_complex.py
[2026-09-06T08:54:26.757+0000] {processor.py:914} INFO - Processing file /home/airflow/.local/lib/python3.12/site-packages/airflow/example_dags/example_complex.py for tasks to queue
[2026-09-06T08:54:26.758+0000] {logging_mixin.py:190} INFO - [2026-09-06T08:54:26.758+0000] {dagbag.py:588} INFO - Filling up the DagBag from /home/airflow/.local/lib/python3.12/site-packages/airflow/example_dags/example_complex.py
[2026-09-06T08:54:26.768+0000] {processor.py:925} INFO - DAG(s) 'example_complex' retrieved from /home/airflow/.local/lib/python3.12/site-packages/airflow/example_dags/example_complex.py
[2026-09-06T08:54:26.793+0000] {logging_mixin.py:190} INFO - [2026-09-06T08:54:26.792+0000] {dag.py:3239} INFO - Sync 1 DAGs
[2026-09-06T08:54:26.806+0000] {logging_mixin.py:190} INFO - [2026-09-06T08:54:26.805+0000] {dag.py:4180} INFO - Setting next_dagrun for example_complex to None, run_after=None
[2026-09-06T08:54:26.824+0000] {processor.py:208} INFO - Processing /home/airflow/.local/lib/python3.12/site-packages/airflow/example_dags/example_complex.py took 0.073 seconds
[2026-09-06T08:54:56.900+0000] {processor.py:186} INFO - Started process (PID=188) to work on /home/airflow/.local/lib/python3.12/site-packages/airflow/example_dags/example_complex.py
[2026-09-06T08:54:56.902+0000] {processor.py:914} INFO - Processing file /home/airflow/.local/lib/python3.12/site-packages/airflow/example_dags/example_complex.py for tasks to queue
[2026-09-06T08:54:56.906+0000] {logging_mixin.py:190} INFO - [2026-09-06T08:54:56.905+0000] {dagbag.py:588} INFO - Filling up the DagBag from /home/airflow/.local/lib/python3.12/site-packages/airflow/example_dags/example_complex.py
[2026-09-06T08:54:56.918+0000] {processor.py:925} INFO - DAG(s) 'example_complex' retrieved from /home/airflow/.local/lib/python3.12/site-packages/airflow/example_dags/example_complex.py
[2026-09-06T08:54:56.950+0000] {logging_mixin.py:190} INFO - [2026-09-06T08:54:56.950+0000] {dag.py:3239} INFO - Sync 1 DAGs
[2026-09-06T08:54:56.966+0000] {logging_mixin.py:190} INFO - [2026-09-06T08:54:56.966+0000] {dag.py:4180} INFO - Setting next_dagrun for example_complex to None, run_after=None
[2026-09-06T08:54:56.985+0000] {processor.py:208} INFO - Processing /home/airflow/.local/lib/python3.12/site-packages/airflow/example_dags/example_complex.py took 0.092 seconds
[2026-09-06T08:55:27.677+0000] {processor.py:186} INFO - Started process (PID=257) to work on /home/airflow/.local/lib/python3.12/site-packages/airflow/example_dags/example_complex.py
[2026-09-06T08:55:27.678+0000] {processor.py:914} INFO - Processing file /home/airflow/.local/lib/python3.12/site-packages/airflow/example_dags/example_complex.py for tasks to queue
[2026-09-06T08:55:27.680+0000] {logging_mixin.py:190} INFO - [2026-09-06T08:55:27.680+0000] {dagbag.py:588} INFO - Filling up the DagBag from /home/airflow/.local/lib/python3.12/site-packages/airflow/example_dags/example_complex.py
[2026-09-06T08:55:27.688+0000] {processor.py:925} INFO - DAG(s) 'example_complex' retrieved from /home/airflow/.local/lib/python3.12/site-packages/airflow/example_dags/example_complex.py
[2026-09-06T08:55:27.710+0000] {logging_mixin.py:190} INFO - [2026-09-06T08:55:27.710+0000] {dag.py:3239} INFO - Sync 1 DAGs
[2026-09-06T08:55:27.720+0000] {logging_mixin.py:190} INFO - [2026-09-06T08:55:27.720+0000] {dag.py:4180} INFO - Setting next_dagrun for example_complex to None, run_after=None
[2026-09-06T08:55:27.735+0000] {processor.py:208} INFO - Processing /home/airflow/.local/lib/python3.12/site-packages/airflow/example_dags/example_complex.py took 0.062 seconds
[2026-09-06T08:55:58.706+0000] {processor.py:186} INFO - Started process (PID=320) to work on /home/airflow/.local/lib/python3.12/site-packages/airflow/example_dags/example_complex.py
[2026-09-06T08:55:58.707+0000] {processor.py:914} INFO - Processing file /home/airflow/.local/lib/python3.12/site-packages/airflow/example_dags/example_complex.py for tasks to queue
[2026-09-06T08:55:58.709+0000] {logging_mixin.py:190} INFO - [2026-09-06T08:55:58.709+0000] {dagbag.py:588} INFO - Filling up the DagBag from /home/airflow/.local/lib/python3.12/site-packages/airflow/example_dags/example_complex.py
[2026-09-06T08:55:58.721+0000] {processor.py:925} INFO - DAG(s) 'example_complex' retrieved from /home/airflow/.local/lib/python3.12/site-packages/airflow/example_dags/example_complex.py
[2026-09-06T08:55:58.754+0000] {logging_mixin.py:190} INFO - [2026-09-06T08:55:58.753+0000] {dag.py:3239} INFO - Sync 1 DAGs
[2026-09-06T08:55:58.767+0000] {logging_mixin.py:190} INFO - [2026-09-06T08:55:58.767+0000] {dag.py:4180} INFO - Setting next_dagrun for example_complex to None, run_after=None
[2026-09-06T08:55:58.783+0000] {processor.py:208} INFO - Processing /home/airflow/.local/lib/python3.12/site-packages/airflow/example_dags/example_complex.py took 0.084 seconds
[2026-09-06T08:56:29.479+0000] {processor.py:186} INFO - Started process (PID=383) to work on /home/airflow/.local/lib/python3.12/site-packages/airflow/example_dags/example_complex.py
[2026-09-06T08:56:29.480+0000] {processor.py:914} INFO - Processing file /home/airflow/.local/lib/python3.12/site-packages/airflow/example_dags/example_complex.py for tasks to queue
[2026-09-06T08:56:29.482+0000] {logging_mixin.py:190} INFO - [2026-09-06T08:56:29.482+0000] {dagbag.py:588} INFO - Filling up the DagBag from /home/airflow/.local/lib/python3.12/site-packages/airflow/example_dags/example_complex.py
[2026-09-06T08:56:29.491+0000] {processor.py:925} INFO - DAG(s) 'example_complex' retrieved from /home/airflow/.local/lib/python3.12/site-packages/airflow/example_dags/example_complex.py
[2026-09-06T08:56:29.513+0000] {logging_mixin.py:190} INFO - [2026-09-06T08:56:29.513+0000] {dag.py:3239} INFO - Sync 1 DAGs
[2026-09-06T08:56:29.527+0000] {logging_mixin.py:190} INFO - [2026-09-06T08:56:29.526+0000] {dag.py:4180} INFO - Setting next_dagrun for example_complex to None, run_after=None
[2026-09-06T08:56:29.541+0000] {processor.py:208} INFO - Processing /home/airflow/.local/lib/python3.12/site-packages/airflow/example_dags/example_complex.py took 0.068 seconds
[2026-09-06T08:56:59.617+0000] {processor.py:186} INFO - Started process (PID=446) to work on /home/airflow/.local/lib/python3.12/site-packages/airflow/example_dags/example_complex.py
[2026-09-06T08:56:59.618+0000] {processor.py:914} INFO - Processing file /home/airflow/.local/lib/python3.12/site-packages/airflow/example_dags/example_complex.py for tasks to queue
[2026-09-06T08:56:59.620+0000] {logging_mixin.py:190} INFO - [2026-09-06T08:56:59.620+0000] {dagbag.py:588} INFO - Filling up the DagBag from /home/airflow/.local/lib/python3.12/site-packages/airflow/example_dags/example_complex.py
[2026-09-06T08:56:59.628+0000] {processor.py:925} INFO - DAG(s) 'example_complex' retrieved from /home/airflow/.local/lib/python3.12/site-packages/airflow/example_dags/example_complex.py
[2026-09-06T08:56:59.649+0000] {logging_mixin.py:190} INFO - [2026-09-06T08:56:59.648+0000] {dag.py:3239} INFO - Sync 1 DAGs
[2026-09-06T08:56:59.659+0000] {logging_mixin.py:190} INFO - [2026-09-06T08:56:59.659+0000] {dag.py:4180} INFO - Setting next_dagrun for example_complex to None, run_after=None
[2026-09-06T08:56:59.673+0000] {processor.py:208} INFO - Processing /home/airflow/.local/lib/python3.12/site-packages/airflow/example_dags/example_complex.py took 0.061 seconds
[2026-09-06T08:57:30.277+0000] {processor.py:186} INFO - Started process (PID=509) to work on /home/airflow/.local/lib/python3.12/site-packages/airflow/example_dags/example_complex.py
[2026-09-06T08:57:30.278+0000] {processor.py:914} INFO - Processing file /home/airflow/.local/lib/python3.12/site-packages/airflow/example_dags/example_complex.py for tasks to queue
[2026-09-06T08:57:30.280+0000] {logging_mixin.py:190} INFO - [2026-09-06T08:57:30.280+0000] {dagbag.py:588} INFO - Filling up the DagBag from /home/airflow/.local/lib/python3.12/site-packages/airflow/example_dags/example_complex.py
[2026-09-06T08:57:30.289+0000] {processor.py:925} INFO - DAG(s) 'example_complex' retrieved from /home/airflow/.local/lib/python3.12/site-packages/airflow/example_dags/example_complex.py
[2026-09-06T08:57:30.312+0000] {logging_mixin.py:190} INFO - [2026-09-06T08:57:30.311+0000] {dag.py:3239} INFO - Sync 1 DAGs
[2026-09-06T08:57:30.323+0000] {logging_mixin.py:190} INFO - [2026-09-06T08:57:30.323+0000] {dag.py:4180} INFO - Setting next_dagrun for example_complex to None, run_after=None
[2026-09-06T08:57:30.338+0000] {processor.py:208} INFO - Processing /home/airflow/.local/lib/python3.12/site-packages/airflow/example_dags/example_complex.py took 0.065 seconds
[2026-09-06T08:58:00.417+0000] {processor.py:186} INFO - Started process (PID=572) to work on /home/airflow/.local/lib/python3.12/site-packages/airflow/example_dags/example_complex.py
[2026-09-06T08:58:00.419+0000] {processor.py:914} INFO - Processing file /home/airflow/.local/lib/python3.12/site-packages/airflow/example_dags/example_complex.py for tasks to queue
[2026-09-06T08:58:00.422+0000] {logging_mixin.py:190} INFO - [2026-09-06T08:58:00.422+0000] {dagbag.py:588} INFO - Filling up the DagBag from /home/airflow/.local/lib/python3.12/site-packages/airflow/example_dags/example_complex.py
[2026-09-06T08:58:00.436+0000] {processor.py:925} INFO - DAG(s) 'example_complex' retrieved from /home/airflow/.local/lib/python3.12/site-packages/airflow/example_dags/example_complex.py
[2026-09-06T08:58:00.462+0000] {logging_mixin.py:190} INFO - [2026-09-06T08:58:00.462+0000] {dag.py:3239} INFO - Sync 1 DAGs
[2026-09-06T08:58:00.475+0000] {logging_mixin.py:190} INFO - [2026-09-06T08:58:00.475+0000] {dag.py:4180} INFO - Setting next_dagrun for example_complex to None, run_after=None
[2026-09-06T08:58:00.499+0000] {processor.py:208} INFO - Processing /home/airflow/.local/lib/python3.12/site-packages/airflow/example_dags/example_complex.py took 0.089 seconds
[2026-09-06T08:58:30.922+0000] {processor.py:186} INFO - Started process (PID=635) to work on /home/airflow/.local/lib/python3.12/site-packages/airflow/example_dags/example_complex.py
[2026-09-06T08:58:30.923+0000] {processor.py:914} INFO - Processing file /home/airflow/.local/lib/python3.12/site-packages/airflow/example_dags/example_complex.py for tasks to queue
[2026-09-06T08:58:30.926+0000] {logging_mixin.py:190} INFO - [2026-09-06T08:58:30.925+0000] {dagbag.py:588} INFO - Filling up the DagBag from /home/airflow/.local/lib/python3.12/site-packages/airflow/example_dags/example_complex.py
[2026-09-06T08:58:30.938+0000] {processor.py:925} INFO - DAG(s) 'example_complex' retrieved from /home/airflow/.local/lib/python3.12/site-packages/airflow/example_dags/example_complex.py
[2026-09-06T08:58:30.962+0000] {logging_mixin.py:190} INFO - [2026-09-06T08:58:30.962+0000] {dag.py:3239} INFO - Sync 1 DAGs
[2026-09-06T08:58:30.974+0000] {logging_mixin.py:190} INFO - [2026-09-06T08:58:30.974+0000] {dag.py:4180} INFO - Setting next_dagrun for example_complex to None, run_after=None
[2026-09-06T08:58:30.991+0000] {processor.py:208} INFO - Processing /home/airflow/.local/lib/python3.12/site-packages/airflow/example_dags/example_complex.py took 0.073 seconds
[2026-09-06T08:59:01.218+0000] {processor.py:186} INFO - Started process (PID=699) to work on /home/airflow/.local/lib/python3.12/site-packages/airflow/example_dags/example_complex.py
[2026-09-06T08:59:01.219+0000] {processor.py:914} INFO - Processing file /home/airflow/.local/lib/python3.12/site-packages/airflow/example_dags/example_complex.py for tasks to queue
[2026-09-06T08:59:01.221+0000] {logging_mixin.py:190} INFO - [2026-09-06T08:59:01.220+0000] {dagbag.py:588} INFO - Filling up the DagBag from /home/airflow/.local/lib/python3.12/site-packages/airflow/example_dags/example_complex.py
[2026-09-06T08:59:01.229+0000] {processor.py:925} INFO - DAG(s) 'example_complex' retrieved from /home/airflow/.local/lib/python3.12/site-packages/airflow/example_dags/example_complex.py
[2026-09-06T08:59:01.250+0000] {logging_mixin.py:190} INFO - [2026-09-06T08:59:01.250+0000] {dag.py:3239} INFO - Sync 1 DAGs
[2026-09-06T08:59:01.260+0000] {logging_mixin.py:190} INFO - [2026-09-06T08:59:01.260+0000] {dag.py:4180} INFO - Setting next_dagrun for example_complex to None, run_after=None
[2026-09-06T08:59:01.275+0000] {processor.py:208} INFO - Processing /home/airflow/.local/lib/python3.12/site-packages/airflow/example_dags/example_complex.py took 0.061 seconds
[2026-09-06T08:59:31.694+0000] {processor.py:186} INFO - Started process (PID=763) to work on /home/airflow/.local/lib/python3.12/site-packages/airflow/example_dags/example_complex.py
[2026-09-06T08:59:31.695+0000] {processor.py:914} INFO - Processing file /home/airflow/.local/lib/python3.12/site-packages/airflow/example_dags/example_complex.py for tasks to queue
[2026-09-06T08:59:31.697+0000] {logging_mixin.py:190} INFO - [2026-09-06T08:59:31.696+0000] {dagbag.py:588} INFO - Filling up the DagBag from /home/airflow/.local/lib/python3.12/site-packages/airflow/example_dags/example_complex.py
[2026-09-06T08:59:31.707+0000] {processor.py:925} INFO - DAG(s) 'example_complex' retrieved from /home/airflow/.local/lib/python3.12/site-packages/airflow/example_dags/example_complex.py
[2026-09-06T08:59:31.729+0000] {logging_mixin.py:190} INFO - [2026-09-06T08:59:31.729+0000] {dag.py:3239} INFO - Sync 1 DAGs
[2026-09-06T08:59:31.741+0000] {logging_mixin.py:190} INFO - [2026-09-06T08:59:31.740+0000] {dag.py:4180} INFO - Setting next_dagrun for example_complex to None, run_after=None
[2026-09-06T08:59:31.756+0000] {processor.py:208} INFO - Processing /home/airflow/.local/lib/python3.12/site-packages/airflow/example_dags/example_complex.py took 0.067 seconds
[2026-09-06T09:00:02.171+0000] {processor.py:186} INFO - Started process (PID=827) to work on /home/airflow/.local/lib/python3.12/site-packages/airflow/example_dags/example_complex.py
[2026-09-06T09:00:02.172+0000] {processor.py:914} INFO - Processing file /home/airflow/.local/lib/python3.12/site-packages/airflow/example_dags/example_complex.py for tasks to queue
[2026-09-06T09:00:02.174+0000] {logging_mixin.py:190} INFO - [2026-09-06T09:00:02.174+0000] {dagbag.py:588} INFO - Filling up the DagBag from /home/airflow/.local/lib/python3.12/site-packages/airflow/example_dags/example_complex.py
[2026-09-06T09:00:02.183+0000] {processor.py:925} INFO - DAG(s) 'example_complex' retrieved from /home/airflow/.local/lib/python3.12/site-packages/airflow/example_dags/example_complex.py
[2026-09-06T09:00:02.205+0000] {logging_mixin.py:190} INFO - [2026-09-06T09:00:02.205+0000] {dag.py:3239} INFO - Sync 1 DAGs
[2026-09-06T09:00:02.216+0000] {logging_mixin.py:190} INFO - [2026-09-06T09:00:02.216+0000] {dag.py:4180} INFO - Setting next_dagrun for example_complex to None, run_after=None
[2026-09-06T09:00:02.231+0000] {processor.py:208} INFO - Processing /home/airflow/.local/lib/python3.12/site-packages/airflow/example_dags/example_complex.py took 0.065 seconds
[2026-09-06T09:00:32.450+0000] {processor.py:186} INFO - Started process (PID=891) to work on /home/airflow/.local/lib/python3.12/site-packages/airflow/example_dags/example_complex.py
[2026-09-06T09:00:32.451+0000] {processor.py:914} INFO - Processing file /home/airflow/.local/lib/python3.12/site-packages/airflow/example_dags/example_complex.py for tasks to queue
[2026-09-06T09:00:32.453+0000] {logging_mixin.py:190} INFO - [2026-09-06T09:00:32.453+0000] {dagbag.py:588} INFO - Filling up the DagBag from /home/airflow/.local/lib/python3.12/site-packages/airflow/example_dags/example_complex.py
[2026-09-06T09:00:32.463+0000] {processor.py:925} INFO - DAG(s) 'example_complex' retrieved from /home/airflow/.local/lib/python3.12/site-packages/airflow/example_dags/example_complex.py
[2026-09-06T09:00:32.488+0000] {logging_mixin.py:190} INFO - [2026-09-06T09:00:32.488+0000] {dag.py:3239} INFO - Sync 1 DAGs
[2026-09-06T09:00:32.501+0000] {logging_mixin.py:190} INFO - [2026-09-06T09:00:32.500+0000] {dag.py:4180} INFO - Setting next_dagrun for example_complex to None, run_after=None
[2026-09-06T09:00:32.516+0000] {processor.py:208} INFO - Processing /home/airflow/.local/lib/python3.12/site-packages/airflow/example_dags/example_complex.py took 0.072 seconds
[2026-09-06T09:01:03.112+0000] {processor.py:186} INFO - Started process (PID=955) to work on /home/airflow/.local/lib/python3.12/site-packages/airflow/example_dags/example_complex.py
[2026-09-06T09:01:03.113+0000] {processor.py:914} INFO - Processing file /home/airflow/.local/lib/python3.12/site-packages/airflow/example_dags/example_complex.py for tasks to queue
[2026-09-06T09:01:03.115+0000] {logging_mixin.py:190} INFO - [2026-09-06T09:01:03.115+0000] {dagbag.py:588} INFO - Filling up the DagBag from /home/airflow/.local/lib/python3.12/site-packages/airflow/example_dags/example_complex.py
[2026-09-06T09:01:03.125+0000] {processor.py:925} INFO - DAG(s) 'example_complex' retrieved from /home/airflow/.local/lib/python3.12/site-packages/airflow/example_dags/example_complex.py
[2026-09-06T09:01:03.149+0000] {logging_mixin.py:190} INFO - [2026-09-06T09:01:03.149+0000] {dag.py:3239} INFO - Sync 1 DAGs
[2026-09-06T09:01:03.162+0000] {logging_mixin.py:190} INFO - [2026-09-06T09:01:03.162+0000] {dag.py:4180} INFO - Setting next_dagrun for example_complex to None, run_after=None
[2026-09-06T09:01:03.177+0000] {processor.py:208} INFO - Processing /home/airflow/.local/lib/python3.12/site-packages/airflow/example_dags/example_complex.py took 0.071 seconds
[2026-09-06T09:01:33.815+0000] {processor.py:186} INFO - Started process (PID=1019) to work on /home/airflow/.local/lib/python3.12/site-packages/airflow/example_dags/example_complex.py
[2026-09-06T09:01:33.816+0000] {processor.py:914} INFO - Processing file /home/airflow/.local/lib/python3.12/site-packages/airflow/example_dags/example_complex.py for tasks to queue
[2026-09-06T09:01:33.819+0000] {logging_mixin.py:190} INFO - [2026-09-06T09:01:33.818+0000] {dagbag.py:588} INFO - Filling up the DagBag from /home/airflow/.local/lib/python3.12/site-packages/airflow/example_dags/example_complex.py
[2026-09-06T09:01:33.829+0000] {processor.py:925} INFO - DAG(s) 'example_complex' retrieved from /home/airflow/.local/lib/python3.12/site-packages/airflow/example_dags/example_complex.py
[2026-09-06T09:01:33.853+0000] {logging_mixin.py:190} INFO - [2026-09-06T09:01:33.853+0000] {dag.py:3239} INFO - Sync 1 DAGs
[2026-09-06T09:01:33.866+0000] {logging_mixin.py:190} INFO - [2026-09-06T09:01:33.866+0000] {dag.py:4180} INFO - Setting next_dagrun for example_complex to None, run_after=None
[2026-09-06T09:01:33.882+0000] {processor.py:208} INFO - Processing /home/airflow/.local/lib/python3.12/site-packages/airflow/example_dags/example_complex.py took 0.072 seconds
[2026-09-06T09:02:04.441+0000] {processor.py:186} INFO - Started process (PID=1083) to work on /home/airflow/.local/lib/python3.12/site-packages/airflow/example_dags/example_complex.py
[2026-09-06T09:02:04.442+0000] {processor.py:914} INFO - Processing file /home/airflow/.local/lib/python3.12/site-packages/airflow/example_dags/example_complex.py for tasks to queue
[2026-09-06T09:02:04.444+0000] {logging_mixin.py:190} INFO - [2026-09-06T09:02:04.444+0000] {dagbag.py:588} INFO - Filling up the DagBag from /home/airflow/.local/lib/python3.12/site-packages/airflow/example_dags/example_complex.py
[2026-09-06T09:02:04.454+0000] {processor.py:925} INFO - DAG(s) 'example_complex' retrieved from /home/airflow/.local/lib/python3.12/site-packages/airflow/example_dags/example_complex.py
[2026-09-06T09:02:04.479+0000] {logging_mixin.py:190} INFO - [2026-09-06T09:02:04.479+0000] {dag.py:3239} INFO - Sync 1 DAGs
[2026-09-06T09:02:04.491+0000] {logging_mixin.py:190} INFO - [2026-09-06T09:02:04.490+0000] {dag.py:4180} INFO - Setting next_dagrun for example_complex to None, run_after=None
[2026-09-06T09:02:04.506+0000] {processor.py:208} INFO - Processing /home/airflow/.local/lib/python3.12/site-packages/airflow/example_dags/example_complex.py took 0.070 seconds
[2026-09-06T09:02:34.733+0000] {processor.py:186} INFO - Started process (PID=1147) to work on /home/airflow/.local/lib/python3.12/site-packages/airflow/example_dags/example_complex.py
[2026-09-06T09:02:34.734+0000] {processor.py:914} INFO - Processing file /home/airflow/.local/lib/python3.12/site-packages/airflow/example_dags/example_complex.py for tasks to queue
[2026-09-06T09:02:34.736+0000] {logging_mixin.py:190} INFO - [2026-09-06T09:02:34.736+0000] {dagbag.py:588} INFO - Filling up the DagBag from /home/airflow/.local/lib/python3.12/site-packages/airflow/example_dags/example_complex.py
[2026-09-06T09:02:34.745+0000] {processor.py:925} INFO - DAG(s) 'example_complex' retrieved from /home/airflow/.local/lib/python3.12/site-packages/airflow/example_dags/example_complex.py
[2026-09-06T09:02:34.767+0000] {logging_mixin.py:190} INFO - [2026-09-06T09:02:34.767+0000] {dag.py:3239} INFO - Sync 1 DAGs
[2026-09-06T09:02:34.777+0000] {logging_mixin.py:190} INFO - [2026-09-06T09:02:34.776+0000] {dag.py:4180} INFO - Setting next_dagrun for example_complex to None, run_after=None
[2026-09-06T09:02:34.792+0000] {processor.py:208} INFO - Processing /home/airflow/.local/lib/python3.12/site-packages/airflow/example_dags/example_complex.py took 0.063 seconds
[2026-09-06T09:03:05.509+0000] {processor.py:186} INFO - Started process (PID=1211) to work on /home/airflow/.local/lib/python3.12/site-packages/airflow/example_dags/example_complex.py
[2026-09-06T09:03:05.510+0000] {processor.py:914} INFO - Processing file /home/airflow/.local/lib/python3.12/site-packages/airflow/example_dags/example_complex.py for tasks to queue
[2026-09-06T09:03:05.513+0000] {logging_mixin.py:190} INFO - [2026-09-06T09:03:05.512+0000] {dagbag.py:588} INFO - Filling up the DagBag from /home/airflow/.local/lib/python3.12/site-packages/airflow/example_dags/example_complex.py
[2026-09-06T09:03:05.523+0000] {processor.py:925} INFO - DAG(s) 'example_complex' retrieved from /home/airflow/.local/lib/python3.12/site-packages/airflow/example_dags/example_complex.py
[2026-09-06T09:03:05.548+0000] {logging_mixin.py:190} INFO - [2026-09-06T09:03:05.548+0000] {dag.py:3239} INFO - Sync 1 DAGs
[2026-09-06T09:03:05.560+0000] {logging_mixin.py:190} INFO - [2026-09-06T09:03:05.560+0000] {dag.py:4180} INFO - Setting next_dagrun for example_complex to None, run_after=None
[2026-09-06T09:03:05.589+0000] {processor.py:208} INFO - Processing /home/airflow/.local/lib/python3.12/site-packages/airflow/example_dags/example_complex.py took 0.084 seconds
[2026-09-06T09:03:35.734+0000] {processor.py:186} INFO - Started process (PID=1275) to work on /home/airflow/.local/lib/python3.12/site-packages/airflow/example_dags/example_complex.py
[2026-09-06T09:03:35.736+0000] {processor.py:914} INFO - Processing file /home/airflow/.local/lib/python3.12/site-packages/airflow/example_dags/example_complex.py for tasks to queue
[2026-09-06T09:03:35.738+0000] {logging_mixin.py:190} INFO - [2026-09-06T09:03:35.738+0000] {dagbag.py:588} INFO - Filling up the DagBag from /home/airflow/.local/lib/python3.12/site-packages/airflow/example_dags/example_complex.py
[2026-09-06T09:03:35.750+0000] {processor.py:925} INFO - DAG(s) 'example_complex' retrieved from /home/airflow/.local/lib/python3.12/site-packages/airflow/example_dags/example_complex.py
[2026-09-06T09:03:35.777+0000] {logging_mixin.py:190} INFO - [2026-09-06T09:03:35.777+0000] {dag.py:3239} INFO - Sync 1 DAGs
[2026-09-06T09:03:35.791+0000] {logging_mixin.py:190} INFO - [2026-09-06T09:03:35.790+0000] {dag.py:4180} INFO - Setting next_dagrun for example_complex to None, run_after=None
[2026-09-06T09:03:35.817+0000] {processor.py:208} INFO - Processing /home/airflow/.local/lib/python3.12/site-packages/airflow/example_dags/example_complex.py took 0.089 seconds
[2026-09-06T09:04:05.909+0000] {processor.py:186} INFO - Started process (PID=1339) to work on /home/airflow/.local/lib/python3.12/site-packages/airflow/example_dags/example_complex.py
[2026-09-06T09:04:05.910+0000] {processor.py:914} INFO - Processing file /home/airflow/.local/lib/python3.12/site-packages/airflow/example_dags/example_complex.py for tasks to queue
[2026-09-06T09:04:05.912+0000] {logging_mixin.py:190} INFO - [2026-09-06T09:04:05.912+0000] {dagbag.py:588} INFO - Filling up the DagBag from /home/airflow/.local/lib/python3.12/site-packages/airflow/example_dags/example_complex.py
[2026-09-06T09:04:05.921+0000] {processor.py:925} INFO - DAG(s) 'example_complex' retrieved from /home/airflow/.local/lib/python3.12/site-packages/airflow/example_dags/example_complex.py
[2026-09-06T09:04:05.944+0000] {logging_mixin.py:190} INFO - [2026-09-06T09:04:05.944+0000] {dag.py:3239} INFO - Sync 1 DAGs
[2026-09-06T09:04:05.955+0000] {logging_mixin.py:190} INFO - [2026-09-06T09:04:05.955+0000] {dag.py:4180} INFO - Setting next_dagrun for example_complex to None, run_after=None
[2026-09-06T09:04:05.970+0000] {processor.py:208} INFO - Processing /home/airflow/.local/lib/python3.12/site-packages/airflow/example_dags/example_complex.py took 0.065 seconds
[2026-09-06T09:04:36.467+0000] {processor.py:186} INFO - Started process (PID=1403) to work on /home/airflow/.local/lib/python3.12/site-packages/airflow/example_dags/example_complex.py
[2026-09-06T09:04:36.468+0000] {processor.py:914} INFO - Processing file /home/airflow/.local/lib/python3.12/site-packages/airflow/example_dags/example_complex.py for tasks to queue
[2026-09-06T09:04:36.470+0000] {logging_mixin.py:190} INFO - [2026-09-06T09:04:36.470+0000] {dagbag.py:588} INFO - Filling up the DagBag from /home/airflow/.local/lib/python3.12/site-packages/airflow/example_dags/example_complex.py
[2026-09-06T09:04:36.479+0000] {processor.py:925} INFO - DAG(s) 'example_complex' retrieved from /home/airflow/.local/lib/python3.12/site-packages/airflow/example_dags/example_complex.py
[2026-09-06T09:04:36.501+0000] {logging_mixin.py:190} INFO - [2026-09-06T09:04:36.501+0000] {dag.py:3239} INFO - Sync 1 DAGs
[2026-09-06T09:04:36.512+0000] {logging_mixin.py:190} INFO - [2026-09-06T09:04:36.512+0000] {dag.py:4180} INFO - Setting next_dagrun for example_complex to None, run_after=None
[2026-09-06T09:04:36.535+0000] {processor.py:208} INFO - Processing /home/airflow/.local/lib/python3.12/site-packages/airflow/example_dags/example_complex.py took 0.072 seconds
[2026-09-06T09:05:07.096+0000] {processor.py:186} INFO - Started process (PID=1467) to work on /home/airflow/.local/lib/python3.12/site-packages/airflow/example_dags/example_complex.py
[2026-09-06T09:05:07.097+0000] {processor.py:914} INFO - Processing file /home/airflow/.local/lib/python3.12/site-packages/airflow/example_dags/example_complex.py for tasks to queue
[2026-09-06T09:05:07.100+0000] {logging_mixin.py:190} INFO - [2026-09-06T09:05:07.100+0000] {dagbag.py:588} INFO - Filling up the DagBag from /home/airflow/.local/lib/python3.12/site-packages/airflow/example_dags/example_complex.py
[2026-09-06T09:05:07.111+0000] {processor.py:925} INFO - DAG(s) 'example_complex' retrieved from /home/airflow/.local/lib/python3.12/site-packages/airflow/example_dags/example_complex.py
[2026-09-06T09:05:07.135+0000] {logging_mixin.py:190} INFO - [2026-09-06T09:05:07.135+0000] {dag.py:3239} INFO - Sync 1 DAGs
[2026-09-06T09:05:07.148+0000] {logging_mixin.py:190} INFO - [2026-09-06T09:05:07.147+0000] {dag.py:4180} INFO - Setting next_dagrun for example_complex to None, run_after=None
[2026-09-06T09:05:07.162+0000] {processor.py:208} INFO - Processing /home/airflow/.local/lib/python3.12/site-packages/airflow/example_dags/example_complex.py took 0.073 seconds
[2026-09-06T09:05:37.313+0000] {processor.py:186} INFO - Started process (PID=1531) to work on /home/airflow/.local/lib/python3.12/site-packages/airflow/example_dags/example_complex.py
[2026-09-06T09:05:37.314+0000] {processor.py:914} INFO - Processing file /home/airflow/.local/lib/python3.12/site-packages/airflow/example_dags/example_complex.py for tasks to queue
[2026-09-06T09:05:37.316+0000] {logging_mixin.py:190} INFO - [2026-09-06T09:05:37.315+0000] {dagbag.py:588} INFO - Filling up the DagBag from /home/airflow/.local/lib/python3.12/site-packages/airflow/example_dags/example_complex.py
[2026-09-06T09:05:37.325+0000] {processor.py:925} INFO - DAG(s) 'example_complex' retrieved from /home/airflow/.local/lib/python3.12/site-packages/airflow/example_dags/example_complex.py
[2026-09-06T09:05:37.347+0000] {logging_mixin.py:190} INFO - [2026-09-06T09:05:37.347+0000] {dag.py:3239} INFO - Sync 1 DAGs
[2026-09-06T09:05:37.359+0000] {logging_mixin.py:190} INFO - [2026-09-06T09:05:37.359+0000] {dag.py:4180} INFO - Setting next_dagrun for example_complex to None, run_after=None
[2026-09-06T09:05:37.374+0000] {processor.py:208} INFO - Processing /home/airflow/.local/lib/python3.12/site-packages/airflow/example_dags/example_complex.py took 0.066 seconds
[2026-09-06T09:06:07.977+0000] {processor.py:186} INFO - Started process (PID=1595) to work on /home/airflow/.local/lib/python3.12/site-packages/airflow/example_dags/example_complex.py
[2026-09-06T09:06:07.978+0000] {processor.py:914} INFO - Processing file /home/airflow/.local/lib/python3.12/site-packages/airflow/example_dags/example_complex.py for tasks to queue
[2026-09-06T09:06:07.980+0000] {logging_mixin.py:190} INFO - [2026-09-06T09:06:07.979+0000] {dagbag.py:588} INFO - Filling up the DagBag from /home/airflow/.local/lib/python3.12/site-packages/airflow/example_dags/example_complex.py
[2026-09-06T09:06:07.989+0000] {processor.py:925} INFO - DAG(s) 'example_complex' retrieved from /home/airflow/.local/lib/python3.12/site-packages/airflow/example_dags/example_complex.py
[2026-09-06T09:06:08.013+0000] {logging_mixin.py:190} INFO - [2026-09-06T09:06:08.013+0000] {dag.py:3239} INFO - Sync 1 DAGs
[2026-09-06T09:06:08.024+0000] {logging_mixin.py:190} INFO - [2026-09-06T09:06:08.024+0000] {dag.py:4180} INFO - Setting next_dagrun for example_complex to None, run_after=None
[2026-09-06T09:06:08.040+0000] {processor.py:208} INFO - Processing /home/airflow/.local/lib/python3.12/site-packages/airflow/example_dags/example_complex.py took 0.068 seconds
[2026-09-06T09:06:38.937+0000] {processor.py:186} INFO - Started process (PID=1659) to work on /home/airflow/.local/lib/python3.12/site-packages/airflow/example_dags/example_complex.py
[2026-09-06T09:06:38.938+0000] {processor.py:914} INFO - Processing file /home/airflow/.local/lib/python3.12/site-packages/airflow/example_dags/example_complex.py for tasks to queue
[2026-09-06T09:06:38.940+0000] {logging_mixin.py:190} INFO - [2026-09-06T09:06:38.940+0000] {dagbag.py:588} INFO - Filling up the DagBag from /home/airflow/.local/lib/python3.12/site-packages/airflow/example_dags/example_complex.py
[2026-09-06T09:06:38.950+0000] {processor.py:925} INFO - DAG(s) 'example_complex' retrieved from /home/airflow/.local/lib/python3.12/site-packages/airflow/example_dags/example_complex.py
[2026-09-06T09:06:38.974+0000] {logging_mixin.py:190} INFO - [2026-09-06T09:06:38.973+0000] {dag.py:3239} INFO - Sync 1 DAGs
[2026-09-06T09:06:38.988+0000] {logging_mixin.py:190} INFO - [2026-09-06T09:06:38.988+0000] {dag.py:4180} INFO - Setting next_dagrun for example_complex to None, run_after=None
[2026-09-06T09:06:39.004+0000] {processor.py:208} INFO - Processing /home/airflow/.local/lib/python3.12/site-packages/airflow/example_dags/example_complex.py took 0.071 seconds
[2026-09-06T09:07:09.828+0000] {processor.py:186} INFO - Started process (PID=1723) to work on /home/airflow/.local/lib/python3.12/site-packages/airflow/example_dags/example_complex.py
[2026-09-06T09:07:09.829+0000] {processor.py:914} INFO - Processing file /home/airflow/.local/lib/python3.12/site-packages/airflow/example_dags/example_complex.py for tasks to queue
[2026-09-06T09:07:09.831+0000] {logging_mixin.py:190} INFO - [2026-09-06T09:07:09.831+0000] {dagbag.py:588} INFO - Filling up the DagBag from /home/airflow/.local/lib/python3.12/site-packages/airflow/example_dags/example_complex.py
[2026-09-06T09:07:09.841+0000] {processor.py:925} INFO - DAG(s) 'example_complex' retrieved from /home/airflow/.local/lib/python3.12/site-packages/airflow/example_dags/example_complex.py
[2026-09-06T09:07:09.866+0000] {logging_mixin.py:190} INFO - [2026-09-06T09:07:09.865+0000] {dag.py:3239} INFO - Sync 1 DAGs
[2026-09-06T09:07:09.878+0000] {logging_mixin.py:190} INFO - [2026-09-06T09:07:09.878+0000] {dag.py:4180} INFO - Setting next_dagrun for example_complex to None, run_after=None
[2026-09-06T09:07:09.894+0000] {processor.py:208} INFO - Processing /home/airflow/.local/lib/python3.12/site-packages/airflow/example_dags/example_complex.py took 0.072 seconds
[2026-09-06T09:07:40.737+0000] {processor.py:186} INFO - Started process (PID=1787) to work on /home/airflow/.local/lib/python3.12/site-packages/airflow/example_dags/example_complex.py
[2026-09-06T09:07:40.739+0000] {processor.py:914} INFO - Processing file /home/airflow/.local/lib/python3.12/site-packages/airflow/example_dags/example_complex.py for tasks to queue
[2026-09-06T09:07:40.741+0000] {logging_mixin.py:190} INFO - [2026-09-06T09:07:40.741+0000] {dagbag.py:588} INFO - Filling up the DagBag from /home/airflow/.local/lib/python3.12/site-packages/airflow/example_dags/example_complex.py
[2026-09-06T09:07:40.751+0000] {processor.py:925} INFO - DAG(s) 'example_complex' retrieved from /home/airflow/.local/lib/python3.12/site-packages/airflow/example_dags/example_complex.py
[2026-09-06T09:07:40.779+0000] {logging_mixin.py:190} INFO - [2026-09-06T09:07:40.779+0000] {dag.py:3239} INFO - Sync 1 DAGs
[2026-09-06T09:07:40.795+0000] {logging_mixin.py:190} INFO - [2026-09-06T09:07:40.795+0000] {dag.py:4180} INFO - Setting next_dagrun for example_complex to None, run_after=None
[2026-09-06T09:07:40.814+0000] {processor.py:208} INFO - Processing /home/airflow/.local/lib/python3.12/site-packages/airflow/example_dags/example_complex.py took 0.081 seconds
[2026-09-06T09:08:11.475+0000] {processor.py:186} INFO - Started process (PID=1851) to work on /home/airflow/.local/lib/python3.12/site-packages/airflow/example_dags/example_complex.py
[2026-09-06T09:08:11.476+0000] {processor.py:914} INFO - Processing file /home/airflow/.local/lib/python3.12/site-packages/airflow/example_dags/example_complex.py for tasks to queue
[2026-09-06T09:08:11.478+0000] {logging_mixin.py:190} INFO - [2026-09-06T09:08:11.478+0000] {dagbag.py:588} INFO - Filling up the DagBag from /home/airflow/.local/lib/python3.12/site-packages/airflow/example_dags/example_complex.py
[2026-09-06T09:08:11.487+0000] {processor.py:925} INFO - DAG(s) 'example_complex' retrieved from /home/airflow/.local/lib/python3.12/site-packages/airflow/example_dags/example_complex.py
[2026-09-06T09:08:11.509+0000] {logging_mixin.py:190} INFO - [2026-09-06T09:08:11.509+0000] {dag.py:3239} INFO - Sync 1 DAGs
[2026-09-06T09:08:11.519+0000] {logging_mixin.py:190} INFO - [2026-09-06T09:08:11.519+0000] {dag.py:4180} INFO - Setting next_dagrun for example_complex to None, run_after=None
[2026-09-06T09:08:11.533+0000] {processor.py:208} INFO - Processing /home/airflow/.local/lib/python3.12/site-packages/airflow/example_dags/example_complex.py took 0.062 seconds
[2026-09-06T09:08:42.136+0000] {processor.py:186} INFO - Started process (PID=1915) to work on /home/airflow/.local/lib/python3.12/site-packages/airflow/example_dags/example_complex.py
[2026-09-06T09:08:42.137+0000] {processor.py:914} INFO - Processing file /home/airflow/.local/lib/python3.12/site-packages/airflow/example_dags/example_complex.py for tasks to queue
[2026-09-06T09:08:42.139+0000] {logging_mixin.py:190} INFO - [2026-09-06T09:08:42.139+0000] {dagbag.py:588} INFO - Filling up the DagBag from /home/airflow/.local/lib/python3.12/site-packages/airflow/example_dags/example_complex.py
[2026-09-06T09:08:42.148+0000] {processor.py:925} INFO - DAG(s) 'example_complex' retrieved from /home/airflow/.local/lib/python3.12/site-packages/airflow/example_dags/example_complex.py
[2026-09-06T09:08:42.169+0000] {logging_mixin.py:190} INFO - [2026-09-06T09:08:42.169+0000] {dag.py:3239} INFO - Sync 1 DAGs
[2026-09-06T09:08:42.180+0000] {logging_mixin.py:190} INFO - [2026-09-06T09:08:42.180+0000] {dag.py:4180} INFO - Setting next_dagrun for example_complex to None, run_after=None
[2026-09-06T09:08:42.195+0000] {processor.py:208} INFO - Processing /home/airflow/.local/lib/python3.12/site-packages/airflow/example_dags/example_complex.py took 0.063 seconds
[2026-09-06T09:09:12.894+0000] {processor.py:186} INFO - Started process (PID=1979) to work on /home/airflow/.local/lib/python3.12/site-packages/airflow/example_dags/example_complex.py
[2026-09-06T09:09:12.895+0000] {processor.py:914} INFO - Processing file /home/airflow/.local/lib/python3.12/site-packages/airflow/example_dags/example_complex.py for tasks to queue
[2026-09-06T09:09:12.897+0000] {logging_mixin.py:190} INFO - [2026-09-06T09:09:12.897+0000] {dagbag.py:588} INFO - Filling up the DagBag from /home/airflow/.local/lib/python3.12/site-packages/airflow/example_dags/example_complex.py
[2026-09-06T09:09:12.906+0000] {processor.py:925} INFO - DAG(s) 'example_complex' retrieved from /home/airflow/.local/lib/python3.12/site-packages/airflow/example_dags/example_complex.py
[2026-09-06T09:09:12.928+0000] {logging_mixin.py:190} INFO - [2026-09-06T09:09:12.928+0000] {dag.py:3239} INFO - Sync 1 DAGs
[2026-09-06T09:09:12.938+0000] {logging_mixin.py:190} INFO - [2026-09-06T09:09:12.938+0000] {dag.py:4180} INFO - Setting next_dagrun for example_complex to None, run_after=None
[2026-09-06T09:09:12.952+0000] {processor.py:208} INFO - Processing /home/airflow/.local/lib/python3.12/site-packages/airflow/example_dags/example_complex.py took 0.062 seconds
[2026-09-06T09:09:43.084+0000] {processor.py:186} INFO - Started process (PID=2043) to work on /home/airflow/.local/lib/python3.12/site-packages/airflow/example_dags/example_complex.py
[2026-09-06T09:09:43.085+0000] {processor.py:914} INFO - Processing file /home/airflow/.local/lib/python3.12/site-packages/airflow/example_dags/example_complex.py for tasks to queue
[2026-09-06T09:09:43.087+0000] {logging_mixin.py:190} INFO - [2026-09-06T09:09:43.086+0000] {dagbag.py:588} INFO - Filling up the DagBag from /home/airflow/.local/lib/python3.12/site-packages/airflow/example_dags/example_complex.py
[2026-09-06T09:09:43.096+0000] {processor.py:925} INFO - DAG(s) 'example_complex' retrieved from /home/airflow/.local/lib/python3.12/site-packages/airflow/example_dags/example_complex.py
[2026-09-06T09:09:43.118+0000] {logging_mixin.py:190} INFO - [2026-09-06T09:09:43.118+0000] {dag.py:3239} INFO - Sync 1 DAGs
[2026-09-06T09:09:43.129+0000] {logging_mixin.py:190} INFO - [2026-09-06T09:09:43.128+0000] {dag.py:4180} INFO - Setting next_dagrun for example_complex to None, run_after=None
[2026-09-06T09:09:43.144+0000] {processor.py:208} INFO - Processing /home/airflow/.local/lib/python3.12/site-packages/airflow/example_dags/example_complex.py took 0.065 seconds
[2026-09-06T09:10:13.623+0000] {processor.py:186} INFO - Started process (PID=2107) to work on /home/airflow/.local/lib/python3.12/site-packages/airflow/example_dags/example_complex.py
[2026-09-06T09:10:13.624+0000] {processor.py:914} INFO - Processing file /home/airflow/.local/lib/python3.12/site-packages/airflow/example_dags/example_complex.py for tasks to queue
[2026-09-06T09:10:13.626+0000] {logging_mixin.py:190} INFO - [2026-09-06T09:10:13.626+0000] {dagbag.py:588} INFO - Filling up the DagBag from /home/airflow/.local/lib/python3.12/site-packages/airflow/example_dags/example_complex.py
[2026-09-06T09:10:13.635+0000] {processor.py:925} INFO - DAG(s) 'example_complex' retrieved from /home/airflow/.local/lib/python3.12/site-packages/airflow/example_dags/example_complex.py
[2026-09-06T09:10:13.660+0000] {logging_mixin.py:190} INFO - [2026-09-06T09:10:13.660+0000] {dag.py:3239} INFO - Sync 1 DAGs
[2026-09-06T09:10:13.672+0000] {logging_mixin.py:190} INFO - [2026-09-06T09:10:13.672+0000] {dag.py:4180} INFO - Setting next_dagrun for example_complex to None, run_after=None
[2026-09-06T09:10:13.688+0000] {processor.py:208} INFO - Processing /home/airflow/.local/lib/python3.12/site-packages/airflow/example_dags/example_complex.py took 0.070 seconds
[2026-09-06T09:10:43.951+0000] {processor.py:186} INFO - Started process (PID=2171) to work on /home/airflow/.local/lib/python3.12/site-packages/airflow/example_dags/example_complex.py
[2026-09-06T09:10:43.952+0000] {processor.py:914} INFO - Processing file /home/airflow/.local/lib/python3.12/site-packages/airflow/example_dags/example_complex.py for tasks to queue
[2026-09-06T09:10:43.955+0000] {logging_mixin.py:190} INFO - [2026-09-06T09:10:43.954+0000] {dagbag.py:588} INFO - Filling up the DagBag from /home/airflow/.local/lib/python3.12/site-packages/airflow/example_dags/example_complex.py
[2026-09-06T09:10:43.964+0000] {processor.py:925} INFO - DAG(s) 'example_complex' retrieved from /home/airflow/.local/lib/python3.12/site-packages/airflow/example_dags/example_complex.py
[2026-09-06T09:10:43.987+0000] {logging_mixin.py:190} INFO - [2026-09-06T09:10:43.987+0000] {dag.py:3239} INFO - Sync 1 DAGs
[2026-09-06T09:10:43.999+0000] {logging_mixin.py:190} INFO - [2026-09-06T09:10:43.998+0000] {dag.py:4180} INFO - Setting next_dagrun for example_complex to None, run_after=None
[2026-09-06T09:10:44.015+0000] {processor.py:208} INFO - Processing /home/airflow/.local/lib/python3.12/site-packages/airflow/example_dags/example_complex.py took 0.069 seconds
[2026-09-06T09:11:14.174+0000] {processor.py:186} INFO - Started process (PID=2235) to work on /home/airflow/.local/lib/python3.12/site-packages/airflow/example_dags/example_complex.py
[2026-09-06T09:11:14.175+0000] {processor.py:914} INFO - Processing file /home/airflow/.local/lib/python3.12/site-packages/airflow/example_dags/example_complex.py for tasks to queue
[2026-09-06T09:11:14.177+0000] {logging_mixin.py:190} INFO - [2026-09-06T09:11:14.177+0000] {dagbag.py:588} INFO - Filling up the DagBag from /home/airflow/.local/lib/python3.12/site-packages/airflow/example_dags/example_complex.py
[2026-09-06T09:11:14.186+0000] {processor.py:925} INFO - DAG(s) 'example_complex' retrieved from /home/airflow/.local/lib/python3.12/site-packages/airflow/example_dags/example_complex.py
[2026-09-06T09:11:14.211+0000] {logging_mixin.py:190} INFO - [2026-09-06T09:11:14.211+0000] {dag.py:3239} INFO - Sync 1 DAGs
[2026-09-06T09:11:14.223+0000] {logging_mixin.py:190} INFO - [2026-09-06T09:11:14.223+0000] {dag.py:4180} INFO - Setting next_dagrun for example_complex to None, run_after=None
[2026-09-06T09:11:14.239+0000] {processor.py:208} INFO - Processing /home/airflow/.local/lib/python3.12/site-packages/airflow/example_dags/example_complex.py took 0.070 seconds
[2026-09-06T09:11:44.394+0000] {processor.py:186} INFO - Started process (PID=2299) to work on /home/airflow/.local/lib/python3.12/site-packages/airflow/example_dags/example_complex.py
[2026-09-06T09:11:44.395+0000] {processor.py:914} INFO - Processing file /home/airflow/.local/lib/python3.12/site-packages/airflow/example_dags/example_complex.py for tasks to queue
[2026-09-06T09:11:44.397+0000] {logging_mixin.py:190} INFO - [2026-09-06T09:11:44.397+0000] {dagbag.py:588} INFO - Filling up the DagBag from /home/airflow/.local/lib/python3.12/site-packages/airflow/example_dags/example_complex.py
[2026-09-06T09:11:44.406+0000] {processor.py:925} INFO - DAG(s) 'example_complex' retrieved from /home/airflow/.local/lib/python3.12/site-packages/airflow/example_dags/example_complex.py
[2026-09-06T09:11:44.430+0000] {logging_mixin.py:190} INFO - [2026-09-06T09:11:44.430+0000] {dag.py:3239} INFO - Sync 1 DAGs
[2026-09-06T09:11:44.441+0000] {logging_mixin.py:190} INFO - [2026-09-06T09:11:44.441+0000] {dag.py:4180} INFO - Setting next_dagrun for example_complex to None, run_after=None
[2026-09-06T09:11:44.457+0000] {processor.py:208} INFO - Processing /home/airflow/.local/lib/python3.12/site-packages/airflow/example_dags/example_complex.py took 0.068 seconds
[2026-09-06T09:12:14.788+0000] {processor.py:186} INFO - Started process (PID=2363) to work on /home/airflow/.local/lib/python3.12/site-packages/airflow/example_dags/example_complex.py
[2026-09-06T09:12:14.789+0000] {processor.py:914} INFO - Processing file /home/airflow/.local/lib/python3.12/site-packages/airflow/example_dags/example_complex.py for tasks to queue
[2026-09-06T09:12:14.792+0000] {logging_mixin.py:190} INFO - [2026-09-06T09:12:14.791+0000] {dagbag.py:588} INFO - Filling up the DagBag from /home/airflow/.local/lib/python3.12/site-packages/airflow/example_dags/example_complex.py
[2026-09-06T09:12:14.802+0000] {processor.py:925} INFO - DAG(s) 'example_complex' retrieved from /home/airflow/.local/lib/python3.12/site-packages/airflow/example_dags/example_complex.py
[2026-09-06T09:12:14.826+0000] {logging_mixin.py:190} INFO - [2026-09-06T09:12:14.826+0000] {dag.py:3239} INFO - Sync 1 DAGs
[2026-09-06T09:12:14.838+0000] {logging_mixin.py:190} INFO - [2026-09-06T09:12:14.838+0000] {dag.py:4180} INFO - Setting next_dagrun for example_complex to None, run_after=None
[2026-09-06T09:12:14.854+0000] {processor.py:208} INFO - Processing /home/airflow/.local/lib/python3.12/site-packages/airflow/example_dags/example_complex.py took 0.072 seconds
[2026-09-06T09:12:45.019+0000] {processor.py:186} INFO - Started process (PID=2427) to work on /home/airflow/.local/lib/python3.12/site-packages/airflow/example_dags/example_complex.py
[2026-09-06T09:12:45.021+0000] {processor.py:914} INFO - Processing file /home/airflow/.local/lib/python3.12/site-packages/airflow/example_dags/example_complex.py for tasks to queue
[2026-09-06T09:12:45.025+0000] {logging_mixin.py:190} INFO - [2026-09-06T09:12:45.024+0000] {dagbag.py:588} INFO - Filling up the DagBag from /home/airflow/.local/lib/python3.12/site-packages/airflow/example_dags/example_complex.py
[2026-09-06T09:12:45.042+0000] {processor.py:925} INFO - DAG(s) 'example_complex' retrieved from /home/airflow/.local/lib/python3.12/site-packages/airflow/example_dags/example_complex.py
[2026-09-06T09:12:45.076+0000] {logging_mixin.py:190} INFO - [2026-09-06T09:12:45.076+0000] {dag.py:3239} INFO - Sync 1 DAGs
[2026-09-06T09:12:45.091+0000] {logging_mixin.py:190} INFO - [2026-09-06T09:12:45.091+0000] {dag.py:4180} INFO - Setting next_dagrun for example_complex to None, run_after=None
[2026-09-06T09:12:45.109+0000] {processor.py:208} INFO - Processing /home/airflow/.local/lib/python3.12/site-packages/airflow/example_dags/example_complex.py took 0.099 seconds
[2026-09-06T09:13:15.325+0000] {processor.py:186} INFO - Started process (PID=2491) to work on /home/airflow/.local/lib/python3.12/site-packages/airflow/example_dags/example_complex.py
[2026-09-06T09:13:15.326+0000] {processor.py:914} INFO - Processing file /home/airflow/.local/lib/python3.12/site-packages/airflow/example_dags/example_complex.py for tasks to queue
[2026-09-06T09:13:15.328+0000] {logging_mixin.py:190} INFO - [2026-09-06T09:13:15.328+0000] {dagbag.py:588} INFO - Filling up the DagBag from /home/airflow/.local/lib/python3.12/site-packages/airflow/example_dags/example_complex.py
[2026-09-06T09:13:15.337+0000] {processor.py:925} INFO - DAG(s) 'example_complex' retrieved from /home/airflow/.local/lib/python3.12/site-packages/airflow/example_dags/example_complex.py
[2026-09-06T09:13:15.360+0000] {logging_mixin.py:190} INFO - [2026-09-06T09:13:15.360+0000] {dag.py:3239} INFO - Sync 1 DAGs
[2026-09-06T09:13:15.372+0000] {logging_mixin.py:190} INFO - [2026-09-06T09:13:15.372+0000] {dag.py:4180} INFO - Setting next_dagrun for example_complex to None, run_after=None
[2026-09-06T09:13:15.389+0000] {processor.py:208} INFO - Processing /home/airflow/.local/lib/python3.12/site-packages/airflow/example_dags/example_complex.py took 0.069 seconds
[2026-09-06T09:13:45.605+0000] {processor.py:186} INFO - Started process (PID=2555) to work on /home/airflow/.local/lib/python3.12/site-packages/airflow/example_dags/example_complex.py
[2026-09-06T09:13:45.606+0000] {processor.py:914} INFO - Processing file /home/airflow/.local/lib/python3.12/site-packages/airflow/example_dags/example_complex.py for tasks to queue
[2026-09-06T09:13:45.609+0000] {logging_mixin.py:190} INFO - [2026-09-06T09:13:45.608+0000] {dagbag.py:588} INFO - Filling up the DagBag from /home/airflow/.local/lib/python3.12/site-packages/airflow/example_dags/example_complex.py
[2026-09-06T09:13:45.617+0000] {processor.py:925} INFO - DAG(s) 'example_complex' retrieved from /home/airflow/.local/lib/python3.12/site-packages/airflow/example_dags/example_complex.py
[2026-09-06T09:13:45.637+0000] {logging_mixin.py:190} INFO - [2026-09-06T09:13:45.637+0000] {dag.py:3239} INFO - Sync 1 DAGs
[2026-09-06T09:13:45.648+0000] {logging_mixin.py:190} INFO - [2026-09-06T09:13:45.648+0000] {dag.py:4180} INFO - Setting next_dagrun for example_complex to None, run_after=None
[2026-09-06T09:13:45.661+0000] {processor.py:208} INFO - Processing /home/airflow/.local/lib/python3.12/site-packages/airflow/example_dags/example_complex.py took 0.060 seconds
[2026-09-06T09:14:15.729+0000] {processor.py:186} INFO - Started process (PID=2619) to work on /home/airflow/.local/lib/python3.12/site-packages/airflow/example_dags/example_complex.py
[2026-09-06T09:14:15.730+0000] {processor.py:914} INFO - Processing file /home/airflow/.local/lib/python3.12/site-packages/airflow/example_dags/example_complex.py for tasks to queue
[2026-09-06T09:14:15.732+0000] {logging_mixin.py:190} INFO - [2026-09-06T09:14:15.732+0000] {dagbag.py:588} INFO - Filling up the DagBag from /home/airflow/.local/lib/python3.12/site-packages/airflow/example_dags/example_complex.py
[2026-09-06T09:14:15.741+0000] {processor.py:925} INFO - DAG(s) 'example_complex' retrieved from /home/airflow/.local/lib/python3.12/site-packages/airflow/example_dags/example_complex.py
[2026-09-06T09:14:15.761+0000] {logging_mixin.py:190} INFO - [2026-09-06T09:14:15.761+0000] {dag.py:3239} INFO - Sync 1 DAGs
[2026-09-06T09:14:15.770+0000] {logging_mixin.py:190} INFO - [2026-09-06T09:14:15.770+0000] {dag.py:4180} INFO - Setting next_dagrun for example_complex to None, run_after=None
[2026-09-06T09:14:15.783+0000] {processor.py:208} INFO - Processing /home/airflow/.local/lib/python3.12/site-packages/airflow/example_dags/example_complex.py took 0.058 seconds
[2026-09-06T09:14:45.921+0000] {processor.py:186} INFO - Started process (PID=2683) to work on /home/airflow/.local/lib/python3.12/site-packages/airflow/example_dags/example_complex.py
[2026-09-06T09:14:45.922+0000] {processor.py:914} INFO - Processing file /home/airflow/.local/lib/python3.12/site-packages/airflow/example_dags/example_complex.py for tasks to queue
[2026-09-06T09:14:45.924+0000] {logging_mixin.py:190} INFO - [2026-09-06T09:14:45.924+0000] {dagbag.py:588} INFO - Filling up the DagBag from /home/airflow/.local/lib/python3.12/site-packages/airflow/example_dags/example_complex.py
[2026-09-06T09:14:45.933+0000] {processor.py:925} INFO - DAG(s) 'example_complex' retrieved from /home/airflow/.local/lib/python3.12/site-packages/airflow/example_dags/example_complex.py
[2026-09-06T09:14:45.954+0000] {logging_mixin.py:190} INFO - [2026-09-06T09:14:45.954+0000] {dag.py:3239} INFO - Sync 1 DAGs
[2026-09-06T09:14:45.964+0000] {logging_mixin.py:190} INFO - [2026-09-06T09:14:45.964+0000] {dag.py:4180} INFO - Setting next_dagrun for example_complex to None, run_after=None
[2026-09-06T09:14:45.979+0000] {processor.py:208} INFO - Processing /home/airflow/.local/lib/python3.12/site-packages/airflow/example_dags/example_complex.py took 0.062 seconds
[2026-09-06T09:15:16.618+0000] {processor.py:186} INFO - Started process (PID=2747) to work on /home/airflow/.local/lib/python3.12/site-packages/airflow/example_dags/example_complex.py
[2026-09-06T09:15:16.619+0000] {processor.py:914} INFO - Processing file /home/airflow/.local/lib/python3.12/site-packages/airflow/example_dags/example_complex.py for tasks to queue
[2026-09-06T09:15:16.621+0000] {logging_mixin.py:190} INFO - [2026-09-06T09:15:16.621+0000] {dagbag.py:588} INFO - Filling up the DagBag from /home/airflow/.local/lib/python3.12/site-packages/airflow/example_dags/example_complex.py
[2026-09-06T09:15:16.630+0000] {processor.py:925} INFO - DAG(s) 'example_complex' retrieved from /home/airflow/.local/lib/python3.12/site-packages/airflow/example_dags/example_complex.py
[2026-09-06T09:15:16.653+0000] {logging_mixin.py:190} INFO - [2026-09-06T09:15:16.653+0000] {dag.py:3239} INFO - Sync 1 DAGs
[2026-09-06T09:15:16.664+0000] {logging_mixin.py:190} INFO - [2026-09-06T09:15:16.664+0000] {dag.py:4180} INFO - Setting next_dagrun for example_complex to None, run_after=None
[2026-09-06T09:15:16.679+0000] {processor.py:208} INFO - Processing /home/airflow/.local/lib/python3.12/site-packages/airflow/example_dags/example_complex.py took 0.065 seconds
[2026-09-06T09:15:47.148+0000] {processor.py:186} INFO - Started process (PID=2809) to work on /home/airflow/.local/lib/python3.12/site-packages/airflow/example_dags/example_complex.py
[2026-09-06T09:15:47.149+0000] {processor.py:914} INFO - Processing file /home/airflow/.local/lib/python3.12/site-packages/airflow/example_dags/example_complex.py for tasks to queue
[2026-09-06T09:15:47.151+0000] {logging_mixin.py:190} INFO - [2026-09-06T09:15:47.151+0000] {dagbag.py:588} INFO - Filling up the DagBag from /home/airflow/.local/lib/python3.12/site-packages/airflow/example_dags/example_complex.py
[2026-09-06T09:15:47.160+0000] {processor.py:925} INFO - DAG(s) 'example_complex' retrieved from /home/airflow/.local/lib/python3.12/site-packages/airflow/example_dags/example_complex.py
[2026-09-06T09:15:47.182+0000] {logging_mixin.py:190} INFO - [2026-09-06T09:15:47.182+0000] {dag.py:3239} INFO - Sync 1 DAGs
[2026-09-06T09:15:47.192+0000] {logging_mixin.py:190} INFO - [2026-09-06T09:15:47.192+0000] {dag.py:4180} INFO - Setting next_dagrun for example_complex to None, run_after=None
[2026-09-06T09:15:47.212+0000] {processor.py:208} INFO - Processing /home/airflow/.local/lib/python3.12/site-packages/airflow/example_dags/example_complex.py took 0.068 seconds
[2026-09-06T09:16:17.540+0000] {processor.py:186} INFO - Started process (PID=2871) to work on /home/airflow/.local/lib/python3.12/site-packages/airflow/example_dags/example_complex.py
[2026-09-06T09:16:17.541+0000] {processor.py:914} INFO - Processing file /home/airflow/.local/lib/python3.12/site-packages/airflow/example_dags/example_complex.py for tasks to queue
[2026-09-06T09:16:17.543+0000] {logging_mixin.py:190} INFO - [2026-09-06T09:16:17.543+0000] {dagbag.py:588} INFO - Filling up the DagBag from /home/airflow/.local/lib/python3.12/site-packages/airflow/example_dags/example_complex.py
[2026-09-06T09:16:17.552+0000] {processor.py:925} INFO - DAG(s) 'example_complex' retrieved from /home/airflow/.local/lib/python3.12/site-packages/airflow/example_dags/example_complex.py
[2026-09-06T09:16:17.577+0000] {logging_mixin.py:190} INFO - [2026-09-06T09:16:17.577+0000] {dag.py:3239} INFO - Sync 1 DAGs
[2026-09-06T09:16:17.588+0000] {logging_mixin.py:190} INFO - [2026-09-06T09:16:17.588+0000] {dag.py:4180} INFO - Setting next_dagrun for example_complex to None, run_after=None
[2026-09-06T09:16:17.603+0000] {processor.py:208} INFO - Processing /home/airflow/.local/lib/python3.12/site-packages/airflow/example_dags/example_complex.py took 0.067 seconds
[2026-09-06T09:16:49.608+0000] {processor.py:186} INFO - Started process (PID=2931) to work on /home/airflow/.local/lib/python3.12/site-packages/airflow/example_dags/example_complex.py
[2026-09-06T09:16:49.609+0000] {processor.py:914} INFO - Processing file /home/airflow/.local/lib/python3.12/site-packages/airflow/example_dags/example_complex.py for tasks to queue
[2026-09-06T09:16:49.611+0000] {logging_mixin.py:190} INFO - [2026-09-06T09:16:49.611+0000] {dagbag.py:588} INFO - Filling up the DagBag from /home/airflow/.local/lib/python3.12/site-packages/airflow/example_dags/example_complex.py
[2026-09-06T09:16:49.620+0000] {processor.py:925} INFO - DAG(s) 'example_complex' retrieved from /home/airflow/.local/lib/python3.12/site-packages/airflow/example_dags/example_complex.py
[2026-09-06T09:16:49.642+0000] {logging_mixin.py:190} INFO - [2026-09-06T09:16:49.642+0000] {dag.py:3239} INFO - Sync 1 DAGs
[2026-09-06T09:16:49.653+0000] {logging_mixin.py:190} INFO - [2026-09-06T09:16:49.653+0000] {dag.py:4180} INFO - Setting next_dagrun for example_complex to None, run_after=None
[2026-09-06T09:16:49.667+0000] {processor.py:208} INFO - Processing /home/airflow/.local/lib/python3.12/site-packages/airflow/example_dags/example_complex.py took 0.064 seconds
[2026-09-06T09:17:20.143+0000] {processor.py:186} INFO - Started process (PID=2995) to work on /home/airflow/.local/lib/python3.12/site-packages/airflow/example_dags/example_complex.py
[2026-09-06T09:17:20.145+0000] {processor.py:914} INFO - Processing file /home/airflow/.local/lib/python3.12/site-packages/airflow/example_dags/example_complex.py for tasks to queue
[2026-09-06T09:17:20.147+0000] {logging_mixin.py:190} INFO - [2026-09-06T09:17:20.146+0000] {dagbag.py:588} INFO - Filling up the DagBag from /home/airflow/.local/lib/python3.12/site-packages/airflow/example_dags/example_complex.py
[2026-09-06T09:17:20.156+0000] {processor.py:925} INFO - DAG(s) 'example_complex' retrieved from /home/airflow/.local/lib/python3.12/site-packages/airflow/example_dags/example_complex.py
[2026-09-06T09:17:20.183+0000] {logging_mixin.py:190} INFO - [2026-09-06T09:17:20.183+0000] {dag.py:3239} INFO - Sync 1 DAGs
[2026-09-06T09:17:20.196+0000] {logging_mixin.py:190} INFO - [2026-09-06T09:17:20.195+0000] {dag.py:4180} INFO - Setting next_dagrun for example_complex to None, run_after=None
[2026-09-06T09:17:20.214+0000] {processor.py:208} INFO - Processing /home/airflow/.local/lib/python3.12/site-packages/airflow/example_dags/example_complex.py took 0.075 seconds
[2026-09-06T09:17:50.512+0000] {processor.py:186} INFO - Started process (PID=3056) to work on /home/airflow/.local/lib/python3.12/site-packages/airflow/example_dags/example_complex.py
[2026-09-06T09:17:50.513+0000] {processor.py:914} INFO - Processing file /home/airflow/.local/lib/python3.12/site-packages/airflow/example_dags/example_complex.py for tasks to queue
[2026-09-06T09:17:50.516+0000] {logging_mixin.py:190} INFO - [2026-09-06T09:17:50.515+0000] {dagbag.py:588} INFO - Filling up the DagBag from /home/airflow/.local/lib/python3.12/site-packages/airflow/example_dags/example_complex.py
[2026-09-06T09:17:50.524+0000] {processor.py:925} INFO - DAG(s) 'example_complex' retrieved from /home/airflow/.local/lib/python3.12/site-packages/airflow/example_dags/example_complex.py
[2026-09-06T09:17:50.547+0000] {logging_mixin.py:190} INFO - [2026-09-06T09:17:50.547+0000] {dag.py:3239} INFO - Sync 1 DAGs
[2026-09-06T09:17:50.557+0000] {logging_mixin.py:190} INFO - [2026-09-06T09:17:50.557+0000] {dag.py:4180} INFO - Setting next_dagrun for example_complex to None, run_after=None
[2026-09-06T09:17:50.572+0000] {processor.py:208} INFO - Processing /home/airflow/.local/lib/python3.12/site-packages/airflow/example_dags/example_complex.py took 0.064 seconds
[2026-09-06T09:18:20.871+0000] {processor.py:186} INFO - Started process (PID=3109) to work on /home/airflow/.local/lib/python3.12/site-packages/airflow/example_dags/example_complex.py
[2026-09-06T09:18:20.872+0000] {processor.py:914} INFO - Processing file /home/airflow/.local/lib/python3.12/site-packages/airflow/example_dags/example_complex.py for tasks to queue
[2026-09-06T09:18:20.875+0000] {logging_mixin.py:190} INFO - [2026-09-06T09:18:20.874+0000] {dagbag.py:588} INFO - Filling up the DagBag from /home/airflow/.local/lib/python3.12/site-packages/airflow/example_dags/example_complex.py
[2026-09-06T09:18:20.885+0000] {processor.py:925} INFO - DAG(s) 'example_complex' retrieved from /home/airflow/.local/lib/python3.12/site-packages/airflow/example_dags/example_complex.py
[2026-09-06T09:18:20.911+0000] {logging_mixin.py:190} INFO - [2026-09-06T09:18:20.911+0000] {dag.py:3239} INFO - Sync 1 DAGs
[2026-09-06T09:18:20.923+0000] {logging_mixin.py:190} INFO - [2026-09-06T09:18:20.923+0000] {dag.py:4180} INFO - Setting next_dagrun for example_complex to None, run_after=None
[2026-09-06T09:18:20.937+0000] {processor.py:208} INFO - Processing /home/airflow/.local/lib/python3.12/site-packages/airflow/example_dags/example_complex.py took 0.072 seconds
[2026-09-06T09:18:52.321+0000] {processor.py:186} INFO - Started process (PID=3173) to work on /home/airflow/.local/lib/python3.12/site-packages/airflow/example_dags/example_complex.py
[2026-09-06T09:18:52.322+0000] {processor.py:914} INFO - Processing file /home/airflow/.local/lib/python3.12/site-packages/airflow/example_dags/example_complex.py for tasks to queue
[2026-09-06T09:18:52.324+0000] {logging_mixin.py:190} INFO - [2026-09-06T09:18:52.324+0000] {dagbag.py:588} INFO - Filling up the DagBag from /home/airflow/.local/lib/python3.12/site-packages/airflow/example_dags/example_complex.py
[2026-09-06T09:18:52.333+0000] {processor.py:925} INFO - DAG(s) 'example_complex' retrieved from /home/airflow/.local/lib/python3.12/site-packages/airflow/example_dags/example_complex.py
[2026-09-06T09:18:52.357+0000] {logging_mixin.py:190} INFO - [2026-09-06T09:18:52.357+0000] {dag.py:3239} INFO - Sync 1 DAGs
[2026-09-06T09:18:52.547+0000] {logging_mixin.py:190} INFO - [2026-09-06T09:18:52.546+0000] {dag.py:4180} INFO - Setting next_dagrun for example_complex to None, run_after=None
[2026-09-06T09:18:52.561+0000] {processor.py:208} INFO - Processing /home/airflow/.local/lib/python3.12/site-packages/airflow/example_dags/example_complex.py took 0.245 seconds
[2026-09-06T09:19:22.611+0000] {processor.py:186} INFO - Started process (PID=3231) to work on /home/airflow/.local/lib/python3.12/site-packages/airflow/example_dags/example_complex.py
[2026-09-06T09:19:22.613+0000] {processor.py:914} INFO - Processing file /home/airflow/.local/lib/python3.12/site-packages/airflow/example_dags/example_complex.py for tasks to queue
[2026-09-06T09:19:22.614+0000] {logging_mixin.py:190} INFO - [2026-09-06T09:19:22.614+0000] {dagbag.py:588} INFO - Filling up the DagBag from /home/airflow/.local/lib/python3.12/site-packages/airflow/example_dags/example_complex.py
[2026-09-06T09:19:22.624+0000] {processor.py:925} INFO - DAG(s) 'example_complex' retrieved from /home/airflow/.local/lib/python3.12/site-packages/airflow/example_dags/example_complex.py
[2026-09-06T09:19:22.646+0000] {logging_mixin.py:190} INFO - [2026-09-06T09:19:22.646+0000] {dag.py:3239} INFO - Sync 1 DAGs
[2026-09-06T09:19:22.658+0000] {logging_mixin.py:190} INFO - [2026-09-06T09:19:22.658+0000] {dag.py:4180} INFO - Setting next_dagrun for example_complex to None, run_after=None
[2026-09-06T09:19:22.676+0000] {processor.py:208} INFO - Processing /home/airflow/.local/lib/python3.12/site-packages/airflow/example_dags/example_complex.py took 0.069 seconds
[2026-09-06T09:19:53.686+0000] {processor.py:186} INFO - Started process (PID=3295) to work on /home/airflow/.local/lib/python3.12/site-packages/airflow/example_dags/example_complex.py
[2026-09-06T09:19:53.687+0000] {processor.py:914} INFO - Processing file /home/airflow/.local/lib/python3.12/site-packages/airflow/example_dags/example_complex.py for tasks to queue
[2026-09-06T09:19:53.689+0000] {logging_mixin.py:190} INFO - [2026-09-06T09:19:53.689+0000] {dagbag.py:588} INFO - Filling up the DagBag from /home/airflow/.local/lib/python3.12/site-packages/airflow/example_dags/example_complex.py
[2026-09-06T09:19:53.698+0000] {processor.py:925} INFO - DAG(s) 'example_complex' retrieved from /home/airflow/.local/lib/python3.12/site-packages/airflow/example_dags/example_complex.py
[2026-09-06T09:19:53.720+0000] {logging_mixin.py:190} INFO - [2026-09-06T09:19:53.720+0000] {dag.py:3239} INFO - Sync 1 DAGs
[2026-09-06T09:19:53.731+0000] {logging_mixin.py:190} INFO - [2026-09-06T09:19:53.731+0000] {dag.py:4180} INFO - Setting next_dagrun for example_complex to None, run_after=None
[2026-09-06T09:19:53.747+0000] {processor.py:208} INFO - Processing /home/airflow/.local/lib/python3.12/site-packages/airflow/example_dags/example_complex.py took 0.064 seconds
[2026-09-06T09:20:24.620+0000] {processor.py:186} INFO - Started process (PID=3354) to work on /home/airflow/.local/lib/python3.12/site-packages/airflow/example_dags/example_complex.py
[2026-09-06T09:20:24.621+0000] {processor.py:914} INFO - Processing file /home/airflow/.local/lib/python3.12/site-packages/airflow/example_dags/example_complex.py for tasks to queue
[2026-09-06T09:20:24.623+0000] {logging_mixin.py:190} INFO - [2026-09-06T09:20:24.623+0000] {dagbag.py:588} INFO - Filling up the DagBag from /home/airflow/.local/lib/python3.12/site-packages/airflow/example_dags/example_complex.py
[2026-09-06T09:20:24.633+0000] {processor.py:925} INFO - DAG(s) 'example_complex' retrieved from /home/airflow/.local/lib/python3.12/site-packages/airflow/example_dags/example_complex.py
[2026-09-06T09:20:24.848+0000] {logging_mixin.py:190} INFO - [2026-09-06T09:20:24.848+0000] {dag.py:3239} INFO - Sync 1 DAGs
[2026-09-06T09:20:24.859+0000] {logging_mixin.py:190} INFO - [2026-09-06T09:20:24.858+0000] {dag.py:4180} INFO - Setting next_dagrun for example_complex to None, run_after=None
[2026-09-06T09:20:24.873+0000] {processor.py:208} INFO - Processing /home/airflow/.local/lib/python3.12/site-packages/airflow/example_dags/example_complex.py took 0.258 seconds
[2026-09-06T09:20:55.013+0000] {processor.py:186} INFO - Started process (PID=3418) to work on /home/airflow/.local/lib/python3.12/site-packages/airflow/example_dags/example_complex.py
[2026-09-06T09:20:55.014+0000] {processor.py:914} INFO - Processing file /home/airflow/.local/lib/python3.12/site-packages/airflow/example_dags/example_complex.py for tasks to queue
[2026-09-06T09:20:55.017+0000] {logging_mixin.py:190} INFO - [2026-09-06T09:20:55.017+0000] {dagbag.py:588} INFO - Filling up the DagBag from /home/airflow/.local/lib/python3.12/site-packages/airflow/example_dags/example_complex.py
[2026-09-06T09:20:55.026+0000] {processor.py:925} INFO - DAG(s) 'example_complex' retrieved from /home/airflow/.local/lib/python3.12/site-packages/airflow/example_dags/example_complex.py
[2026-09-06T09:20:55.051+0000] {logging_mixin.py:190} INFO - [2026-09-06T09:20:55.051+0000] {dag.py:3239} INFO - Sync 1 DAGs
[2026-09-06T09:20:55.064+0000] {logging_mixin.py:190} INFO - [2026-09-06T09:20:55.064+0000] {dag.py:4180} INFO - Setting next_dagrun for example_complex to None, run_after=None
[2026-09-06T09:20:55.080+0000] {processor.py:208} INFO - Processing /home/airflow/.local/lib/python3.12/site-packages/airflow/example_dags/example_complex.py took 0.072 seconds
[2026-09-06T09:21:25.266+0000] {processor.py:186} INFO - Started process (PID=3472) to work on /home/airflow/.local/lib/python3.12/site-packages/airflow/example_dags/example_complex.py
[2026-09-06T09:21:25.267+0000] {processor.py:914} INFO - Processing file /home/airflow/.local/lib/python3.12/site-packages/airflow/example_dags/example_complex.py for tasks to queue
[2026-09-06T09:21:25.270+0000] {logging_mixin.py:190} INFO - [2026-09-06T09:21:25.269+0000] {dagbag.py:588} INFO - Filling up the DagBag from /home/airflow/.local/lib/python3.12/site-packages/airflow/example_dags/example_complex.py
[2026-09-06T09:21:25.280+0000] {processor.py:925} INFO - DAG(s) 'example_complex' retrieved from /home/airflow/.local/lib/python3.12/site-packages/airflow/example_dags/example_complex.py
[2026-09-06T09:21:25.305+0000] {logging_mixin.py:190} INFO - [2026-09-06T09:21:25.304+0000] {dag.py:3239} INFO - Sync 1 DAGs
[2026-09-06T09:21:25.317+0000] {logging_mixin.py:190} INFO - [2026-09-06T09:21:25.317+0000] {dag.py:4180} INFO - Setting next_dagrun for example_complex to None, run_after=None
[2026-09-06T09:21:25.338+0000] {processor.py:208} INFO - Processing /home/airflow/.local/lib/python3.12/site-packages/airflow/example_dags/example_complex.py took 0.077 seconds
[2026-09-06T09:21:55.723+0000] {processor.py:186} INFO - Started process (PID=3536) to work on /home/airflow/.local/lib/python3.12/site-packages/airflow/example_dags/example_complex.py
[2026-09-06T09:21:55.724+0000] {processor.py:914} INFO - Processing file /home/airflow/.local/lib/python3.12/site-packages/airflow/example_dags/example_complex.py for tasks to queue
[2026-09-06T09:21:55.727+0000] {logging_mixin.py:190} INFO - [2026-09-06T09:21:55.726+0000] {dagbag.py:588} INFO - Filling up the DagBag from /home/airflow/.local/lib/python3.12/site-packages/airflow/example_dags/example_complex.py
[2026-09-06T09:21:55.738+0000] {processor.py:925} INFO - DAG(s) 'example_complex' retrieved from /home/airflow/.local/lib/python3.12/site-packages/airflow/example_dags/example_complex.py
[2026-09-06T09:21:55.761+0000] {logging_mixin.py:190} INFO - [2026-09-06T09:21:55.761+0000] {dag.py:3239} INFO - Sync 1 DAGs
[2026-09-06T09:21:55.772+0000] {logging_mixin.py:190} INFO - [2026-09-06T09:21:55.772+0000] {dag.py:4180} INFO - Setting next_dagrun for example_complex to None, run_after=None
[2026-09-06T09:21:55.786+0000] {processor.py:208} INFO - Processing /home/airflow/.local/lib/python3.12/site-packages/airflow/example_dags/example_complex.py took 0.069 seconds
[2026-09-06T09:22:26.664+0000] {processor.py:186} INFO - Started process (PID=3600) to work on /home/airflow/.local/lib/python3.12/site-packages/airflow/example_dags/example_complex.py
[2026-09-06T09:22:26.665+0000] {processor.py:914} INFO - Processing file /home/airflow/.local/lib/python3.12/site-packages/airflow/example_dags/example_complex.py for tasks to queue
[2026-09-06T09:22:26.667+0000] {logging_mixin.py:190} INFO - [2026-09-06T09:22:26.667+0000] {dagbag.py:588} INFO - Filling up the DagBag from /home/airflow/.local/lib/python3.12/site-packages/airflow/example_dags/example_complex.py
[2026-09-06T09:22:26.677+0000] {processor.py:925} INFO - DAG(s) 'example_complex' retrieved from /home/airflow/.local/lib/python3.12/site-packages/airflow/example_dags/example_complex.py
[2026-09-06T09:22:26.700+0000] {logging_mixin.py:190} INFO - [2026-09-06T09:22:26.700+0000] {dag.py:3239} INFO - Sync 1 DAGs
[2026-09-06T09:22:26.710+0000] {logging_mixin.py:190} INFO - [2026-09-06T09:22:26.710+0000] {dag.py:4180} INFO - Setting next_dagrun for example_complex to None, run_after=None
[2026-09-06T09:22:26.730+0000] {processor.py:208} INFO - Processing /home/airflow/.local/lib/python3.12/site-packages/airflow/example_dags/example_complex.py took 0.071 seconds
[2026-09-06T09:22:57.686+0000] {processor.py:186} INFO - Started process (PID=3664) to work on /home/airflow/.local/lib/python3.12/site-packages/airflow/example_dags/example_complex.py
[2026-09-06T09:22:57.688+0000] {processor.py:914} INFO - Processing file /home/airflow/.local/lib/python3.12/site-packages/airflow/example_dags/example_complex.py for tasks to queue
[2026-09-06T09:22:57.691+0000] {logging_mixin.py:190} INFO - [2026-09-06T09:22:57.690+0000] {dagbag.py:588} INFO - Filling up the DagBag from /home/airflow/.local/lib/python3.12/site-packages/airflow/example_dags/example_complex.py
[2026-09-06T09:22:57.702+0000] {processor.py:925} INFO - DAG(s) 'example_complex' retrieved from /home/airflow/.local/lib/python3.12/site-packages/airflow/example_dags/example_complex.py
[2026-09-06T09:22:57.727+0000] {logging_mixin.py:190} INFO - [2026-09-06T09:22:57.726+0000] {dag.py:3239} INFO - Sync 1 DAGs
[2026-09-06T09:22:57.739+0000] {logging_mixin.py:190} INFO - [2026-09-06T09:22:57.739+0000] {dag.py:4180} INFO - Setting next_dagrun for example_complex to None, run_after=None
[2026-09-06T09:22:57.756+0000] {processor.py:208} INFO - Processing /home/airflow/.local/lib/python3.12/site-packages/airflow/example_dags/example_complex.py took 0.076 seconds
[2026-09-06T09:23:27.888+0000] {processor.py:186} INFO - Started process (PID=3728) to work on /home/airflow/.local/lib/python3.12/site-packages/airflow/example_dags/example_complex.py
[2026-09-06T09:23:27.889+0000] {processor.py:914} INFO - Processing file /home/airflow/.local/lib/python3.12/site-packages/airflow/example_dags/example_complex.py for tasks to queue
[2026-09-06T09:23:27.891+0000] {logging_mixin.py:190} INFO - [2026-09-06T09:23:27.891+0000] {dagbag.py:588} INFO - Filling up the DagBag from /home/airflow/.local/lib/python3.12/site-packages/airflow/example_dags/example_complex.py
[2026-09-06T09:23:27.900+0000] {processor.py:925} INFO - DAG(s) 'example_complex' retrieved from /home/airflow/.local/lib/python3.12/site-packages/airflow/example_dags/example_complex.py
[2026-09-06T09:23:27.921+0000] {logging_mixin.py:190} INFO - [2026-09-06T09:23:27.921+0000] {dag.py:3239} INFO - Sync 1 DAGs
[2026-09-06T09:23:27.932+0000] {logging_mixin.py:190} INFO - [2026-09-06T09:23:27.932+0000] {dag.py:4180} INFO - Setting next_dagrun for example_complex to None, run_after=None
[2026-09-06T09:23:27.949+0000] {processor.py:208} INFO - Processing /home/airflow/.local/lib/python3.12/site-packages/airflow/example_dags/example_complex.py took 0.065 seconds
[2026-09-06T09:23:58.726+0000] {processor.py:186} INFO - Started process (PID=3792) to work on /home/airflow/.local/lib/python3.12/site-packages/airflow/example_dags/example_complex.py
[2026-09-06T09:23:58.726+0000] {processor.py:914} INFO - Processing file /home/airflow/.local/lib/python3.12/site-packages/airflow/example_dags/example_complex.py for tasks to queue
[2026-09-06T09:23:58.729+0000] {logging_mixin.py:190} INFO - [2026-09-06T09:23:58.728+0000] {dagbag.py:588} INFO - Filling up the DagBag from /home/airflow/.local/lib/python3.12/site-packages/airflow/example_dags/example_complex.py
[2026-09-06T09:23:58.737+0000] {processor.py:925} INFO - DAG(s) 'example_complex' retrieved from /home/airflow/.local/lib/python3.12/site-packages/airflow/example_dags/example_complex.py
[2026-09-06T09:23:58.762+0000] {logging_mixin.py:190} INFO - [2026-09-06T09:23:58.762+0000] {dag.py:3239} INFO - Sync 1 DAGs
[2026-09-06T09:23:58.774+0000] {logging_mixin.py:190} INFO - [2026-09-06T09:23:58.774+0000] {dag.py:4180} INFO - Setting next_dagrun for example_complex to None, run_after=None
[2026-09-06T09:23:58.791+0000] {processor.py:208} INFO - Processing /home/airflow/.local/lib/python3.12/site-packages/airflow/example_dags/example_complex.py took 0.070 seconds
[2026-09-06T09:24:28.887+0000] {processor.py:186} INFO - Started process (PID=3856) to work on /home/airflow/.local/lib/python3.12/site-packages/airflow/example_dags/example_complex.py
[2026-09-06T09:24:28.888+0000] {processor.py:914} INFO - Processing file /home/airflow/.local/lib/python3.12/site-packages/airflow/example_dags/example_complex.py for tasks to queue
[2026-09-06T09:24:28.890+0000] {logging_mixin.py:190} INFO - [2026-09-06T09:24:28.890+0000] {dagbag.py:588} INFO - Filling up the DagBag from /home/airflow/.local/lib/python3.12/site-packages/airflow/example_dags/example_complex.py
[2026-09-06T09:24:28.899+0000] {processor.py:925} INFO - DAG(s) 'example_complex' retrieved from /home/airflow/.local/lib/python3.12/site-packages/airflow/example_dags/example_complex.py
[2026-09-06T09:24:28.922+0000] {logging_mixin.py:190} INFO - [2026-09-06T09:24:28.922+0000] {dag.py:3239} INFO - Sync 1 DAGs
[2026-09-06T09:24:28.934+0000] {logging_mixin.py:190} INFO - [2026-09-06T09:24:28.934+0000] {dag.py:4180} INFO - Setting next_dagrun for example_complex to None, run_after=None
[2026-09-06T09:24:28.951+0000] {processor.py:208} INFO - Processing /home/airflow/.local/lib/python3.12/site-packages/airflow/example_dags/example_complex.py took 0.069 seconds
[2026-09-06T09:24:59.013+0000] {processor.py:186} INFO - Started process (PID=3920) to work on /home/airflow/.local/lib/python3.12/site-packages/airflow/example_dags/example_complex.py
[2026-09-06T09:24:59.014+0000] {processor.py:914} INFO - Processing file /home/airflow/.local/lib/python3.12/site-packages/airflow/example_dags/example_complex.py for tasks to queue
[2026-09-06T09:24:59.016+0000] {logging_mixin.py:190} INFO - [2026-09-06T09:24:59.015+0000] {dagbag.py:588} INFO - Filling up the DagBag from /home/airflow/.local/lib/python3.12/site-packages/airflow/example_dags/example_complex.py
[2026-09-06T09:24:59.025+0000] {processor.py:925} INFO - DAG(s) 'example_complex' retrieved from /home/airflow/.local/lib/python3.12/site-packages/airflow/example_dags/example_complex.py
[2026-09-06T09:24:59.046+0000] {logging_mixin.py:190} INFO - [2026-09-06T09:24:59.046+0000] {dag.py:3239} INFO - Sync 1 DAGs
[2026-09-06T09:24:59.057+0000] {logging_mixin.py:190} INFO - [2026-09-06T09:24:59.057+0000] {dag.py:4180} INFO - Setting next_dagrun for example_complex to None, run_after=None
[2026-09-06T09:24:59.072+0000] {processor.py:208} INFO - Processing /home/airflow/.local/lib/python3.12/site-packages/airflow/example_dags/example_complex.py took 0.064 seconds
[2026-09-06T09:25:29.218+0000] {processor.py:186} INFO - Started process (PID=3984) to work on /home/airflow/.local/lib/python3.12/site-packages/airflow/example_dags/example_complex.py
[2026-09-06T09:25:29.219+0000] {processor.py:914} INFO - Processing file /home/airflow/.local/lib/python3.12/site-packages/airflow/example_dags/example_complex.py for tasks to queue
[2026-09-06T09:25:29.221+0000] {logging_mixin.py:190} INFO - [2026-09-06T09:25:29.221+0000] {dagbag.py:588} INFO - Filling up the DagBag from /home/airflow/.local/lib/python3.12/site-packages/airflow/example_dags/example_complex.py
[2026-09-06T09:25:29.230+0000] {processor.py:925} INFO - DAG(s) 'example_complex' retrieved from /home/airflow/.local/lib/python3.12/site-packages/airflow/example_dags/example_complex.py
[2026-09-06T09:25:29.252+0000] {logging_mixin.py:190} INFO - [2026-09-06T09:25:29.252+0000] {dag.py:3239} INFO - Sync 1 DAGs
[2026-09-06T09:25:29.262+0000] {logging_mixin.py:190} INFO - [2026-09-06T09:25:29.262+0000] {dag.py:4180} INFO - Setting next_dagrun for example_complex to None, run_after=None
[2026-09-06T09:25:29.276+0000] {processor.py:208} INFO - Processing /home/airflow/.local/lib/python3.12/site-packages/airflow/example_dags/example_complex.py took 0.062 seconds
[2026-09-06T09:25:59.617+0000] {processor.py:186} INFO - Started process (PID=4048) to work on /home/airflow/.local/lib/python3.12/site-packages/airflow/example_dags/example_complex.py
[2026-09-06T09:25:59.618+0000] {processor.py:914} INFO - Processing file /home/airflow/.local/lib/python3.12/site-packages/airflow/example_dags/example_complex.py for tasks to queue
[2026-09-06T09:25:59.619+0000] {logging_mixin.py:190} INFO - [2026-09-06T09:25:59.619+0000] {dagbag.py:588} INFO - Filling up the DagBag from /home/airflow/.local/lib/python3.12/site-packages/airflow/example_dags/example_complex.py
[2026-09-06T09:25:59.628+0000] {processor.py:925} INFO - DAG(s) 'example_complex' retrieved from /home/airflow/.local/lib/python3.12/site-packages/airflow/example_dags/example_complex.py
[2026-09-06T09:25:59.648+0000] {logging_mixin.py:190} INFO - [2026-09-06T09:25:59.647+0000] {dag.py:3239} INFO - Sync 1 DAGs
[2026-09-06T09:25:59.658+0000] {logging_mixin.py:190} INFO - [2026-09-06T09:25:59.658+0000] {dag.py:4180} INFO - Setting next_dagrun for example_complex to None, run_after=None
[2026-09-06T09:25:59.673+0000] {processor.py:208} INFO - Processing /home/airflow/.local/lib/python3.12/site-packages/airflow/example_dags/example_complex.py took 0.061 seconds
[2026-09-06T09:26:30.193+0000] {processor.py:186} INFO - Started process (PID=4118) to work on /home/airflow/.local/lib/python3.12/site-packages/airflow/example_dags/example_complex.py
[2026-09-06T09:26:30.194+0000] {processor.py:914} INFO - Processing file /home/airflow/.local/lib/python3.12/site-packages/airflow/example_dags/example_complex.py for tasks to queue
[2026-09-06T09:26:30.196+0000] {logging_mixin.py:190} INFO - [2026-09-06T09:26:30.196+0000] {dagbag.py:588} INFO - Filling up the DagBag from /home/airflow/.local/lib/python3.12/site-packages/airflow/example_dags/example_complex.py
[2026-09-06T09:26:30.208+0000] {processor.py:925} INFO - DAG(s) 'example_complex' retrieved from /home/airflow/.local/lib/python3.12/site-packages/airflow/example_dags/example_complex.py
[2026-09-06T09:26:30.238+0000] {logging_mixin.py:190} INFO - [2026-09-06T09:26:30.238+0000] {dag.py:3239} INFO - Sync 1 DAGs
[2026-09-06T09:26:30.251+0000] {logging_mixin.py:190} INFO - [2026-09-06T09:26:30.251+0000] {dag.py:4180} INFO - Setting next_dagrun for example_complex to None, run_after=None
[2026-09-06T09:26:30.276+0000] {processor.py:208} INFO - Processing /home/airflow/.local/lib/python3.12/site-packages/airflow/example_dags/example_complex.py took 0.088 seconds
[2026-09-06T09:27:00.426+0000] {processor.py:186} INFO - Started process (PID=4183) to work on /home/airflow/.local/lib/python3.12/site-packages/airflow/example_dags/example_complex.py
[2026-09-06T09:27:00.427+0000] {processor.py:914} INFO - Processing file /home/airflow/.local/lib/python3.12/site-packages/airflow/example_dags/example_complex.py for tasks to queue
[2026-09-06T09:27:00.430+0000] {logging_mixin.py:190} INFO - [2026-09-06T09:27:00.430+0000] {dagbag.py:588} INFO - Filling up the DagBag from /home/airflow/.local/lib/python3.12/site-packages/airflow/example_dags/example_complex.py
[2026-09-06T09:27:00.441+0000] {processor.py:925} INFO - DAG(s) 'example_complex' retrieved from /home/airflow/.local/lib/python3.12/site-packages/airflow/example_dags/example_complex.py
[2026-09-06T09:27:00.467+0000] {logging_mixin.py:190} INFO - [2026-09-06T09:27:00.466+0000] {dag.py:3239} INFO - Sync 1 DAGs
[2026-09-06T09:27:00.481+0000] {logging_mixin.py:190} INFO - [2026-09-06T09:27:00.481+0000] {dag.py:4180} INFO - Setting next_dagrun for example_complex to None, run_after=None
[2026-09-06T09:27:00.497+0000] {processor.py:208} INFO - Processing /home/airflow/.local/lib/python3.12/site-packages/airflow/example_dags/example_complex.py took 0.076 seconds
[2026-09-06T09:27:30.558+0000] {processor.py:186} INFO - Started process (PID=4247) to work on /home/airflow/.local/lib/python3.12/site-packages/airflow/example_dags/example_complex.py
[2026-09-06T09:27:30.559+0000] {processor.py:914} INFO - Processing file /home/airflow/.local/lib/python3.12/site-packages/airflow/example_dags/example_complex.py for tasks to queue
[2026-09-06T09:27:30.561+0000] {logging_mixin.py:190} INFO - [2026-09-06T09:27:30.561+0000] {dagbag.py:588} INFO - Filling up the DagBag from /home/airflow/.local/lib/python3.12/site-packages/airflow/example_dags/example_complex.py
[2026-09-06T09:27:30.569+0000] {processor.py:925} INFO - DAG(s) 'example_complex' retrieved from /home/airflow/.local/lib/python3.12/site-packages/airflow/example_dags/example_complex.py
[2026-09-06T09:27:30.590+0000] {logging_mixin.py:190} INFO - [2026-09-06T09:27:30.590+0000] {dag.py:3239} INFO - Sync 1 DAGs
[2026-09-06T09:27:30.600+0000] {logging_mixin.py:190} INFO - [2026-09-06T09:27:30.600+0000] {dag.py:4180} INFO - Setting next_dagrun for example_complex to None, run_after=None
[2026-09-06T09:27:30.620+0000] {processor.py:208} INFO - Processing /home/airflow/.local/lib/python3.12/site-packages/airflow/example_dags/example_complex.py took 0.066 seconds
[2026-09-06T09:28:01.234+0000] {processor.py:186} INFO - Started process (PID=4311) to work on /home/airflow/.local/lib/python3.12/site-packages/airflow/example_dags/example_complex.py
[2026-09-06T09:28:01.235+0000] {processor.py:914} INFO - Processing file /home/airflow/.local/lib/python3.12/site-packages/airflow/example_dags/example_complex.py for tasks to queue
[2026-09-06T09:28:01.237+0000] {logging_mixin.py:190} INFO - [2026-09-06T09:28:01.237+0000] {dagbag.py:588} INFO - Filling up the DagBag from /home/airflow/.local/lib/python3.12/site-packages/airflow/example_dags/example_complex.py
[2026-09-06T09:28:01.247+0000] {processor.py:925} INFO - DAG(s) 'example_complex' retrieved from /home/airflow/.local/lib/python3.12/site-packages/airflow/example_dags/example_complex.py
[2026-09-06T09:28:01.269+0000] {logging_mixin.py:190} INFO - [2026-09-06T09:28:01.269+0000] {dag.py:3239} INFO - Sync 1 DAGs
[2026-09-06T09:28:01.280+0000] {logging_mixin.py:190} INFO - [2026-09-06T09:28:01.280+0000] {dag.py:4180} INFO - Setting next_dagrun for example_complex to None, run_after=None
[2026-09-06T09:28:01.297+0000] {processor.py:208} INFO - Processing /home/airflow/.local/lib/python3.12/site-packages/airflow/example_dags/example_complex.py took 0.067 seconds
[2026-09-06T09:28:31.906+0000] {processor.py:186} INFO - Started process (PID=4375) to work on /home/airflow/.local/lib/python3.12/site-packages/airflow/example_dags/example_complex.py
[2026-09-06T09:28:31.907+0000] {processor.py:914} INFO - Processing file /home/airflow/.local/lib/python3.12/site-packages/airflow/example_dags/example_complex.py for tasks to queue
[2026-09-06T09:28:31.909+0000] {logging_mixin.py:190} INFO - [2026-09-06T09:28:31.908+0000] {dagbag.py:588} INFO - Filling up the DagBag from /home/airflow/.local/lib/python3.12/site-packages/airflow/example_dags/example_complex.py
[2026-09-06T09:28:31.918+0000] {processor.py:925} INFO - DAG(s) 'example_complex' retrieved from /home/airflow/.local/lib/python3.12/site-packages/airflow/example_dags/example_complex.py
[2026-09-06T09:28:31.941+0000] {logging_mixin.py:190} INFO - [2026-09-06T09:28:31.941+0000] {dag.py:3239} INFO - Sync 1 DAGs
[2026-09-06T09:28:31.953+0000] {logging_mixin.py:190} INFO - [2026-09-06T09:28:31.952+0000] {dag.py:4180} INFO - Setting next_dagrun for example_complex to None, run_after=None
[2026-09-06T09:28:31.969+0000] {processor.py:208} INFO - Processing /home/airflow/.local/lib/python3.12/site-packages/airflow/example_dags/example_complex.py took 0.068 seconds
[2026-09-06T09:29:02.220+0000] {processor.py:186} INFO - Started process (PID=4439) to work on /home/airflow/.local/lib/python3.12/site-packages/airflow/example_dags/example_complex.py
[2026-09-06T09:29:02.221+0000] {processor.py:914} INFO - Processing file /home/airflow/.local/lib/python3.12/site-packages/airflow/example_dags/example_complex.py for tasks to queue
[2026-09-06T09:29:02.224+0000] {logging_mixin.py:190} INFO - [2026-09-06T09:29:02.223+0000] {dagbag.py:588} INFO - Filling up the DagBag from /home/airflow/.local/lib/python3.12/site-packages/airflow/example_dags/example_complex.py
[2026-09-06T09:29:02.234+0000] {processor.py:925} INFO - DAG(s) 'example_complex' retrieved from /home/airflow/.local/lib/python3.12/site-packages/airflow/example_dags/example_complex.py
[2026-09-06T09:29:02.258+0000] {logging_mixin.py:190} INFO - [2026-09-06T09:29:02.258+0000] {dag.py:3239} INFO - Sync 1 DAGs
[2026-09-06T09:29:02.270+0000] {logging_mixin.py:190} INFO - [2026-09-06T09:29:02.270+0000] {dag.py:4180} INFO - Setting next_dagrun for example_complex to None, run_after=None
[2026-09-06T09:29:02.290+0000] {processor.py:208} INFO - Processing /home/airflow/.local/lib/python3.12/site-packages/airflow/example_dags/example_complex.py took 0.077 seconds
[2026-09-06T09:29:32.391+0000] {processor.py:186} INFO - Started process (PID=4503) to work on /home/airflow/.local/lib/python3.12/site-packages/airflow/example_dags/example_complex.py
[2026-09-06T09:29:32.392+0000] {processor.py:914} INFO - Processing file /home/airflow/.local/lib/python3.12/site-packages/airflow/example_dags/example_complex.py for tasks to queue
[2026-09-06T09:29:32.394+0000] {logging_mixin.py:190} INFO - [2026-09-06T09:29:32.393+0000] {dagbag.py:588} INFO - Filling up the DagBag from /home/airflow/.local/lib/python3.12/site-packages/airflow/example_dags/example_complex.py
[2026-09-06T09:29:32.404+0000] {processor.py:925} INFO - DAG(s) 'example_complex' retrieved from /home/airflow/.local/lib/python3.12/site-packages/airflow/example_dags/example_complex.py
[2026-09-06T09:29:32.426+0000] {logging_mixin.py:190} INFO - [2026-09-06T09:29:32.425+0000] {dag.py:3239} INFO - Sync 1 DAGs
[2026-09-06T09:29:32.436+0000] {logging_mixin.py:190} INFO - [2026-09-06T09:29:32.436+0000] {dag.py:4180} INFO - Setting next_dagrun for example_complex to None, run_after=None
[2026-09-06T09:29:32.451+0000] {processor.py:208} INFO - Processing /home/airflow/.local/lib/python3.12/site-packages/airflow/example_dags/example_complex.py took 0.065 seconds
[2026-09-06T09:30:03.139+0000] {processor.py:186} INFO - Started process (PID=4567) to work on /home/airflow/.local/lib/python3.12/site-packages/airflow/example_dags/example_complex.py
[2026-09-06T09:30:03.140+0000] {processor.py:914} INFO - Processing file /home/airflow/.local/lib/python3.12/site-packages/airflow/example_dags/example_complex.py for tasks to queue
[2026-09-06T09:30:03.144+0000] {logging_mixin.py:190} INFO - [2026-09-06T09:30:03.144+0000] {dagbag.py:588} INFO - Filling up the DagBag from /home/airflow/.local/lib/python3.12/site-packages/airflow/example_dags/example_complex.py
[2026-09-06T09:30:03.159+0000] {processor.py:925} INFO - DAG(s) 'example_complex' retrieved from /home/airflow/.local/lib/python3.12/site-packages/airflow/example_dags/example_complex.py
[2026-09-06T09:30:03.188+0000] {logging_mixin.py:190} INFO - [2026-09-06T09:30:03.188+0000] {dag.py:3239} INFO - Sync 1 DAGs
[2026-09-06T09:30:03.202+0000] {logging_mixin.py:190} INFO - [2026-09-06T09:30:03.201+0000] {dag.py:4180} INFO - Setting next_dagrun for example_complex to None, run_after=None
[2026-09-06T09:30:03.218+0000] {processor.py:208} INFO - Processing /home/airflow/.local/lib/python3.12/site-packages/airflow/example_dags/example_complex.py took 0.089 seconds
[2026-09-06T09:30:33.713+0000] {processor.py:186} INFO - Started process (PID=4631) to work on /home/airflow/.local/lib/python3.12/site-packages/airflow/example_dags/example_complex.py
[2026-09-06T09:30:33.714+0000] {processor.py:914} INFO - Processing file /home/airflow/.local/lib/python3.12/site-packages/airflow/example_dags/example_complex.py for tasks to queue
[2026-09-06T09:30:33.716+0000] {logging_mixin.py:190} INFO - [2026-09-06T09:30:33.716+0000] {dagbag.py:588} INFO - Filling up the DagBag from /home/airflow/.local/lib/python3.12/site-packages/airflow/example_dags/example_complex.py
[2026-09-06T09:30:33.726+0000] {processor.py:925} INFO - DAG(s) 'example_complex' retrieved from /home/airflow/.local/lib/python3.12/site-packages/airflow/example_dags/example_complex.py
[2026-09-06T09:30:33.749+0000] {logging_mixin.py:190} INFO - [2026-09-06T09:30:33.749+0000] {dag.py:3239} INFO - Sync 1 DAGs
[2026-09-06T09:30:33.761+0000] {logging_mixin.py:190} INFO - [2026-09-06T09:30:33.761+0000] {dag.py:4180} INFO - Setting next_dagrun for example_complex to None, run_after=None
[2026-09-06T09:30:33.778+0000] {processor.py:208} INFO - Processing /home/airflow/.local/lib/python3.12/site-packages/airflow/example_dags/example_complex.py took 0.070 seconds
[2026-09-06T09:31:03.956+0000] {processor.py:186} INFO - Started process (PID=4695) to work on /home/airflow/.local/lib/python3.12/site-packages/airflow/example_dags/example_complex.py
[2026-09-06T09:31:03.957+0000] {processor.py:914} INFO - Processing file /home/airflow/.local/lib/python3.12/site-packages/airflow/example_dags/example_complex.py for tasks to queue
[2026-09-06T09:31:03.960+0000] {logging_mixin.py:190} INFO - [2026-09-06T09:31:03.960+0000] {dagbag.py:588} INFO - Filling up the DagBag from /home/airflow/.local/lib/python3.12/site-packages/airflow/example_dags/example_complex.py
[2026-09-06T09:31:03.971+0000] {processor.py:925} INFO - DAG(s) 'example_complex' retrieved from /home/airflow/.local/lib/python3.12/site-packages/airflow/example_dags/example_complex.py
[2026-09-06T09:31:03.993+0000] {logging_mixin.py:190} INFO - [2026-09-06T09:31:03.993+0000] {dag.py:3239} INFO - Sync 1 DAGs
[2026-09-06T09:31:04.005+0000] {logging_mixin.py:190} INFO - [2026-09-06T09:31:04.004+0000] {dag.py:4180} INFO - Setting next_dagrun for example_complex to None, run_after=None
[2026-09-06T09:31:04.028+0000] {processor.py:208} INFO - Processing /home/airflow/.local/lib/python3.12/site-packages/airflow/example_dags/example_complex.py took 0.077 seconds
[2026-09-06T09:31:34.792+0000] {processor.py:186} INFO - Started process (PID=4759) to work on /home/airflow/.local/lib/python3.12/site-packages/airflow/example_dags/example_complex.py
[2026-09-06T09:31:34.793+0000] {processor.py:914} INFO - Processing file /home/airflow/.local/lib/python3.12/site-packages/airflow/example_dags/example_complex.py for tasks to queue
[2026-09-06T09:31:34.795+0000] {logging_mixin.py:190} INFO - [2026-09-06T09:31:34.794+0000] {dagbag.py:588} INFO - Filling up the DagBag from /home/airflow/.local/lib/python3.12/site-packages/airflow/example_dags/example_complex.py
[2026-09-06T09:31:34.803+0000] {processor.py:925} INFO - DAG(s) 'example_complex' retrieved from /home/airflow/.local/lib/python3.12/site-packages/airflow/example_dags/example_complex.py
[2026-09-06T09:31:34.824+0000] {logging_mixin.py:190} INFO - [2026-09-06T09:31:34.824+0000] {dag.py:3239} INFO - Sync 1 DAGs
[2026-09-06T09:31:34.834+0000] {logging_mixin.py:190} INFO - [2026-09-06T09:31:34.834+0000] {dag.py:4180} INFO - Setting next_dagrun for example_complex to None, run_after=None
[2026-09-06T09:31:34.849+0000] {processor.py:208} INFO - Processing /home/airflow/.local/lib/python3.12/site-packages/airflow/example_dags/example_complex.py took 0.061 seconds
[2026-09-06T09:32:05.061+0000] {processor.py:186} INFO - Started process (PID=4823) to work on /home/airflow/.local/lib/python3.12/site-packages/airflow/example_dags/example_complex.py
[2026-09-06T09:32:05.062+0000] {processor.py:914} INFO - Processing file /home/airflow/.local/lib/python3.12/site-packages/airflow/example_dags/example_complex.py for tasks to queue
[2026-09-06T09:32:05.064+0000] {logging_mixin.py:190} INFO - [2026-09-06T09:32:05.063+0000] {dagbag.py:588} INFO - Filling up the DagBag from /home/airflow/.local/lib/python3.12/site-packages/airflow/example_dags/example_complex.py
[2026-09-06T09:32:05.074+0000] {processor.py:925} INFO - DAG(s) 'example_complex' retrieved from /home/airflow/.local/lib/python3.12/site-packages/airflow/example_dags/example_complex.py
[2026-09-06T09:32:05.097+0000] {logging_mixin.py:190} INFO - [2026-09-06T09:32:05.097+0000] {dag.py:3239} INFO - Sync 1 DAGs
[2026-09-06T09:32:05.108+0000] {logging_mixin.py:190} INFO - [2026-09-06T09:32:05.108+0000] {dag.py:4180} INFO - Setting next_dagrun for example_complex to None, run_after=None
[2026-09-06T09:32:05.124+0000] {processor.py:208} INFO - Processing /home/airflow/.local/lib/python3.12/site-packages/airflow/example_dags/example_complex.py took 0.068 seconds
[2026-09-06T09:32:35.246+0000] {processor.py:186} INFO - Started process (PID=4887) to work on /home/airflow/.local/lib/python3.12/site-packages/airflow/example_dags/example_complex.py
[2026-09-06T09:32:35.247+0000] {processor.py:914} INFO - Processing file /home/airflow/.local/lib/python3.12/site-packages/airflow/example_dags/example_complex.py for tasks to queue
[2026-09-06T09:32:35.249+0000] {logging_mixin.py:190} INFO - [2026-09-06T09:32:35.249+0000] {dagbag.py:588} INFO - Filling up the DagBag from /home/airflow/.local/lib/python3.12/site-packages/airflow/example_dags/example_complex.py
[2026-09-06T09:32:35.260+0000] {processor.py:925} INFO - DAG(s) 'example_complex' retrieved from /home/airflow/.local/lib/python3.12/site-packages/airflow/example_dags/example_complex.py
[2026-09-06T09:32:35.282+0000] {logging_mixin.py:190} INFO - [2026-09-06T09:32:35.281+0000] {dag.py:3239} INFO - Sync 1 DAGs
[2026-09-06T09:32:35.293+0000] {logging_mixin.py:190} INFO - [2026-09-06T09:32:35.293+0000] {dag.py:4180} INFO - Setting next_dagrun for example_complex to None, run_after=None
[2026-09-06T09:32:35.308+0000] {processor.py:208} INFO - Processing /home/airflow/.local/lib/python3.12/site-packages/airflow/example_dags/example_complex.py took 0.066 seconds
[2026-09-06T09:33:05.966+0000] {processor.py:186} INFO - Started process (PID=4951) to work on /home/airflow/.local/lib/python3.12/site-packages/airflow/example_dags/example_complex.py
[2026-09-06T09:33:05.966+0000] {processor.py:914} INFO - Processing file /home/airflow/.local/lib/python3.12/site-packages/airflow/example_dags/example_complex.py for tasks to queue
[2026-09-06T09:33:05.968+0000] {logging_mixin.py:190} INFO - [2026-09-06T09:33:05.968+0000] {dagbag.py:588} INFO - Filling up the DagBag from /home/airflow/.local/lib/python3.12/site-packages/airflow/example_dags/example_complex.py
[2026-09-06T09:33:05.978+0000] {processor.py:925} INFO - DAG(s) 'example_complex' retrieved from /home/airflow/.local/lib/python3.12/site-packages/airflow/example_dags/example_complex.py
[2026-09-06T09:33:06.000+0000] {logging_mixin.py:190} INFO - [2026-09-06T09:33:06.000+0000] {dag.py:3239} INFO - Sync 1 DAGs
[2026-09-06T09:33:06.011+0000] {logging_mixin.py:190} INFO - [2026-09-06T09:33:06.011+0000] {dag.py:4180} INFO - Setting next_dagrun for example_complex to None, run_after=None
[2026-09-06T09:33:06.027+0000] {processor.py:208} INFO - Processing /home/airflow/.local/lib/python3.12/site-packages/airflow/example_dags/example_complex.py took 0.066 seconds
[2026-09-06T09:33:36.823+0000] {processor.py:186} INFO - Started process (PID=5015) to work on /home/airflow/.local/lib/python3.12/site-packages/airflow/example_dags/example_complex.py
[2026-09-06T09:33:36.824+0000] {processor.py:914} INFO - Processing file /home/airflow/.local/lib/python3.12/site-packages/airflow/example_dags/example_complex.py for tasks to queue
[2026-09-06T09:33:36.826+0000] {logging_mixin.py:190} INFO - [2026-09-06T09:33:36.826+0000] {dagbag.py:588} INFO - Filling up the DagBag from /home/airflow/.local/lib/python3.12/site-packages/airflow/example_dags/example_complex.py
[2026-09-06T09:33:36.835+0000] {processor.py:925} INFO - DAG(s) 'example_complex' retrieved from /home/airflow/.local/lib/python3.12/site-packages/airflow/example_dags/example_complex.py
[2026-09-06T09:33:36.856+0000] {logging_mixin.py:190} INFO - [2026-09-06T09:33:36.856+0000] {dag.py:3239} INFO - Sync 1 DAGs
[2026-09-06T09:33:36.867+0000] {logging_mixin.py:190} INFO - [2026-09-06T09:33:36.867+0000] {dag.py:4180} INFO - Setting next_dagrun for example_complex to None, run_after=None
[2026-09-06T09:33:36.882+0000] {processor.py:208} INFO - Processing /home/airflow/.local/lib/python3.12/site-packages/airflow/example_dags/example_complex.py took 0.065 seconds
[2026-09-06T09:34:06.943+0000] {processor.py:186} INFO - Started process (PID=5079) to work on /home/airflow/.local/lib/python3.12/site-packages/airflow/example_dags/example_complex.py
[2026-09-06T09:34:06.944+0000] {processor.py:914} INFO - Processing file /home/airflow/.local/lib/python3.12/site-packages/airflow/example_dags/example_complex.py for tasks to queue
[2026-09-06T09:34:06.946+0000] {logging_mixin.py:190} INFO - [2026-09-06T09:34:06.946+0000] {dagbag.py:588} INFO - Filling up the DagBag from /home/airflow/.local/lib/python3.12/site-packages/airflow/example_dags/example_complex.py
[2026-09-06T09:34:06.955+0000] {processor.py:925} INFO - DAG(s) 'example_complex' retrieved from /home/airflow/.local/lib/python3.12/site-packages/airflow/example_dags/example_complex.py
[2026-09-06T09:34:06.979+0000] {logging_mixin.py:190} INFO - [2026-09-06T09:34:06.979+0000] {dag.py:3239} INFO - Sync 1 DAGs
[2026-09-06T09:34:06.991+0000] {logging_mixin.py:190} INFO - [2026-09-06T09:34:06.991+0000] {dag.py:4180} INFO - Setting next_dagrun for example_complex to None, run_after=None
[2026-09-06T09:34:07.014+0000] {processor.py:208} INFO - Processing /home/airflow/.local/lib/python3.12/site-packages/airflow/example_dags/example_complex.py took 0.075 seconds
[2026-09-06T09:34:37.634+0000] {processor.py:186} INFO - Started process (PID=5143) to work on /home/airflow/.local/lib/python3.12/site-packages/airflow/example_dags/example_complex.py
[2026-09-06T09:34:37.635+0000] {processor.py:914} INFO - Processing file /home/airflow/.local/lib/python3.12/site-packages/airflow/example_dags/example_complex.py for tasks to queue
[2026-09-06T09:34:37.637+0000] {logging_mixin.py:190} INFO - [2026-09-06T09:34:37.637+0000] {dagbag.py:588} INFO - Filling up the DagBag from /home/airflow/.local/lib/python3.12/site-packages/airflow/example_dags/example_complex.py
[2026-09-06T09:34:37.647+0000] {processor.py:925} INFO - DAG(s) 'example_complex' retrieved from /home/airflow/.local/lib/python3.12/site-packages/airflow/example_dags/example_complex.py
[2026-09-06T09:34:37.678+0000] {logging_mixin.py:190} INFO - [2026-09-06T09:34:37.678+0000] {dag.py:3239} INFO - Sync 1 DAGs
[2026-09-06T09:34:37.702+0000] {logging_mixin.py:190} INFO - [2026-09-06T09:34:37.701+0000] {dag.py:4180} INFO - Setting next_dagrun for example_complex to None, run_after=None
[2026-09-06T09:34:37.718+0000] {processor.py:208} INFO - Processing /home/airflow/.local/lib/python3.12/site-packages/airflow/example_dags/example_complex.py took 0.089 seconds
[2026-09-06T09:35:07.956+0000] {processor.py:186} INFO - Started process (PID=5207) to work on /home/airflow/.local/lib/python3.12/site-packages/airflow/example_dags/example_complex.py
[2026-09-06T09:35:07.957+0000] {processor.py:914} INFO - Processing file /home/airflow/.local/lib/python3.12/site-packages/airflow/example_dags/example_complex.py for tasks to queue
[2026-09-06T09:35:07.960+0000] {logging_mixin.py:190} INFO - [2026-09-06T09:35:07.959+0000] {dagbag.py:588} INFO - Filling up the DagBag from /home/airflow/.local/lib/python3.12/site-packages/airflow/example_dags/example_complex.py
[2026-09-06T09:35:07.970+0000] {processor.py:925} INFO - DAG(s) 'example_complex' retrieved from /home/airflow/.local/lib/python3.12/site-packages/airflow/example_dags/example_complex.py
[2026-09-06T09:35:07.992+0000] {logging_mixin.py:190} INFO - [2026-09-06T09:35:07.992+0000] {dag.py:3239} INFO - Sync 1 DAGs
[2026-09-06T09:35:08.003+0000] {logging_mixin.py:190} INFO - [2026-09-06T09:35:08.003+0000] {dag.py:4180} INFO - Setting next_dagrun for example_complex to None, run_after=None
[2026-09-06T09:35:08.017+0000] {processor.py:208} INFO - Processing /home/airflow/.local/lib/python3.12/site-packages/airflow/example_dags/example_complex.py took 0.067 seconds
[2026-09-06T09:35:38.557+0000] {processor.py:186} INFO - Started process (PID=5271) to work on /home/airflow/.local/lib/python3.12/site-packages/airflow/example_dags/example_complex.py
[2026-09-06T09:35:38.558+0000] {processor.py:914} INFO - Processing file /home/airflow/.local/lib/python3.12/site-packages/airflow/example_dags/example_complex.py for tasks to queue
[2026-09-06T09:35:38.560+0000] {logging_mixin.py:190} INFO - [2026-09-06T09:35:38.560+0000] {dagbag.py:588} INFO - Filling up the DagBag from /home/airflow/.local/lib/python3.12/site-packages/airflow/example_dags/example_complex.py
[2026-09-06T09:35:38.571+0000] {processor.py:925} INFO - DAG(s) 'example_complex' retrieved from /home/airflow/.local/lib/python3.12/site-packages/airflow/example_dags/example_complex.py
[2026-09-06T09:35:38.594+0000] {logging_mixin.py:190} INFO - [2026-09-06T09:35:38.594+0000] {dag.py:3239} INFO - Sync 1 DAGs
[2026-09-06T09:35:38.605+0000] {logging_mixin.py:190} INFO - [2026-09-06T09:35:38.605+0000] {dag.py:4180} INFO - Setting next_dagrun for example_complex to None, run_after=None
[2026-09-06T09:35:38.620+0000] {processor.py:208} INFO - Processing /home/airflow/.local/lib/python3.12/site-packages/airflow/example_dags/example_complex.py took 0.068 seconds
[2026-09-06T09:36:09.159+0000] {processor.py:186} INFO - Started process (PID=5335) to work on /home/airflow/.local/lib/python3.12/site-packages/airflow/example_dags/example_complex.py
[2026-09-06T09:36:09.160+0000] {processor.py:914} INFO - Processing file /home/airflow/.local/lib/python3.12/site-packages/airflow/example_dags/example_complex.py for tasks to queue
[2026-09-06T09:36:09.162+0000] {logging_mixin.py:190} INFO - [2026-09-06T09:36:09.161+0000] {dagbag.py:588} INFO - Filling up the DagBag from /home/airflow/.local/lib/python3.12/site-packages/airflow/example_dags/example_complex.py
[2026-09-06T09:36:09.171+0000] {processor.py:925} INFO - DAG(s) 'example_complex' retrieved from /home/airflow/.local/lib/python3.12/site-packages/airflow/example_dags/example_complex.py
[2026-09-06T09:36:09.197+0000] {logging_mixin.py:190} INFO - [2026-09-06T09:36:09.197+0000] {dag.py:3239} INFO - Sync 1 DAGs
[2026-09-06T09:36:09.209+0000] {logging_mixin.py:190} INFO - [2026-09-06T09:36:09.209+0000] {dag.py:4180} INFO - Setting next_dagrun for example_complex to None, run_after=None
[2026-09-06T09:36:09.228+0000] {processor.py:208} INFO - Processing /home/airflow/.local/lib/python3.12/site-packages/airflow/example_dags/example_complex.py took 0.074 seconds
[2026-09-06T09:36:39.370+0000] {processor.py:186} INFO - Started process (PID=5399) to work on /home/airflow/.local/lib/python3.12/site-packages/airflow/example_dags/example_complex.py
[2026-09-06T09:36:39.371+0000] {processor.py:914} INFO - Processing file /home/airflow/.local/lib/python3.12/site-packages/airflow/example_dags/example_complex.py for tasks to queue
[2026-09-06T09:36:39.373+0000] {logging_mixin.py:190} INFO - [2026-09-06T09:36:39.372+0000] {dagbag.py:588} INFO - Filling up the DagBag from /home/airflow/.local/lib/python3.12/site-packages/airflow/example_dags/example_complex.py
[2026-09-06T09:36:39.382+0000] {processor.py:925} INFO - DAG(s) 'example_complex' retrieved from /home/airflow/.local/lib/python3.12/site-packages/airflow/example_dags/example_complex.py
[2026-09-06T09:36:39.404+0000] {logging_mixin.py:190} INFO - [2026-09-06T09:36:39.404+0000] {dag.py:3239} INFO - Sync 1 DAGs
[2026-09-06T09:36:39.416+0000] {logging_mixin.py:190} INFO - [2026-09-06T09:36:39.416+0000] {dag.py:4180} INFO - Setting next_dagrun for example_complex to None, run_after=None
[2026-09-06T09:36:39.431+0000] {processor.py:208} INFO - Processing /home/airflow/.local/lib/python3.12/site-packages/airflow/example_dags/example_complex.py took 0.066 seconds
[2026-09-06T09:37:10.264+0000] {processor.py:186} INFO - Started process (PID=5463) to work on /home/airflow/.local/lib/python3.12/site-packages/airflow/example_dags/example_complex.py
[2026-09-06T09:37:10.265+0000] {processor.py:914} INFO - Processing file /home/airflow/.local/lib/python3.12/site-packages/airflow/example_dags/example_complex.py for tasks to queue
[2026-09-06T09:37:10.267+0000] {logging_mixin.py:190} INFO - [2026-09-06T09:37:10.267+0000] {dagbag.py:588} INFO - Filling up the DagBag from /home/airflow/.local/lib/python3.12/site-packages/airflow/example_dags/example_complex.py
[2026-09-06T09:37:10.277+0000] {processor.py:925} INFO - DAG(s) 'example_complex' retrieved from /home/airflow/.local/lib/python3.12/site-packages/airflow/example_dags/example_complex.py
[2026-09-06T09:37:10.302+0000] {logging_mixin.py:190} INFO - [2026-09-06T09:37:10.302+0000] {dag.py:3239} INFO - Sync 1 DAGs
[2026-09-06T09:37:10.315+0000] {logging_mixin.py:190} INFO - [2026-09-06T09:37:10.315+0000] {dag.py:4180} INFO - Setting next_dagrun for example_complex to None, run_after=None
[2026-09-06T09:37:10.333+0000] {processor.py:208} INFO - Processing /home/airflow/.local/lib/python3.12/site-packages/airflow/example_dags/example_complex.py took 0.073 seconds
[2026-09-06T09:37:40.462+0000] {processor.py:186} INFO - Started process (PID=5527) to work on /home/airflow/.local/lib/python3.12/site-packages/airflow/example_dags/example_complex.py
[2026-09-06T09:37:40.463+0000] {processor.py:914} INFO - Processing file /home/airflow/.local/lib/python3.12/site-packages/airflow/example_dags/example_complex.py for tasks to queue
[2026-09-06T09:37:40.465+0000] {logging_mixin.py:190} INFO - [2026-09-06T09:37:40.465+0000] {dagbag.py:588} INFO - Filling up the DagBag from /home/airflow/.local/lib/python3.12/site-packages/airflow/example_dags/example_complex.py
[2026-09-06T09:37:40.475+0000] {processor.py:925} INFO - DAG(s) 'example_complex' retrieved from /home/airflow/.local/lib/python3.12/site-packages/airflow/example_dags/example_complex.py
[2026-09-06T09:37:40.499+0000] {logging_mixin.py:190} INFO - [2026-09-06T09:37:40.499+0000] {dag.py:3239} INFO - Sync 1 DAGs
[2026-09-06T09:37:40.511+0000] {logging_mixin.py:190} INFO - [2026-09-06T09:37:40.511+0000] {dag.py:4180} INFO - Setting next_dagrun for example_complex to None, run_after=None
[2026-09-06T09:37:40.528+0000] {processor.py:208} INFO - Processing /home/airflow/.local/lib/python3.12/site-packages/airflow/example_dags/example_complex.py took 0.072 seconds
[2026-09-06T09:38:10.808+0000] {processor.py:186} INFO - Started process (PID=5591) to work on /home/airflow/.local/lib/python3.12/site-packages/airflow/example_dags/example_complex.py
[2026-09-06T09:38:10.809+0000] {processor.py:914} INFO - Processing file /home/airflow/.local/lib/python3.12/site-packages/airflow/example_dags/example_complex.py for tasks to queue
[2026-09-06T09:38:10.811+0000] {logging_mixin.py:190} INFO - [2026-09-06T09:38:10.811+0000] {dagbag.py:588} INFO - Filling up the DagBag from /home/airflow/.local/lib/python3.12/site-packages/airflow/example_dags/example_complex.py
[2026-09-06T09:38:10.820+0000] {processor.py:925} INFO - DAG(s) 'example_complex' retrieved from /home/airflow/.local/lib/python3.12/site-packages/airflow/example_dags/example_complex.py
[2026-09-06T09:38:10.845+0000] {logging_mixin.py:190} INFO - [2026-09-06T09:38:10.845+0000] {dag.py:3239} INFO - Sync 1 DAGs
[2026-09-06T09:38:10.857+0000] {logging_mixin.py:190} INFO - [2026-09-06T09:38:10.857+0000] {dag.py:4180} INFO - Setting next_dagrun for example_complex to None, run_after=None
[2026-09-06T09:38:10.874+0000] {processor.py:208} INFO - Processing /home/airflow/.local/lib/python3.12/site-packages/airflow/example_dags/example_complex.py took 0.071 seconds
[2026-09-06T09:38:41.461+0000] {processor.py:186} INFO - Started process (PID=5655) to work on /home/airflow/.local/lib/python3.12/site-packages/airflow/example_dags/example_complex.py
[2026-09-06T09:38:41.462+0000] {processor.py:914} INFO - Processing file /home/airflow/.local/lib/python3.12/site-packages/airflow/example_dags/example_complex.py for tasks to queue
[2026-09-06T09:38:41.465+0000] {logging_mixin.py:190} INFO - [2026-09-06T09:38:41.465+0000] {dagbag.py:588} INFO - Filling up the DagBag from /home/airflow/.local/lib/python3.12/site-packages/airflow/example_dags/example_complex.py
[2026-09-06T09:38:41.475+0000] {processor.py:925} INFO - DAG(s) 'example_complex' retrieved from /home/airflow/.local/lib/python3.12/site-packages/airflow/example_dags/example_complex.py
[2026-09-06T09:38:41.498+0000] {logging_mixin.py:190} INFO - [2026-09-06T09:38:41.498+0000] {dag.py:3239} INFO - Sync 1 DAGs
[2026-09-06T09:38:41.510+0000] {logging_mixin.py:190} INFO - [2026-09-06T09:38:41.510+0000] {dag.py:4180} INFO - Setting next_dagrun for example_complex to None, run_after=None
[2026-09-06T09:38:41.527+0000] {processor.py:208} INFO - Processing /home/airflow/.local/lib/python3.12/site-packages/airflow/example_dags/example_complex.py took 0.071 seconds
[2026-09-06T09:39:12.239+0000] {processor.py:186} INFO - Started process (PID=5719) to work on /home/airflow/.local/lib/python3.12/site-packages/airflow/example_dags/example_complex.py
[2026-09-06T09:39:12.240+0000] {processor.py:914} INFO - Processing file /home/airflow/.local/lib/python3.12/site-packages/airflow/example_dags/example_complex.py for tasks to queue
[2026-09-06T09:39:12.242+0000] {logging_mixin.py:190} INFO - [2026-09-06T09:39:12.242+0000] {dagbag.py:588} INFO - Filling up the DagBag from /home/airflow/.local/lib/python3.12/site-packages/airflow/example_dags/example_complex.py
[2026-09-06T09:39:12.252+0000] {processor.py:925} INFO - DAG(s) 'example_complex' retrieved from /home/airflow/.local/lib/python3.12/site-packages/airflow/example_dags/example_complex.py
[2026-09-06T09:39:12.275+0000] {logging_mixin.py:190} INFO - [2026-09-06T09:39:12.275+0000] {dag.py:3239} INFO - Sync 1 DAGs
[2026-09-06T09:39:12.286+0000] {logging_mixin.py:190} INFO - [2026-09-06T09:39:12.286+0000] {dag.py:4180} INFO - Setting next_dagrun for example_complex to None, run_after=None
[2026-09-06T09:39:12.301+0000] {processor.py:208} INFO - Processing /home/airflow/.local/lib/python3.12/site-packages/airflow/example_dags/example_complex.py took 0.068 seconds
[2026-09-06T09:39:42.425+0000] {processor.py:186} INFO - Started process (PID=5783) to work on /home/airflow/.local/lib/python3.12/site-packages/airflow/example_dags/example_complex.py
[2026-09-06T09:39:42.426+0000] {processor.py:914} INFO - Processing file /home/airflow/.local/lib/python3.12/site-packages/airflow/example_dags/example_complex.py for tasks to queue
[2026-09-06T09:39:42.428+0000] {logging_mixin.py:190} INFO - [2026-09-06T09:39:42.428+0000] {dagbag.py:588} INFO - Filling up the DagBag from /home/airflow/.local/lib/python3.12/site-packages/airflow/example_dags/example_complex.py
[2026-09-06T09:39:42.437+0000] {processor.py:925} INFO - DAG(s) 'example_complex' retrieved from /home/airflow/.local/lib/python3.12/site-packages/airflow/example_dags/example_complex.py
[2026-09-06T09:39:42.459+0000] {logging_mixin.py:190} INFO - [2026-09-06T09:39:42.459+0000] {dag.py:3239} INFO - Sync 1 DAGs
[2026-09-06T09:39:42.470+0000] {logging_mixin.py:190} INFO - [2026-09-06T09:39:42.470+0000] {dag.py:4180} INFO - Setting next_dagrun for example_complex to None, run_after=None
[2026-09-06T09:39:42.484+0000] {processor.py:208} INFO - Processing /home/airflow/.local/lib/python3.12/site-packages/airflow/example_dags/example_complex.py took 0.064 seconds
[2026-09-06T09:40:12.734+0000] {processor.py:186} INFO - Started process (PID=5847) to work on /home/airflow/.local/lib/python3.12/site-packages/airflow/example_dags/example_complex.py
[2026-09-06T09:40:12.735+0000] {processor.py:914} INFO - Processing file /home/airflow/.local/lib/python3.12/site-packages/airflow/example_dags/example_complex.py for tasks to queue
[2026-09-06T09:40:12.737+0000] {logging_mixin.py:190} INFO - [2026-09-06T09:40:12.737+0000] {dagbag.py:588} INFO - Filling up the DagBag from /home/airflow/.local/lib/python3.12/site-packages/airflow/example_dags/example_complex.py
[2026-09-06T09:40:12.749+0000] {processor.py:925} INFO - DAG(s) 'example_complex' retrieved from /home/airflow/.local/lib/python3.12/site-packages/airflow/example_dags/example_complex.py
[2026-09-06T09:40:12.779+0000] {logging_mixin.py:190} INFO - [2026-09-06T09:40:12.779+0000] {dag.py:3239} INFO - Sync 1 DAGs
[2026-09-06T09:40:12.791+0000] {logging_mixin.py:190} INFO - [2026-09-06T09:40:12.790+0000] {dag.py:4180} INFO - Setting next_dagrun for example_complex to None, run_after=None
[2026-09-06T09:40:12.811+0000] {processor.py:208} INFO - Processing /home/airflow/.local/lib/python3.12/site-packages/airflow/example_dags/example_complex.py took 0.082 seconds
[2026-09-06T09:40:42.966+0000] {processor.py:186} INFO - Started process (PID=5911) to work on /home/airflow/.local/lib/python3.12/site-packages/airflow/example_dags/example_complex.py
[2026-09-06T09:40:42.967+0000] {processor.py:914} INFO - Processing file /home/airflow/.local/lib/python3.12/site-packages/airflow/example_dags/example_complex.py for tasks to queue
[2026-09-06T09:40:42.969+0000] {logging_mixin.py:190} INFO - [2026-09-06T09:40:42.969+0000] {dagbag.py:588} INFO - Filling up the DagBag from /home/airflow/.local/lib/python3.12/site-packages/airflow/example_dags/example_complex.py
[2026-09-06T09:40:42.980+0000] {processor.py:925} INFO - DAG(s) 'example_complex' retrieved from /home/airflow/.local/lib/python3.12/site-packages/airflow/example_dags/example_complex.py
[2026-09-06T09:40:43.003+0000] {logging_mixin.py:190} INFO - [2026-09-06T09:40:43.002+0000] {dag.py:3239} INFO - Sync 1 DAGs
[2026-09-06T09:40:43.013+0000] {logging_mixin.py:190} INFO - [2026-09-06T09:40:43.013+0000] {dag.py:4180} INFO - Setting next_dagrun for example_complex to None, run_after=None
[2026-09-06T09:40:43.027+0000] {processor.py:208} INFO - Processing /home/airflow/.local/lib/python3.12/site-packages/airflow/example_dags/example_complex.py took 0.068 seconds
[2026-09-06T09:41:13.286+0000] {processor.py:186} INFO - Started process (PID=5975) to work on /home/airflow/.local/lib/python3.12/site-packages/airflow/example_dags/example_complex.py
[2026-09-06T09:41:13.287+0000] {processor.py:914} INFO - Processing file /home/airflow/.local/lib/python3.12/site-packages/airflow/example_dags/example_complex.py for tasks to queue
[2026-09-06T09:41:13.289+0000] {logging_mixin.py:190} INFO - [2026-09-06T09:41:13.289+0000] {dagbag.py:588} INFO - Filling up the DagBag from /home/airflow/.local/lib/python3.12/site-packages/airflow/example_dags/example_complex.py
[2026-09-06T09:41:13.298+0000] {processor.py:925} INFO - DAG(s) 'example_complex' retrieved from /home/airflow/.local/lib/python3.12/site-packages/airflow/example_dags/example_complex.py
[2026-09-06T09:41:13.319+0000] {logging_mixin.py:190} INFO - [2026-09-06T09:41:13.318+0000] {dag.py:3239} INFO - Sync 1 DAGs
[2026-09-06T09:41:13.329+0000] {logging_mixin.py:190} INFO - [2026-09-06T09:41:13.329+0000] {dag.py:4180} INFO - Setting next_dagrun for example_complex to None, run_after=None
[2026-09-06T09:41:13.345+0000] {processor.py:208} INFO - Processing /home/airflow/.local/lib/python3.12/site-packages/airflow/example_dags/example_complex.py took 0.064 seconds
[2026-09-06T09:41:44.070+0000] {processor.py:186} INFO - Started process (PID=6039) to work on /home/airflow/.local/lib/python3.12/site-packages/airflow/example_dags/example_complex.py
[2026-09-06T09:41:44.070+0000] {processor.py:914} INFO - Processing file /home/airflow/.local/lib/python3.12/site-packages/airflow/example_dags/example_complex.py for tasks to queue
[2026-09-06T09:41:44.073+0000] {logging_mixin.py:190} INFO - [2026-09-06T09:41:44.072+0000] {dagbag.py:588} INFO - Filling up the DagBag from /home/airflow/.local/lib/python3.12/site-packages/airflow/example_dags/example_complex.py
[2026-09-06T09:41:44.082+0000] {processor.py:925} INFO - DAG(s) 'example_complex' retrieved from /home/airflow/.local/lib/python3.12/site-packages/airflow/example_dags/example_complex.py
[2026-09-06T09:41:44.105+0000] {logging_mixin.py:190} INFO - [2026-09-06T09:41:44.105+0000] {dag.py:3239} INFO - Sync 1 DAGs
[2026-09-06T09:41:44.116+0000] {logging_mixin.py:190} INFO - [2026-09-06T09:41:44.116+0000] {dag.py:4180} INFO - Setting next_dagrun for example_complex to None, run_after=None
[2026-09-06T09:41:44.130+0000] {processor.py:208} INFO - Processing /home/airflow/.local/lib/python3.12/site-packages/airflow/example_dags/example_complex.py took 0.065 seconds
