[2026-09-06T08:53:54.953+0000] {processor.py:186} INFO - Started process (PID=58) to work on /home/airflow/.local/lib/python3.12/site-packages/airflow/example_dags/example_nested_branch_dag.py
[2026-09-06T08:53:54.955+0000] {processor.py:914} INFO - Processing file /home/airflow/.local/lib/python3.12/site-packages/airflow/example_dags/example_nested_branch_dag.py for tasks to queue
[2026-09-06T08:53:54.958+0000] {logging_mixin.py:190} INFO - [2026-09-06T08:53:54.957+0000] {dagbag.py:588} INFO - Filling up the DagBag from /home/airflow/.local/lib/python3.12/site-packages/airflow/example_dags/example_nested_branch_dag.py
[2026-09-06T08:53:54.972+0000] {processor.py:925} INFO - DAG(s) 'example_nested_branch_dag' retrieved from /home/airflow/.local/lib/python3.12/site-packages/airflow/example_dags/example_nested_branch_dag.py
[2026-09-06T08:53:55.147+0000] {logging_mixin.py:190} INFO - [2026-09-06T08:53:55.147+0000] {override.py:1911} INFO - Created Permission View: can edit on DAG:example_nested_branch_dag
[2026-09-06T08:53:55.158+0000] {logging_mixin.py:190} INFO - [2026-09-06T08:53:55.157+0000] {override.py:1911} INFO - Created Permission View: can delete on DAG:example_nested_branch_dag
[2026-09-06T08:53:55.164+0000] {logging_mixin.py:190} INFO - [2026-09-06T08:53:55.164+0000] {override.py:1911} INFO - Created Permission View: can read on DAG:example_nested_branch_dag
[2026-09-06T08:53:55.174+0000] {logging_mixin.py:190} INFO - [2026-09-06T08:53:55.173+0000] {override.py:1911} INFO - Created Permission View: can create on DAG Run:example_nested_branch_dag
[2026-09-06T08:53:55.181+0000] {logging_mixin.py:190} INFO - [2026-09-06T08:53:55.180+0000] {override.py:1911} INFO - Created Permission View: can delete on DAG Run:example_nested_branch_dag
[2026-09-06T08:53:55.187+0000] {logging_mixin.py:190} INFO - [2026-09-06T08:53:55.187+0000] {override.py:1911} INFO - Created Permission View: can read on DAG Run:example_nested_branch_dag
[2026-09-06T08:53:55.195+0000] {logging_mixin.py:190} INFO - [2026-09-06T08:53:55.195+0000] {override.py:1911} INFO - Created Permission View: menu access on DAG Run:example_nested_branch_dag
[2026-09-06T08:53:55.196+0000] {logging_mixin.py:190} INFO - [2026-09-06T08:53:55.196+0000] {dag.py:3239} INFO - Sync 1 DAGs
[2026-09-06T08:53:55.212+0000] {logging_mixin.py:190} INFO - [2026-09-06T08:53:55.211+0000] {dag.py:3262} INFO - Creating ORM DAG for example_nested_branch_dag
[2026-09-06T08:53:55.222+0000] {logging_mixin.py:190} INFO - [2026-09-06T08:53:55.222+0000] {dag.py:4180} INFO - Setting next_dagrun for example_nested_branch_dag to 2026-09-05 00:00:00+00:00, run_after=2026-09-06 00:00:00+00:00
[2026-09-06T08:53:55.238+0000] {processor.py:208} INFO - Processing /home/airflow/.local/lib/python3.12/site-packages/airflow/example_dags/example_nested_branch_dag.py took 0.292 seconds
[2026-09-06T08:54:25.502+0000] {processor.py:186} INFO - Started process (PID=121) to work on /home/airflow/.local/lib/python3.12/site-packages/airflow/example_dags/example_nested_branch_dag.py
[2026-09-06T08:54:25.503+0000] {processor.py:914} INFO - Processing file /home/airflow/.local/lib/python3.12/site-packages/airflow/example_dags/example_nested_branch_dag.py for tasks to queue
[2026-09-06T08:54:25.507+0000] {logging_mixin.py:190} INFO - [2026-09-06T08:54:25.506+0000] {dagbag.py:588} INFO - Filling up the DagBag from /home/airflow/.local/lib/python3.12/site-packages/airflow/example_dags/example_nested_branch_dag.py
[2026-09-06T08:54:25.518+0000] {processor.py:925} INFO - DAG(s) 'example_nested_branch_dag' retrieved from /home/airflow/.local/lib/python3.12/site-packages/airflow/example_dags/example_nested_branch_dag.py
[2026-09-06T08:54:25.539+0000] {logging_mixin.py:190} INFO - [2026-09-06T08:54:25.539+0000] {dag.py:3239} INFO - Sync 1 DAGs
[2026-09-06T08:54:25.560+0000] {logging_mixin.py:190} INFO - [2026-09-06T08:54:25.560+0000] {dag.py:4180} INFO - Setting next_dagrun for example_nested_branch_dag to 2026-09-05 00:00:00+00:00, run_after=2026-09-06 00:00:00+00:00
[2026-09-06T08:54:25.579+0000] {processor.py:208} INFO - Processing /home/airflow/.local/lib/python3.12/site-packages/airflow/example_dags/example_nested_branch_dag.py took 0.083 seconds
[2026-09-06T08:54:55.638+0000] {processor.py:186} INFO - Started process (PID=184) to work on /home/airflow/.local/lib/python3.12/site-packages/airflow/example_dags/example_nested_branch_dag.py
[2026-09-06T08:54:55.639+0000] {processor.py:914} INFO - Processing file /home/airflow/.local/lib/python3.12/site-packages/airflow/example_dags/example_nested_branch_dag.py for tasks to queue
[2026-09-06T08:54:55.643+0000] {logging_mixin.py:190} INFO - [2026-09-06T08:54:55.642+0000] {dagbag.py:588} INFO - Filling up the DagBag from /home/airflow/.local/lib/python3.12/site-packages/airflow/example_dags/example_nested_branch_dag.py
[2026-09-06T08:54:55.656+0000] {processor.py:925} INFO - DAG(s) 'example_nested_branch_dag' retrieved from /home/airflow/.local/lib/python3.12/site-packages/airflow/example_dags/example_nested_branch_dag.py
[2026-09-06T08:54:55.676+0000] {logging_mixin.py:190} INFO - [2026-09-06T08:54:55.676+0000] {dag.py:3239} INFO - Sync 1 DAGs
[2026-09-06T08:54:55.701+0000] {logging_mixin.py:190} INFO - [2026-09-06T08:54:55.701+0000] {dag.py:4180} INFO - Setting next_dagrun for example_nested_branch_dag to 2026-09-05 00:00:00+00:00, run_after=2026-09-06 00:00:00+00:00
[2026-09-06T08:54:55.721+0000] {processor.py:208} INFO - Processing /home/airflow/.local/lib/python3.12/site-packages/airflow/example_dags/example_nested_branch_dag.py took 0.091 seconds
[2026-09-06T08:55:26.478+0000] {processor.py:186} INFO - Started process (PID=247) to work on /home/airflow/.local/lib/python3.12/site-packages/airflow/example_dags/example_nested_branch_dag.py
[2026-09-06T08:55:26.479+0000] {processor.py:914} INFO - Processing file /home/airflow/.local/lib/python3.12/site-packages/airflow/example_dags/example_nested_branch_dag.py for tasks to queue
[2026-09-06T08:55:26.481+0000] {logging_mixin.py:190} INFO - [2026-09-06T08:55:26.481+0000] {dagbag.py:588} INFO - Filling up the DagBag from /home/airflow/.local/lib/python3.12/site-packages/airflow/example_dags/example_nested_branch_dag.py
[2026-09-06T08:55:26.490+0000] {processor.py:925} INFO - DAG(s) 'example_nested_branch_dag' retrieved from /home/airflow/.local/lib/python3.12/site-packages/airflow/example_dags/example_nested_branch_dag.py
[2026-09-06T08:55:26.504+0000] {logging_mixin.py:190} INFO - [2026-09-06T08:55:26.504+0000] {dag.py:3239} INFO - Sync 1 DAGs
[2026-09-06T08:55:26.521+0000] {logging_mixin.py:190} INFO - [2026-09-06T08:55:26.521+0000] {dag.py:4180} INFO - Setting next_dagrun for example_nested_branch_dag to 2026-09-05 00:00:00+00:00, run_after=2026-09-06 00:00:00+00:00
[2026-09-06T08:55:26.534+0000] {processor.py:208} INFO - Processing /home/airflow/.local/lib/python3.12/site-packages/airflow/example_dags/example_nested_branch_dag.py took 0.060 seconds
[2026-09-06T08:55:57.476+0000] {processor.py:186} INFO - Started process (PID=316) to work on /home/airflow/.local/lib/python3.12/site-packages/airflow/example_dags/example_nested_branch_dag.py
[2026-09-06T08:55:57.477+0000] {processor.py:914} INFO - Processing file /home/airflow/.local/lib/python3.12/site-packages/airflow/example_dags/example_nested_branch_dag.py for tasks to queue
[2026-09-06T08:55:57.479+0000] {logging_mixin.py:190} INFO - [2026-09-06T08:55:57.479+0000] {dagbag.py:588} INFO - Filling up the DagBag from /home/airflow/.local/lib/python3.12/site-packages/airflow/example_dags/example_nested_branch_dag.py
[2026-09-06T08:55:57.489+0000] {processor.py:925} INFO - DAG(s) 'example_nested_branch_dag' retrieved from /home/airflow/.local/lib/python3.12/site-packages/airflow/example_dags/example_nested_branch_dag.py
[2026-09-06T08:55:57.506+0000] {logging_mixin.py:190} INFO - [2026-09-06T08:55:57.505+0000] {dag.py:3239} INFO - Sync 1 DAGs
[2026-09-06T08:55:57.526+0000] {logging_mixin.py:190} INFO - [2026-09-06T08:55:57.526+0000] {dag.py:4180} INFO - Setting next_dagrun for example_nested_branch_dag to 2026-09-05 00:00:00+00:00, run_after=2026-09-06 00:00:00+00:00
[2026-09-06T08:55:57.543+0000] {processor.py:208} INFO - Processing /home/airflow/.local/lib/python3.12/site-packages/airflow/example_dags/example_nested_branch_dag.py took 0.073 seconds
[2026-09-06T08:56:28.270+0000] {processor.py:186} INFO - Started process (PID=379) to work on /home/airflow/.local/lib/python3.12/site-packages/airflow/example_dags/example_nested_branch_dag.py
[2026-09-06T08:56:28.271+0000] {processor.py:914} INFO - Processing file /home/airflow/.local/lib/python3.12/site-packages/airflow/example_dags/example_nested_branch_dag.py for tasks to queue
[2026-09-06T08:56:28.274+0000] {logging_mixin.py:190} INFO - [2026-09-06T08:56:28.273+0000] {dagbag.py:588} INFO - Filling up the DagBag from /home/airflow/.local/lib/python3.12/site-packages/airflow/example_dags/example_nested_branch_dag.py
[2026-09-06T08:56:28.282+0000] {processor.py:925} INFO - DAG(s) 'example_nested_branch_dag' retrieved from /home/airflow/.local/lib/python3.12/site-packages/airflow/example_dags/example_nested_branch_dag.py
[2026-09-06T08:56:28.299+0000] {logging_mixin.py:190} INFO - [2026-09-06T08:56:28.299+0000] {dag.py:3239} INFO - Sync 1 DAGs
[2026-09-06T08:56:28.319+0000] {logging_mixin.py:190} INFO - [2026-09-06T08:56:28.318+0000] {dag.py:4180} INFO - Setting next_dagrun for example_nested_branch_dag to 2026-09-05 00:00:00+00:00, run_after=2026-09-06 00:00:00+00:00
[2026-09-06T08:56:28.335+0000] {processor.py:208} INFO - Processing /home/airflow/.local/lib/python3.12/site-packages/airflow/example_dags/example_nested_branch_dag.py took 0.071 seconds
[2026-09-06T08:56:58.413+0000] {processor.py:186} INFO - Started process (PID=442) to work on /home/airflow/.local/lib/python3.12/site-packages/airflow/example_dags/example_nested_branch_dag.py
[2026-09-06T08:56:58.414+0000] {processor.py:914} INFO - Processing file /home/airflow/.local/lib/python3.12/site-packages/airflow/example_dags/example_nested_branch_dag.py for tasks to queue
[2026-09-06T08:56:58.416+0000] {logging_mixin.py:190} INFO - [2026-09-06T08:56:58.416+0000] {dagbag.py:588} INFO - Filling up the DagBag from /home/airflow/.local/lib/python3.12/site-packages/airflow/example_dags/example_nested_branch_dag.py
[2026-09-06T08:56:58.425+0000] {processor.py:925} INFO - DAG(s) 'example_nested_branch_dag' retrieved from /home/airflow/.local/lib/python3.12/site-packages/airflow/example_dags/example_nested_branch_dag.py
[2026-09-06T08:56:58.442+0000] {logging_mixin.py:190} INFO - [2026-09-06T08:56:58.441+0000] {dag.py:3239} INFO - Sync 1 DAGs
[2026-09-06T08:56:58.459+0000] {logging_mixin.py:190} INFO - [2026-09-06T08:56:58.459+0000] {dag.py:4180} INFO - Setting next_dagrun for example_nested_branch_dag to 2026-09-05 00:00:00+00:00, run_after=2026-09-06 00:00:00+00:00
[2026-09-06T08:56:58.476+0000] {processor.py:208} INFO - Processing /home/airflow/.local/lib/python3.12/site-packages/airflow/example_dags/example_nested_branch_dag.py took 0.068 seconds
[2026-09-06T08:57:29.037+0000] {processor.py:186} INFO - Started process (PID=505) to work on /home/airflow/.local/lib/python3.12/site-packages/airflow/example_dags/example_nested_branch_dag.py
[2026-09-06T08:57:29.038+0000] {processor.py:914} INFO - Processing file /home/airflow/.local/lib/python3.12/site-packages/airflow/example_dags/example_nested_branch_dag.py for tasks to queue
[2026-09-06T08:57:29.040+0000] {logging_mixin.py:190} INFO - [2026-09-06T08:57:29.040+0000] {dagbag.py:588} INFO - Filling up the DagBag from /home/airflow/.local/lib/python3.12/site-packages/airflow/example_dags/example_nested_branch_dag.py
[2026-09-06T08:57:29.049+0000] {processor.py:925} INFO - DAG(s) 'example_nested_branch_dag' retrieved from /home/airflow/.local/lib/python3.12/site-packages/airflow/example_dags/example_nested_branch_dag.py
[2026-09-06T08:57:29.065+0000] {logging_mixin.py:190} INFO - [2026-09-06T08:57:29.064+0000] {dag.py:3239} INFO - Sync 1 DAGs
[2026-09-06T08:57:29.082+0000] {logging_mixin.py:190} INFO - [2026-09-06T08:57:29.082+0000] {dag.py:4180} INFO - Setting next_dagrun for example_nested_branch_dag to 2026-09-05 00:00:00+00:00, run_after=2026-09-06 00:00:00+00:00
[2026-09-06T08:57:29.097+0000] {processor.py:208} INFO - Processing /home/airflow/.local/lib/python3.12/site-packages/airflow/example_dags/example_nested_branch_dag.py took 0.066 seconds
[2026-09-06T08:57:59.199+0000] {processor.py:186} INFO - Started process (PID=568) to work on /home/airflow/.local/lib/python3.12/site-packages/airflow/example_dags/example_nested_branch_dag.py
[2026-09-06T08:57:59.199+0000] {processor.py:914} INFO - Processing file /home/airflow/.local/lib/python3.12/site-packages/airflow/example_dags/example_nested_branch_dag.py for tasks to queue
[2026-09-06T08:57:59.202+0000] {logging_mixin.py:190} INFO - [2026-09-06T08:57:59.201+0000] {dagbag.py:588} INFO - Filling up the DagBag from /home/airflow/.local/lib/python3.12/site-packages/airflow/example_dags/example_nested_branch_dag.py
[2026-09-06T08:57:59.210+0000] {processor.py:925} INFO - DAG(s) 'example_nested_branch_dag' retrieved from /home/airflow/.local/lib/python3.12/site-packages/airflow/example_dags/example_nested_branch_dag.py
[2026-09-06T08:57:59.227+0000] {logging_mixin.py:190} INFO - [2026-09-06T08:57:59.226+0000] {dag.py:3239} INFO - Sync 1 DAGs
[2026-09-06T08:57:59.245+0000] {logging_mixin.py:190} INFO - [2026-09-06T08:57:59.244+0000] {dag.py:4180} INFO - Setting next_dagrun for example_nested_branch_dag to 2026-09-05 00:00:00+00:00, run_after=2026-09-06 00:00:00+00:00
[2026-09-06T08:57:59.260+0000] {processor.py:208} INFO - Processing /home/airflow/.local/lib/python3.12/site-packages/airflow/example_dags/example_nested_branch_dag.py took 0.067 seconds
[2026-09-06T08:58:29.699+0000] {processor.py:186} INFO - Started process (PID=631) to work on /home/airflow/.local/lib/python3.12/site-packages/airflow/example_dags/example_nested_branch_dag.py
[2026-09-06T08:58:29.700+0000] {processor.py:914} INFO - Processing file /home/airflow/.local/lib/python3.12/site-packages/airflow/example_dags/example_nested_branch_dag.py for tasks to queue
[2026-09-06T08:58:29.702+0000] {logging_mixin.py:190} INFO - [2026-09-06T08:58:29.702+0000] {dagbag.py:588} INFO - Filling up the DagBag from /home/airflow/.local/lib/python3.12/site-packages/airflow/example_dags/example_nested_branch_dag.py
[2026-09-06T08:58:29.711+0000] {processor.py:925} INFO - DAG(s) 'example_nested_branch_dag' retrieved from /home/airflow/.local/lib/python3.12/site-packages/airflow/example_dags/example_nested_branch_dag.py
[2026-09-06T08:58:29.726+0000] {logging_mixin.py:190} INFO - [2026-09-06T08:58:29.726+0000] {dag.py:3239} INFO - Sync 1 DAGs
[2026-09-06T08:58:29.744+0000] {logging_mixin.py:190} INFO - [2026-09-06T08:58:29.744+0000] {dag.py:4180} INFO - Setting next_dagrun for example_nested_branch_dag to 2026-09-05 00:00:00+00:00, run_after=2026-09-06 00:00:00+00:00
[2026-09-06T08:58:29.760+0000] {processor.py:208} INFO - Processing /home/airflow/.local/lib/python3.12/site-packages/airflow/example_dags/example_nested_branch_dag.py took 0.066 seconds
[2026-09-06T08:58:59.973+0000] {processor.py:186} INFO - Started process (PID=695) to work on /home/airflow/.local/lib/python3.12/site-packages/airflow/example_dags/example_nested_branch_dag.py
[2026-09-06T08:58:59.974+0000] {processor.py:914} INFO - Processing file /home/airflow/.local/lib/python3.12/site-packages/airflow/example_dags/example_nested_branch_dag.py for tasks to queue
[2026-09-06T08:58:59.977+0000] {logging_mixin.py:190} INFO - [2026-09-06T08:58:59.977+0000] {dagbag.py:588} INFO - Filling up the DagBag from /home/airflow/.local/lib/python3.12/site-packages/airflow/example_dags/example_nested_branch_dag.py
[2026-09-06T08:58:59.986+0000] {processor.py:925} INFO - DAG(s) 'example_nested_branch_dag' retrieved from /home/airflow/.local/lib/python3.12/site-packages/airflow/example_dags/example_nested_branch_dag.py
[2026-09-06T08:59:00.004+0000] {logging_mixin.py:190} INFO - [2026-09-06T08:59:00.004+0000] {dag.py:3239} INFO - Sync 1 DAGs
[2026-09-06T08:59:00.027+0000] {logging_mixin.py:190} INFO - [2026-09-06T08:59:00.027+0000] {dag.py:4180} INFO - Setting next_dagrun for example_nested_branch_dag to 2026-09-05 00:00:00+00:00, run_after=2026-09-06 00:00:00+00:00
[2026-09-06T08:59:00.047+0000] {processor.py:208} INFO - Processing /home/airflow/.local/lib/python3.12/site-packages/airflow/example_dags/example_nested_branch_dag.py took 0.078 seconds
[2026-09-06T08:59:30.478+0000] {processor.py:186} INFO - Started process (PID=759) to work on /home/airflow/.local/lib/python3.12/site-packages/airflow/example_dags/example_nested_branch_dag.py
[2026-09-06T08:59:30.478+0000] {processor.py:914} INFO - Processing file /home/airflow/.local/lib/python3.12/site-packages/airflow/example_dags/example_nested_branch_dag.py for tasks to queue
[2026-09-06T08:59:30.480+0000] {logging_mixin.py:190} INFO - [2026-09-06T08:59:30.480+0000] {dagbag.py:588} INFO - Filling up the DagBag from /home/airflow/.local/lib/python3.12/site-packages/airflow/example_dags/example_nested_branch_dag.py
[2026-09-06T08:59:30.489+0000] {processor.py:925} INFO - DAG(s) 'example_nested_branch_dag' retrieved from /home/airflow/.local/lib/python3.12/site-packages/airflow/example_dags/example_nested_branch_dag.py
[2026-09-06T08:59:30.504+0000] {logging_mixin.py:190} INFO - [2026-09-06T08:59:30.504+0000] {dag.py:3239} INFO - Sync 1 DAGs
[2026-09-06T08:59:30.522+0000] {logging_mixin.py:190} INFO - [2026-09-06T08:59:30.522+0000] {dag.py:4180} INFO - Setting next_dagrun for example_nested_branch_dag to 2026-09-05 00:00:00+00:00, run_after=2026-09-06 00:00:00+00:00
[2026-09-06T08:59:30.539+0000] {processor.py:208} INFO - Processing /home/airflow/.local/lib/python3.12/site-packages/airflow/example_dags/example_nested_branch_dag.py took 0.066 seconds
[2026-09-06T09:00:01.033+0000] {processor.py:186} INFO - Started process (PID=823) to work on /home/airflow/.local/lib/python3.12/site-packages/airflow/example_dags/example_nested_branch_dag.py
[2026-09-06T09:00:01.034+0000] {processor.py:914} INFO - Processing file /home/airflow/.local/lib/python3.12/site-packages/airflow/example_dags/example_nested_branch_dag.py for tasks to queue
[2026-09-06T09:00:01.035+0000] {logging_mixin.py:190} INFO - [2026-09-06T09:00:01.035+0000] {dagbag.py:588} INFO - Filling up the DagBag from /home/airflow/.local/lib/python3.12/site-packages/airflow/example_dags/example_nested_branch_dag.py
[2026-09-06T09:00:01.043+0000] {processor.py:925} INFO - DAG(s) 'example_nested_branch_dag' retrieved from /home/airflow/.local/lib/python3.12/site-packages/airflow/example_dags/example_nested_branch_dag.py
[2026-09-06T09:00:01.058+0000] {logging_mixin.py:190} INFO - [2026-09-06T09:00:01.058+0000] {dag.py:3239} INFO - Sync 1 DAGs
[2026-09-06T09:00:01.074+0000] {logging_mixin.py:190} INFO - [2026-09-06T09:00:01.074+0000] {dag.py:4180} INFO - Setting next_dagrun for example_nested_branch_dag to 2026-09-05 00:00:00+00:00, run_after=2026-09-06 00:00:00+00:00
[2026-09-06T09:00:01.089+0000] {processor.py:208} INFO - Processing /home/airflow/.local/lib/python3.12/site-packages/airflow/example_dags/example_nested_branch_dag.py took 0.060 seconds
[2026-09-06T09:00:31.307+0000] {processor.py:186} INFO - Started process (PID=887) to work on /home/airflow/.local/lib/python3.12/site-packages/airflow/example_dags/example_nested_branch_dag.py
[2026-09-06T09:00:31.308+0000] {processor.py:914} INFO - Processing file /home/airflow/.local/lib/python3.12/site-packages/airflow/example_dags/example_nested_branch_dag.py for tasks to queue
[2026-09-06T09:00:31.310+0000] {logging_mixin.py:190} INFO - [2026-09-06T09:00:31.310+0000] {dagbag.py:588} INFO - Filling up the DagBag from /home/airflow/.local/lib/python3.12/site-packages/airflow/example_dags/example_nested_branch_dag.py
[2026-09-06T09:00:31.320+0000] {processor.py:925} INFO - DAG(s) 'example_nested_branch_dag' retrieved from /home/airflow/.local/lib/python3.12/site-packages/airflow/example_dags/example_nested_branch_dag.py
[2026-09-06T09:00:31.336+0000] {logging_mixin.py:190} INFO - [2026-09-06T09:00:31.335+0000] {dag.py:3239} INFO - Sync 1 DAGs
[2026-09-06T09:00:31.353+0000] {logging_mixin.py:190} INFO - [2026-09-06T09:00:31.353+0000] {dag.py:4180} INFO - Setting next_dagrun for example_nested_branch_dag to 2026-09-05 00:00:00+00:00, run_after=2026-09-06 00:00:00+00:00
[2026-09-06T09:00:31.368+0000] {processor.py:208} INFO - Processing /home/airflow/.local/lib/python3.12/site-packages/airflow/example_dags/example_nested_branch_dag.py took 0.066 seconds
[2026-09-06T09:01:01.891+0000] {processor.py:186} INFO - Started process (PID=951) to work on /home/airflow/.local/lib/python3.12/site-packages/airflow/example_dags/example_nested_branch_dag.py
[2026-09-06T09:01:01.892+0000] {processor.py:914} INFO - Processing file /home/airflow/.local/lib/python3.12/site-packages/airflow/example_dags/example_nested_branch_dag.py for tasks to queue
[2026-09-06T09:01:01.894+0000] {logging_mixin.py:190} INFO - [2026-09-06T09:01:01.894+0000] {dagbag.py:588} INFO - Filling up the DagBag from /home/airflow/.local/lib/python3.12/site-packages/airflow/example_dags/example_nested_branch_dag.py
[2026-09-06T09:01:01.903+0000] {processor.py:925} INFO - DAG(s) 'example_nested_branch_dag' retrieved from /home/airflow/.local/lib/python3.12/site-packages/airflow/example_dags/example_nested_branch_dag.py
[2026-09-06T09:01:01.920+0000] {logging_mixin.py:190} INFO - [2026-09-06T09:01:01.920+0000] {dag.py:3239} INFO - Sync 1 DAGs
[2026-09-06T09:01:01.937+0000] {logging_mixin.py:190} INFO - [2026-09-06T09:01:01.937+0000] {dag.py:4180} INFO - Setting next_dagrun for example_nested_branch_dag to 2026-09-05 00:00:00+00:00, run_after=2026-09-06 00:00:00+00:00
[2026-09-06T09:01:01.953+0000] {processor.py:208} INFO - Processing /home/airflow/.local/lib/python3.12/site-packages/airflow/example_dags/example_nested_branch_dag.py took 0.067 seconds
[2026-09-06T09:01:32.603+0000] {processor.py:186} INFO - Started process (PID=1015) to work on /home/airflow/.local/lib/python3.12/site-packages/airflow/example_dags/example_nested_branch_dag.py
[2026-09-06T09:01:32.604+0000] {processor.py:914} INFO - Processing file /home/airflow/.local/lib/python3.12/site-packages/airflow/example_dags/example_nested_branch_dag.py for tasks to queue
[2026-09-06T09:01:32.606+0000] {logging_mixin.py:190} INFO - [2026-09-06T09:01:32.606+0000] {dagbag.py:588} INFO - Filling up the DagBag from /home/airflow/.local/lib/python3.12/site-packages/airflow/example_dags/example_nested_branch_dag.py
[2026-09-06T09:01:32.617+0000] {processor.py:925} INFO - DAG(s) 'example_nested_branch_dag' retrieved from /home/airflow/.local/lib/python3.12/site-packages/airflow/example_dags/example_nested_branch_dag.py
[2026-09-06T09:01:32.637+0000] {logging_mixin.py:190} INFO - [2026-09-06T09:01:32.637+0000] {dag.py:3239} INFO - Sync 1 DAGs
[2026-09-06T09:01:32.657+0000] {logging_mixin.py:190} INFO - [2026-09-06T09:01:32.656+0000] {dag.py:4180} INFO - Setting next_dagrun for example_nested_branch_dag to 2026-09-05 00:00:00+00:00, run_after=2026-09-06 00:00:00+00:00
[2026-09-06T09:01:32.673+0000] {processor.py:208} INFO - Processing /home/airflow/.local/lib/python3.12/site-packages/airflow/example_dags/example_nested_branch_dag.py took 0.076 seconds
[2026-09-06T09:02:03.184+0000] {processor.py:186} INFO - Started process (PID=1079) to work on /home/airflow/.local/lib/python3.12/site-packages/airflow/example_dags/example_nested_branch_dag.py
[2026-09-06T09:02:03.186+0000] {processor.py:914} INFO - Processing file /home/airflow/.local/lib/python3.12/site-packages/airflow/example_dags/example_nested_branch_dag.py for tasks to queue
[2026-09-06T09:02:03.189+0000] {logging_mixin.py:190} INFO - [2026-09-06T09:02:03.188+0000] {dagbag.py:588} INFO - Filling up the DagBag from /home/airflow/.local/lib/python3.12/site-packages/airflow/example_dags/example_nested_branch_dag.py
[2026-09-06T09:02:03.204+0000] {processor.py:925} INFO - DAG(s) 'example_nested_branch_dag' retrieved from /home/airflow/.local/lib/python3.12/site-packages/airflow/example_dags/example_nested_branch_dag.py
[2026-09-06T09:02:03.231+0000] {logging_mixin.py:190} INFO - [2026-09-06T09:02:03.231+0000] {dag.py:3239} INFO - Sync 1 DAGs
[2026-09-06T09:02:03.253+0000] {logging_mixin.py:190} INFO - [2026-09-06T09:02:03.252+0000] {dag.py:4180} INFO - Setting next_dagrun for example_nested_branch_dag to 2026-09-05 00:00:00+00:00, run_after=2026-09-06 00:00:00+00:00
[2026-09-06T09:02:03.270+0000] {processor.py:208} INFO - Processing /home/airflow/.local/lib/python3.12/site-packages/airflow/example_dags/example_nested_branch_dag.py took 0.092 seconds
[2026-09-06T09:02:33.596+0000] {processor.py:186} INFO - Started process (PID=1143) to work on /home/airflow/.local/lib/python3.12/site-packages/airflow/example_dags/example_nested_branch_dag.py
[2026-09-06T09:02:33.596+0000] {processor.py:914} INFO - Processing file /home/airflow/.local/lib/python3.12/site-packages/airflow/example_dags/example_nested_branch_dag.py for tasks to queue
[2026-09-06T09:02:33.598+0000] {logging_mixin.py:190} INFO - [2026-09-06T09:02:33.598+0000] {dagbag.py:588} INFO - Filling up the DagBag from /home/airflow/.local/lib/python3.12/site-packages/airflow/example_dags/example_nested_branch_dag.py
[2026-09-06T09:02:33.606+0000] {processor.py:925} INFO - DAG(s) 'example_nested_branch_dag' retrieved from /home/airflow/.local/lib/python3.12/site-packages/airflow/example_dags/example_nested_branch_dag.py
[2026-09-06T09:02:33.622+0000] {logging_mixin.py:190} INFO - [2026-09-06T09:02:33.621+0000] {dag.py:3239} INFO - Sync 1 DAGs
[2026-09-06T09:02:33.638+0000] {logging_mixin.py:190} INFO - [2026-09-06T09:02:33.637+0000] {dag.py:4180} INFO - Setting next_dagrun for example_nested_branch_dag to 2026-09-05 00:00:00+00:00, run_after=2026-09-06 00:00:00+00:00
[2026-09-06T09:02:33.653+0000] {processor.py:208} INFO - Processing /home/airflow/.local/lib/python3.12/site-packages/airflow/example_dags/example_nested_branch_dag.py took 0.062 seconds
[2026-09-06T09:03:04.258+0000] {processor.py:186} INFO - Started process (PID=1207) to work on /home/airflow/.local/lib/python3.12/site-packages/airflow/example_dags/example_nested_branch_dag.py
[2026-09-06T09:03:04.259+0000] {processor.py:914} INFO - Processing file /home/airflow/.local/lib/python3.12/site-packages/airflow/example_dags/example_nested_branch_dag.py for tasks to queue
[2026-09-06T09:03:04.261+0000] {logging_mixin.py:190} INFO - [2026-09-06T09:03:04.261+0000] {dagbag.py:588} INFO - Filling up the DagBag from /home/airflow/.local/lib/python3.12/site-packages/airflow/example_dags/example_nested_branch_dag.py
[2026-09-06T09:03:04.270+0000] {processor.py:925} INFO - DAG(s) 'example_nested_branch_dag' retrieved from /home/airflow/.local/lib/python3.12/site-packages/airflow/example_dags/example_nested_branch_dag.py
[2026-09-06T09:03:04.287+0000] {logging_mixin.py:190} INFO - [2026-09-06T09:03:04.286+0000] {dag.py:3239} INFO - Sync 1 DAGs
[2026-09-06T09:03:04.303+0000] {logging_mixin.py:190} INFO - [2026-09-06T09:03:04.303+0000] {dag.py:4180} INFO - Setting next_dagrun for example_nested_branch_dag to 2026-09-05 00:00:00+00:00, run_after=2026-09-06 00:00:00+00:00
[2026-09-06T09:03:04.325+0000] {processor.py:208} INFO - Processing /home/airflow/.local/lib/python3.12/site-packages/airflow/example_dags/example_nested_branch_dag.py took 0.071 seconds
[2026-09-06T09:03:34.448+0000] {processor.py:186} INFO - Started process (PID=1271) to work on /home/airflow/.local/lib/python3.12/site-packages/airflow/example_dags/example_nested_branch_dag.py
[2026-09-06T09:03:34.449+0000] {processor.py:914} INFO - Processing file /home/airflow/.local/lib/python3.12/site-packages/airflow/example_dags/example_nested_branch_dag.py for tasks to queue
[2026-09-06T09:03:34.451+0000] {logging_mixin.py:190} INFO - [2026-09-06T09:03:34.451+0000] {dagbag.py:588} INFO - Filling up the DagBag from /home/airflow/.local/lib/python3.12/site-packages/airflow/example_dags/example_nested_branch_dag.py
[2026-09-06T09:03:34.462+0000] {processor.py:925} INFO - DAG(s) 'example_nested_branch_dag' retrieved from /home/airflow/.local/lib/python3.12/site-packages/airflow/example_dags/example_nested_branch_dag.py
[2026-09-06T09:03:34.479+0000] {logging_mixin.py:190} INFO - [2026-09-06T09:03:34.478+0000] {dag.py:3239} INFO - Sync 1 DAGs
[2026-09-06T09:03:34.498+0000] {logging_mixin.py:190} INFO - [2026-09-06T09:03:34.498+0000] {dag.py:4180} INFO - Setting next_dagrun for example_nested_branch_dag to 2026-09-05 00:00:00+00:00, run_after=2026-09-06 00:00:00+00:00
[2026-09-06T09:03:34.521+0000] {processor.py:208} INFO - Processing /home/airflow/.local/lib/python3.12/site-packages/airflow/example_dags/example_nested_branch_dag.py took 0.077 seconds
[2026-09-06T09:04:04.577+0000] {processor.py:186} INFO - Started process (PID=1334) to work on /home/airflow/.local/lib/python3.12/site-packages/airflow/example_dags/example_nested_branch_dag.py
[2026-09-06T09:04:04.578+0000] {processor.py:914} INFO - Processing file /home/airflow/.local/lib/python3.12/site-packages/airflow/example_dags/example_nested_branch_dag.py for tasks to queue
[2026-09-06T09:04:04.580+0000] {logging_mixin.py:190} INFO - [2026-09-06T09:04:04.580+0000] {dagbag.py:588} INFO - Filling up the DagBag from /home/airflow/.local/lib/python3.12/site-packages/airflow/example_dags/example_nested_branch_dag.py
[2026-09-06T09:04:04.590+0000] {processor.py:925} INFO - DAG(s) 'example_nested_branch_dag' retrieved from /home/airflow/.local/lib/python3.12/site-packages/airflow/example_dags/example_nested_branch_dag.py
[2026-09-06T09:04:04.607+0000] {logging_mixin.py:190} INFO - [2026-09-06T09:04:04.607+0000] {dag.py:3239} INFO - Sync 1 DAGs
[2026-09-06T09:04:04.623+0000] {logging_mixin.py:190} INFO - [2026-09-06T09:04:04.623+0000] {dag.py:4180} INFO - Setting next_dagrun for example_nested_branch_dag to 2026-09-05 00:00:00+00:00, run_after=2026-09-06 00:00:00+00:00
[2026-09-06T09:04:04.638+0000] {processor.py:208} INFO - Processing /home/airflow/.local/lib/python3.12/site-packages/airflow/example_dags/example_nested_branch_dag.py took 0.065 seconds
[2026-09-06T09:04:35.219+0000] {processor.py:186} INFO - Started process (PID=1399) to work on /home/airflow/.local/lib/python3.12/site-packages/airflow/example_dags/example_nested_branch_dag.py
[2026-09-06T09:04:35.220+0000] {processor.py:914} INFO - Processing file /home/airflow/.local/lib/python3.12/site-packages/airflow/example_dags/example_nested_branch_dag.py for tasks to queue
[2026-09-06T09:04:35.222+0000] {logging_mixin.py:190} INFO - [2026-09-06T09:04:35.222+0000] {dagbag.py:588} INFO - Filling up the DagBag from /home/airflow/.local/lib/python3.12/site-packages/airflow/example_dags/example_nested_branch_dag.py
[2026-09-06T09:04:35.231+0000] {processor.py:925} INFO - DAG(s) 'example_nested_branch_dag' retrieved from /home/airflow/.local/lib/python3.12/site-packages/airflow/example_dags/example_nested_branch_dag.py
[2026-09-06T09:04:35.245+0000] {logging_mixin.py:190} INFO - [2026-09-06T09:04:35.245+0000] {dag.py:3239} INFO - Sync 1 DAGs
[2026-09-06T09:04:35.264+0000] {logging_mixin.py:190} INFO - [2026-09-06T09:04:35.264+0000] {dag.py:4180} INFO - Setting next_dagrun for example_nested_branch_dag to 2026-09-05 00:00:00+00:00, run_after=2026-09-06 00:00:00+00:00
[2026-09-06T09:04:35.279+0000] {processor.py:208} INFO - Processing /home/airflow/.local/lib/python3.12/site-packages/airflow/example_dags/example_nested_branch_dag.py took 0.065 seconds
[2026-09-06T09:05:05.866+0000] {processor.py:186} INFO - Started process (PID=1463) to work on /home/airflow/.local/lib/python3.12/site-packages/airflow/example_dags/example_nested_branch_dag.py
[2026-09-06T09:05:05.867+0000] {processor.py:914} INFO - Processing file /home/airflow/.local/lib/python3.12/site-packages/airflow/example_dags/example_nested_branch_dag.py for tasks to queue
[2026-09-06T09:05:05.870+0000] {logging_mixin.py:190} INFO - [2026-09-06T09:05:05.869+0000] {dagbag.py:588} INFO - Filling up the DagBag from /home/airflow/.local/lib/python3.12/site-packages/airflow/example_dags/example_nested_branch_dag.py
[2026-09-06T09:05:05.878+0000] {processor.py:925} INFO - DAG(s) 'example_nested_branch_dag' retrieved from /home/airflow/.local/lib/python3.12/site-packages/airflow/example_dags/example_nested_branch_dag.py
[2026-09-06T09:05:05.893+0000] {logging_mixin.py:190} INFO - [2026-09-06T09:05:05.893+0000] {dag.py:3239} INFO - Sync 1 DAGs
[2026-09-06T09:05:05.909+0000] {logging_mixin.py:190} INFO - [2026-09-06T09:05:05.908+0000] {dag.py:4180} INFO - Setting next_dagrun for example_nested_branch_dag to 2026-09-05 00:00:00+00:00, run_after=2026-09-06 00:00:00+00:00
[2026-09-06T09:05:05.925+0000] {processor.py:208} INFO - Processing /home/airflow/.local/lib/python3.12/site-packages/airflow/example_dags/example_nested_branch_dag.py took 0.063 seconds
[2026-09-06T09:05:36.100+0000] {processor.py:186} INFO - Started process (PID=1527) to work on /home/airflow/.local/lib/python3.12/site-packages/airflow/example_dags/example_nested_branch_dag.py
[2026-09-06T09:05:36.101+0000] {processor.py:914} INFO - Processing file /home/airflow/.local/lib/python3.12/site-packages/airflow/example_dags/example_nested_branch_dag.py for tasks to queue
[2026-09-06T09:05:36.104+0000] {logging_mixin.py:190} INFO - [2026-09-06T09:05:36.103+0000] {dagbag.py:588} INFO - Filling up the DagBag from /home/airflow/.local/lib/python3.12/site-packages/airflow/example_dags/example_nested_branch_dag.py
[2026-09-06T09:05:36.112+0000] {processor.py:925} INFO - DAG(s) 'example_nested_branch_dag' retrieved from /home/airflow/.local/lib/python3.12/site-packages/airflow/example_dags/example_nested_branch_dag.py
[2026-09-06T09:05:36.127+0000] {logging_mixin.py:190} INFO - [2026-09-06T09:05:36.127+0000] {dag.py:3239} INFO - Sync 1 DAGs
[2026-09-06T09:05:36.143+0000] {logging_mixin.py:190} INFO - [2026-09-06T09:05:36.143+0000] {dag.py:4180} INFO - Setting next_dagrun for example_nested_branch_dag to 2026-09-05 00:00:00+00:00, run_after=2026-09-06 00:00:00+00:00
[2026-09-06T09:05:36.160+0000] {processor.py:208} INFO - Processing /home/airflow/.local/lib/python3.12/site-packages/airflow/example_dags/example_nested_branch_dag.py took 0.064 seconds
[2026-09-06T09:06:06.762+0000] {processor.py:186} INFO - Started process (PID=1591) to work on /home/airflow/.local/lib/python3.12/site-packages/airflow/example_dags/example_nested_branch_dag.py
[2026-09-06T09:06:06.763+0000] {processor.py:914} INFO - Processing file /home/airflow/.local/lib/python3.12/site-packages/airflow/example_dags/example_nested_branch_dag.py for tasks to queue
[2026-09-06T09:06:06.766+0000] {logging_mixin.py:190} INFO - [2026-09-06T09:06:06.765+0000] {dagbag.py:588} INFO - Filling up the DagBag from /home/airflow/.local/lib/python3.12/site-packages/airflow/example_dags/example_nested_branch_dag.py
[2026-09-06T09:06:06.774+0000] {processor.py:925} INFO - DAG(s) 'example_nested_branch_dag' retrieved from /home/airflow/.local/lib/python3.12/site-packages/airflow/example_dags/example_nested_branch_dag.py
[2026-09-06T09:06:06.792+0000] {logging_mixin.py:190} INFO - [2026-09-06T09:06:06.791+0000] {dag.py:3239} INFO - Sync 1 DAGs
[2026-09-06T09:06:06.808+0000] {logging_mixin.py:190} INFO - [2026-09-06T09:06:06.808+0000] {dag.py:4180} INFO - Setting next_dagrun for example_nested_branch_dag to 2026-09-05 00:00:00+00:00, run_after=2026-09-06 00:00:00+00:00
[2026-09-06T09:06:06.826+0000] {processor.py:208} INFO - Processing /home/airflow/.local/lib/python3.12/site-packages/airflow/example_dags/example_nested_branch_dag.py took 0.068 seconds
[2026-09-06T09:06:37.764+0000] {processor.py:186} INFO - Started process (PID=1655) to work on /home/airflow/.local/lib/python3.12/site-packages/airflow/example_dags/example_nested_branch_dag.py
[2026-09-06T09:06:37.765+0000] {processor.py:914} INFO - Processing file /home/airflow/.local/lib/python3.12/site-packages/airflow/example_dags/example_nested_branch_dag.py for tasks to queue
[2026-09-06T09:06:37.767+0000] {logging_mixin.py:190} INFO - [2026-09-06T09:06:37.767+0000] {dagbag.py:588} INFO - Filling up the DagBag from /home/airflow/.local/lib/python3.12/site-packages/airflow/example_dags/example_nested_branch_dag.py
[2026-09-06T09:06:37.776+0000] {processor.py:925} INFO - DAG(s) 'example_nested_branch_dag' retrieved from /home/airflow/.local/lib/python3.12/site-packages/airflow/example_dags/example_nested_branch_dag.py
[2026-09-06T09:06:37.792+0000] {logging_mixin.py:190} INFO - [2026-09-06T09:06:37.792+0000] {dag.py:3239} INFO - Sync 1 DAGs
[2026-09-06T09:06:37.809+0000] {logging_mixin.py:190} INFO - [2026-09-06T09:06:37.809+0000] {dag.py:4180} INFO - Setting next_dagrun for example_nested_branch_dag to 2026-09-05 00:00:00+00:00, run_after=2026-09-06 00:00:00+00:00
[2026-09-06T09:06:37.824+0000] {processor.py:208} INFO - Processing /home/airflow/.local/lib/python3.12/site-packages/airflow/example_dags/example_nested_branch_dag.py took 0.064 seconds
[2026-09-06T09:07:08.590+0000] {processor.py:186} INFO - Started process (PID=1719) to work on /home/airflow/.local/lib/python3.12/site-packages/airflow/example_dags/example_nested_branch_dag.py
[2026-09-06T09:07:08.593+0000] {processor.py:914} INFO - Processing file /home/airflow/.local/lib/python3.12/site-packages/airflow/example_dags/example_nested_branch_dag.py for tasks to queue
[2026-09-06T09:07:08.596+0000] {logging_mixin.py:190} INFO - [2026-09-06T09:07:08.595+0000] {dagbag.py:588} INFO - Filling up the DagBag from /home/airflow/.local/lib/python3.12/site-packages/airflow/example_dags/example_nested_branch_dag.py
[2026-09-06T09:07:08.607+0000] {processor.py:925} INFO - DAG(s) 'example_nested_branch_dag' retrieved from /home/airflow/.local/lib/python3.12/site-packages/airflow/example_dags/example_nested_branch_dag.py
[2026-09-06T09:07:08.626+0000] {logging_mixin.py:190} INFO - [2026-09-06T09:07:08.626+0000] {dag.py:3239} INFO - Sync 1 DAGs
[2026-09-06T09:07:08.647+0000] {logging_mixin.py:190} INFO - [2026-09-06T09:07:08.647+0000] {dag.py:4180} INFO - Setting next_dagrun for example_nested_branch_dag to 2026-09-05 00:00:00+00:00, run_after=2026-09-06 00:00:00+00:00
[2026-09-06T09:07:08.667+0000] {processor.py:208} INFO - Processing /home/airflow/.local/lib/python3.12/site-packages/airflow/example_dags/example_nested_branch_dag.py took 0.083 seconds
[2026-09-06T09:07:39.499+0000] {processor.py:186} INFO - Started process (PID=1783) to work on /home/airflow/.local/lib/python3.12/site-packages/airflow/example_dags/example_nested_branch_dag.py
[2026-09-06T09:07:39.500+0000] {processor.py:914} INFO - Processing file /home/airflow/.local/lib/python3.12/site-packages/airflow/example_dags/example_nested_branch_dag.py for tasks to queue
[2026-09-06T09:07:39.503+0000] {logging_mixin.py:190} INFO - [2026-09-06T09:07:39.502+0000] {dagbag.py:588} INFO - Filling up the DagBag from /home/airflow/.local/lib/python3.12/site-packages/airflow/example_dags/example_nested_branch_dag.py
[2026-09-06T09:07:39.512+0000] {processor.py:925} INFO - DAG(s) 'example_nested_branch_dag' retrieved from /home/airflow/.local/lib/python3.12/site-packages/airflow/example_dags/example_nested_branch_dag.py
[2026-09-06T09:07:39.530+0000] {logging_mixin.py:190} INFO - [2026-09-06T09:07:39.530+0000] {dag.py:3239} INFO - Sync 1 DAGs
[2026-09-06T09:07:39.552+0000] {logging_mixin.py:190} INFO - [2026-09-06T09:07:39.552+0000] {dag.py:4180} INFO - Setting next_dagrun for example_nested_branch_dag to 2026-09-05 00:00:00+00:00, run_after=2026-09-06 00:00:00+00:00
[2026-09-06T09:07:39.569+0000] {processor.py:208} INFO - Processing /home/airflow/.local/lib/python3.12/site-packages/airflow/example_dags/example_nested_branch_dag.py took 0.074 seconds
[2026-09-06T09:08:10.259+0000] {processor.py:186} INFO - Started process (PID=1847) to work on /home/airflow/.local/lib/python3.12/site-packages/airflow/example_dags/example_nested_branch_dag.py
[2026-09-06T09:08:10.260+0000] {processor.py:914} INFO - Processing file /home/airflow/.local/lib/python3.12/site-packages/airflow/example_dags/example_nested_branch_dag.py for tasks to queue
[2026-09-06T09:08:10.263+0000] {logging_mixin.py:190} INFO - [2026-09-06T09:08:10.262+0000] {dagbag.py:588} INFO - Filling up the DagBag from /home/airflow/.local/lib/python3.12/site-packages/airflow/example_dags/example_nested_branch_dag.py
[2026-09-06T09:08:10.271+0000] {processor.py:925} INFO - DAG(s) 'example_nested_branch_dag' retrieved from /home/airflow/.local/lib/python3.12/site-packages/airflow/example_dags/example_nested_branch_dag.py
[2026-09-06T09:08:10.287+0000] {logging_mixin.py:190} INFO - [2026-09-06T09:08:10.287+0000] {dag.py:3239} INFO - Sync 1 DAGs
[2026-09-06T09:08:10.304+0000] {logging_mixin.py:190} INFO - [2026-09-06T09:08:10.304+0000] {dag.py:4180} INFO - Setting next_dagrun for example_nested_branch_dag to 2026-09-05 00:00:00+00:00, run_after=2026-09-06 00:00:00+00:00
[2026-09-06T09:08:10.320+0000] {processor.py:208} INFO - Processing /home/airflow/.local/lib/python3.12/site-packages/airflow/example_dags/example_nested_branch_dag.py took 0.065 seconds
[2026-09-06T09:08:40.934+0000] {processor.py:186} INFO - Started process (PID=1911) to work on /home/airflow/.local/lib/python3.12/site-packages/airflow/example_dags/example_nested_branch_dag.py
[2026-09-06T09:08:40.935+0000] {processor.py:914} INFO - Processing file /home/airflow/.local/lib/python3.12/site-packages/airflow/example_dags/example_nested_branch_dag.py for tasks to queue
[2026-09-06T09:08:40.937+0000] {logging_mixin.py:190} INFO - [2026-09-06T09:08:40.937+0000] {dagbag.py:588} INFO - Filling up the DagBag from /home/airflow/.local/lib/python3.12/site-packages/airflow/example_dags/example_nested_branch_dag.py
[2026-09-06T09:08:40.945+0000] {processor.py:925} INFO - DAG(s) 'example_nested_branch_dag' retrieved from /home/airflow/.local/lib/python3.12/site-packages/airflow/example_dags/example_nested_branch_dag.py
[2026-09-06T09:08:40.961+0000] {logging_mixin.py:190} INFO - [2026-09-06T09:08:40.961+0000] {dag.py:3239} INFO - Sync 1 DAGs
[2026-09-06T09:08:40.978+0000] {logging_mixin.py:190} INFO - [2026-09-06T09:08:40.978+0000] {dag.py:4180} INFO - Setting next_dagrun for example_nested_branch_dag to 2026-09-05 00:00:00+00:00, run_after=2026-09-06 00:00:00+00:00
[2026-09-06T09:08:40.996+0000] {processor.py:208} INFO - Processing /home/airflow/.local/lib/python3.12/site-packages/airflow/example_dags/example_nested_branch_dag.py took 0.066 seconds
[2026-09-06T09:09:11.691+0000] {processor.py:186} INFO - Started process (PID=1975) to work on /home/airflow/.local/lib/python3.12/site-packages/airflow/example_dags/example_nested_branch_dag.py
[2026-09-06T09:09:11.692+0000] {processor.py:914} INFO - Processing file /home/airflow/.local/lib/python3.12/site-packages/airflow/example_dags/example_nested_branch_dag.py for tasks to queue
[2026-09-06T09:09:11.694+0000] {logging_mixin.py:190} INFO - [2026-09-06T09:09:11.694+0000] {dagbag.py:588} INFO - Filling up the DagBag from /home/airflow/.local/lib/python3.12/site-packages/airflow/example_dags/example_nested_branch_dag.py
[2026-09-06T09:09:11.702+0000] {processor.py:925} INFO - DAG(s) 'example_nested_branch_dag' retrieved from /home/airflow/.local/lib/python3.12/site-packages/airflow/example_dags/example_nested_branch_dag.py
[2026-09-06T09:09:11.718+0000] {logging_mixin.py:190} INFO - [2026-09-06T09:09:11.717+0000] {dag.py:3239} INFO - Sync 1 DAGs
[2026-09-06T09:09:11.733+0000] {logging_mixin.py:190} INFO - [2026-09-06T09:09:11.733+0000] {dag.py:4180} INFO - Setting next_dagrun for example_nested_branch_dag to 2026-09-05 00:00:00+00:00, run_after=2026-09-06 00:00:00+00:00
[2026-09-06T09:09:11.750+0000] {processor.py:208} INFO - Processing /home/airflow/.local/lib/python3.12/site-packages/airflow/example_dags/example_nested_branch_dag.py took 0.063 seconds
[2026-09-06T09:09:41.935+0000] {processor.py:186} INFO - Started process (PID=2039) to work on /home/airflow/.local/lib/python3.12/site-packages/airflow/example_dags/example_nested_branch_dag.py
[2026-09-06T09:09:41.936+0000] {processor.py:914} INFO - Processing file /home/airflow/.local/lib/python3.12/site-packages/airflow/example_dags/example_nested_branch_dag.py for tasks to queue
[2026-09-06T09:09:41.939+0000] {logging_mixin.py:190} INFO - [2026-09-06T09:09:41.938+0000] {dagbag.py:588} INFO - Filling up the DagBag from /home/airflow/.local/lib/python3.12/site-packages/airflow/example_dags/example_nested_branch_dag.py
[2026-09-06T09:09:41.947+0000] {processor.py:925} INFO - DAG(s) 'example_nested_branch_dag' retrieved from /home/airflow/.local/lib/python3.12/site-packages/airflow/example_dags/example_nested_branch_dag.py
[2026-09-06T09:09:41.962+0000] {logging_mixin.py:190} INFO - [2026-09-06T09:09:41.962+0000] {dag.py:3239} INFO - Sync 1 DAGs
[2026-09-06T09:09:41.978+0000] {logging_mixin.py:190} INFO - [2026-09-06T09:09:41.978+0000] {dag.py:4180} INFO - Setting next_dagrun for example_nested_branch_dag to 2026-09-05 00:00:00+00:00, run_after=2026-09-06 00:00:00+00:00
[2026-09-06T09:09:41.993+0000] {processor.py:208} INFO - Processing /home/airflow/.local/lib/python3.12/site-packages/airflow/example_dags/example_nested_branch_dag.py took 0.063 seconds
[2026-09-06T09:10:12.385+0000] {processor.py:186} INFO - Started process (PID=2103) to work on /home/airflow/.local/lib/python3.12/site-packages/airflow/example_dags/example_nested_branch_dag.py
[2026-09-06T09:10:12.386+0000] {processor.py:914} INFO - Processing file /home/airflow/.local/lib/python3.12/site-packages/airflow/example_dags/example_nested_branch_dag.py for tasks to queue
[2026-09-06T09:10:12.388+0000] {logging_mixin.py:190} INFO - [2026-09-06T09:10:12.388+0000] {dagbag.py:588} INFO - Filling up the DagBag from /home/airflow/.local/lib/python3.12/site-packages/airflow/example_dags/example_nested_branch_dag.py
[2026-09-06T09:10:12.397+0000] {processor.py:925} INFO - DAG(s) 'example_nested_branch_dag' retrieved from /home/airflow/.local/lib/python3.12/site-packages/airflow/example_dags/example_nested_branch_dag.py
[2026-09-06T09:10:12.413+0000] {logging_mixin.py:190} INFO - [2026-09-06T09:10:12.413+0000] {dag.py:3239} INFO - Sync 1 DAGs
[2026-09-06T09:10:12.431+0000] {logging_mixin.py:190} INFO - [2026-09-06T09:10:12.431+0000] {dag.py:4180} INFO - Setting next_dagrun for example_nested_branch_dag to 2026-09-05 00:00:00+00:00, run_after=2026-09-06 00:00:00+00:00
[2026-09-06T09:10:12.446+0000] {processor.py:208} INFO - Processing /home/airflow/.local/lib/python3.12/site-packages/airflow/example_dags/example_nested_branch_dag.py took 0.067 seconds
[2026-09-06T09:10:42.678+0000] {processor.py:186} INFO - Started process (PID=2167) to work on /home/airflow/.local/lib/python3.12/site-packages/airflow/example_dags/example_nested_branch_dag.py
[2026-09-06T09:10:42.679+0000] {processor.py:914} INFO - Processing file /home/airflow/.local/lib/python3.12/site-packages/airflow/example_dags/example_nested_branch_dag.py for tasks to queue
[2026-09-06T09:10:42.682+0000] {logging_mixin.py:190} INFO - [2026-09-06T09:10:42.681+0000] {dagbag.py:588} INFO - Filling up the DagBag from /home/airflow/.local/lib/python3.12/site-packages/airflow/example_dags/example_nested_branch_dag.py
[2026-09-06T09:10:42.690+0000] {processor.py:925} INFO - DAG(s) 'example_nested_branch_dag' retrieved from /home/airflow/.local/lib/python3.12/site-packages/airflow/example_dags/example_nested_branch_dag.py
[2026-09-06T09:10:42.708+0000] {logging_mixin.py:190} INFO - [2026-09-06T09:10:42.708+0000] {dag.py:3239} INFO - Sync 1 DAGs
[2026-09-06T09:10:42.725+0000] {logging_mixin.py:190} INFO - [2026-09-06T09:10:42.725+0000] {dag.py:4180} INFO - Setting next_dagrun for example_nested_branch_dag to 2026-09-05 00:00:00+00:00, run_after=2026-09-06 00:00:00+00:00
[2026-09-06T09:10:42.740+0000] {processor.py:208} INFO - Processing /home/airflow/.local/lib/python3.12/site-packages/airflow/example_dags/example_nested_branch_dag.py took 0.066 seconds
[2026-09-06T09:11:12.955+0000] {processor.py:186} INFO - Started process (PID=2231) to work on /home/airflow/.local/lib/python3.12/site-packages/airflow/example_dags/example_nested_branch_dag.py
[2026-09-06T09:11:12.956+0000] {processor.py:914} INFO - Processing file /home/airflow/.local/lib/python3.12/site-packages/airflow/example_dags/example_nested_branch_dag.py for tasks to queue
[2026-09-06T09:11:12.958+0000] {logging_mixin.py:190} INFO - [2026-09-06T09:11:12.958+0000] {dagbag.py:588} INFO - Filling up the DagBag from /home/airflow/.local/lib/python3.12/site-packages/airflow/example_dags/example_nested_branch_dag.py
[2026-09-06T09:11:12.966+0000] {processor.py:925} INFO - DAG(s) 'example_nested_branch_dag' retrieved from /home/airflow/.local/lib/python3.12/site-packages/airflow/example_dags/example_nested_branch_dag.py
[2026-09-06T09:11:12.982+0000] {logging_mixin.py:190} INFO - [2026-09-06T09:11:12.982+0000] {dag.py:3239} INFO - Sync 1 DAGs
[2026-09-06T09:11:12.998+0000] {logging_mixin.py:190} INFO - [2026-09-06T09:11:12.998+0000] {dag.py:4180} INFO - Setting next_dagrun for example_nested_branch_dag to 2026-09-05 00:00:00+00:00, run_after=2026-09-06 00:00:00+00:00
[2026-09-06T09:11:13.015+0000] {processor.py:208} INFO - Processing /home/airflow/.local/lib/python3.12/site-packages/airflow/example_dags/example_nested_branch_dag.py took 0.065 seconds
[2026-09-06T09:11:43.241+0000] {processor.py:186} INFO - Started process (PID=2295) to work on /home/airflow/.local/lib/python3.12/site-packages/airflow/example_dags/example_nested_branch_dag.py
[2026-09-06T09:11:43.242+0000] {processor.py:914} INFO - Processing file /home/airflow/.local/lib/python3.12/site-packages/airflow/example_dags/example_nested_branch_dag.py for tasks to queue
[2026-09-06T09:11:43.245+0000] {logging_mixin.py:190} INFO - [2026-09-06T09:11:43.244+0000] {dagbag.py:588} INFO - Filling up the DagBag from /home/airflow/.local/lib/python3.12/site-packages/airflow/example_dags/example_nested_branch_dag.py
[2026-09-06T09:11:43.254+0000] {processor.py:925} INFO - DAG(s) 'example_nested_branch_dag' retrieved from /home/airflow/.local/lib/python3.12/site-packages/airflow/example_dags/example_nested_branch_dag.py
[2026-09-06T09:11:43.270+0000] {logging_mixin.py:190} INFO - [2026-09-06T09:11:43.270+0000] {dag.py:3239} INFO - Sync 1 DAGs
[2026-09-06T09:11:43.288+0000] {logging_mixin.py:190} INFO - [2026-09-06T09:11:43.288+0000] {dag.py:4180} INFO - Setting next_dagrun for example_nested_branch_dag to 2026-09-05 00:00:00+00:00, run_after=2026-09-06 00:00:00+00:00
[2026-09-06T09:11:43.302+0000] {processor.py:208} INFO - Processing /home/airflow/.local/lib/python3.12/site-packages/airflow/example_dags/example_nested_branch_dag.py took 0.066 seconds
[2026-09-06T09:12:13.627+0000] {processor.py:186} INFO - Started process (PID=2359) to work on /home/airflow/.local/lib/python3.12/site-packages/airflow/example_dags/example_nested_branch_dag.py
[2026-09-06T09:12:13.628+0000] {processor.py:914} INFO - Processing file /home/airflow/.local/lib/python3.12/site-packages/airflow/example_dags/example_nested_branch_dag.py for tasks to queue
[2026-09-06T09:12:13.630+0000] {logging_mixin.py:190} INFO - [2026-09-06T09:12:13.630+0000] {dagbag.py:588} INFO - Filling up the DagBag from /home/airflow/.local/lib/python3.12/site-packages/airflow/example_dags/example_nested_branch_dag.py
[2026-09-06T09:12:13.640+0000] {processor.py:925} INFO - DAG(s) 'example_nested_branch_dag' retrieved from /home/airflow/.local/lib/python3.12/site-packages/airflow/example_dags/example_nested_branch_dag.py
[2026-09-06T09:12:13.656+0000] {logging_mixin.py:190} INFO - [2026-09-06T09:12:13.656+0000] {dag.py:3239} INFO - Sync 1 DAGs
[2026-09-06T09:12:13.674+0000] {logging_mixin.py:190} INFO - [2026-09-06T09:12:13.674+0000] {dag.py:4180} INFO - Setting next_dagrun for example_nested_branch_dag to 2026-09-05 00:00:00+00:00, run_after=2026-09-06 00:00:00+00:00
[2026-09-06T09:12:13.688+0000] {processor.py:208} INFO - Processing /home/airflow/.local/lib/python3.12/site-packages/airflow/example_dags/example_nested_branch_dag.py took 0.066 seconds
[2026-09-06T09:12:43.815+0000] {processor.py:186} INFO - Started process (PID=2423) to work on /home/airflow/.local/lib/python3.12/site-packages/airflow/example_dags/example_nested_branch_dag.py
[2026-09-06T09:12:43.817+0000] {processor.py:914} INFO - Processing file /home/airflow/.local/lib/python3.12/site-packages/airflow/example_dags/example_nested_branch_dag.py for tasks to queue
[2026-09-06T09:12:43.819+0000] {logging_mixin.py:190} INFO - [2026-09-06T09:12:43.819+0000] {dagbag.py:588} INFO - Filling up the DagBag from /home/airflow/.local/lib/python3.12/site-packages/airflow/example_dags/example_nested_branch_dag.py
[2026-09-06T09:12:43.831+0000] {processor.py:925} INFO - DAG(s) 'example_nested_branch_dag' retrieved from /home/airflow/.local/lib/python3.12/site-packages/airflow/example_dags/example_nested_branch_dag.py
[2026-09-06T09:12:43.862+0000] {logging_mixin.py:190} INFO - [2026-09-06T09:12:43.862+0000] {dag.py:3239} INFO - Sync 1 DAGs
[2026-09-06T09:12:43.894+0000] {logging_mixin.py:190} INFO - [2026-09-06T09:12:43.894+0000] {dag.py:4180} INFO - Setting next_dagrun for example_nested_branch_dag to 2026-09-05 00:00:00+00:00, run_after=2026-09-06 00:00:00+00:00
[2026-09-06T09:12:43.934+0000] {processor.py:208} INFO - Processing /home/airflow/.local/lib/python3.12/site-packages/airflow/example_dags/example_nested_branch_dag.py took 0.123 seconds
[2026-09-06T09:13:14.176+0000] {processor.py:186} INFO - Started process (PID=2487) to work on /home/airflow/.local/lib/python3.12/site-packages/airflow/example_dags/example_nested_branch_dag.py
[2026-09-06T09:13:14.177+0000] {processor.py:914} INFO - Processing file /home/airflow/.local/lib/python3.12/site-packages/airflow/example_dags/example_nested_branch_dag.py for tasks to queue
[2026-09-06T09:13:14.179+0000] {logging_mixin.py:190} INFO - [2026-09-06T09:13:14.179+0000] {dagbag.py:588} INFO - Filling up the DagBag from /home/airflow/.local/lib/python3.12/site-packages/airflow/example_dags/example_nested_branch_dag.py
[2026-09-06T09:13:14.188+0000] {processor.py:925} INFO - DAG(s) 'example_nested_branch_dag' retrieved from /home/airflow/.local/lib/python3.12/site-packages/airflow/example_dags/example_nested_branch_dag.py
[2026-09-06T09:13:14.203+0000] {logging_mixin.py:190} INFO - [2026-09-06T09:13:14.203+0000] {dag.py:3239} INFO - Sync 1 DAGs
[2026-09-06T09:13:14.219+0000] {logging_mixin.py:190} INFO - [2026-09-06T09:13:14.219+0000] {dag.py:4180} INFO - Setting next_dagrun for example_nested_branch_dag to 2026-09-05 00:00:00+00:00, run_after=2026-09-06 00:00:00+00:00
[2026-09-06T09:13:14.234+0000] {processor.py:208} INFO - Processing /home/airflow/.local/lib/python3.12/site-packages/airflow/example_dags/example_nested_branch_dag.py took 0.063 seconds
[2026-09-06T09:13:44.293+0000] {processor.py:186} INFO - Started process (PID=2551) to work on /home/airflow/.local/lib/python3.12/site-packages/airflow/example_dags/example_nested_branch_dag.py
[2026-09-06T09:13:44.294+0000] {processor.py:914} INFO - Processing file /home/airflow/.local/lib/python3.12/site-packages/airflow/example_dags/example_nested_branch_dag.py for tasks to queue
[2026-09-06T09:13:44.296+0000] {logging_mixin.py:190} INFO - [2026-09-06T09:13:44.296+0000] {dagbag.py:588} INFO - Filling up the DagBag from /home/airflow/.local/lib/python3.12/site-packages/airflow/example_dags/example_nested_branch_dag.py
[2026-09-06T09:13:44.306+0000] {processor.py:925} INFO - DAG(s) 'example_nested_branch_dag' retrieved from /home/airflow/.local/lib/python3.12/site-packages/airflow/example_dags/example_nested_branch_dag.py
[2026-09-06T09:13:44.321+0000] {logging_mixin.py:190} INFO - [2026-09-06T09:13:44.321+0000] {dag.py:3239} INFO - Sync 1 DAGs
[2026-09-06T09:13:44.341+0000] {logging_mixin.py:190} INFO - [2026-09-06T09:13:44.341+0000] {dag.py:4180} INFO - Setting next_dagrun for example_nested_branch_dag to 2026-09-05 00:00:00+00:00, run_after=2026-09-06 00:00:00+00:00
[2026-09-06T09:13:44.355+0000] {processor.py:208} INFO - Processing /home/airflow/.local/lib/python3.12/site-packages/airflow/example_dags/example_nested_branch_dag.py took 0.066 seconds
[2026-09-06T09:14:14.400+0000] {processor.py:186} INFO - Started process (PID=2615) to work on /home/airflow/.local/lib/python3.12/site-packages/airflow/example_dags/example_nested_branch_dag.py
[2026-09-06T09:14:14.400+0000] {processor.py:914} INFO - Processing file /home/airflow/.local/lib/python3.12/site-packages/airflow/example_dags/example_nested_branch_dag.py for tasks to queue
[2026-09-06T09:14:14.402+0000] {logging_mixin.py:190} INFO - [2026-09-06T09:14:14.402+0000] {dagbag.py:588} INFO - Filling up the DagBag from /home/airflow/.local/lib/python3.12/site-packages/airflow/example_dags/example_nested_branch_dag.py
[2026-09-06T09:14:14.411+0000] {processor.py:925} INFO - DAG(s) 'example_nested_branch_dag' retrieved from /home/airflow/.local/lib/python3.12/site-packages/airflow/example_dags/example_nested_branch_dag.py
[2026-09-06T09:14:14.425+0000] {logging_mixin.py:190} INFO - [2026-09-06T09:14:14.425+0000] {dag.py:3239} INFO - Sync 1 DAGs
[2026-09-06T09:14:14.440+0000] {logging_mixin.py:190} INFO - [2026-09-06T09:14:14.440+0000] {dag.py:4180} INFO - Setting next_dagrun for example_nested_branch_dag to 2026-09-05 00:00:00+00:00, run_after=2026-09-06 00:00:00+00:00
[2026-09-06T09:14:14.457+0000] {processor.py:208} INFO - Processing /home/airflow/.local/lib/python3.12/site-packages/airflow/example_dags/example_nested_branch_dag.py took 0.061 seconds
[2026-09-06T09:14:44.890+0000] {processor.py:186} INFO - Started process (PID=2678) to work on /home/airflow/.local/lib/python3.12/site-packages/airflow/example_dags/example_nested_branch_dag.py
[2026-09-06T09:14:44.891+0000] {processor.py:914} INFO - Processing file /home/airflow/.local/lib/python3.12/site-packages/airflow/example_dags/example_nested_branch_dag.py for tasks to queue
[2026-09-06T09:14:44.894+0000] {logging_mixin.py:190} INFO - [2026-09-06T09:14:44.893+0000] {dagbag.py:588} INFO - Filling up the DagBag from /home/airflow/.local/lib/python3.12/site-packages/airflow/example_dags/example_nested_branch_dag.py
[2026-09-06T09:14:44.904+0000] {processor.py:925} INFO - DAG(s) 'example_nested_branch_dag' retrieved from /home/airflow/.local/lib/python3.12/site-packages/airflow/example_dags/example_nested_branch_dag.py
[2026-09-06T09:14:44.923+0000] {logging_mixin.py:190} INFO - [2026-09-06T09:14:44.923+0000] {dag.py:3239} INFO - Sync 1 DAGs
[2026-09-06T09:14:44.941+0000] {logging_mixin.py:190} INFO - [2026-09-06T09:14:44.941+0000] {dag.py:4180} INFO - Setting next_dagrun for example_nested_branch_dag to 2026-09-05 00:00:00+00:00, run_after=2026-09-06 00:00:00+00:00
[2026-09-06T09:14:44.956+0000] {processor.py:208} INFO - Processing /home/airflow/.local/lib/python3.12/site-packages/airflow/example_dags/example_nested_branch_dag.py took 0.072 seconds
[2026-09-06T09:15:15.708+0000] {processor.py:186} INFO - Started process (PID=2734) to work on /home/airflow/.local/lib/python3.12/site-packages/airflow/example_dags/example_nested_branch_dag.py
[2026-09-06T09:15:15.709+0000] {processor.py:914} INFO - Processing file /home/airflow/.local/lib/python3.12/site-packages/airflow/example_dags/example_nested_branch_dag.py for tasks to queue
[2026-09-06T09:15:15.712+0000] {logging_mixin.py:190} INFO - [2026-09-06T09:15:15.711+0000] {dagbag.py:588} INFO - Filling up the DagBag from /home/airflow/.local/lib/python3.12/site-packages/airflow/example_dags/example_nested_branch_dag.py
[2026-09-06T09:15:15.722+0000] {processor.py:925} INFO - DAG(s) 'example_nested_branch_dag' retrieved from /home/airflow/.local/lib/python3.12/site-packages/airflow/example_dags/example_nested_branch_dag.py
[2026-09-06T09:15:15.739+0000] {logging_mixin.py:190} INFO - [2026-09-06T09:15:15.739+0000] {dag.py:3239} INFO - Sync 1 DAGs
[2026-09-06T09:15:15.757+0000] {logging_mixin.py:190} INFO - [2026-09-06T09:15:15.756+0000] {dag.py:4180} INFO - Setting next_dagrun for example_nested_branch_dag to 2026-09-05 00:00:00+00:00, run_after=2026-09-06 00:00:00+00:00
[2026-09-06T09:15:15.772+0000] {processor.py:208} INFO - Processing /home/airflow/.local/lib/python3.12/site-packages/airflow/example_dags/example_nested_branch_dag.py took 0.068 seconds
[2026-09-06T09:15:46.431+0000] {processor.py:186} INFO - Started process (PID=2797) to work on /home/airflow/.local/lib/python3.12/site-packages/airflow/example_dags/example_nested_branch_dag.py
[2026-09-06T09:15:46.432+0000] {processor.py:914} INFO - Processing file /home/airflow/.local/lib/python3.12/site-packages/airflow/example_dags/example_nested_branch_dag.py for tasks to queue
[2026-09-06T09:15:46.434+0000] {logging_mixin.py:190} INFO - [2026-09-06T09:15:46.434+0000] {dagbag.py:588} INFO - Filling up the DagBag from /home/airflow/.local/lib/python3.12/site-packages/airflow/example_dags/example_nested_branch_dag.py
[2026-09-06T09:15:46.445+0000] {processor.py:925} INFO - DAG(s) 'example_nested_branch_dag' retrieved from /home/airflow/.local/lib/python3.12/site-packages/airflow/example_dags/example_nested_branch_dag.py
[2026-09-06T09:15:46.461+0000] {logging_mixin.py:190} INFO - [2026-09-06T09:15:46.461+0000] {dag.py:3239} INFO - Sync 1 DAGs
[2026-09-06T09:15:46.481+0000] {logging_mixin.py:190} INFO - [2026-09-06T09:15:46.481+0000] {dag.py:4180} INFO - Setting next_dagrun for example_nested_branch_dag to 2026-09-05 00:00:00+00:00, run_after=2026-09-06 00:00:00+00:00
[2026-09-06T09:15:46.503+0000] {processor.py:208} INFO - Processing /home/airflow/.local/lib/python3.12/site-packages/airflow/example_dags/example_nested_branch_dag.py took 0.078 seconds
[2026-09-06T09:16:16.632+0000] {processor.py:186} INFO - Started process (PID=2858) to work on /home/airflow/.local/lib/python3.12/site-packages/airflow/example_dags/example_nested_branch_dag.py
[2026-09-06T09:16:16.633+0000] {processor.py:914} INFO - Processing file /home/airflow/.local/lib/python3.12/site-packages/airflow/example_dags/example_nested_branch_dag.py for tasks to queue
[2026-09-06T09:16:16.635+0000] {logging_mixin.py:190} INFO - [2026-09-06T09:16:16.635+0000] {dagbag.py:588} INFO - Filling up the DagBag from /home/airflow/.local/lib/python3.12/site-packages/airflow/example_dags/example_nested_branch_dag.py
[2026-09-06T09:16:16.645+0000] {processor.py:925} INFO - DAG(s) 'example_nested_branch_dag' retrieved from /home/airflow/.local/lib/python3.12/site-packages/airflow/example_dags/example_nested_branch_dag.py
[2026-09-06T09:16:16.662+0000] {logging_mixin.py:190} INFO - [2026-09-06T09:16:16.662+0000] {dag.py:3239} INFO - Sync 1 DAGs
[2026-09-06T09:16:16.681+0000] {logging_mixin.py:190} INFO - [2026-09-06T09:16:16.681+0000] {dag.py:4180} INFO - Setting next_dagrun for example_nested_branch_dag to 2026-09-05 00:00:00+00:00, run_after=2026-09-06 00:00:00+00:00
[2026-09-06T09:16:16.698+0000] {processor.py:208} INFO - Processing /home/airflow/.local/lib/python3.12/site-packages/airflow/example_dags/example_nested_branch_dag.py took 0.070 seconds
[2026-09-06T09:16:47.248+0000] {processor.py:186} INFO - Started process (PID=2913) to work on /home/airflow/.local/lib/python3.12/site-packages/airflow/example_dags/example_nested_branch_dag.py
[2026-09-06T09:16:47.249+0000] {processor.py:914} INFO - Processing file /home/airflow/.local/lib/python3.12/site-packages/airflow/example_dags/example_nested_branch_dag.py for tasks to queue
[2026-09-06T09:16:47.251+0000] {logging_mixin.py:190} INFO - [2026-09-06T09:16:47.251+0000] {dagbag.py:588} INFO - Filling up the DagBag from /home/airflow/.local/lib/python3.12/site-packages/airflow/example_dags/example_nested_branch_dag.py
[2026-09-06T09:16:47.262+0000] {processor.py:925} INFO - DAG(s) 'example_nested_branch_dag' retrieved from /home/airflow/.local/lib/python3.12/site-packages/airflow/example_dags/example_nested_branch_dag.py
[2026-09-06T09:16:47.280+0000] {logging_mixin.py:190} INFO - [2026-09-06T09:16:47.280+0000] {dag.py:3239} INFO - Sync 1 DAGs
[2026-09-06T09:16:47.301+0000] {logging_mixin.py:190} INFO - [2026-09-06T09:16:47.301+0000] {dag.py:4180} INFO - Setting next_dagrun for example_nested_branch_dag to 2026-09-05 00:00:00+00:00, run_after=2026-09-06 00:00:00+00:00
[2026-09-06T09:16:47.514+0000] {processor.py:208} INFO - Processing /home/airflow/.local/lib/python3.12/site-packages/airflow/example_dags/example_nested_branch_dag.py took 0.270 seconds
[2026-09-06T09:17:18.360+0000] {processor.py:186} INFO - Started process (PID=2977) to work on /home/airflow/.local/lib/python3.12/site-packages/airflow/example_dags/example_nested_branch_dag.py
[2026-09-06T09:17:18.361+0000] {processor.py:914} INFO - Processing file /home/airflow/.local/lib/python3.12/site-packages/airflow/example_dags/example_nested_branch_dag.py for tasks to queue
[2026-09-06T09:17:18.363+0000] {logging_mixin.py:190} INFO - [2026-09-06T09:17:18.363+0000] {dagbag.py:588} INFO - Filling up the DagBag from /home/airflow/.local/lib/python3.12/site-packages/airflow/example_dags/example_nested_branch_dag.py
[2026-09-06T09:17:18.374+0000] {processor.py:925} INFO - DAG(s) 'example_nested_branch_dag' retrieved from /home/airflow/.local/lib/python3.12/site-packages/airflow/example_dags/example_nested_branch_dag.py
[2026-09-06T09:17:18.393+0000] {logging_mixin.py:190} INFO - [2026-09-06T09:17:18.392+0000] {dag.py:3239} INFO - Sync 1 DAGs
[2026-09-06T09:17:18.410+0000] {logging_mixin.py:190} INFO - [2026-09-06T09:17:18.410+0000] {dag.py:4180} INFO - Setting next_dagrun for example_nested_branch_dag to 2026-09-05 00:00:00+00:00, run_after=2026-09-06 00:00:00+00:00
[2026-09-06T09:17:18.425+0000] {processor.py:208} INFO - Processing /home/airflow/.local/lib/python3.12/site-packages/airflow/example_dags/example_nested_branch_dag.py took 0.072 seconds
[2026-09-06T09:17:48.982+0000] {processor.py:186} INFO - Started process (PID=3041) to work on /home/airflow/.local/lib/python3.12/site-packages/airflow/example_dags/example_nested_branch_dag.py
[2026-09-06T09:17:48.983+0000] {processor.py:914} INFO - Processing file /home/airflow/.local/lib/python3.12/site-packages/airflow/example_dags/example_nested_branch_dag.py for tasks to queue
[2026-09-06T09:17:48.985+0000] {logging_mixin.py:190} INFO - [2026-09-06T09:17:48.985+0000] {dagbag.py:588} INFO - Filling up the DagBag from /home/airflow/.local/lib/python3.12/site-packages/airflow/example_dags/example_nested_branch_dag.py
[2026-09-06T09:17:48.997+0000] {processor.py:925} INFO - DAG(s) 'example_nested_branch_dag' retrieved from /home/airflow/.local/lib/python3.12/site-packages/airflow/example_dags/example_nested_branch_dag.py
[2026-09-06T09:17:49.014+0000] {logging_mixin.py:190} INFO - [2026-09-06T09:17:49.013+0000] {dag.py:3239} INFO - Sync 1 DAGs
[2026-09-06T09:17:49.031+0000] {logging_mixin.py:190} INFO - [2026-09-06T09:17:49.030+0000] {dag.py:4180} INFO - Setting next_dagrun for example_nested_branch_dag to 2026-09-05 00:00:00+00:00, run_after=2026-09-06 00:00:00+00:00
[2026-09-06T09:17:49.045+0000] {processor.py:208} INFO - Processing /home/airflow/.local/lib/python3.12/site-packages/airflow/example_dags/example_nested_branch_dag.py took 0.069 seconds
[2026-09-06T09:18:19.772+0000] {processor.py:186} INFO - Started process (PID=3096) to work on /home/airflow/.local/lib/python3.12/site-packages/airflow/example_dags/example_nested_branch_dag.py
[2026-09-06T09:18:19.773+0000] {processor.py:914} INFO - Processing file /home/airflow/.local/lib/python3.12/site-packages/airflow/example_dags/example_nested_branch_dag.py for tasks to queue
[2026-09-06T09:18:19.776+0000] {logging_mixin.py:190} INFO - [2026-09-06T09:18:19.775+0000] {dagbag.py:588} INFO - Filling up the DagBag from /home/airflow/.local/lib/python3.12/site-packages/airflow/example_dags/example_nested_branch_dag.py
[2026-09-06T09:18:19.785+0000] {processor.py:925} INFO - DAG(s) 'example_nested_branch_dag' retrieved from /home/airflow/.local/lib/python3.12/site-packages/airflow/example_dags/example_nested_branch_dag.py
[2026-09-06T09:18:19.803+0000] {logging_mixin.py:190} INFO - [2026-09-06T09:18:19.803+0000] {dag.py:3239} INFO - Sync 1 DAGs
[2026-09-06T09:18:20.030+0000] {logging_mixin.py:190} INFO - [2026-09-06T09:18:20.030+0000] {dag.py:4180} INFO - Setting next_dagrun for example_nested_branch_dag to 2026-09-05 00:00:00+00:00, run_after=2026-09-06 00:00:00+00:00
[2026-09-06T09:18:20.044+0000] {processor.py:208} INFO - Processing /home/airflow/.local/lib/python3.12/site-packages/airflow/example_dags/example_nested_branch_dag.py took 0.278 seconds
[2026-09-06T09:18:50.511+0000] {processor.py:186} INFO - Started process (PID=3160) to work on /home/airflow/.local/lib/python3.12/site-packages/airflow/example_dags/example_nested_branch_dag.py
[2026-09-06T09:18:50.512+0000] {processor.py:914} INFO - Processing file /home/airflow/.local/lib/python3.12/site-packages/airflow/example_dags/example_nested_branch_dag.py for tasks to queue
[2026-09-06T09:18:50.514+0000] {logging_mixin.py:190} INFO - [2026-09-06T09:18:50.514+0000] {dagbag.py:588} INFO - Filling up the DagBag from /home/airflow/.local/lib/python3.12/site-packages/airflow/example_dags/example_nested_branch_dag.py
[2026-09-06T09:18:50.523+0000] {processor.py:925} INFO - DAG(s) 'example_nested_branch_dag' retrieved from /home/airflow/.local/lib/python3.12/site-packages/airflow/example_dags/example_nested_branch_dag.py
[2026-09-06T09:18:50.542+0000] {logging_mixin.py:190} INFO - [2026-09-06T09:18:50.542+0000] {dag.py:3239} INFO - Sync 1 DAGs
[2026-09-06T09:18:50.759+0000] {logging_mixin.py:190} INFO - [2026-09-06T09:18:50.759+0000] {dag.py:4180} INFO - Setting next_dagrun for example_nested_branch_dag to 2026-09-05 00:00:00+00:00, run_after=2026-09-06 00:00:00+00:00
[2026-09-06T09:18:50.773+0000] {processor.py:208} INFO - Processing /home/airflow/.local/lib/python3.12/site-packages/airflow/example_dags/example_nested_branch_dag.py took 0.267 seconds
[2026-09-06T09:19:20.819+0000] {processor.py:186} INFO - Started process (PID=3222) to work on /home/airflow/.local/lib/python3.12/site-packages/airflow/example_dags/example_nested_branch_dag.py
[2026-09-06T09:19:20.820+0000] {processor.py:914} INFO - Processing file /home/airflow/.local/lib/python3.12/site-packages/airflow/example_dags/example_nested_branch_dag.py for tasks to queue
[2026-09-06T09:19:20.822+0000] {logging_mixin.py:190} INFO - [2026-09-06T09:19:20.822+0000] {dagbag.py:588} INFO - Filling up the DagBag from /home/airflow/.local/lib/python3.12/site-packages/airflow/example_dags/example_nested_branch_dag.py
[2026-09-06T09:19:20.833+0000] {processor.py:925} INFO - DAG(s) 'example_nested_branch_dag' retrieved from /home/airflow/.local/lib/python3.12/site-packages/airflow/example_dags/example_nested_branch_dag.py
[2026-09-06T09:19:20.851+0000] {logging_mixin.py:190} INFO - [2026-09-06T09:19:20.851+0000] {dag.py:3239} INFO - Sync 1 DAGs
[2026-09-06T09:19:20.869+0000] {logging_mixin.py:190} INFO - [2026-09-06T09:19:20.869+0000] {dag.py:4180} INFO - Setting next_dagrun for example_nested_branch_dag to 2026-09-05 00:00:00+00:00, run_after=2026-09-06 00:00:00+00:00
[2026-09-06T09:19:20.885+0000] {processor.py:208} INFO - Processing /home/airflow/.local/lib/python3.12/site-packages/airflow/example_dags/example_nested_branch_dag.py took 0.071 seconds
[2026-09-06T09:19:50.985+0000] {processor.py:186} INFO - Started process (PID=3276) to work on /home/airflow/.local/lib/python3.12/site-packages/airflow/example_dags/example_nested_branch_dag.py
[2026-09-06T09:19:50.986+0000] {processor.py:914} INFO - Processing file /home/airflow/.local/lib/python3.12/site-packages/airflow/example_dags/example_nested_branch_dag.py for tasks to queue
[2026-09-06T09:19:50.988+0000] {logging_mixin.py:190} INFO - [2026-09-06T09:19:50.988+0000] {dagbag.py:588} INFO - Filling up the DagBag from /home/airflow/.local/lib/python3.12/site-packages/airflow/example_dags/example_nested_branch_dag.py
[2026-09-06T09:19:50.996+0000] {processor.py:925} INFO - DAG(s) 'example_nested_branch_dag' retrieved from /home/airflow/.local/lib/python3.12/site-packages/airflow/example_dags/example_nested_branch_dag.py
[2026-09-06T09:19:51.011+0000] {logging_mixin.py:190} INFO - [2026-09-06T09:19:51.011+0000] {dag.py:3239} INFO - Sync 1 DAGs
[2026-09-06T09:19:51.026+0000] {logging_mixin.py:190} INFO - [2026-09-06T09:19:51.026+0000] {dag.py:4180} INFO - Setting next_dagrun for example_nested_branch_dag to 2026-09-05 00:00:00+00:00, run_after=2026-09-06 00:00:00+00:00
[2026-09-06T09:19:51.042+0000] {processor.py:208} INFO - Processing /home/airflow/.local/lib/python3.12/site-packages/airflow/example_dags/example_nested_branch_dag.py took 0.061 seconds
[2026-09-06T09:20:21.217+0000] {processor.py:186} INFO - Started process (PID=3340) to work on /home/airflow/.local/lib/python3.12/site-packages/airflow/example_dags/example_nested_branch_dag.py
[2026-09-06T09:20:21.218+0000] {processor.py:914} INFO - Processing file /home/airflow/.local/lib/python3.12/site-packages/airflow/example_dags/example_nested_branch_dag.py for tasks to queue
[2026-09-06T09:20:21.221+0000] {logging_mixin.py:190} INFO - [2026-09-06T09:20:21.221+0000] {dagbag.py:588} INFO - Filling up the DagBag from /home/airflow/.local/lib/python3.12/site-packages/airflow/example_dags/example_nested_branch_dag.py
[2026-09-06T09:20:21.229+0000] {processor.py:925} INFO - DAG(s) 'example_nested_branch_dag' retrieved from /home/airflow/.local/lib/python3.12/site-packages/airflow/example_dags/example_nested_branch_dag.py
[2026-09-06T09:20:21.246+0000] {logging_mixin.py:190} INFO - [2026-09-06T09:20:21.246+0000] {dag.py:3239} INFO - Sync 1 DAGs
[2026-09-06T09:20:21.440+0000] {logging_mixin.py:190} INFO - [2026-09-06T09:20:21.440+0000] {dag.py:4180} INFO - Setting next_dagrun for example_nested_branch_dag to 2026-09-05 00:00:00+00:00, run_after=2026-09-06 00:00:00+00:00
[2026-09-06T09:20:21.454+0000] {processor.py:208} INFO - Processing /home/airflow/.local/lib/python3.12/site-packages/airflow/example_dags/example_nested_branch_dag.py took 0.241 seconds
[2026-09-06T09:20:51.734+0000] {processor.py:186} INFO - Started process (PID=3404) to work on /home/airflow/.local/lib/python3.12/site-packages/airflow/example_dags/example_nested_branch_dag.py
[2026-09-06T09:20:51.735+0000] {processor.py:914} INFO - Processing file /home/airflow/.local/lib/python3.12/site-packages/airflow/example_dags/example_nested_branch_dag.py for tasks to queue
[2026-09-06T09:20:51.738+0000] {logging_mixin.py:190} INFO - [2026-09-06T09:20:51.737+0000] {dagbag.py:588} INFO - Filling up the DagBag from /home/airflow/.local/lib/python3.12/site-packages/airflow/example_dags/example_nested_branch_dag.py
[2026-09-06T09:20:51.748+0000] {processor.py:925} INFO - DAG(s) 'example_nested_branch_dag' retrieved from /home/airflow/.local/lib/python3.12/site-packages/airflow/example_dags/example_nested_branch_dag.py
[2026-09-06T09:20:51.766+0000] {logging_mixin.py:190} INFO - [2026-09-06T09:20:51.766+0000] {dag.py:3239} INFO - Sync 1 DAGs
[2026-09-06T09:20:51.786+0000] {logging_mixin.py:190} INFO - [2026-09-06T09:20:51.786+0000] {dag.py:4180} INFO - Setting next_dagrun for example_nested_branch_dag to 2026-09-05 00:00:00+00:00, run_after=2026-09-06 00:00:00+00:00
[2026-09-06T09:20:51.802+0000] {processor.py:208} INFO - Processing /home/airflow/.local/lib/python3.12/site-packages/airflow/example_dags/example_nested_branch_dag.py took 0.073 seconds
[2026-09-06T09:21:22.013+0000] {processor.py:186} INFO - Started process (PID=3468) to work on /home/airflow/.local/lib/python3.12/site-packages/airflow/example_dags/example_nested_branch_dag.py
[2026-09-06T09:21:22.014+0000] {processor.py:914} INFO - Processing file /home/airflow/.local/lib/python3.12/site-packages/airflow/example_dags/example_nested_branch_dag.py for tasks to queue
[2026-09-06T09:21:22.017+0000] {logging_mixin.py:190} INFO - [2026-09-06T09:21:22.016+0000] {dagbag.py:588} INFO - Filling up the DagBag from /home/airflow/.local/lib/python3.12/site-packages/airflow/example_dags/example_nested_branch_dag.py
[2026-09-06T09:21:22.027+0000] {processor.py:925} INFO - DAG(s) 'example_nested_branch_dag' retrieved from /home/airflow/.local/lib/python3.12/site-packages/airflow/example_dags/example_nested_branch_dag.py
[2026-09-06T09:21:22.046+0000] {logging_mixin.py:190} INFO - [2026-09-06T09:21:22.045+0000] {dag.py:3239} INFO - Sync 1 DAGs
[2026-09-06T09:21:22.065+0000] {logging_mixin.py:190} INFO - [2026-09-06T09:21:22.065+0000] {dag.py:4180} INFO - Setting next_dagrun for example_nested_branch_dag to 2026-09-05 00:00:00+00:00, run_after=2026-09-06 00:00:00+00:00
[2026-09-06T09:21:22.083+0000] {processor.py:208} INFO - Processing /home/airflow/.local/lib/python3.12/site-packages/airflow/example_dags/example_nested_branch_dag.py took 0.075 seconds
[2026-09-06T09:21:52.502+0000] {processor.py:186} INFO - Started process (PID=3532) to work on /home/airflow/.local/lib/python3.12/site-packages/airflow/example_dags/example_nested_branch_dag.py
[2026-09-06T09:21:52.503+0000] {processor.py:914} INFO - Processing file /home/airflow/.local/lib/python3.12/site-packages/airflow/example_dags/example_nested_branch_dag.py for tasks to queue
[2026-09-06T09:21:52.506+0000] {logging_mixin.py:190} INFO - [2026-09-06T09:21:52.506+0000] {dagbag.py:588} INFO - Filling up the DagBag from /home/airflow/.local/lib/python3.12/site-packages/airflow/example_dags/example_nested_branch_dag.py
[2026-09-06T09:21:52.517+0000] {processor.py:925} INFO - DAG(s) 'example_nested_branch_dag' retrieved from /home/airflow/.local/lib/python3.12/site-packages/airflow/example_dags/example_nested_branch_dag.py
[2026-09-06T09:21:52.537+0000] {logging_mixin.py:190} INFO - [2026-09-06T09:21:52.537+0000] {dag.py:3239} INFO - Sync 1 DAGs
[2026-09-06T09:21:52.557+0000] {logging_mixin.py:190} INFO - [2026-09-06T09:21:52.557+0000] {dag.py:4180} INFO - Setting next_dagrun for example_nested_branch_dag to 2026-09-05 00:00:00+00:00, run_after=2026-09-06 00:00:00+00:00
[2026-09-06T09:21:52.582+0000] {processor.py:208} INFO - Processing /home/airflow/.local/lib/python3.12/site-packages/airflow/example_dags/example_nested_branch_dag.py took 0.085 seconds
[2026-09-06T09:22:23.448+0000] {processor.py:186} INFO - Started process (PID=3596) to work on /home/airflow/.local/lib/python3.12/site-packages/airflow/example_dags/example_nested_branch_dag.py
[2026-09-06T09:22:23.449+0000] {processor.py:914} INFO - Processing file /home/airflow/.local/lib/python3.12/site-packages/airflow/example_dags/example_nested_branch_dag.py for tasks to queue
[2026-09-06T09:22:23.452+0000] {logging_mixin.py:190} INFO - [2026-09-06T09:22:23.452+0000] {dagbag.py:588} INFO - Filling up the DagBag from /home/airflow/.local/lib/python3.12/site-packages/airflow/example_dags/example_nested_branch_dag.py
[2026-09-06T09:22:23.464+0000] {processor.py:925} INFO - DAG(s) 'example_nested_branch_dag' retrieved from /home/airflow/.local/lib/python3.12/site-packages/airflow/example_dags/example_nested_branch_dag.py
[2026-09-06T09:22:23.486+0000] {logging_mixin.py:190} INFO - [2026-09-06T09:22:23.485+0000] {dag.py:3239} INFO - Sync 1 DAGs
[2026-09-06T09:22:23.507+0000] {logging_mixin.py:190} INFO - [2026-09-06T09:22:23.507+0000] {dag.py:4180} INFO - Setting next_dagrun for example_nested_branch_dag to 2026-09-05 00:00:00+00:00, run_after=2026-09-06 00:00:00+00:00
[2026-09-06T09:22:23.533+0000] {processor.py:208} INFO - Processing /home/airflow/.local/lib/python3.12/site-packages/airflow/example_dags/example_nested_branch_dag.py took 0.091 seconds
[2026-09-06T09:22:54.462+0000] {processor.py:186} INFO - Started process (PID=3660) to work on /home/airflow/.local/lib/python3.12/site-packages/airflow/example_dags/example_nested_branch_dag.py
[2026-09-06T09:22:54.463+0000] {processor.py:914} INFO - Processing file /home/airflow/.local/lib/python3.12/site-packages/airflow/example_dags/example_nested_branch_dag.py for tasks to queue
[2026-09-06T09:22:54.466+0000] {logging_mixin.py:190} INFO - [2026-09-06T09:22:54.465+0000] {dagbag.py:588} INFO - Filling up the DagBag from /home/airflow/.local/lib/python3.12/site-packages/airflow/example_dags/example_nested_branch_dag.py
[2026-09-06T09:22:54.474+0000] {processor.py:925} INFO - DAG(s) 'example_nested_branch_dag' retrieved from /home/airflow/.local/lib/python3.12/site-packages/airflow/example_dags/example_nested_branch_dag.py
[2026-09-06T09:22:54.489+0000] {logging_mixin.py:190} INFO - [2026-09-06T09:22:54.489+0000] {dag.py:3239} INFO - Sync 1 DAGs
[2026-09-06T09:22:54.507+0000] {logging_mixin.py:190} INFO - [2026-09-06T09:22:54.506+0000] {dag.py:4180} INFO - Setting next_dagrun for example_nested_branch_dag to 2026-09-05 00:00:00+00:00, run_after=2026-09-06 00:00:00+00:00
[2026-09-06T09:22:54.522+0000] {processor.py:208} INFO - Processing /home/airflow/.local/lib/python3.12/site-packages/airflow/example_dags/example_nested_branch_dag.py took 0.064 seconds
[2026-09-06T09:23:24.686+0000] {processor.py:186} INFO - Started process (PID=3724) to work on /home/airflow/.local/lib/python3.12/site-packages/airflow/example_dags/example_nested_branch_dag.py
[2026-09-06T09:23:24.687+0000] {processor.py:914} INFO - Processing file /home/airflow/.local/lib/python3.12/site-packages/airflow/example_dags/example_nested_branch_dag.py for tasks to queue
[2026-09-06T09:23:24.689+0000] {logging_mixin.py:190} INFO - [2026-09-06T09:23:24.689+0000] {dagbag.py:588} INFO - Filling up the DagBag from /home/airflow/.local/lib/python3.12/site-packages/airflow/example_dags/example_nested_branch_dag.py
[2026-09-06T09:23:24.699+0000] {processor.py:925} INFO - DAG(s) 'example_nested_branch_dag' retrieved from /home/airflow/.local/lib/python3.12/site-packages/airflow/example_dags/example_nested_branch_dag.py
[2026-09-06T09:23:24.714+0000] {logging_mixin.py:190} INFO - [2026-09-06T09:23:24.714+0000] {dag.py:3239} INFO - Sync 1 DAGs
[2026-09-06T09:23:24.730+0000] {logging_mixin.py:190} INFO - [2026-09-06T09:23:24.730+0000] {dag.py:4180} INFO - Setting next_dagrun for example_nested_branch_dag to 2026-09-05 00:00:00+00:00, run_after=2026-09-06 00:00:00+00:00
[2026-09-06T09:23:24.750+0000] {processor.py:208} INFO - Processing /home/airflow/.local/lib/python3.12/site-packages/airflow/example_dags/example_nested_branch_dag.py took 0.068 seconds
[2026-09-06T09:23:55.453+0000] {processor.py:186} INFO - Started process (PID=3788) to work on /home/airflow/.local/lib/python3.12/site-packages/airflow/example_dags/example_nested_branch_dag.py
[2026-09-06T09:23:55.454+0000] {processor.py:914} INFO - Processing file /home/airflow/.local/lib/python3.12/site-packages/airflow/example_dags/example_nested_branch_dag.py for tasks to queue
[2026-09-06T09:23:55.457+0000] {logging_mixin.py:190} INFO - [2026-09-06T09:23:55.457+0000] {dagbag.py:588} INFO - Filling up the DagBag from /home/airflow/.local/lib/python3.12/site-packages/airflow/example_dags/example_nested_branch_dag.py
[2026-09-06T09:23:55.466+0000] {processor.py:925} INFO - DAG(s) 'example_nested_branch_dag' retrieved from /home/airflow/.local/lib/python3.12/site-packages/airflow/example_dags/example_nested_branch_dag.py
[2026-09-06T09:23:55.486+0000] {logging_mixin.py:190} INFO - [2026-09-06T09:23:55.486+0000] {dag.py:3239} INFO - Sync 1 DAGs
[2026-09-06T09:23:55.511+0000] {logging_mixin.py:190} INFO - [2026-09-06T09:23:55.511+0000] {dag.py:4180} INFO - Setting next_dagrun for example_nested_branch_dag to 2026-09-05 00:00:00+00:00, run_after=2026-09-06 00:00:00+00:00
[2026-09-06T09:23:55.532+0000] {processor.py:208} INFO - Processing /home/airflow/.local/lib/python3.12/site-packages/airflow/example_dags/example_nested_branch_dag.py took 0.083 seconds
[2026-09-06T09:24:25.659+0000] {processor.py:186} INFO - Started process (PID=3852) to work on /home/airflow/.local/lib/python3.12/site-packages/airflow/example_dags/example_nested_branch_dag.py
[2026-09-06T09:24:25.660+0000] {processor.py:914} INFO - Processing file /home/airflow/.local/lib/python3.12/site-packages/airflow/example_dags/example_nested_branch_dag.py for tasks to queue
[2026-09-06T09:24:25.662+0000] {logging_mixin.py:190} INFO - [2026-09-06T09:24:25.662+0000] {dagbag.py:588} INFO - Filling up the DagBag from /home/airflow/.local/lib/python3.12/site-packages/airflow/example_dags/example_nested_branch_dag.py
[2026-09-06T09:24:25.672+0000] {processor.py:925} INFO - DAG(s) 'example_nested_branch_dag' retrieved from /home/airflow/.local/lib/python3.12/site-packages/airflow/example_dags/example_nested_branch_dag.py
[2026-09-06T09:24:25.690+0000] {logging_mixin.py:190} INFO - [2026-09-06T09:24:25.690+0000] {dag.py:3239} INFO - Sync 1 DAGs
[2026-09-06T09:24:25.709+0000] {logging_mixin.py:190} INFO - [2026-09-06T09:24:25.708+0000] {dag.py:4180} INFO - Setting next_dagrun for example_nested_branch_dag to 2026-09-05 00:00:00+00:00, run_after=2026-09-06 00:00:00+00:00
[2026-09-06T09:24:25.724+0000] {processor.py:208} INFO - Processing /home/airflow/.local/lib/python3.12/site-packages/airflow/example_dags/example_nested_branch_dag.py took 0.072 seconds
[2026-09-06T09:24:55.794+0000] {processor.py:186} INFO - Started process (PID=3916) to work on /home/airflow/.local/lib/python3.12/site-packages/airflow/example_dags/example_nested_branch_dag.py
[2026-09-06T09:24:55.795+0000] {processor.py:914} INFO - Processing file /home/airflow/.local/lib/python3.12/site-packages/airflow/example_dags/example_nested_branch_dag.py for tasks to queue
[2026-09-06T09:24:55.797+0000] {logging_mixin.py:190} INFO - [2026-09-06T09:24:55.797+0000] {dagbag.py:588} INFO - Filling up the DagBag from /home/airflow/.local/lib/python3.12/site-packages/airflow/example_dags/example_nested_branch_dag.py
[2026-09-06T09:24:55.807+0000] {processor.py:925} INFO - DAG(s) 'example_nested_branch_dag' retrieved from /home/airflow/.local/lib/python3.12/site-packages/airflow/example_dags/example_nested_branch_dag.py
[2026-09-06T09:24:55.823+0000] {logging_mixin.py:190} INFO - [2026-09-06T09:24:55.823+0000] {dag.py:3239} INFO - Sync 1 DAGs
[2026-09-06T09:24:55.841+0000] {logging_mixin.py:190} INFO - [2026-09-06T09:24:55.841+0000] {dag.py:4180} INFO - Setting next_dagrun for example_nested_branch_dag to 2026-09-05 00:00:00+00:00, run_after=2026-09-06 00:00:00+00:00
[2026-09-06T09:24:55.857+0000] {processor.py:208} INFO - Processing /home/airflow/.local/lib/python3.12/site-packages/airflow/example_dags/example_nested_branch_dag.py took 0.067 seconds
[2026-09-06T09:25:26.006+0000] {processor.py:186} INFO - Started process (PID=3980) to work on /home/airflow/.local/lib/python3.12/site-packages/airflow/example_dags/example_nested_branch_dag.py
[2026-09-06T09:25:26.007+0000] {processor.py:914} INFO - Processing file /home/airflow/.local/lib/python3.12/site-packages/airflow/example_dags/example_nested_branch_dag.py for tasks to queue
[2026-09-06T09:25:26.009+0000] {logging_mixin.py:190} INFO - [2026-09-06T09:25:26.009+0000] {dagbag.py:588} INFO - Filling up the DagBag from /home/airflow/.local/lib/python3.12/site-packages/airflow/example_dags/example_nested_branch_dag.py
[2026-09-06T09:25:26.018+0000] {processor.py:925} INFO - DAG(s) 'example_nested_branch_dag' retrieved from /home/airflow/.local/lib/python3.12/site-packages/airflow/example_dags/example_nested_branch_dag.py
[2026-09-06T09:25:26.034+0000] {logging_mixin.py:190} INFO - [2026-09-06T09:25:26.034+0000] {dag.py:3239} INFO - Sync 1 DAGs
[2026-09-06T09:25:26.051+0000] {logging_mixin.py:190} INFO - [2026-09-06T09:25:26.051+0000] {dag.py:4180} INFO - Setting next_dagrun for example_nested_branch_dag to 2026-09-05 00:00:00+00:00, run_after=2026-09-06 00:00:00+00:00
[2026-09-06T09:25:26.068+0000] {processor.py:208} INFO - Processing /home/airflow/.local/lib/python3.12/site-packages/airflow/example_dags/example_nested_branch_dag.py took 0.066 seconds
[2026-09-06T09:25:56.471+0000] {processor.py:186} INFO - Started process (PID=4044) to work on /home/airflow/.local/lib/python3.12/site-packages/airflow/example_dags/example_nested_branch_dag.py
[2026-09-06T09:25:56.471+0000] {processor.py:914} INFO - Processing file /home/airflow/.local/lib/python3.12/site-packages/airflow/example_dags/example_nested_branch_dag.py for tasks to queue
[2026-09-06T09:25:56.473+0000] {logging_mixin.py:190} INFO - [2026-09-06T09:25:56.473+0000] {dagbag.py:588} INFO - Filling up the DagBag from /home/airflow/.local/lib/python3.12/site-packages/airflow/example_dags/example_nested_branch_dag.py
[2026-09-06T09:25:56.483+0000] {processor.py:925} INFO - DAG(s) 'example_nested_branch_dag' retrieved from /home/airflow/.local/lib/python3.12/site-packages/airflow/example_dags/example_nested_branch_dag.py
[2026-09-06T09:25:56.502+0000] {logging_mixin.py:190} INFO - [2026-09-06T09:25:56.501+0000] {dag.py:3239} INFO - Sync 1 DAGs
[2026-09-06T09:25:56.520+0000] {logging_mixin.py:190} INFO - [2026-09-06T09:25:56.520+0000] {dag.py:4180} INFO - Setting next_dagrun for example_nested_branch_dag to 2026-09-05 00:00:00+00:00, run_after=2026-09-06 00:00:00+00:00
[2026-09-06T09:25:56.539+0000] {processor.py:208} INFO - Processing /home/airflow/.local/lib/python3.12/site-packages/airflow/example_dags/example_nested_branch_dag.py took 0.073 seconds
[2026-09-06T09:26:26.986+0000] {processor.py:186} INFO - Started process (PID=4108) to work on /home/airflow/.local/lib/python3.12/site-packages/airflow/example_dags/example_nested_branch_dag.py
[2026-09-06T09:26:26.989+0000] {processor.py:914} INFO - Processing file /home/airflow/.local/lib/python3.12/site-packages/airflow/example_dags/example_nested_branch_dag.py for tasks to queue
[2026-09-06T09:26:26.998+0000] {logging_mixin.py:190} INFO - [2026-09-06T09:26:26.997+0000] {dagbag.py:588} INFO - Filling up the DagBag from /home/airflow/.local/lib/python3.12/site-packages/airflow/example_dags/example_nested_branch_dag.py
[2026-09-06T09:26:27.022+0000] {processor.py:925} INFO - DAG(s) 'example_nested_branch_dag' retrieved from /home/airflow/.local/lib/python3.12/site-packages/airflow/example_dags/example_nested_branch_dag.py
[2026-09-06T09:26:27.055+0000] {logging_mixin.py:190} INFO - [2026-09-06T09:26:27.055+0000] {dag.py:3239} INFO - Sync 1 DAGs
[2026-09-06T09:26:27.094+0000] {logging_mixin.py:190} INFO - [2026-09-06T09:26:27.094+0000] {dag.py:4180} INFO - Setting next_dagrun for example_nested_branch_dag to 2026-09-05 00:00:00+00:00, run_after=2026-09-06 00:00:00+00:00
[2026-09-06T09:26:27.111+0000] {processor.py:208} INFO - Processing /home/airflow/.local/lib/python3.12/site-packages/airflow/example_dags/example_nested_branch_dag.py took 0.147 seconds
[2026-09-06T09:26:57.167+0000] {processor.py:186} INFO - Started process (PID=4172) to work on /home/airflow/.local/lib/python3.12/site-packages/airflow/example_dags/example_nested_branch_dag.py
[2026-09-06T09:26:57.168+0000] {processor.py:914} INFO - Processing file /home/airflow/.local/lib/python3.12/site-packages/airflow/example_dags/example_nested_branch_dag.py for tasks to queue
[2026-09-06T09:26:57.170+0000] {logging_mixin.py:190} INFO - [2026-09-06T09:26:57.170+0000] {dagbag.py:588} INFO - Filling up the DagBag from /home/airflow/.local/lib/python3.12/site-packages/airflow/example_dags/example_nested_branch_dag.py
[2026-09-06T09:26:57.180+0000] {processor.py:925} INFO - DAG(s) 'example_nested_branch_dag' retrieved from /home/airflow/.local/lib/python3.12/site-packages/airflow/example_dags/example_nested_branch_dag.py
[2026-09-06T09:26:57.197+0000] {logging_mixin.py:190} INFO - [2026-09-06T09:26:57.197+0000] {dag.py:3239} INFO - Sync 1 DAGs
[2026-09-06T09:26:57.215+0000] {logging_mixin.py:190} INFO - [2026-09-06T09:26:57.215+0000] {dag.py:4180} INFO - Setting next_dagrun for example_nested_branch_dag to 2026-09-05 00:00:00+00:00, run_after=2026-09-06 00:00:00+00:00
[2026-09-06T09:26:57.235+0000] {processor.py:208} INFO - Processing /home/airflow/.local/lib/python3.12/site-packages/airflow/example_dags/example_nested_branch_dag.py took 0.073 seconds
[2026-09-06T09:27:27.314+0000] {processor.py:186} INFO - Started process (PID=4237) to work on /home/airflow/.local/lib/python3.12/site-packages/airflow/example_dags/example_nested_branch_dag.py
[2026-09-06T09:27:27.315+0000] {processor.py:914} INFO - Processing file /home/airflow/.local/lib/python3.12/site-packages/airflow/example_dags/example_nested_branch_dag.py for tasks to queue
[2026-09-06T09:27:27.317+0000] {logging_mixin.py:190} INFO - [2026-09-06T09:27:27.317+0000] {dagbag.py:588} INFO - Filling up the DagBag from /home/airflow/.local/lib/python3.12/site-packages/airflow/example_dags/example_nested_branch_dag.py
[2026-09-06T09:27:27.326+0000] {processor.py:925} INFO - DAG(s) 'example_nested_branch_dag' retrieved from /home/airflow/.local/lib/python3.12/site-packages/airflow/example_dags/example_nested_branch_dag.py
[2026-09-06T09:27:27.348+0000] {logging_mixin.py:190} INFO - [2026-09-06T09:27:27.348+0000] {dag.py:3239} INFO - Sync 1 DAGs
[2026-09-06T09:27:27.365+0000] {logging_mixin.py:190} INFO - [2026-09-06T09:27:27.365+0000] {dag.py:4180} INFO - Setting next_dagrun for example_nested_branch_dag to 2026-09-05 00:00:00+00:00, run_after=2026-09-06 00:00:00+00:00
[2026-09-06T09:27:27.384+0000] {processor.py:208} INFO - Processing /home/airflow/.local/lib/python3.12/site-packages/airflow/example_dags/example_nested_branch_dag.py took 0.075 seconds
[2026-09-06T09:27:58.019+0000] {processor.py:186} INFO - Started process (PID=4301) to work on /home/airflow/.local/lib/python3.12/site-packages/airflow/example_dags/example_nested_branch_dag.py
[2026-09-06T09:27:58.020+0000] {processor.py:914} INFO - Processing file /home/airflow/.local/lib/python3.12/site-packages/airflow/example_dags/example_nested_branch_dag.py for tasks to queue
[2026-09-06T09:27:58.022+0000] {logging_mixin.py:190} INFO - [2026-09-06T09:27:58.022+0000] {dagbag.py:588} INFO - Filling up the DagBag from /home/airflow/.local/lib/python3.12/site-packages/airflow/example_dags/example_nested_branch_dag.py
[2026-09-06T09:27:58.031+0000] {processor.py:925} INFO - DAG(s) 'example_nested_branch_dag' retrieved from /home/airflow/.local/lib/python3.12/site-packages/airflow/example_dags/example_nested_branch_dag.py
[2026-09-06T09:27:58.048+0000] {logging_mixin.py:190} INFO - [2026-09-06T09:27:58.047+0000] {dag.py:3239} INFO - Sync 1 DAGs
[2026-09-06T09:27:58.065+0000] {logging_mixin.py:190} INFO - [2026-09-06T09:27:58.065+0000] {dag.py:4180} INFO - Setting next_dagrun for example_nested_branch_dag to 2026-09-05 00:00:00+00:00, run_after=2026-09-06 00:00:00+00:00
[2026-09-06T09:27:58.080+0000] {processor.py:208} INFO - Processing /home/airflow/.local/lib/python3.12/site-packages/airflow/example_dags/example_nested_branch_dag.py took 0.065 seconds
[2026-09-06T09:28:28.705+0000] {processor.py:186} INFO - Started process (PID=4365) to work on /home/airflow/.local/lib/python3.12/site-packages/airflow/example_dags/example_nested_branch_dag.py
[2026-09-06T09:28:28.706+0000] {processor.py:914} INFO - Processing file /home/airflow/.local/lib/python3.12/site-packages/airflow/example_dags/example_nested_branch_dag.py for tasks to queue
[2026-09-06T09:28:28.708+0000] {logging_mixin.py:190} INFO - [2026-09-06T09:28:28.707+0000] {dagbag.py:588} INFO - Filling up the DagBag from /home/airflow/.local/lib/python3.12/site-packages/airflow/example_dags/example_nested_branch_dag.py
[2026-09-06T09:28:28.717+0000] {processor.py:925} INFO - DAG(s) 'example_nested_branch_dag' retrieved from /home/airflow/.local/lib/python3.12/site-packages/airflow/example_dags/example_nested_branch_dag.py
[2026-09-06T09:28:28.734+0000] {logging_mixin.py:190} INFO - [2026-09-06T09:28:28.734+0000] {dag.py:3239} INFO - Sync 1 DAGs
[2026-09-06T09:28:28.751+0000] {logging_mixin.py:190} INFO - [2026-09-06T09:28:28.751+0000] {dag.py:4180} INFO - Setting next_dagrun for example_nested_branch_dag to 2026-09-05 00:00:00+00:00, run_after=2026-09-06 00:00:00+00:00
[2026-09-06T09:28:28.767+0000] {processor.py:208} INFO - Processing /home/airflow/.local/lib/python3.12/site-packages/airflow/example_dags/example_nested_branch_dag.py took 0.067 seconds
[2026-09-06T09:28:58.987+0000] {processor.py:186} INFO - Started process (PID=4429) to work on /home/airflow/.local/lib/python3.12/site-packages/airflow/example_dags/example_nested_branch_dag.py
[2026-09-06T09:28:58.988+0000] {processor.py:914} INFO - Processing file /home/airflow/.local/lib/python3.12/site-packages/airflow/example_dags/example_nested_branch_dag.py for tasks to queue
[2026-09-06T09:28:58.991+0000] {logging_mixin.py:190} INFO - [2026-09-06T09:28:58.991+0000] {dagbag.py:588} INFO - Filling up the DagBag from /home/airflow/.local/lib/python3.12/site-packages/airflow/example_dags/example_nested_branch_dag.py
[2026-09-06T09:28:59.001+0000] {processor.py:925} INFO - DAG(s) 'example_nested_branch_dag' retrieved from /home/airflow/.local/lib/python3.12/site-packages/airflow/example_dags/example_nested_branch_dag.py
[2026-09-06T09:28:59.020+0000] {logging_mixin.py:190} INFO - [2026-09-06T09:28:59.020+0000] {dag.py:3239} INFO - Sync 1 DAGs
[2026-09-06T09:28:59.039+0000] {logging_mixin.py:190} INFO - [2026-09-06T09:28:59.039+0000] {dag.py:4180} INFO - Setting next_dagrun for example_nested_branch_dag to 2026-09-05 00:00:00+00:00, run_after=2026-09-06 00:00:00+00:00
[2026-09-06T09:28:59.056+0000] {processor.py:208} INFO - Processing /home/airflow/.local/lib/python3.12/site-packages/airflow/example_dags/example_nested_branch_dag.py took 0.074 seconds
[2026-09-06T09:29:29.248+0000] {processor.py:186} INFO - Started process (PID=4493) to work on /home/airflow/.local/lib/python3.12/site-packages/airflow/example_dags/example_nested_branch_dag.py
[2026-09-06T09:29:29.249+0000] {processor.py:914} INFO - Processing file /home/airflow/.local/lib/python3.12/site-packages/airflow/example_dags/example_nested_branch_dag.py for tasks to queue
[2026-09-06T09:29:29.251+0000] {logging_mixin.py:190} INFO - [2026-09-06T09:29:29.251+0000] {dagbag.py:588} INFO - Filling up the DagBag from /home/airflow/.local/lib/python3.12/site-packages/airflow/example_dags/example_nested_branch_dag.py
[2026-09-06T09:29:29.260+0000] {processor.py:925} INFO - DAG(s) 'example_nested_branch_dag' retrieved from /home/airflow/.local/lib/python3.12/site-packages/airflow/example_dags/example_nested_branch_dag.py
[2026-09-06T09:29:29.276+0000] {logging_mixin.py:190} INFO - [2026-09-06T09:29:29.276+0000] {dag.py:3239} INFO - Sync 1 DAGs
[2026-09-06T09:29:29.293+0000] {logging_mixin.py:190} INFO - [2026-09-06T09:29:29.293+0000] {dag.py:4180} INFO - Setting next_dagrun for example_nested_branch_dag to 2026-09-05 00:00:00+00:00, run_after=2026-09-06 00:00:00+00:00
[2026-09-06T09:29:29.309+0000] {processor.py:208} INFO - Processing /home/airflow/.local/lib/python3.12/site-packages/airflow/example_dags/example_nested_branch_dag.py took 0.065 seconds
[2026-09-06T09:29:59.927+0000] {processor.py:186} INFO - Started process (PID=4557) to work on /home/airflow/.local/lib/python3.12/site-packages/airflow/example_dags/example_nested_branch_dag.py
[2026-09-06T09:29:59.928+0000] {processor.py:914} INFO - Processing file /home/airflow/.local/lib/python3.12/site-packages/airflow/example_dags/example_nested_branch_dag.py for tasks to queue
[2026-09-06T09:29:59.931+0000] {logging_mixin.py:190} INFO - [2026-09-06T09:29:59.930+0000] {dagbag.py:588} INFO - Filling up the DagBag from /home/airflow/.local/lib/python3.12/site-packages/airflow/example_dags/example_nested_branch_dag.py
[2026-09-06T09:29:59.941+0000] {processor.py:925} INFO - DAG(s) 'example_nested_branch_dag' retrieved from /home/airflow/.local/lib/python3.12/site-packages/airflow/example_dags/example_nested_branch_dag.py
[2026-09-06T09:29:59.958+0000] {logging_mixin.py:190} INFO - [2026-09-06T09:29:59.958+0000] {dag.py:3239} INFO - Sync 1 DAGs
[2026-09-06T09:29:59.977+0000] {logging_mixin.py:190} INFO - [2026-09-06T09:29:59.977+0000] {dag.py:4180} INFO - Setting next_dagrun for example_nested_branch_dag to 2026-09-05 00:00:00+00:00, run_after=2026-09-06 00:00:00+00:00
[2026-09-06T09:29:59.992+0000] {processor.py:208} INFO - Processing /home/airflow/.local/lib/python3.12/site-packages/airflow/example_dags/example_nested_branch_dag.py took 0.070 seconds
[2026-09-06T09:30:30.458+0000] {processor.py:186} INFO - Started process (PID=4627) to work on /home/airflow/.local/lib/python3.12/site-packages/airflow/example_dags/example_nested_branch_dag.py
[2026-09-06T09:30:30.459+0000] {processor.py:914} INFO - Processing file /home/airflow/.local/lib/python3.12/site-packages/airflow/example_dags/example_nested_branch_dag.py for tasks to queue
[2026-09-06T09:30:30.461+0000] {logging_mixin.py:190} INFO - [2026-09-06T09:30:30.461+0000] {dagbag.py:588} INFO - Filling up the DagBag from /home/airflow/.local/lib/python3.12/site-packages/airflow/example_dags/example_nested_branch_dag.py
[2026-09-06T09:30:30.471+0000] {processor.py:925} INFO - DAG(s) 'example_nested_branch_dag' retrieved from /home/airflow/.local/lib/python3.12/site-packages/airflow/example_dags/example_nested_branch_dag.py
[2026-09-06T09:30:30.488+0000] {logging_mixin.py:190} INFO - [2026-09-06T09:30:30.488+0000] {dag.py:3239} INFO - Sync 1 DAGs
[2026-09-06T09:30:30.507+0000] {logging_mixin.py:190} INFO - [2026-09-06T09:30:30.507+0000] {dag.py:4180} INFO - Setting next_dagrun for example_nested_branch_dag to 2026-09-05 00:00:00+00:00, run_after=2026-09-06 00:00:00+00:00
[2026-09-06T09:30:30.524+0000] {processor.py:208} INFO - Processing /home/airflow/.local/lib/python3.12/site-packages/airflow/example_dags/example_nested_branch_dag.py took 0.070 seconds
[2026-09-06T09:31:00.735+0000] {processor.py:186} INFO - Started process (PID=4691) to work on /home/airflow/.local/lib/python3.12/site-packages/airflow/example_dags/example_nested_branch_dag.py
[2026-09-06T09:31:00.736+0000] {processor.py:914} INFO - Processing file /home/airflow/.local/lib/python3.12/site-packages/airflow/example_dags/example_nested_branch_dag.py for tasks to queue
[2026-09-06T09:31:00.738+0000] {logging_mixin.py:190} INFO - [2026-09-06T09:31:00.738+0000] {dagbag.py:588} INFO - Filling up the DagBag from /home/airflow/.local/lib/python3.12/site-packages/airflow/example_dags/example_nested_branch_dag.py
[2026-09-06T09:31:00.748+0000] {processor.py:925} INFO - DAG(s) 'example_nested_branch_dag' retrieved from /home/airflow/.local/lib/python3.12/site-packages/airflow/example_dags/example_nested_branch_dag.py
[2026-09-06T09:31:00.764+0000] {logging_mixin.py:190} INFO - [2026-09-06T09:31:00.764+0000] {dag.py:3239} INFO - Sync 1 DAGs
[2026-09-06T09:31:00.781+0000] {logging_mixin.py:190} INFO - [2026-09-06T09:31:00.781+0000] {dag.py:4180} INFO - Setting next_dagrun for example_nested_branch_dag to 2026-09-05 00:00:00+00:00, run_after=2026-09-06 00:00:00+00:00
[2026-09-06T09:31:00.798+0000] {processor.py:208} INFO - Processing /home/airflow/.local/lib/python3.12/site-packages/airflow/example_dags/example_nested_branch_dag.py took 0.067 seconds
[2026-09-06T09:31:31.570+0000] {processor.py:186} INFO - Started process (PID=4755) to work on /home/airflow/.local/lib/python3.12/site-packages/airflow/example_dags/example_nested_branch_dag.py
[2026-09-06T09:31:31.571+0000] {processor.py:914} INFO - Processing file /home/airflow/.local/lib/python3.12/site-packages/airflow/example_dags/example_nested_branch_dag.py for tasks to queue
[2026-09-06T09:31:31.573+0000] {logging_mixin.py:190} INFO - [2026-09-06T09:31:31.573+0000] {dagbag.py:588} INFO - Filling up the DagBag from /home/airflow/.local/lib/python3.12/site-packages/airflow/example_dags/example_nested_branch_dag.py
[2026-09-06T09:31:31.582+0000] {processor.py:925} INFO - DAG(s) 'example_nested_branch_dag' retrieved from /home/airflow/.local/lib/python3.12/site-packages/airflow/example_dags/example_nested_branch_dag.py
[2026-09-06T09:31:31.600+0000] {logging_mixin.py:190} INFO - [2026-09-06T09:31:31.600+0000] {dag.py:3239} INFO - Sync 1 DAGs
[2026-09-06T09:31:31.618+0000] {logging_mixin.py:190} INFO - [2026-09-06T09:31:31.617+0000] {dag.py:4180} INFO - Setting next_dagrun for example_nested_branch_dag to 2026-09-05 00:00:00+00:00, run_after=2026-09-06 00:00:00+00:00
[2026-09-06T09:31:31.635+0000] {processor.py:208} INFO - Processing /home/airflow/.local/lib/python3.12/site-packages/airflow/example_dags/example_nested_branch_dag.py took 0.069 seconds
[2026-09-06T09:32:01.916+0000] {processor.py:186} INFO - Started process (PID=4819) to work on /home/airflow/.local/lib/python3.12/site-packages/airflow/example_dags/example_nested_branch_dag.py
[2026-09-06T09:32:01.917+0000] {processor.py:914} INFO - Processing file /home/airflow/.local/lib/python3.12/site-packages/airflow/example_dags/example_nested_branch_dag.py for tasks to queue
[2026-09-06T09:32:01.918+0000] {logging_mixin.py:190} INFO - [2026-09-06T09:32:01.918+0000] {dagbag.py:588} INFO - Filling up the DagBag from /home/airflow/.local/lib/python3.12/site-packages/airflow/example_dags/example_nested_branch_dag.py
[2026-09-06T09:32:01.927+0000] {processor.py:925} INFO - DAG(s) 'example_nested_branch_dag' retrieved from /home/airflow/.local/lib/python3.12/site-packages/airflow/example_dags/example_nested_branch_dag.py
[2026-09-06T09:32:01.943+0000] {logging_mixin.py:190} INFO - [2026-09-06T09:32:01.943+0000] {dag.py:3239} INFO - Sync 1 DAGs
[2026-09-06T09:32:01.960+0000] {logging_mixin.py:190} INFO - [2026-09-06T09:32:01.960+0000] {dag.py:4180} INFO - Setting next_dagrun for example_nested_branch_dag to 2026-09-05 00:00:00+00:00, run_after=2026-09-06 00:00:00+00:00
[2026-09-06T09:32:01.974+0000] {processor.py:208} INFO - Processing /home/airflow/.local/lib/python3.12/site-packages/airflow/example_dags/example_nested_branch_dag.py took 0.063 seconds
[2026-09-06T09:32:32.094+0000] {processor.py:186} INFO - Started process (PID=4883) to work on /home/airflow/.local/lib/python3.12/site-packages/airflow/example_dags/example_nested_branch_dag.py
[2026-09-06T09:32:32.095+0000] {processor.py:914} INFO - Processing file /home/airflow/.local/lib/python3.12/site-packages/airflow/example_dags/example_nested_branch_dag.py for tasks to queue
[2026-09-06T09:32:32.097+0000] {logging_mixin.py:190} INFO - [2026-09-06T09:32:32.097+0000] {dagbag.py:588} INFO - Filling up the DagBag from /home/airflow/.local/lib/python3.12/site-packages/airflow/example_dags/example_nested_branch_dag.py
[2026-09-06T09:32:32.107+0000] {processor.py:925} INFO - DAG(s) 'example_nested_branch_dag' retrieved from /home/airflow/.local/lib/python3.12/site-packages/airflow/example_dags/example_nested_branch_dag.py
[2026-09-06T09:32:32.122+0000] {logging_mixin.py:190} INFO - [2026-09-06T09:32:32.122+0000] {dag.py:3239} INFO - Sync 1 DAGs
[2026-09-06T09:32:32.139+0000] {logging_mixin.py:190} INFO - [2026-09-06T09:32:32.139+0000] {dag.py:4180} INFO - Setting next_dagrun for example_nested_branch_dag to 2026-09-05 00:00:00+00:00, run_after=2026-09-06 00:00:00+00:00
[2026-09-06T09:32:32.156+0000] {processor.py:208} INFO - Processing /home/airflow/.local/lib/python3.12/site-packages/airflow/example_dags/example_nested_branch_dag.py took 0.066 seconds
[2026-09-06T09:33:02.685+0000] {processor.py:186} INFO - Started process (PID=4947) to work on /home/airflow/.local/lib/python3.12/site-packages/airflow/example_dags/example_nested_branch_dag.py
[2026-09-06T09:33:02.686+0000] {processor.py:914} INFO - Processing file /home/airflow/.local/lib/python3.12/site-packages/airflow/example_dags/example_nested_branch_dag.py for tasks to queue
[2026-09-06T09:33:02.689+0000] {logging_mixin.py:190} INFO - [2026-09-06T09:33:02.688+0000] {dagbag.py:588} INFO - Filling up the DagBag from /home/airflow/.local/lib/python3.12/site-packages/airflow/example_dags/example_nested_branch_dag.py
[2026-09-06T09:33:02.701+0000] {processor.py:925} INFO - DAG(s) 'example_nested_branch_dag' retrieved from /home/airflow/.local/lib/python3.12/site-packages/airflow/example_dags/example_nested_branch_dag.py
[2026-09-06T09:33:02.720+0000] {logging_mixin.py:190} INFO - [2026-09-06T09:33:02.720+0000] {dag.py:3239} INFO - Sync 1 DAGs
[2026-09-06T09:33:02.739+0000] {logging_mixin.py:190} INFO - [2026-09-06T09:33:02.739+0000] {dag.py:4180} INFO - Setting next_dagrun for example_nested_branch_dag to 2026-09-05 00:00:00+00:00, run_after=2026-09-06 00:00:00+00:00
[2026-09-06T09:33:02.754+0000] {processor.py:208} INFO - Processing /home/airflow/.local/lib/python3.12/site-packages/airflow/example_dags/example_nested_branch_dag.py took 0.074 seconds
[2026-09-06T09:33:33.570+0000] {processor.py:186} INFO - Started process (PID=5011) to work on /home/airflow/.local/lib/python3.12/site-packages/airflow/example_dags/example_nested_branch_dag.py
[2026-09-06T09:33:33.571+0000] {processor.py:914} INFO - Processing file /home/airflow/.local/lib/python3.12/site-packages/airflow/example_dags/example_nested_branch_dag.py for tasks to queue
[2026-09-06T09:33:33.573+0000] {logging_mixin.py:190} INFO - [2026-09-06T09:33:33.573+0000] {dagbag.py:588} INFO - Filling up the DagBag from /home/airflow/.local/lib/python3.12/site-packages/airflow/example_dags/example_nested_branch_dag.py
[2026-09-06T09:33:33.581+0000] {processor.py:925} INFO - DAG(s) 'example_nested_branch_dag' retrieved from /home/airflow/.local/lib/python3.12/site-packages/airflow/example_dags/example_nested_branch_dag.py
[2026-09-06T09:33:33.597+0000] {logging_mixin.py:190} INFO - [2026-09-06T09:33:33.597+0000] {dag.py:3239} INFO - Sync 1 DAGs
[2026-09-06T09:33:33.613+0000] {logging_mixin.py:190} INFO - [2026-09-06T09:33:33.613+0000] {dag.py:4180} INFO - Setting next_dagrun for example_nested_branch_dag to 2026-09-05 00:00:00+00:00, run_after=2026-09-06 00:00:00+00:00
[2026-09-06T09:33:33.629+0000] {processor.py:208} INFO - Processing /home/airflow/.local/lib/python3.12/site-packages/airflow/example_dags/example_nested_branch_dag.py took 0.063 seconds
[2026-09-06T09:34:03.701+0000] {processor.py:186} INFO - Started process (PID=5075) to work on /home/airflow/.local/lib/python3.12/site-packages/airflow/example_dags/example_nested_branch_dag.py
[2026-09-06T09:34:03.702+0000] {processor.py:914} INFO - Processing file /home/airflow/.local/lib/python3.12/site-packages/airflow/example_dags/example_nested_branch_dag.py for tasks to queue
[2026-09-06T09:34:03.705+0000] {logging_mixin.py:190} INFO - [2026-09-06T09:34:03.704+0000] {dagbag.py:588} INFO - Filling up the DagBag from /home/airflow/.local/lib/python3.12/site-packages/airflow/example_dags/example_nested_branch_dag.py
[2026-09-06T09:34:03.713+0000] {processor.py:925} INFO - DAG(s) 'example_nested_branch_dag' retrieved from /home/airflow/.local/lib/python3.12/site-packages/airflow/example_dags/example_nested_branch_dag.py
[2026-09-06T09:34:03.728+0000] {logging_mixin.py:190} INFO - [2026-09-06T09:34:03.728+0000] {dag.py:3239} INFO - Sync 1 DAGs
[2026-09-06T09:34:03.745+0000] {logging_mixin.py:190} INFO - [2026-09-06T09:34:03.745+0000] {dag.py:4180} INFO - Setting next_dagrun for example_nested_branch_dag to 2026-09-05 00:00:00+00:00, run_after=2026-09-06 00:00:00+00:00
[2026-09-06T09:34:03.759+0000] {processor.py:208} INFO - Processing /home/airflow/.local/lib/python3.12/site-packages/airflow/example_dags/example_nested_branch_dag.py took 0.062 seconds
[2026-09-06T09:34:34.499+0000] {processor.py:186} INFO - Started process (PID=5139) to work on /home/airflow/.local/lib/python3.12/site-packages/airflow/example_dags/example_nested_branch_dag.py
[2026-09-06T09:34:34.500+0000] {processor.py:914} INFO - Processing file /home/airflow/.local/lib/python3.12/site-packages/airflow/example_dags/example_nested_branch_dag.py for tasks to queue
[2026-09-06T09:34:34.502+0000] {logging_mixin.py:190} INFO - [2026-09-06T09:34:34.502+0000] {dagbag.py:588} INFO - Filling up the DagBag from /home/airflow/.local/lib/python3.12/site-packages/airflow/example_dags/example_nested_branch_dag.py
[2026-09-06T09:34:34.511+0000] {processor.py:925} INFO - DAG(s) 'example_nested_branch_dag' retrieved from /home/airflow/.local/lib/python3.12/site-packages/airflow/example_dags/example_nested_branch_dag.py
[2026-09-06T09:34:34.528+0000] {logging_mixin.py:190} INFO - [2026-09-06T09:34:34.528+0000] {dag.py:3239} INFO - Sync 1 DAGs
[2026-09-06T09:34:34.546+0000] {logging_mixin.py:190} INFO - [2026-09-06T09:34:34.546+0000] {dag.py:4180} INFO - Setting next_dagrun for example_nested_branch_dag to 2026-09-05 00:00:00+00:00, run_after=2026-09-06 00:00:00+00:00
[2026-09-06T09:34:34.560+0000] {processor.py:208} INFO - Processing /home/airflow/.local/lib/python3.12/site-packages/airflow/example_dags/example_nested_branch_dag.py took 0.067 seconds
[2026-09-06T09:35:04.833+0000] {processor.py:186} INFO - Started process (PID=5203) to work on /home/airflow/.local/lib/python3.12/site-packages/airflow/example_dags/example_nested_branch_dag.py
[2026-09-06T09:35:04.835+0000] {processor.py:914} INFO - Processing file /home/airflow/.local/lib/python3.12/site-packages/airflow/example_dags/example_nested_branch_dag.py for tasks to queue
[2026-09-06T09:35:04.838+0000] {logging_mixin.py:190} INFO - [2026-09-06T09:35:04.838+0000] {dagbag.py:588} INFO - Filling up the DagBag from /home/airflow/.local/lib/python3.12/site-packages/airflow/example_dags/example_nested_branch_dag.py
[2026-09-06T09:35:04.850+0000] {processor.py:925} INFO - DAG(s) 'example_nested_branch_dag' retrieved from /home/airflow/.local/lib/python3.12/site-packages/airflow/example_dags/example_nested_branch_dag.py
[2026-09-06T09:35:04.870+0000] {logging_mixin.py:190} INFO - [2026-09-06T09:35:04.870+0000] {dag.py:3239} INFO - Sync 1 DAGs
[2026-09-06T09:35:04.888+0000] {logging_mixin.py:190} INFO - [2026-09-06T09:35:04.888+0000] {dag.py:4180} INFO - Setting next_dagrun for example_nested_branch_dag to 2026-09-05 00:00:00+00:00, run_after=2026-09-06 00:00:00+00:00
[2026-09-06T09:35:04.903+0000] {processor.py:208} INFO - Processing /home/airflow/.local/lib/python3.12/site-packages/airflow/example_dags/example_nested_branch_dag.py took 0.080 seconds
[2026-09-06T09:35:35.413+0000] {processor.py:186} INFO - Started process (PID=5267) to work on /home/airflow/.local/lib/python3.12/site-packages/airflow/example_dags/example_nested_branch_dag.py
[2026-09-06T09:35:35.414+0000] {processor.py:914} INFO - Processing file /home/airflow/.local/lib/python3.12/site-packages/airflow/example_dags/example_nested_branch_dag.py for tasks to queue
[2026-09-06T09:35:35.417+0000] {logging_mixin.py:190} INFO - [2026-09-06T09:35:35.417+0000] {dagbag.py:588} INFO - Filling up the DagBag from /home/airflow/.local/lib/python3.12/site-packages/airflow/example_dags/example_nested_branch_dag.py
[2026-09-06T09:35:35.426+0000] {processor.py:925} INFO - DAG(s) 'example_nested_branch_dag' retrieved from /home/airflow/.local/lib/python3.12/site-packages/airflow/example_dags/example_nested_branch_dag.py
[2026-09-06T09:35:35.442+0000] {logging_mixin.py:190} INFO - [2026-09-06T09:35:35.442+0000] {dag.py:3239} INFO - Sync 1 DAGs
[2026-09-06T09:35:35.458+0000] {logging_mixin.py:190} INFO - [2026-09-06T09:35:35.458+0000] {dag.py:4180} INFO - Setting next_dagrun for example_nested_branch_dag to 2026-09-05 00:00:00+00:00, run_after=2026-09-06 00:00:00+00:00
[2026-09-06T09:35:35.472+0000] {processor.py:208} INFO - Processing /home/airflow/.local/lib/python3.12/site-packages/airflow/example_dags/example_nested_branch_dag.py took 0.064 seconds
[2026-09-06T09:36:06.021+0000] {processor.py:186} INFO - Started process (PID=5331) to work on /home/airflow/.local/lib/python3.12/site-packages/airflow/example_dags/example_nested_branch_dag.py
[2026-09-06T09:36:06.022+0000] {processor.py:914} INFO - Processing file /home/airflow/.local/lib/python3.12/site-packages/airflow/example_dags/example_nested_branch_dag.py for tasks to queue
[2026-09-06T09:36:06.025+0000] {logging_mixin.py:190} INFO - [2026-09-06T09:36:06.025+0000] {dagbag.py:588} INFO - Filling up the DagBag from /home/airflow/.local/lib/python3.12/site-packages/airflow/example_dags/example_nested_branch_dag.py
[2026-09-06T09:36:06.034+0000] {processor.py:925} INFO - DAG(s) 'example_nested_branch_dag' retrieved from /home/airflow/.local/lib/python3.12/site-packages/airflow/example_dags/example_nested_branch_dag.py
[2026-09-06T09:36:06.051+0000] {logging_mixin.py:190} INFO - [2026-09-06T09:36:06.051+0000] {dag.py:3239} INFO - Sync 1 DAGs
[2026-09-06T09:36:06.068+0000] {logging_mixin.py:190} INFO - [2026-09-06T09:36:06.068+0000] {dag.py:4180} INFO - Setting next_dagrun for example_nested_branch_dag to 2026-09-05 00:00:00+00:00, run_after=2026-09-06 00:00:00+00:00
[2026-09-06T09:36:06.082+0000] {processor.py:208} INFO - Processing /home/airflow/.local/lib/python3.12/site-packages/airflow/example_dags/example_nested_branch_dag.py took 0.065 seconds
[2026-09-06T09:36:36.132+0000] {processor.py:186} INFO - Started process (PID=5395) to work on /home/airflow/.local/lib/python3.12/site-packages/airflow/example_dags/example_nested_branch_dag.py
[2026-09-06T09:36:36.133+0000] {processor.py:914} INFO - Processing file /home/airflow/.local/lib/python3.12/site-packages/airflow/example_dags/example_nested_branch_dag.py for tasks to queue
[2026-09-06T09:36:36.135+0000] {logging_mixin.py:190} INFO - [2026-09-06T09:36:36.135+0000] {dagbag.py:588} INFO - Filling up the DagBag from /home/airflow/.local/lib/python3.12/site-packages/airflow/example_dags/example_nested_branch_dag.py
[2026-09-06T09:36:36.144+0000] {processor.py:925} INFO - DAG(s) 'example_nested_branch_dag' retrieved from /home/airflow/.local/lib/python3.12/site-packages/airflow/example_dags/example_nested_branch_dag.py
[2026-09-06T09:36:36.159+0000] {logging_mixin.py:190} INFO - [2026-09-06T09:36:36.159+0000] {dag.py:3239} INFO - Sync 1 DAGs
[2026-09-06T09:36:36.175+0000] {logging_mixin.py:190} INFO - [2026-09-06T09:36:36.175+0000] {dag.py:4180} INFO - Setting next_dagrun for example_nested_branch_dag to 2026-09-05 00:00:00+00:00, run_after=2026-09-06 00:00:00+00:00
[2026-09-06T09:36:36.189+0000] {processor.py:208} INFO - Processing /home/airflow/.local/lib/python3.12/site-packages/airflow/example_dags/example_nested_branch_dag.py took 0.062 seconds
[2026-09-06T09:37:07.130+0000] {processor.py:186} INFO - Started process (PID=5459) to work on /home/airflow/.local/lib/python3.12/site-packages/airflow/example_dags/example_nested_branch_dag.py
[2026-09-06T09:37:07.131+0000] {processor.py:914} INFO - Processing file /home/airflow/.local/lib/python3.12/site-packages/airflow/example_dags/example_nested_branch_dag.py for tasks to queue
[2026-09-06T09:37:07.133+0000] {logging_mixin.py:190} INFO - [2026-09-06T09:37:07.133+0000] {dagbag.py:588} INFO - Filling up the DagBag from /home/airflow/.local/lib/python3.12/site-packages/airflow/example_dags/example_nested_branch_dag.py
[2026-09-06T09:37:07.142+0000] {processor.py:925} INFO - DAG(s) 'example_nested_branch_dag' retrieved from /home/airflow/.local/lib/python3.12/site-packages/airflow/example_dags/example_nested_branch_dag.py
[2026-09-06T09:37:07.160+0000] {logging_mixin.py:190} INFO - [2026-09-06T09:37:07.160+0000] {dag.py:3239} INFO - Sync 1 DAGs
[2026-09-06T09:37:07.178+0000] {logging_mixin.py:190} INFO - [2026-09-06T09:37:07.178+0000] {dag.py:4180} INFO - Setting next_dagrun for example_nested_branch_dag to 2026-09-05 00:00:00+00:00, run_after=2026-09-06 00:00:00+00:00
[2026-09-06T09:37:07.193+0000] {processor.py:208} INFO - Processing /home/airflow/.local/lib/python3.12/site-packages/airflow/example_dags/example_nested_branch_dag.py took 0.068 seconds
[2026-09-06T09:37:37.318+0000] {processor.py:186} INFO - Started process (PID=5523) to work on /home/airflow/.local/lib/python3.12/site-packages/airflow/example_dags/example_nested_branch_dag.py
[2026-09-06T09:37:37.319+0000] {processor.py:914} INFO - Processing file /home/airflow/.local/lib/python3.12/site-packages/airflow/example_dags/example_nested_branch_dag.py for tasks to queue
[2026-09-06T09:37:37.321+0000] {logging_mixin.py:190} INFO - [2026-09-06T09:37:37.321+0000] {dagbag.py:588} INFO - Filling up the DagBag from /home/airflow/.local/lib/python3.12/site-packages/airflow/example_dags/example_nested_branch_dag.py
[2026-09-06T09:37:37.330+0000] {processor.py:925} INFO - DAG(s) 'example_nested_branch_dag' retrieved from /home/airflow/.local/lib/python3.12/site-packages/airflow/example_dags/example_nested_branch_dag.py
[2026-09-06T09:37:37.347+0000] {logging_mixin.py:190} INFO - [2026-09-06T09:37:37.347+0000] {dag.py:3239} INFO - Sync 1 DAGs
[2026-09-06T09:37:37.364+0000] {logging_mixin.py:190} INFO - [2026-09-06T09:37:37.364+0000] {dag.py:4180} INFO - Setting next_dagrun for example_nested_branch_dag to 2026-09-05 00:00:00+00:00, run_after=2026-09-06 00:00:00+00:00
[2026-09-06T09:37:37.379+0000] {processor.py:208} INFO - Processing /home/airflow/.local/lib/python3.12/site-packages/airflow/example_dags/example_nested_branch_dag.py took 0.066 seconds
[2026-09-06T09:38:07.651+0000] {processor.py:186} INFO - Started process (PID=5587) to work on /home/airflow/.local/lib/python3.12/site-packages/airflow/example_dags/example_nested_branch_dag.py
[2026-09-06T09:38:07.652+0000] {processor.py:914} INFO - Processing file /home/airflow/.local/lib/python3.12/site-packages/airflow/example_dags/example_nested_branch_dag.py for tasks to queue
[2026-09-06T09:38:07.655+0000] {logging_mixin.py:190} INFO - [2026-09-06T09:38:07.655+0000] {dagbag.py:588} INFO - Filling up the DagBag from /home/airflow/.local/lib/python3.12/site-packages/airflow/example_dags/example_nested_branch_dag.py
[2026-09-06T09:38:07.664+0000] {processor.py:925} INFO - DAG(s) 'example_nested_branch_dag' retrieved from /home/airflow/.local/lib/python3.12/site-packages/airflow/example_dags/example_nested_branch_dag.py
[2026-09-06T09:38:07.681+0000] {logging_mixin.py:190} INFO - [2026-09-06T09:38:07.681+0000] {dag.py:3239} INFO - Sync 1 DAGs
[2026-09-06T09:38:07.698+0000] {logging_mixin.py:190} INFO - [2026-09-06T09:38:07.698+0000] {dag.py:4180} INFO - Setting next_dagrun for example_nested_branch_dag to 2026-09-05 00:00:00+00:00, run_after=2026-09-06 00:00:00+00:00
[2026-09-06T09:38:07.713+0000] {processor.py:208} INFO - Processing /home/airflow/.local/lib/python3.12/site-packages/airflow/example_dags/example_nested_branch_dag.py took 0.066 seconds
[2026-09-06T09:38:38.277+0000] {processor.py:186} INFO - Started process (PID=5651) to work on /home/airflow/.local/lib/python3.12/site-packages/airflow/example_dags/example_nested_branch_dag.py
[2026-09-06T09:38:38.279+0000] {processor.py:914} INFO - Processing file /home/airflow/.local/lib/python3.12/site-packages/airflow/example_dags/example_nested_branch_dag.py for tasks to queue
[2026-09-06T09:38:38.281+0000] {logging_mixin.py:190} INFO - [2026-09-06T09:38:38.281+0000] {dagbag.py:588} INFO - Filling up the DagBag from /home/airflow/.local/lib/python3.12/site-packages/airflow/example_dags/example_nested_branch_dag.py
[2026-09-06T09:38:38.292+0000] {processor.py:925} INFO - DAG(s) 'example_nested_branch_dag' retrieved from /home/airflow/.local/lib/python3.12/site-packages/airflow/example_dags/example_nested_branch_dag.py
[2026-09-06T09:38:38.312+0000] {logging_mixin.py:190} INFO - [2026-09-06T09:38:38.312+0000] {dag.py:3239} INFO - Sync 1 DAGs
[2026-09-06T09:38:38.333+0000] {logging_mixin.py:190} INFO - [2026-09-06T09:38:38.333+0000] {dag.py:4180} INFO - Setting next_dagrun for example_nested_branch_dag to 2026-09-05 00:00:00+00:00, run_after=2026-09-06 00:00:00+00:00
[2026-09-06T09:38:38.350+0000] {processor.py:208} INFO - Processing /home/airflow/.local/lib/python3.12/site-packages/airflow/example_dags/example_nested_branch_dag.py took 0.078 seconds
[2026-09-06T09:39:09.102+0000] {processor.py:186} INFO - Started process (PID=5715) to work on /home/airflow/.local/lib/python3.12/site-packages/airflow/example_dags/example_nested_branch_dag.py
[2026-09-06T09:39:09.103+0000] {processor.py:914} INFO - Processing file /home/airflow/.local/lib/python3.12/site-packages/airflow/example_dags/example_nested_branch_dag.py for tasks to queue
[2026-09-06T09:39:09.106+0000] {logging_mixin.py:190} INFO - [2026-09-06T09:39:09.105+0000] {dagbag.py:588} INFO - Filling up the DagBag from /home/airflow/.local/lib/python3.12/site-packages/airflow/example_dags/example_nested_branch_dag.py
[2026-09-06T09:39:09.114+0000] {processor.py:925} INFO - DAG(s) 'example_nested_branch_dag' retrieved from /home/airflow/.local/lib/python3.12/site-packages/airflow/example_dags/example_nested_branch_dag.py
[2026-09-06T09:39:09.130+0000] {logging_mixin.py:190} INFO - [2026-09-06T09:39:09.130+0000] {dag.py:3239} INFO - Sync 1 DAGs
[2026-09-06T09:39:09.146+0000] {logging_mixin.py:190} INFO - [2026-09-06T09:39:09.146+0000] {dag.py:4180} INFO - Setting next_dagrun for example_nested_branch_dag to 2026-09-05 00:00:00+00:00, run_after=2026-09-06 00:00:00+00:00
[2026-09-06T09:39:09.159+0000] {processor.py:208} INFO - Processing /home/airflow/.local/lib/python3.12/site-packages/airflow/example_dags/example_nested_branch_dag.py took 0.061 seconds
[2026-09-06T09:39:39.296+0000] {processor.py:186} INFO - Started process (PID=5779) to work on /home/airflow/.local/lib/python3.12/site-packages/airflow/example_dags/example_nested_branch_dag.py
[2026-09-06T09:39:39.297+0000] {processor.py:914} INFO - Processing file /home/airflow/.local/lib/python3.12/site-packages/airflow/example_dags/example_nested_branch_dag.py for tasks to queue
[2026-09-06T09:39:39.299+0000] {logging_mixin.py:190} INFO - [2026-09-06T09:39:39.299+0000] {dagbag.py:588} INFO - Filling up the DagBag from /home/airflow/.local/lib/python3.12/site-packages/airflow/example_dags/example_nested_branch_dag.py
[2026-09-06T09:39:39.308+0000] {processor.py:925} INFO - DAG(s) 'example_nested_branch_dag' retrieved from /home/airflow/.local/lib/python3.12/site-packages/airflow/example_dags/example_nested_branch_dag.py
[2026-09-06T09:39:39.324+0000] {logging_mixin.py:190} INFO - [2026-09-06T09:39:39.324+0000] {dag.py:3239} INFO - Sync 1 DAGs
[2026-09-06T09:39:39.341+0000] {logging_mixin.py:190} INFO - [2026-09-06T09:39:39.341+0000] {dag.py:4180} INFO - Setting next_dagrun for example_nested_branch_dag to 2026-09-05 00:00:00+00:00, run_after=2026-09-06 00:00:00+00:00
[2026-09-06T09:39:39.354+0000] {processor.py:208} INFO - Processing /home/airflow/.local/lib/python3.12/site-packages/airflow/example_dags/example_nested_branch_dag.py took 0.063 seconds
[2026-09-06T09:40:09.597+0000] {processor.py:186} INFO - Started process (PID=5843) to work on /home/airflow/.local/lib/python3.12/site-packages/airflow/example_dags/example_nested_branch_dag.py
[2026-09-06T09:40:09.599+0000] {processor.py:914} INFO - Processing file /home/airflow/.local/lib/python3.12/site-packages/airflow/example_dags/example_nested_branch_dag.py for tasks to queue
[2026-09-06T09:40:09.601+0000] {logging_mixin.py:190} INFO - [2026-09-06T09:40:09.601+0000] {dagbag.py:588} INFO - Filling up the DagBag from /home/airflow/.local/lib/python3.12/site-packages/airflow/example_dags/example_nested_branch_dag.py
[2026-09-06T09:40:09.613+0000] {processor.py:925} INFO - DAG(s) 'example_nested_branch_dag' retrieved from /home/airflow/.local/lib/python3.12/site-packages/airflow/example_dags/example_nested_branch_dag.py
[2026-09-06T09:40:09.631+0000] {logging_mixin.py:190} INFO - [2026-09-06T09:40:09.631+0000] {dag.py:3239} INFO - Sync 1 DAGs
[2026-09-06T09:40:09.657+0000] {logging_mixin.py:190} INFO - [2026-09-06T09:40:09.657+0000] {dag.py:4180} INFO - Setting next_dagrun for example_nested_branch_dag to 2026-09-05 00:00:00+00:00, run_after=2026-09-06 00:00:00+00:00
[2026-09-06T09:40:09.680+0000] {processor.py:208} INFO - Processing /home/airflow/.local/lib/python3.12/site-packages/airflow/example_dags/example_nested_branch_dag.py took 0.088 seconds
[2026-09-06T09:40:39.835+0000] {processor.py:186} INFO - Started process (PID=5907) to work on /home/airflow/.local/lib/python3.12/site-packages/airflow/example_dags/example_nested_branch_dag.py
[2026-09-06T09:40:39.836+0000] {processor.py:914} INFO - Processing file /home/airflow/.local/lib/python3.12/site-packages/airflow/example_dags/example_nested_branch_dag.py for tasks to queue
[2026-09-06T09:40:39.839+0000] {logging_mixin.py:190} INFO - [2026-09-06T09:40:39.838+0000] {dagbag.py:588} INFO - Filling up the DagBag from /home/airflow/.local/lib/python3.12/site-packages/airflow/example_dags/example_nested_branch_dag.py
[2026-09-06T09:40:39.847+0000] {processor.py:925} INFO - DAG(s) 'example_nested_branch_dag' retrieved from /home/airflow/.local/lib/python3.12/site-packages/airflow/example_dags/example_nested_branch_dag.py
[2026-09-06T09:40:39.864+0000] {logging_mixin.py:190} INFO - [2026-09-06T09:40:39.864+0000] {dag.py:3239} INFO - Sync 1 DAGs
[2026-09-06T09:40:39.881+0000] {logging_mixin.py:190} INFO - [2026-09-06T09:40:39.881+0000] {dag.py:4180} INFO - Setting next_dagrun for example_nested_branch_dag to 2026-09-05 00:00:00+00:00, run_after=2026-09-06 00:00:00+00:00
[2026-09-06T09:40:39.895+0000] {processor.py:208} INFO - Processing /home/airflow/.local/lib/python3.12/site-packages/airflow/example_dags/example_nested_branch_dag.py took 0.065 seconds
[2026-09-06T09:41:10.140+0000] {processor.py:186} INFO - Started process (PID=5971) to work on /home/airflow/.local/lib/python3.12/site-packages/airflow/example_dags/example_nested_branch_dag.py
[2026-09-06T09:41:10.141+0000] {processor.py:914} INFO - Processing file /home/airflow/.local/lib/python3.12/site-packages/airflow/example_dags/example_nested_branch_dag.py for tasks to queue
[2026-09-06T09:41:10.143+0000] {logging_mixin.py:190} INFO - [2026-09-06T09:41:10.143+0000] {dagbag.py:588} INFO - Filling up the DagBag from /home/airflow/.local/lib/python3.12/site-packages/airflow/example_dags/example_nested_branch_dag.py
[2026-09-06T09:41:10.153+0000] {processor.py:925} INFO - DAG(s) 'example_nested_branch_dag' retrieved from /home/airflow/.local/lib/python3.12/site-packages/airflow/example_dags/example_nested_branch_dag.py
[2026-09-06T09:41:10.170+0000] {logging_mixin.py:190} INFO - [2026-09-06T09:41:10.169+0000] {dag.py:3239} INFO - Sync 1 DAGs
[2026-09-06T09:41:10.186+0000] {logging_mixin.py:190} INFO - [2026-09-06T09:41:10.186+0000] {dag.py:4180} INFO - Setting next_dagrun for example_nested_branch_dag to 2026-09-05 00:00:00+00:00, run_after=2026-09-06 00:00:00+00:00
[2026-09-06T09:41:10.199+0000] {processor.py:208} INFO - Processing /home/airflow/.local/lib/python3.12/site-packages/airflow/example_dags/example_nested_branch_dag.py took 0.064 seconds
[2026-09-06T09:41:40.901+0000] {processor.py:186} INFO - Started process (PID=6035) to work on /home/airflow/.local/lib/python3.12/site-packages/airflow/example_dags/example_nested_branch_dag.py
[2026-09-06T09:41:40.902+0000] {processor.py:914} INFO - Processing file /home/airflow/.local/lib/python3.12/site-packages/airflow/example_dags/example_nested_branch_dag.py for tasks to queue
[2026-09-06T09:41:40.905+0000] {logging_mixin.py:190} INFO - [2026-09-06T09:41:40.904+0000] {dagbag.py:588} INFO - Filling up the DagBag from /home/airflow/.local/lib/python3.12/site-packages/airflow/example_dags/example_nested_branch_dag.py
[2026-09-06T09:41:40.915+0000] {processor.py:925} INFO - DAG(s) 'example_nested_branch_dag' retrieved from /home/airflow/.local/lib/python3.12/site-packages/airflow/example_dags/example_nested_branch_dag.py
[2026-09-06T09:41:40.934+0000] {logging_mixin.py:190} INFO - [2026-09-06T09:41:40.934+0000] {dag.py:3239} INFO - Sync 1 DAGs
[2026-09-06T09:41:40.953+0000] {logging_mixin.py:190} INFO - [2026-09-06T09:41:40.953+0000] {dag.py:4180} INFO - Setting next_dagrun for example_nested_branch_dag to 2026-09-05 00:00:00+00:00, run_after=2026-09-06 00:00:00+00:00
[2026-09-06T09:41:40.971+0000] {processor.py:208} INFO - Processing /home/airflow/.local/lib/python3.12/site-packages/airflow/example_dags/example_nested_branch_dag.py took 0.075 seconds
