[2026-09-06T08:53:56.109+0000] {processor.py:186} INFO - Started process (PID=65) to work on /home/airflow/.local/lib/python3.12/site-packages/airflow/example_dags/example_xcomargs.py
[2026-09-06T08:53:56.111+0000] {processor.py:914} INFO - Processing file /home/airflow/.local/lib/python3.12/site-packages/airflow/example_dags/example_xcomargs.py for tasks to queue
[2026-09-06T08:53:56.115+0000] {logging_mixin.py:190} INFO - [2026-09-06T08:53:56.114+0000] {dagbag.py:588} INFO - Filling up the DagBag from /home/airflow/.local/lib/python3.12/site-packages/airflow/example_dags/example_xcomargs.py
[2026-09-06T08:53:56.142+0000] {processor.py:925} INFO - DAG(s) 'example_xcom_args', 'example_xcom_args_with_operators' retrieved from /home/airflow/.local/lib/python3.12/site-packages/airflow/example_dags/example_xcomargs.py
[2026-09-06T08:53:56.294+0000] {logging_mixin.py:190} INFO - [2026-09-06T08:53:56.293+0000] {override.py:1911} INFO - Created Permission View: can edit on DAG:example_xcom_args
[2026-09-06T08:53:56.306+0000] {logging_mixin.py:190} INFO - [2026-09-06T08:53:56.305+0000] {override.py:1911} INFO - Created Permission View: can delete on DAG:example_xcom_args
[2026-09-06T08:53:56.313+0000] {logging_mixin.py:190} INFO - [2026-09-06T08:53:56.313+0000] {override.py:1911} INFO - Created Permission View: can read on DAG:example_xcom_args
[2026-09-06T08:53:56.323+0000] {logging_mixin.py:190} INFO - [2026-09-06T08:53:56.323+0000] {override.py:1911} INFO - Created Permission View: can create on DAG Run:example_xcom_args
[2026-09-06T08:53:56.330+0000] {logging_mixin.py:190} INFO - [2026-09-06T08:53:56.330+0000] {override.py:1911} INFO - Created Permission View: can delete on DAG Run:example_xcom_args
[2026-09-06T08:53:56.337+0000] {logging_mixin.py:190} INFO - [2026-09-06T08:53:56.337+0000] {override.py:1911} INFO - Created Permission View: can read on DAG Run:example_xcom_args
[2026-09-06T08:53:56.344+0000] {logging_mixin.py:190} INFO - [2026-09-06T08:53:56.344+0000] {override.py:1911} INFO - Created Permission View: menu access on DAG Run:example_xcom_args
[2026-09-06T08:53:56.361+0000] {logging_mixin.py:190} INFO - [2026-09-06T08:53:56.360+0000] {override.py:1911} INFO - Created Permission View: can edit on DAG:example_xcom_args_with_operators
[2026-09-06T08:53:56.367+0000] {logging_mixin.py:190} INFO - [2026-09-06T08:53:56.367+0000] {override.py:1911} INFO - Created Permission View: can delete on DAG:example_xcom_args_with_operators
[2026-09-06T08:53:56.374+0000] {logging_mixin.py:190} INFO - [2026-09-06T08:53:56.374+0000] {override.py:1911} INFO - Created Permission View: can read on DAG:example_xcom_args_with_operators
[2026-09-06T08:53:56.383+0000] {logging_mixin.py:190} INFO - [2026-09-06T08:53:56.383+0000] {override.py:1911} INFO - Created Permission View: can create on DAG Run:example_xcom_args_with_operators
[2026-09-06T08:53:56.390+0000] {logging_mixin.py:190} INFO - [2026-09-06T08:53:56.390+0000] {override.py:1911} INFO - Created Permission View: can delete on DAG Run:example_xcom_args_with_operators
[2026-09-06T08:53:56.399+0000] {logging_mixin.py:190} INFO - [2026-09-06T08:53:56.398+0000] {override.py:1911} INFO - Created Permission View: can read on DAG Run:example_xcom_args_with_operators
[2026-09-06T08:53:56.406+0000] {logging_mixin.py:190} INFO - [2026-09-06T08:53:56.406+0000] {override.py:1911} INFO - Created Permission View: menu access on DAG Run:example_xcom_args_with_operators
[2026-09-06T08:53:56.407+0000] {logging_mixin.py:190} INFO - [2026-09-06T08:53:56.407+0000] {dag.py:3239} INFO - Sync 2 DAGs
[2026-09-06T08:53:56.422+0000] {logging_mixin.py:190} INFO - [2026-09-06T08:53:56.422+0000] {dag.py:3262} INFO - Creating ORM DAG for example_xcom_args_with_operators
[2026-09-06T08:53:56.423+0000] {logging_mixin.py:190} INFO - [2026-09-06T08:53:56.423+0000] {dag.py:3262} INFO - Creating ORM DAG for example_xcom_args
[2026-09-06T08:53:56.424+0000] {logging_mixin.py:190} INFO - [2026-09-06T08:53:56.423+0000] {dag.py:4180} INFO - Setting next_dagrun for example_xcom_args to None, run_after=None
[2026-09-06T08:53:56.424+0000] {logging_mixin.py:190} INFO - [2026-09-06T08:53:56.424+0000] {dag.py:4180} INFO - Setting next_dagrun for example_xcom_args_with_operators to None, run_after=None
[2026-09-06T08:53:56.442+0000] {processor.py:208} INFO - Processing /home/airflow/.local/lib/python3.12/site-packages/airflow/example_dags/example_xcomargs.py took 0.342 seconds
[2026-09-06T08:54:26.963+0000] {processor.py:186} INFO - Started process (PID=128) to work on /home/airflow/.local/lib/python3.12/site-packages/airflow/example_dags/example_xcomargs.py
[2026-09-06T08:54:26.964+0000] {processor.py:914} INFO - Processing file /home/airflow/.local/lib/python3.12/site-packages/airflow/example_dags/example_xcomargs.py for tasks to queue
[2026-09-06T08:54:26.966+0000] {logging_mixin.py:190} INFO - [2026-09-06T08:54:26.966+0000] {dagbag.py:588} INFO - Filling up the DagBag from /home/airflow/.local/lib/python3.12/site-packages/airflow/example_dags/example_xcomargs.py
[2026-09-06T08:54:26.976+0000] {processor.py:925} INFO - DAG(s) 'example_xcom_args_with_operators', 'example_xcom_args' retrieved from /home/airflow/.local/lib/python3.12/site-packages/airflow/example_dags/example_xcomargs.py
[2026-09-06T08:54:26.996+0000] {logging_mixin.py:190} INFO - [2026-09-06T08:54:26.996+0000] {dag.py:3239} INFO - Sync 2 DAGs
[2026-09-06T08:54:27.010+0000] {logging_mixin.py:190} INFO - [2026-09-06T08:54:27.009+0000] {dag.py:4180} INFO - Setting next_dagrun for example_xcom_args to None, run_after=None
[2026-09-06T08:54:27.013+0000] {logging_mixin.py:190} INFO - [2026-09-06T08:54:27.013+0000] {dag.py:4180} INFO - Setting next_dagrun for example_xcom_args_with_operators to None, run_after=None
[2026-09-06T08:54:27.028+0000] {processor.py:208} INFO - Processing /home/airflow/.local/lib/python3.12/site-packages/airflow/example_dags/example_xcomargs.py took 0.069 seconds
[2026-09-06T08:54:57.093+0000] {processor.py:186} INFO - Started process (PID=191) to work on /home/airflow/.local/lib/python3.12/site-packages/airflow/example_dags/example_xcomargs.py
[2026-09-06T08:54:57.094+0000] {processor.py:914} INFO - Processing file /home/airflow/.local/lib/python3.12/site-packages/airflow/example_dags/example_xcomargs.py for tasks to queue
[2026-09-06T08:54:57.097+0000] {logging_mixin.py:190} INFO - [2026-09-06T08:54:57.096+0000] {dagbag.py:588} INFO - Filling up the DagBag from /home/airflow/.local/lib/python3.12/site-packages/airflow/example_dags/example_xcomargs.py
[2026-09-06T08:54:57.107+0000] {processor.py:925} INFO - DAG(s) 'example_xcom_args', 'example_xcom_args_with_operators' retrieved from /home/airflow/.local/lib/python3.12/site-packages/airflow/example_dags/example_xcomargs.py
[2026-09-06T08:54:57.126+0000] {logging_mixin.py:190} INFO - [2026-09-06T08:54:57.126+0000] {dag.py:3239} INFO - Sync 2 DAGs
[2026-09-06T08:54:57.138+0000] {logging_mixin.py:190} INFO - [2026-09-06T08:54:57.138+0000] {dag.py:4180} INFO - Setting next_dagrun for example_xcom_args to None, run_after=None
[2026-09-06T08:54:57.141+0000] {logging_mixin.py:190} INFO - [2026-09-06T08:54:57.141+0000] {dag.py:4180} INFO - Setting next_dagrun for example_xcom_args_with_operators to None, run_after=None
[2026-09-06T08:54:57.154+0000] {processor.py:208} INFO - Processing /home/airflow/.local/lib/python3.12/site-packages/airflow/example_dags/example_xcomargs.py took 0.066 seconds
[2026-09-06T08:55:27.861+0000] {processor.py:186} INFO - Started process (PID=260) to work on /home/airflow/.local/lib/python3.12/site-packages/airflow/example_dags/example_xcomargs.py
[2026-09-06T08:55:27.862+0000] {processor.py:914} INFO - Processing file /home/airflow/.local/lib/python3.12/site-packages/airflow/example_dags/example_xcomargs.py for tasks to queue
[2026-09-06T08:55:27.863+0000] {logging_mixin.py:190} INFO - [2026-09-06T08:55:27.863+0000] {dagbag.py:588} INFO - Filling up the DagBag from /home/airflow/.local/lib/python3.12/site-packages/airflow/example_dags/example_xcomargs.py
[2026-09-06T08:55:27.871+0000] {processor.py:925} INFO - DAG(s) 'example_xcom_args', 'example_xcom_args_with_operators' retrieved from /home/airflow/.local/lib/python3.12/site-packages/airflow/example_dags/example_xcomargs.py
[2026-09-06T08:55:27.889+0000] {logging_mixin.py:190} INFO - [2026-09-06T08:55:27.889+0000] {dag.py:3239} INFO - Sync 2 DAGs
[2026-09-06T08:55:27.900+0000] {logging_mixin.py:190} INFO - [2026-09-06T08:55:27.900+0000] {dag.py:4180} INFO - Setting next_dagrun for example_xcom_args to None, run_after=None
[2026-09-06T08:55:27.903+0000] {logging_mixin.py:190} INFO - [2026-09-06T08:55:27.903+0000] {dag.py:4180} INFO - Setting next_dagrun for example_xcom_args_with_operators to None, run_after=None
[2026-09-06T08:55:27.918+0000] {processor.py:208} INFO - Processing /home/airflow/.local/lib/python3.12/site-packages/airflow/example_dags/example_xcomargs.py took 0.062 seconds
[2026-09-06T08:55:58.914+0000] {processor.py:186} INFO - Started process (PID=323) to work on /home/airflow/.local/lib/python3.12/site-packages/airflow/example_dags/example_xcomargs.py
[2026-09-06T08:55:58.915+0000] {processor.py:914} INFO - Processing file /home/airflow/.local/lib/python3.12/site-packages/airflow/example_dags/example_xcomargs.py for tasks to queue
[2026-09-06T08:55:58.917+0000] {logging_mixin.py:190} INFO - [2026-09-06T08:55:58.916+0000] {dagbag.py:588} INFO - Filling up the DagBag from /home/airflow/.local/lib/python3.12/site-packages/airflow/example_dags/example_xcomargs.py
[2026-09-06T08:55:58.924+0000] {processor.py:925} INFO - DAG(s) 'example_xcom_args_with_operators', 'example_xcom_args' retrieved from /home/airflow/.local/lib/python3.12/site-packages/airflow/example_dags/example_xcomargs.py
[2026-09-06T08:55:58.942+0000] {logging_mixin.py:190} INFO - [2026-09-06T08:55:58.942+0000] {dag.py:3239} INFO - Sync 2 DAGs
[2026-09-06T08:55:58.954+0000] {logging_mixin.py:190} INFO - [2026-09-06T08:55:58.954+0000] {dag.py:4180} INFO - Setting next_dagrun for example_xcom_args to None, run_after=None
[2026-09-06T08:55:58.957+0000] {logging_mixin.py:190} INFO - [2026-09-06T08:55:58.957+0000] {dag.py:4180} INFO - Setting next_dagrun for example_xcom_args_with_operators to None, run_after=None
[2026-09-06T08:55:58.974+0000] {processor.py:208} INFO - Processing /home/airflow/.local/lib/python3.12/site-packages/airflow/example_dags/example_xcomargs.py took 0.064 seconds
[2026-09-06T08:56:29.660+0000] {processor.py:186} INFO - Started process (PID=386) to work on /home/airflow/.local/lib/python3.12/site-packages/airflow/example_dags/example_xcomargs.py
[2026-09-06T08:56:29.661+0000] {processor.py:914} INFO - Processing file /home/airflow/.local/lib/python3.12/site-packages/airflow/example_dags/example_xcomargs.py for tasks to queue
[2026-09-06T08:56:29.663+0000] {logging_mixin.py:190} INFO - [2026-09-06T08:56:29.663+0000] {dagbag.py:588} INFO - Filling up the DagBag from /home/airflow/.local/lib/python3.12/site-packages/airflow/example_dags/example_xcomargs.py
[2026-09-06T08:56:29.671+0000] {processor.py:925} INFO - DAG(s) 'example_xcom_args_with_operators', 'example_xcom_args' retrieved from /home/airflow/.local/lib/python3.12/site-packages/airflow/example_dags/example_xcomargs.py
[2026-09-06T08:56:29.687+0000] {logging_mixin.py:190} INFO - [2026-09-06T08:56:29.687+0000] {dag.py:3239} INFO - Sync 2 DAGs
[2026-09-06T08:56:29.698+0000] {logging_mixin.py:190} INFO - [2026-09-06T08:56:29.698+0000] {dag.py:4180} INFO - Setting next_dagrun for example_xcom_args to None, run_after=None
[2026-09-06T08:56:29.701+0000] {logging_mixin.py:190} INFO - [2026-09-06T08:56:29.701+0000] {dag.py:4180} INFO - Setting next_dagrun for example_xcom_args_with_operators to None, run_after=None
[2026-09-06T08:56:29.713+0000] {processor.py:208} INFO - Processing /home/airflow/.local/lib/python3.12/site-packages/airflow/example_dags/example_xcomargs.py took 0.057 seconds
[2026-09-06T08:56:59.799+0000] {processor.py:186} INFO - Started process (PID=449) to work on /home/airflow/.local/lib/python3.12/site-packages/airflow/example_dags/example_xcomargs.py
[2026-09-06T08:56:59.800+0000] {processor.py:914} INFO - Processing file /home/airflow/.local/lib/python3.12/site-packages/airflow/example_dags/example_xcomargs.py for tasks to queue
[2026-09-06T08:56:59.802+0000] {logging_mixin.py:190} INFO - [2026-09-06T08:56:59.801+0000] {dagbag.py:588} INFO - Filling up the DagBag from /home/airflow/.local/lib/python3.12/site-packages/airflow/example_dags/example_xcomargs.py
[2026-09-06T08:56:59.809+0000] {processor.py:925} INFO - DAG(s) 'example_xcom_args', 'example_xcom_args_with_operators' retrieved from /home/airflow/.local/lib/python3.12/site-packages/airflow/example_dags/example_xcomargs.py
[2026-09-06T08:56:59.828+0000] {logging_mixin.py:190} INFO - [2026-09-06T08:56:59.828+0000] {dag.py:3239} INFO - Sync 2 DAGs
[2026-09-06T08:56:59.841+0000] {logging_mixin.py:190} INFO - [2026-09-06T08:56:59.841+0000] {dag.py:4180} INFO - Setting next_dagrun for example_xcom_args to None, run_after=None
[2026-09-06T08:56:59.844+0000] {logging_mixin.py:190} INFO - [2026-09-06T08:56:59.844+0000] {dag.py:4180} INFO - Setting next_dagrun for example_xcom_args_with_operators to None, run_after=None
[2026-09-06T08:56:59.857+0000] {processor.py:208} INFO - Processing /home/airflow/.local/lib/python3.12/site-packages/airflow/example_dags/example_xcomargs.py took 0.062 seconds
[2026-09-06T08:57:30.467+0000] {processor.py:186} INFO - Started process (PID=512) to work on /home/airflow/.local/lib/python3.12/site-packages/airflow/example_dags/example_xcomargs.py
[2026-09-06T08:57:30.468+0000] {processor.py:914} INFO - Processing file /home/airflow/.local/lib/python3.12/site-packages/airflow/example_dags/example_xcomargs.py for tasks to queue
[2026-09-06T08:57:30.470+0000] {logging_mixin.py:190} INFO - [2026-09-06T08:57:30.470+0000] {dagbag.py:588} INFO - Filling up the DagBag from /home/airflow/.local/lib/python3.12/site-packages/airflow/example_dags/example_xcomargs.py
[2026-09-06T08:57:30.477+0000] {processor.py:925} INFO - DAG(s) 'example_xcom_args_with_operators', 'example_xcom_args' retrieved from /home/airflow/.local/lib/python3.12/site-packages/airflow/example_dags/example_xcomargs.py
[2026-09-06T08:57:30.497+0000] {logging_mixin.py:190} INFO - [2026-09-06T08:57:30.497+0000] {dag.py:3239} INFO - Sync 2 DAGs
[2026-09-06T08:57:30.508+0000] {logging_mixin.py:190} INFO - [2026-09-06T08:57:30.508+0000] {dag.py:4180} INFO - Setting next_dagrun for example_xcom_args to None, run_after=None
[2026-09-06T08:57:30.511+0000] {logging_mixin.py:190} INFO - [2026-09-06T08:57:30.511+0000] {dag.py:4180} INFO - Setting next_dagrun for example_xcom_args_with_operators to None, run_after=None
[2026-09-06T08:57:30.525+0000] {processor.py:208} INFO - Processing /home/airflow/.local/lib/python3.12/site-packages/airflow/example_dags/example_xcomargs.py took 0.062 seconds
[2026-09-06T08:58:00.641+0000] {processor.py:186} INFO - Started process (PID=575) to work on /home/airflow/.local/lib/python3.12/site-packages/airflow/example_dags/example_xcomargs.py
[2026-09-06T08:58:00.642+0000] {processor.py:914} INFO - Processing file /home/airflow/.local/lib/python3.12/site-packages/airflow/example_dags/example_xcomargs.py for tasks to queue
[2026-09-06T08:58:00.644+0000] {logging_mixin.py:190} INFO - [2026-09-06T08:58:00.644+0000] {dagbag.py:588} INFO - Filling up the DagBag from /home/airflow/.local/lib/python3.12/site-packages/airflow/example_dags/example_xcomargs.py
[2026-09-06T08:58:00.652+0000] {processor.py:925} INFO - DAG(s) 'example_xcom_args_with_operators', 'example_xcom_args' retrieved from /home/airflow/.local/lib/python3.12/site-packages/airflow/example_dags/example_xcomargs.py
[2026-09-06T08:58:00.672+0000] {logging_mixin.py:190} INFO - [2026-09-06T08:58:00.671+0000] {dag.py:3239} INFO - Sync 2 DAGs
[2026-09-06T08:58:00.685+0000] {logging_mixin.py:190} INFO - [2026-09-06T08:58:00.684+0000] {dag.py:4180} INFO - Setting next_dagrun for example_xcom_args to None, run_after=None
[2026-09-06T08:58:00.688+0000] {logging_mixin.py:190} INFO - [2026-09-06T08:58:00.688+0000] {dag.py:4180} INFO - Setting next_dagrun for example_xcom_args_with_operators to None, run_after=None
[2026-09-06T08:58:00.704+0000] {processor.py:208} INFO - Processing /home/airflow/.local/lib/python3.12/site-packages/airflow/example_dags/example_xcomargs.py took 0.067 seconds
[2026-09-06T08:58:31.133+0000] {processor.py:186} INFO - Started process (PID=638) to work on /home/airflow/.local/lib/python3.12/site-packages/airflow/example_dags/example_xcomargs.py
[2026-09-06T08:58:31.134+0000] {processor.py:914} INFO - Processing file /home/airflow/.local/lib/python3.12/site-packages/airflow/example_dags/example_xcomargs.py for tasks to queue
[2026-09-06T08:58:31.136+0000] {logging_mixin.py:190} INFO - [2026-09-06T08:58:31.136+0000] {dagbag.py:588} INFO - Filling up the DagBag from /home/airflow/.local/lib/python3.12/site-packages/airflow/example_dags/example_xcomargs.py
[2026-09-06T08:58:31.144+0000] {processor.py:925} INFO - DAG(s) 'example_xcom_args', 'example_xcom_args_with_operators' retrieved from /home/airflow/.local/lib/python3.12/site-packages/airflow/example_dags/example_xcomargs.py
[2026-09-06T08:58:31.162+0000] {logging_mixin.py:190} INFO - [2026-09-06T08:58:31.162+0000] {dag.py:3239} INFO - Sync 2 DAGs
[2026-09-06T08:58:31.174+0000] {logging_mixin.py:190} INFO - [2026-09-06T08:58:31.174+0000] {dag.py:4180} INFO - Setting next_dagrun for example_xcom_args to None, run_after=None
[2026-09-06T08:58:31.178+0000] {logging_mixin.py:190} INFO - [2026-09-06T08:58:31.178+0000] {dag.py:4180} INFO - Setting next_dagrun for example_xcom_args_with_operators to None, run_after=None
[2026-09-06T08:58:31.191+0000] {processor.py:208} INFO - Processing /home/airflow/.local/lib/python3.12/site-packages/airflow/example_dags/example_xcomargs.py took 0.062 seconds
[2026-09-06T08:59:01.548+0000] {processor.py:186} INFO - Started process (PID=702) to work on /home/airflow/.local/lib/python3.12/site-packages/airflow/example_dags/example_xcomargs.py
[2026-09-06T08:59:01.549+0000] {processor.py:914} INFO - Processing file /home/airflow/.local/lib/python3.12/site-packages/airflow/example_dags/example_xcomargs.py for tasks to queue
[2026-09-06T08:59:01.552+0000] {logging_mixin.py:190} INFO - [2026-09-06T08:59:01.551+0000] {dagbag.py:588} INFO - Filling up the DagBag from /home/airflow/.local/lib/python3.12/site-packages/airflow/example_dags/example_xcomargs.py
[2026-09-06T08:59:01.562+0000] {processor.py:925} INFO - DAG(s) 'example_xcom_args', 'example_xcom_args_with_operators' retrieved from /home/airflow/.local/lib/python3.12/site-packages/airflow/example_dags/example_xcomargs.py
[2026-09-06T08:59:01.580+0000] {logging_mixin.py:190} INFO - [2026-09-06T08:59:01.580+0000] {dag.py:3239} INFO - Sync 2 DAGs
[2026-09-06T08:59:01.592+0000] {logging_mixin.py:190} INFO - [2026-09-06T08:59:01.592+0000] {dag.py:4180} INFO - Setting next_dagrun for example_xcom_args to None, run_after=None
[2026-09-06T08:59:01.595+0000] {logging_mixin.py:190} INFO - [2026-09-06T08:59:01.595+0000] {dag.py:4180} INFO - Setting next_dagrun for example_xcom_args_with_operators to None, run_after=None
[2026-09-06T08:59:01.613+0000] {processor.py:208} INFO - Processing /home/airflow/.local/lib/python3.12/site-packages/airflow/example_dags/example_xcomargs.py took 0.072 seconds
[2026-09-06T08:59:31.892+0000] {processor.py:186} INFO - Started process (PID=766) to work on /home/airflow/.local/lib/python3.12/site-packages/airflow/example_dags/example_xcomargs.py
[2026-09-06T08:59:31.893+0000] {processor.py:914} INFO - Processing file /home/airflow/.local/lib/python3.12/site-packages/airflow/example_dags/example_xcomargs.py for tasks to queue
[2026-09-06T08:59:31.895+0000] {logging_mixin.py:190} INFO - [2026-09-06T08:59:31.894+0000] {dagbag.py:588} INFO - Filling up the DagBag from /home/airflow/.local/lib/python3.12/site-packages/airflow/example_dags/example_xcomargs.py
[2026-09-06T08:59:31.903+0000] {processor.py:925} INFO - DAG(s) 'example_xcom_args_with_operators', 'example_xcom_args' retrieved from /home/airflow/.local/lib/python3.12/site-packages/airflow/example_dags/example_xcomargs.py
[2026-09-06T08:59:31.922+0000] {logging_mixin.py:190} INFO - [2026-09-06T08:59:31.922+0000] {dag.py:3239} INFO - Sync 2 DAGs
[2026-09-06T08:59:31.933+0000] {logging_mixin.py:190} INFO - [2026-09-06T08:59:31.933+0000] {dag.py:4180} INFO - Setting next_dagrun for example_xcom_args to None, run_after=None
[2026-09-06T08:59:31.937+0000] {logging_mixin.py:190} INFO - [2026-09-06T08:59:31.937+0000] {dag.py:4180} INFO - Setting next_dagrun for example_xcom_args_with_operators to None, run_after=None
[2026-09-06T08:59:31.950+0000] {processor.py:208} INFO - Processing /home/airflow/.local/lib/python3.12/site-packages/airflow/example_dags/example_xcomargs.py took 0.063 seconds
[2026-09-06T09:00:02.323+0000] {processor.py:186} INFO - Started process (PID=830) to work on /home/airflow/.local/lib/python3.12/site-packages/airflow/example_dags/example_xcomargs.py
[2026-09-06T09:00:02.324+0000] {processor.py:914} INFO - Processing file /home/airflow/.local/lib/python3.12/site-packages/airflow/example_dags/example_xcomargs.py for tasks to queue
[2026-09-06T09:00:02.326+0000] {logging_mixin.py:190} INFO - [2026-09-06T09:00:02.326+0000] {dagbag.py:588} INFO - Filling up the DagBag from /home/airflow/.local/lib/python3.12/site-packages/airflow/example_dags/example_xcomargs.py
[2026-09-06T09:00:02.334+0000] {processor.py:925} INFO - DAG(s) 'example_xcom_args_with_operators', 'example_xcom_args' retrieved from /home/airflow/.local/lib/python3.12/site-packages/airflow/example_dags/example_xcomargs.py
[2026-09-06T09:00:02.351+0000] {logging_mixin.py:190} INFO - [2026-09-06T09:00:02.351+0000] {dag.py:3239} INFO - Sync 2 DAGs
[2026-09-06T09:00:02.362+0000] {logging_mixin.py:190} INFO - [2026-09-06T09:00:02.362+0000] {dag.py:4180} INFO - Setting next_dagrun for example_xcom_args to None, run_after=None
[2026-09-06T09:00:02.365+0000] {logging_mixin.py:190} INFO - [2026-09-06T09:00:02.365+0000] {dag.py:4180} INFO - Setting next_dagrun for example_xcom_args_with_operators to None, run_after=None
[2026-09-06T09:00:02.378+0000] {processor.py:208} INFO - Processing /home/airflow/.local/lib/python3.12/site-packages/airflow/example_dags/example_xcomargs.py took 0.059 seconds
[2026-09-06T09:00:32.603+0000] {processor.py:186} INFO - Started process (PID=894) to work on /home/airflow/.local/lib/python3.12/site-packages/airflow/example_dags/example_xcomargs.py
[2026-09-06T09:00:32.604+0000] {processor.py:914} INFO - Processing file /home/airflow/.local/lib/python3.12/site-packages/airflow/example_dags/example_xcomargs.py for tasks to queue
[2026-09-06T09:00:32.606+0000] {logging_mixin.py:190} INFO - [2026-09-06T09:00:32.606+0000] {dagbag.py:588} INFO - Filling up the DagBag from /home/airflow/.local/lib/python3.12/site-packages/airflow/example_dags/example_xcomargs.py
[2026-09-06T09:00:32.614+0000] {processor.py:925} INFO - DAG(s) 'example_xcom_args', 'example_xcom_args_with_operators' retrieved from /home/airflow/.local/lib/python3.12/site-packages/airflow/example_dags/example_xcomargs.py
[2026-09-06T09:00:32.633+0000] {logging_mixin.py:190} INFO - [2026-09-06T09:00:32.633+0000] {dag.py:3239} INFO - Sync 2 DAGs
[2026-09-06T09:00:32.647+0000] {logging_mixin.py:190} INFO - [2026-09-06T09:00:32.646+0000] {dag.py:4180} INFO - Setting next_dagrun for example_xcom_args to None, run_after=None
[2026-09-06T09:00:32.651+0000] {logging_mixin.py:190} INFO - [2026-09-06T09:00:32.651+0000] {dag.py:4180} INFO - Setting next_dagrun for example_xcom_args_with_operators to None, run_after=None
[2026-09-06T09:00:32.665+0000] {processor.py:208} INFO - Processing /home/airflow/.local/lib/python3.12/site-packages/airflow/example_dags/example_xcomargs.py took 0.067 seconds
[2026-09-06T09:01:03.267+0000] {processor.py:186} INFO - Started process (PID=958) to work on /home/airflow/.local/lib/python3.12/site-packages/airflow/example_dags/example_xcomargs.py
[2026-09-06T09:01:03.268+0000] {processor.py:914} INFO - Processing file /home/airflow/.local/lib/python3.12/site-packages/airflow/example_dags/example_xcomargs.py for tasks to queue
[2026-09-06T09:01:03.271+0000] {logging_mixin.py:190} INFO - [2026-09-06T09:01:03.271+0000] {dagbag.py:588} INFO - Filling up the DagBag from /home/airflow/.local/lib/python3.12/site-packages/airflow/example_dags/example_xcomargs.py
[2026-09-06T09:01:03.286+0000] {processor.py:925} INFO - DAG(s) 'example_xcom_args_with_operators', 'example_xcom_args' retrieved from /home/airflow/.local/lib/python3.12/site-packages/airflow/example_dags/example_xcomargs.py
[2026-09-06T09:01:03.307+0000] {logging_mixin.py:190} INFO - [2026-09-06T09:01:03.306+0000] {dag.py:3239} INFO - Sync 2 DAGs
[2026-09-06T09:01:03.320+0000] {logging_mixin.py:190} INFO - [2026-09-06T09:01:03.319+0000] {dag.py:4180} INFO - Setting next_dagrun for example_xcom_args to None, run_after=None
[2026-09-06T09:01:03.323+0000] {logging_mixin.py:190} INFO - [2026-09-06T09:01:03.323+0000] {dag.py:4180} INFO - Setting next_dagrun for example_xcom_args_with_operators to None, run_after=None
[2026-09-06T09:01:03.338+0000] {processor.py:208} INFO - Processing /home/airflow/.local/lib/python3.12/site-packages/airflow/example_dags/example_xcomargs.py took 0.078 seconds
[2026-09-06T09:01:33.973+0000] {processor.py:186} INFO - Started process (PID=1022) to work on /home/airflow/.local/lib/python3.12/site-packages/airflow/example_dags/example_xcomargs.py
[2026-09-06T09:01:33.974+0000] {processor.py:914} INFO - Processing file /home/airflow/.local/lib/python3.12/site-packages/airflow/example_dags/example_xcomargs.py for tasks to queue
[2026-09-06T09:01:33.976+0000] {logging_mixin.py:190} INFO - [2026-09-06T09:01:33.976+0000] {dagbag.py:588} INFO - Filling up the DagBag from /home/airflow/.local/lib/python3.12/site-packages/airflow/example_dags/example_xcomargs.py
[2026-09-06T09:01:33.984+0000] {processor.py:925} INFO - DAG(s) 'example_xcom_args', 'example_xcom_args_with_operators' retrieved from /home/airflow/.local/lib/python3.12/site-packages/airflow/example_dags/example_xcomargs.py
[2026-09-06T09:01:34.003+0000] {logging_mixin.py:190} INFO - [2026-09-06T09:01:34.003+0000] {dag.py:3239} INFO - Sync 2 DAGs
[2026-09-06T09:01:34.016+0000] {logging_mixin.py:190} INFO - [2026-09-06T09:01:34.015+0000] {dag.py:4180} INFO - Setting next_dagrun for example_xcom_args to None, run_after=None
[2026-09-06T09:01:34.018+0000] {logging_mixin.py:190} INFO - [2026-09-06T09:01:34.018+0000] {dag.py:4180} INFO - Setting next_dagrun for example_xcom_args_with_operators to None, run_after=None
[2026-09-06T09:01:34.031+0000] {processor.py:208} INFO - Processing /home/airflow/.local/lib/python3.12/site-packages/airflow/example_dags/example_xcomargs.py took 0.063 seconds
[2026-09-06T09:02:04.620+0000] {processor.py:186} INFO - Started process (PID=1086) to work on /home/airflow/.local/lib/python3.12/site-packages/airflow/example_dags/example_xcomargs.py
[2026-09-06T09:02:04.622+0000] {processor.py:914} INFO - Processing file /home/airflow/.local/lib/python3.12/site-packages/airflow/example_dags/example_xcomargs.py for tasks to queue
[2026-09-06T09:02:04.624+0000] {logging_mixin.py:190} INFO - [2026-09-06T09:02:04.624+0000] {dagbag.py:588} INFO - Filling up the DagBag from /home/airflow/.local/lib/python3.12/site-packages/airflow/example_dags/example_xcomargs.py
[2026-09-06T09:02:04.633+0000] {processor.py:925} INFO - DAG(s) 'example_xcom_args_with_operators', 'example_xcom_args' retrieved from /home/airflow/.local/lib/python3.12/site-packages/airflow/example_dags/example_xcomargs.py
[2026-09-06T09:02:04.652+0000] {logging_mixin.py:190} INFO - [2026-09-06T09:02:04.652+0000] {dag.py:3239} INFO - Sync 2 DAGs
[2026-09-06T09:02:04.664+0000] {logging_mixin.py:190} INFO - [2026-09-06T09:02:04.664+0000] {dag.py:4180} INFO - Setting next_dagrun for example_xcom_args to None, run_after=None
[2026-09-06T09:02:04.668+0000] {logging_mixin.py:190} INFO - [2026-09-06T09:02:04.668+0000] {dag.py:4180} INFO - Setting next_dagrun for example_xcom_args_with_operators to None, run_after=None
[2026-09-06T09:02:04.682+0000] {processor.py:208} INFO - Processing /home/airflow/.local/lib/python3.12/site-packages/airflow/example_dags/example_xcomargs.py took 0.066 seconds
[2026-09-06T09:02:34.918+0000] {processor.py:186} INFO - Started process (PID=1150) to work on /home/airflow/.local/lib/python3.12/site-packages/airflow/example_dags/example_xcomargs.py
[2026-09-06T09:02:34.919+0000] {processor.py:914} INFO - Processing file /home/airflow/.local/lib/python3.12/site-packages/airflow/example_dags/example_xcomargs.py for tasks to queue
[2026-09-06T09:02:34.922+0000] {logging_mixin.py:190} INFO - [2026-09-06T09:02:34.921+0000] {dagbag.py:588} INFO - Filling up the DagBag from /home/airflow/.local/lib/python3.12/site-packages/airflow/example_dags/example_xcomargs.py
[2026-09-06T09:02:34.931+0000] {processor.py:925} INFO - DAG(s) 'example_xcom_args', 'example_xcom_args_with_operators' retrieved from /home/airflow/.local/lib/python3.12/site-packages/airflow/example_dags/example_xcomargs.py
[2026-09-06T09:02:34.949+0000] {logging_mixin.py:190} INFO - [2026-09-06T09:02:34.949+0000] {dag.py:3239} INFO - Sync 2 DAGs
[2026-09-06T09:02:34.960+0000] {logging_mixin.py:190} INFO - [2026-09-06T09:02:34.960+0000] {dag.py:4180} INFO - Setting next_dagrun for example_xcom_args to None, run_after=None
[2026-09-06T09:02:34.963+0000] {logging_mixin.py:190} INFO - [2026-09-06T09:02:34.963+0000] {dag.py:4180} INFO - Setting next_dagrun for example_xcom_args_with_operators to None, run_after=None
[2026-09-06T09:02:34.976+0000] {processor.py:208} INFO - Processing /home/airflow/.local/lib/python3.12/site-packages/airflow/example_dags/example_xcomargs.py took 0.064 seconds
[2026-09-06T09:03:05.698+0000] {processor.py:186} INFO - Started process (PID=1214) to work on /home/airflow/.local/lib/python3.12/site-packages/airflow/example_dags/example_xcomargs.py
[2026-09-06T09:03:05.699+0000] {processor.py:914} INFO - Processing file /home/airflow/.local/lib/python3.12/site-packages/airflow/example_dags/example_xcomargs.py for tasks to queue
[2026-09-06T09:03:05.701+0000] {logging_mixin.py:190} INFO - [2026-09-06T09:03:05.701+0000] {dagbag.py:588} INFO - Filling up the DagBag from /home/airflow/.local/lib/python3.12/site-packages/airflow/example_dags/example_xcomargs.py
[2026-09-06T09:03:05.710+0000] {processor.py:925} INFO - DAG(s) 'example_xcom_args', 'example_xcom_args_with_operators' retrieved from /home/airflow/.local/lib/python3.12/site-packages/airflow/example_dags/example_xcomargs.py
[2026-09-06T09:03:05.729+0000] {logging_mixin.py:190} INFO - [2026-09-06T09:03:05.729+0000] {dag.py:3239} INFO - Sync 2 DAGs
[2026-09-06T09:03:05.740+0000] {logging_mixin.py:190} INFO - [2026-09-06T09:03:05.740+0000] {dag.py:4180} INFO - Setting next_dagrun for example_xcom_args to None, run_after=None
[2026-09-06T09:03:05.744+0000] {logging_mixin.py:190} INFO - [2026-09-06T09:03:05.743+0000] {dag.py:4180} INFO - Setting next_dagrun for example_xcom_args_with_operators to None, run_after=None
[2026-09-06T09:03:05.768+0000] {processor.py:208} INFO - Processing /home/airflow/.local/lib/python3.12/site-packages/airflow/example_dags/example_xcomargs.py took 0.075 seconds
[2026-09-06T09:03:35.954+0000] {processor.py:186} INFO - Started process (PID=1278) to work on /home/airflow/.local/lib/python3.12/site-packages/airflow/example_dags/example_xcomargs.py
[2026-09-06T09:03:35.955+0000] {processor.py:914} INFO - Processing file /home/airflow/.local/lib/python3.12/site-packages/airflow/example_dags/example_xcomargs.py for tasks to queue
[2026-09-06T09:03:35.958+0000] {logging_mixin.py:190} INFO - [2026-09-06T09:03:35.958+0000] {dagbag.py:588} INFO - Filling up the DagBag from /home/airflow/.local/lib/python3.12/site-packages/airflow/example_dags/example_xcomargs.py
[2026-09-06T09:03:35.975+0000] {processor.py:925} INFO - DAG(s) 'example_xcom_args_with_operators', 'example_xcom_args' retrieved from /home/airflow/.local/lib/python3.12/site-packages/airflow/example_dags/example_xcomargs.py
[2026-09-06T09:03:36.003+0000] {logging_mixin.py:190} INFO - [2026-09-06T09:03:36.003+0000] {dag.py:3239} INFO - Sync 2 DAGs
[2026-09-06T09:03:36.020+0000] {logging_mixin.py:190} INFO - [2026-09-06T09:03:36.020+0000] {dag.py:4180} INFO - Setting next_dagrun for example_xcom_args to None, run_after=None
[2026-09-06T09:03:36.025+0000] {logging_mixin.py:190} INFO - [2026-09-06T09:03:36.025+0000] {dag.py:4180} INFO - Setting next_dagrun for example_xcom_args_with_operators to None, run_after=None
[2026-09-06T09:03:36.053+0000] {processor.py:208} INFO - Processing /home/airflow/.local/lib/python3.12/site-packages/airflow/example_dags/example_xcomargs.py took 0.106 seconds
[2026-09-06T09:04:06.194+0000] {processor.py:186} INFO - Started process (PID=1342) to work on /home/airflow/.local/lib/python3.12/site-packages/airflow/example_dags/example_xcomargs.py
[2026-09-06T09:04:06.195+0000] {processor.py:914} INFO - Processing file /home/airflow/.local/lib/python3.12/site-packages/airflow/example_dags/example_xcomargs.py for tasks to queue
[2026-09-06T09:04:06.197+0000] {logging_mixin.py:190} INFO - [2026-09-06T09:04:06.196+0000] {dagbag.py:588} INFO - Filling up the DagBag from /home/airflow/.local/lib/python3.12/site-packages/airflow/example_dags/example_xcomargs.py
[2026-09-06T09:04:06.205+0000] {processor.py:925} INFO - DAG(s) 'example_xcom_args_with_operators', 'example_xcom_args' retrieved from /home/airflow/.local/lib/python3.12/site-packages/airflow/example_dags/example_xcomargs.py
[2026-09-06T09:04:06.222+0000] {logging_mixin.py:190} INFO - [2026-09-06T09:04:06.222+0000] {dag.py:3239} INFO - Sync 2 DAGs
[2026-09-06T09:04:06.233+0000] {logging_mixin.py:190} INFO - [2026-09-06T09:04:06.233+0000] {dag.py:4180} INFO - Setting next_dagrun for example_xcom_args to None, run_after=None
[2026-09-06T09:04:06.236+0000] {logging_mixin.py:190} INFO - [2026-09-06T09:04:06.236+0000] {dag.py:4180} INFO - Setting next_dagrun for example_xcom_args_with_operators to None, run_after=None
[2026-09-06T09:04:06.257+0000] {processor.py:208} INFO - Processing /home/airflow/.local/lib/python3.12/site-packages/airflow/example_dags/example_xcomargs.py took 0.067 seconds
[2026-09-06T09:04:36.612+0000] {processor.py:186} INFO - Started process (PID=1406) to work on /home/airflow/.local/lib/python3.12/site-packages/airflow/example_dags/example_xcomargs.py
[2026-09-06T09:04:36.613+0000] {processor.py:914} INFO - Processing file /home/airflow/.local/lib/python3.12/site-packages/airflow/example_dags/example_xcomargs.py for tasks to queue
[2026-09-06T09:04:36.621+0000] {logging_mixin.py:190} INFO - [2026-09-06T09:04:36.621+0000] {dagbag.py:588} INFO - Filling up the DagBag from /home/airflow/.local/lib/python3.12/site-packages/airflow/example_dags/example_xcomargs.py
[2026-09-06T09:04:36.629+0000] {processor.py:925} INFO - DAG(s) 'example_xcom_args_with_operators', 'example_xcom_args' retrieved from /home/airflow/.local/lib/python3.12/site-packages/airflow/example_dags/example_xcomargs.py
[2026-09-06T09:04:36.646+0000] {logging_mixin.py:190} INFO - [2026-09-06T09:04:36.646+0000] {dag.py:3239} INFO - Sync 2 DAGs
[2026-09-06T09:04:36.658+0000] {logging_mixin.py:190} INFO - [2026-09-06T09:04:36.658+0000] {dag.py:4180} INFO - Setting next_dagrun for example_xcom_args to None, run_after=None
[2026-09-06T09:04:36.661+0000] {logging_mixin.py:190} INFO - [2026-09-06T09:04:36.661+0000] {dag.py:4180} INFO - Setting next_dagrun for example_xcom_args_with_operators to None, run_after=None
[2026-09-06T09:04:36.682+0000] {processor.py:208} INFO - Processing /home/airflow/.local/lib/python3.12/site-packages/airflow/example_dags/example_xcomargs.py took 0.074 seconds
[2026-09-06T09:05:07.249+0000] {processor.py:186} INFO - Started process (PID=1470) to work on /home/airflow/.local/lib/python3.12/site-packages/airflow/example_dags/example_xcomargs.py
[2026-09-06T09:05:07.250+0000] {processor.py:914} INFO - Processing file /home/airflow/.local/lib/python3.12/site-packages/airflow/example_dags/example_xcomargs.py for tasks to queue
[2026-09-06T09:05:07.252+0000] {logging_mixin.py:190} INFO - [2026-09-06T09:05:07.252+0000] {dagbag.py:588} INFO - Filling up the DagBag from /home/airflow/.local/lib/python3.12/site-packages/airflow/example_dags/example_xcomargs.py
[2026-09-06T09:05:07.260+0000] {processor.py:925} INFO - DAG(s) 'example_xcom_args', 'example_xcom_args_with_operators' retrieved from /home/airflow/.local/lib/python3.12/site-packages/airflow/example_dags/example_xcomargs.py
[2026-09-06T09:05:07.279+0000] {logging_mixin.py:190} INFO - [2026-09-06T09:05:07.278+0000] {dag.py:3239} INFO - Sync 2 DAGs
[2026-09-06T09:05:07.292+0000] {logging_mixin.py:190} INFO - [2026-09-06T09:05:07.291+0000] {dag.py:4180} INFO - Setting next_dagrun for example_xcom_args to None, run_after=None
[2026-09-06T09:05:07.295+0000] {logging_mixin.py:190} INFO - [2026-09-06T09:05:07.294+0000] {dag.py:4180} INFO - Setting next_dagrun for example_xcom_args_with_operators to None, run_after=None
[2026-09-06T09:05:07.308+0000] {processor.py:208} INFO - Processing /home/airflow/.local/lib/python3.12/site-packages/airflow/example_dags/example_xcomargs.py took 0.063 seconds
[2026-09-06T09:05:37.458+0000] {processor.py:186} INFO - Started process (PID=1534) to work on /home/airflow/.local/lib/python3.12/site-packages/airflow/example_dags/example_xcomargs.py
[2026-09-06T09:05:37.459+0000] {processor.py:914} INFO - Processing file /home/airflow/.local/lib/python3.12/site-packages/airflow/example_dags/example_xcomargs.py for tasks to queue
[2026-09-06T09:05:37.461+0000] {logging_mixin.py:190} INFO - [2026-09-06T09:05:37.460+0000] {dagbag.py:588} INFO - Filling up the DagBag from /home/airflow/.local/lib/python3.12/site-packages/airflow/example_dags/example_xcomargs.py
[2026-09-06T09:05:37.469+0000] {processor.py:925} INFO - DAG(s) 'example_xcom_args', 'example_xcom_args_with_operators' retrieved from /home/airflow/.local/lib/python3.12/site-packages/airflow/example_dags/example_xcomargs.py
[2026-09-06T09:05:37.487+0000] {logging_mixin.py:190} INFO - [2026-09-06T09:05:37.487+0000] {dag.py:3239} INFO - Sync 2 DAGs
[2026-09-06T09:05:37.499+0000] {logging_mixin.py:190} INFO - [2026-09-06T09:05:37.499+0000] {dag.py:4180} INFO - Setting next_dagrun for example_xcom_args to None, run_after=None
[2026-09-06T09:05:37.502+0000] {logging_mixin.py:190} INFO - [2026-09-06T09:05:37.502+0000] {dag.py:4180} INFO - Setting next_dagrun for example_xcom_args_with_operators to None, run_after=None
[2026-09-06T09:05:37.515+0000] {processor.py:208} INFO - Processing /home/airflow/.local/lib/python3.12/site-packages/airflow/example_dags/example_xcomargs.py took 0.061 seconds
[2026-09-06T09:06:08.130+0000] {processor.py:186} INFO - Started process (PID=1598) to work on /home/airflow/.local/lib/python3.12/site-packages/airflow/example_dags/example_xcomargs.py
[2026-09-06T09:06:08.131+0000] {processor.py:914} INFO - Processing file /home/airflow/.local/lib/python3.12/site-packages/airflow/example_dags/example_xcomargs.py for tasks to queue
[2026-09-06T09:06:08.133+0000] {logging_mixin.py:190} INFO - [2026-09-06T09:06:08.133+0000] {dagbag.py:588} INFO - Filling up the DagBag from /home/airflow/.local/lib/python3.12/site-packages/airflow/example_dags/example_xcomargs.py
[2026-09-06T09:06:08.142+0000] {processor.py:925} INFO - DAG(s) 'example_xcom_args_with_operators', 'example_xcom_args' retrieved from /home/airflow/.local/lib/python3.12/site-packages/airflow/example_dags/example_xcomargs.py
[2026-09-06T09:06:08.161+0000] {logging_mixin.py:190} INFO - [2026-09-06T09:06:08.161+0000] {dag.py:3239} INFO - Sync 2 DAGs
[2026-09-06T09:06:08.172+0000] {logging_mixin.py:190} INFO - [2026-09-06T09:06:08.172+0000] {dag.py:4180} INFO - Setting next_dagrun for example_xcom_args to None, run_after=None
[2026-09-06T09:06:08.175+0000] {logging_mixin.py:190} INFO - [2026-09-06T09:06:08.174+0000] {dag.py:4180} INFO - Setting next_dagrun for example_xcom_args_with_operators to None, run_after=None
[2026-09-06T09:06:08.187+0000] {processor.py:208} INFO - Processing /home/airflow/.local/lib/python3.12/site-packages/airflow/example_dags/example_xcomargs.py took 0.062 seconds
[2026-09-06T09:06:39.089+0000] {processor.py:186} INFO - Started process (PID=1662) to work on /home/airflow/.local/lib/python3.12/site-packages/airflow/example_dags/example_xcomargs.py
[2026-09-06T09:06:39.090+0000] {processor.py:914} INFO - Processing file /home/airflow/.local/lib/python3.12/site-packages/airflow/example_dags/example_xcomargs.py for tasks to queue
[2026-09-06T09:06:39.092+0000] {logging_mixin.py:190} INFO - [2026-09-06T09:06:39.092+0000] {dagbag.py:588} INFO - Filling up the DagBag from /home/airflow/.local/lib/python3.12/site-packages/airflow/example_dags/example_xcomargs.py
[2026-09-06T09:06:39.100+0000] {processor.py:925} INFO - DAG(s) 'example_xcom_args', 'example_xcom_args_with_operators' retrieved from /home/airflow/.local/lib/python3.12/site-packages/airflow/example_dags/example_xcomargs.py
[2026-09-06T09:06:39.121+0000] {logging_mixin.py:190} INFO - [2026-09-06T09:06:39.121+0000] {dag.py:3239} INFO - Sync 2 DAGs
[2026-09-06T09:06:39.134+0000] {logging_mixin.py:190} INFO - [2026-09-06T09:06:39.134+0000] {dag.py:4180} INFO - Setting next_dagrun for example_xcom_args to None, run_after=None
[2026-09-06T09:06:39.137+0000] {logging_mixin.py:190} INFO - [2026-09-06T09:06:39.137+0000] {dag.py:4180} INFO - Setting next_dagrun for example_xcom_args_with_operators to None, run_after=None
[2026-09-06T09:06:39.152+0000] {processor.py:208} INFO - Processing /home/airflow/.local/lib/python3.12/site-packages/airflow/example_dags/example_xcomargs.py took 0.068 seconds
[2026-09-06T09:07:09.992+0000] {processor.py:186} INFO - Started process (PID=1726) to work on /home/airflow/.local/lib/python3.12/site-packages/airflow/example_dags/example_xcomargs.py
[2026-09-06T09:07:09.993+0000] {processor.py:914} INFO - Processing file /home/airflow/.local/lib/python3.12/site-packages/airflow/example_dags/example_xcomargs.py for tasks to queue
[2026-09-06T09:07:09.995+0000] {logging_mixin.py:190} INFO - [2026-09-06T09:07:09.995+0000] {dagbag.py:588} INFO - Filling up the DagBag from /home/airflow/.local/lib/python3.12/site-packages/airflow/example_dags/example_xcomargs.py
[2026-09-06T09:07:10.005+0000] {processor.py:925} INFO - DAG(s) 'example_xcom_args', 'example_xcom_args_with_operators' retrieved from /home/airflow/.local/lib/python3.12/site-packages/airflow/example_dags/example_xcomargs.py
[2026-09-06T09:07:10.027+0000] {logging_mixin.py:190} INFO - [2026-09-06T09:07:10.026+0000] {dag.py:3239} INFO - Sync 2 DAGs
[2026-09-06T09:07:10.041+0000] {logging_mixin.py:190} INFO - [2026-09-06T09:07:10.040+0000] {dag.py:4180} INFO - Setting next_dagrun for example_xcom_args to None, run_after=None
[2026-09-06T09:07:10.044+0000] {logging_mixin.py:190} INFO - [2026-09-06T09:07:10.044+0000] {dag.py:4180} INFO - Setting next_dagrun for example_xcom_args_with_operators to None, run_after=None
[2026-09-06T09:07:10.057+0000] {processor.py:208} INFO - Processing /home/airflow/.local/lib/python3.12/site-packages/airflow/example_dags/example_xcomargs.py took 0.070 seconds
[2026-09-06T09:07:40.904+0000] {processor.py:186} INFO - Started process (PID=1790) to work on /home/airflow/.local/lib/python3.12/site-packages/airflow/example_dags/example_xcomargs.py
[2026-09-06T09:07:40.906+0000] {processor.py:914} INFO - Processing file /home/airflow/.local/lib/python3.12/site-packages/airflow/example_dags/example_xcomargs.py for tasks to queue
[2026-09-06T09:07:40.908+0000] {logging_mixin.py:190} INFO - [2026-09-06T09:07:40.907+0000] {dagbag.py:588} INFO - Filling up the DagBag from /home/airflow/.local/lib/python3.12/site-packages/airflow/example_dags/example_xcomargs.py
[2026-09-06T09:07:40.916+0000] {processor.py:925} INFO - DAG(s) 'example_xcom_args_with_operators', 'example_xcom_args' retrieved from /home/airflow/.local/lib/python3.12/site-packages/airflow/example_dags/example_xcomargs.py
[2026-09-06T09:07:40.936+0000] {logging_mixin.py:190} INFO - [2026-09-06T09:07:40.936+0000] {dag.py:3239} INFO - Sync 2 DAGs
[2026-09-06T09:07:40.952+0000] {logging_mixin.py:190} INFO - [2026-09-06T09:07:40.952+0000] {dag.py:4180} INFO - Setting next_dagrun for example_xcom_args to None, run_after=None
[2026-09-06T09:07:40.956+0000] {logging_mixin.py:190} INFO - [2026-09-06T09:07:40.956+0000] {dag.py:4180} INFO - Setting next_dagrun for example_xcom_args_with_operators to None, run_after=None
[2026-09-06T09:07:40.971+0000] {processor.py:208} INFO - Processing /home/airflow/.local/lib/python3.12/site-packages/airflow/example_dags/example_xcomargs.py took 0.071 seconds
[2026-09-06T09:08:11.624+0000] {processor.py:186} INFO - Started process (PID=1854) to work on /home/airflow/.local/lib/python3.12/site-packages/airflow/example_dags/example_xcomargs.py
[2026-09-06T09:08:11.625+0000] {processor.py:914} INFO - Processing file /home/airflow/.local/lib/python3.12/site-packages/airflow/example_dags/example_xcomargs.py for tasks to queue
[2026-09-06T09:08:11.627+0000] {logging_mixin.py:190} INFO - [2026-09-06T09:08:11.627+0000] {dagbag.py:588} INFO - Filling up the DagBag from /home/airflow/.local/lib/python3.12/site-packages/airflow/example_dags/example_xcomargs.py
[2026-09-06T09:08:11.636+0000] {processor.py:925} INFO - DAG(s) 'example_xcom_args_with_operators', 'example_xcom_args' retrieved from /home/airflow/.local/lib/python3.12/site-packages/airflow/example_dags/example_xcomargs.py
[2026-09-06T09:08:11.653+0000] {logging_mixin.py:190} INFO - [2026-09-06T09:08:11.652+0000] {dag.py:3239} INFO - Sync 2 DAGs
[2026-09-06T09:08:11.663+0000] {logging_mixin.py:190} INFO - [2026-09-06T09:08:11.663+0000] {dag.py:4180} INFO - Setting next_dagrun for example_xcom_args to None, run_after=None
[2026-09-06T09:08:11.665+0000] {logging_mixin.py:190} INFO - [2026-09-06T09:08:11.665+0000] {dag.py:4180} INFO - Setting next_dagrun for example_xcom_args_with_operators to None, run_after=None
[2026-09-06T09:08:11.677+0000] {processor.py:208} INFO - Processing /home/airflow/.local/lib/python3.12/site-packages/airflow/example_dags/example_xcomargs.py took 0.057 seconds
[2026-09-06T09:08:42.282+0000] {processor.py:186} INFO - Started process (PID=1918) to work on /home/airflow/.local/lib/python3.12/site-packages/airflow/example_dags/example_xcomargs.py
[2026-09-06T09:08:42.283+0000] {processor.py:914} INFO - Processing file /home/airflow/.local/lib/python3.12/site-packages/airflow/example_dags/example_xcomargs.py for tasks to queue
[2026-09-06T09:08:42.285+0000] {logging_mixin.py:190} INFO - [2026-09-06T09:08:42.285+0000] {dagbag.py:588} INFO - Filling up the DagBag from /home/airflow/.local/lib/python3.12/site-packages/airflow/example_dags/example_xcomargs.py
[2026-09-06T09:08:42.294+0000] {processor.py:925} INFO - DAG(s) 'example_xcom_args_with_operators', 'example_xcom_args' retrieved from /home/airflow/.local/lib/python3.12/site-packages/airflow/example_dags/example_xcomargs.py
[2026-09-06T09:08:42.313+0000] {logging_mixin.py:190} INFO - [2026-09-06T09:08:42.312+0000] {dag.py:3239} INFO - Sync 2 DAGs
[2026-09-06T09:08:42.324+0000] {logging_mixin.py:190} INFO - [2026-09-06T09:08:42.324+0000] {dag.py:4180} INFO - Setting next_dagrun for example_xcom_args to None, run_after=None
[2026-09-06T09:08:42.326+0000] {logging_mixin.py:190} INFO - [2026-09-06T09:08:42.326+0000] {dag.py:4180} INFO - Setting next_dagrun for example_xcom_args_with_operators to None, run_after=None
[2026-09-06T09:08:42.339+0000] {processor.py:208} INFO - Processing /home/airflow/.local/lib/python3.12/site-packages/airflow/example_dags/example_xcomargs.py took 0.061 seconds
[2026-09-06T09:09:13.048+0000] {processor.py:186} INFO - Started process (PID=1982) to work on /home/airflow/.local/lib/python3.12/site-packages/airflow/example_dags/example_xcomargs.py
[2026-09-06T09:09:13.049+0000] {processor.py:914} INFO - Processing file /home/airflow/.local/lib/python3.12/site-packages/airflow/example_dags/example_xcomargs.py for tasks to queue
[2026-09-06T09:09:13.051+0000] {logging_mixin.py:190} INFO - [2026-09-06T09:09:13.050+0000] {dagbag.py:588} INFO - Filling up the DagBag from /home/airflow/.local/lib/python3.12/site-packages/airflow/example_dags/example_xcomargs.py
[2026-09-06T09:09:13.059+0000] {processor.py:925} INFO - DAG(s) 'example_xcom_args', 'example_xcom_args_with_operators' retrieved from /home/airflow/.local/lib/python3.12/site-packages/airflow/example_dags/example_xcomargs.py
[2026-09-06T09:09:13.076+0000] {logging_mixin.py:190} INFO - [2026-09-06T09:09:13.076+0000] {dag.py:3239} INFO - Sync 2 DAGs
[2026-09-06T09:09:13.088+0000] {logging_mixin.py:190} INFO - [2026-09-06T09:09:13.088+0000] {dag.py:4180} INFO - Setting next_dagrun for example_xcom_args to None, run_after=None
[2026-09-06T09:09:13.091+0000] {logging_mixin.py:190} INFO - [2026-09-06T09:09:13.091+0000] {dag.py:4180} INFO - Setting next_dagrun for example_xcom_args_with_operators to None, run_after=None
[2026-09-06T09:09:13.104+0000] {processor.py:208} INFO - Processing /home/airflow/.local/lib/python3.12/site-packages/airflow/example_dags/example_xcomargs.py took 0.061 seconds
[2026-09-06T09:09:43.239+0000] {processor.py:186} INFO - Started process (PID=2046) to work on /home/airflow/.local/lib/python3.12/site-packages/airflow/example_dags/example_xcomargs.py
[2026-09-06T09:09:43.240+0000] {processor.py:914} INFO - Processing file /home/airflow/.local/lib/python3.12/site-packages/airflow/example_dags/example_xcomargs.py for tasks to queue
[2026-09-06T09:09:43.242+0000] {logging_mixin.py:190} INFO - [2026-09-06T09:09:43.242+0000] {dagbag.py:588} INFO - Filling up the DagBag from /home/airflow/.local/lib/python3.12/site-packages/airflow/example_dags/example_xcomargs.py
[2026-09-06T09:09:43.252+0000] {processor.py:925} INFO - DAG(s) 'example_xcom_args', 'example_xcom_args_with_operators' retrieved from /home/airflow/.local/lib/python3.12/site-packages/airflow/example_dags/example_xcomargs.py
[2026-09-06T09:09:43.269+0000] {logging_mixin.py:190} INFO - [2026-09-06T09:09:43.268+0000] {dag.py:3239} INFO - Sync 2 DAGs
[2026-09-06T09:09:43.279+0000] {logging_mixin.py:190} INFO - [2026-09-06T09:09:43.279+0000] {dag.py:4180} INFO - Setting next_dagrun for example_xcom_args to None, run_after=None
[2026-09-06T09:09:43.282+0000] {logging_mixin.py:190} INFO - [2026-09-06T09:09:43.282+0000] {dag.py:4180} INFO - Setting next_dagrun for example_xcom_args_with_operators to None, run_after=None
[2026-09-06T09:09:43.295+0000] {processor.py:208} INFO - Processing /home/airflow/.local/lib/python3.12/site-packages/airflow/example_dags/example_xcomargs.py took 0.060 seconds
[2026-09-06T09:10:13.801+0000] {processor.py:186} INFO - Started process (PID=2110) to work on /home/airflow/.local/lib/python3.12/site-packages/airflow/example_dags/example_xcomargs.py
[2026-09-06T09:10:13.805+0000] {processor.py:914} INFO - Processing file /home/airflow/.local/lib/python3.12/site-packages/airflow/example_dags/example_xcomargs.py for tasks to queue
[2026-09-06T09:10:13.809+0000] {logging_mixin.py:190} INFO - [2026-09-06T09:10:13.809+0000] {dagbag.py:588} INFO - Filling up the DagBag from /home/airflow/.local/lib/python3.12/site-packages/airflow/example_dags/example_xcomargs.py
[2026-09-06T09:10:13.827+0000] {processor.py:925} INFO - DAG(s) 'example_xcom_args', 'example_xcom_args_with_operators' retrieved from /home/airflow/.local/lib/python3.12/site-packages/airflow/example_dags/example_xcomargs.py
[2026-09-06T09:10:13.864+0000] {logging_mixin.py:190} INFO - [2026-09-06T09:10:13.863+0000] {dag.py:3239} INFO - Sync 2 DAGs
[2026-09-06T09:10:13.881+0000] {logging_mixin.py:190} INFO - [2026-09-06T09:10:13.881+0000] {dag.py:4180} INFO - Setting next_dagrun for example_xcom_args to None, run_after=None
[2026-09-06T09:10:13.886+0000] {logging_mixin.py:190} INFO - [2026-09-06T09:10:13.885+0000] {dag.py:4180} INFO - Setting next_dagrun for example_xcom_args_with_operators to None, run_after=None
[2026-09-06T09:10:13.902+0000] {processor.py:208} INFO - Processing /home/airflow/.local/lib/python3.12/site-packages/airflow/example_dags/example_xcomargs.py took 0.111 seconds
[2026-09-06T09:10:44.110+0000] {processor.py:186} INFO - Started process (PID=2174) to work on /home/airflow/.local/lib/python3.12/site-packages/airflow/example_dags/example_xcomargs.py
[2026-09-06T09:10:44.111+0000] {processor.py:914} INFO - Processing file /home/airflow/.local/lib/python3.12/site-packages/airflow/example_dags/example_xcomargs.py for tasks to queue
[2026-09-06T09:10:44.113+0000] {logging_mixin.py:190} INFO - [2026-09-06T09:10:44.113+0000] {dagbag.py:588} INFO - Filling up the DagBag from /home/airflow/.local/lib/python3.12/site-packages/airflow/example_dags/example_xcomargs.py
[2026-09-06T09:10:44.122+0000] {processor.py:925} INFO - DAG(s) 'example_xcom_args', 'example_xcom_args_with_operators' retrieved from /home/airflow/.local/lib/python3.12/site-packages/airflow/example_dags/example_xcomargs.py
[2026-09-06T09:10:44.140+0000] {logging_mixin.py:190} INFO - [2026-09-06T09:10:44.140+0000] {dag.py:3239} INFO - Sync 2 DAGs
[2026-09-06T09:10:44.152+0000] {logging_mixin.py:190} INFO - [2026-09-06T09:10:44.152+0000] {dag.py:4180} INFO - Setting next_dagrun for example_xcom_args to None, run_after=None
[2026-09-06T09:10:44.155+0000] {logging_mixin.py:190} INFO - [2026-09-06T09:10:44.155+0000] {dag.py:4180} INFO - Setting next_dagrun for example_xcom_args_with_operators to None, run_after=None
[2026-09-06T09:10:44.168+0000] {processor.py:208} INFO - Processing /home/airflow/.local/lib/python3.12/site-packages/airflow/example_dags/example_xcomargs.py took 0.062 seconds
[2026-09-06T09:11:14.337+0000] {processor.py:186} INFO - Started process (PID=2238) to work on /home/airflow/.local/lib/python3.12/site-packages/airflow/example_dags/example_xcomargs.py
[2026-09-06T09:11:14.339+0000] {processor.py:914} INFO - Processing file /home/airflow/.local/lib/python3.12/site-packages/airflow/example_dags/example_xcomargs.py for tasks to queue
[2026-09-06T09:11:14.341+0000] {logging_mixin.py:190} INFO - [2026-09-06T09:11:14.340+0000] {dagbag.py:588} INFO - Filling up the DagBag from /home/airflow/.local/lib/python3.12/site-packages/airflow/example_dags/example_xcomargs.py
[2026-09-06T09:11:14.350+0000] {processor.py:925} INFO - DAG(s) 'example_xcom_args', 'example_xcom_args_with_operators' retrieved from /home/airflow/.local/lib/python3.12/site-packages/airflow/example_dags/example_xcomargs.py
[2026-09-06T09:11:14.370+0000] {logging_mixin.py:190} INFO - [2026-09-06T09:11:14.370+0000] {dag.py:3239} INFO - Sync 2 DAGs
[2026-09-06T09:11:14.382+0000] {logging_mixin.py:190} INFO - [2026-09-06T09:11:14.382+0000] {dag.py:4180} INFO - Setting next_dagrun for example_xcom_args to None, run_after=None
[2026-09-06T09:11:14.385+0000] {logging_mixin.py:190} INFO - [2026-09-06T09:11:14.385+0000] {dag.py:4180} INFO - Setting next_dagrun for example_xcom_args_with_operators to None, run_after=None
[2026-09-06T09:11:14.400+0000] {processor.py:208} INFO - Processing /home/airflow/.local/lib/python3.12/site-packages/airflow/example_dags/example_xcomargs.py took 0.067 seconds
[2026-09-06T09:11:44.564+0000] {processor.py:186} INFO - Started process (PID=2302) to work on /home/airflow/.local/lib/python3.12/site-packages/airflow/example_dags/example_xcomargs.py
[2026-09-06T09:11:44.566+0000] {processor.py:914} INFO - Processing file /home/airflow/.local/lib/python3.12/site-packages/airflow/example_dags/example_xcomargs.py for tasks to queue
[2026-09-06T09:11:44.569+0000] {logging_mixin.py:190} INFO - [2026-09-06T09:11:44.569+0000] {dagbag.py:588} INFO - Filling up the DagBag from /home/airflow/.local/lib/python3.12/site-packages/airflow/example_dags/example_xcomargs.py
[2026-09-06T09:11:44.578+0000] {processor.py:925} INFO - DAG(s) 'example_xcom_args_with_operators', 'example_xcom_args' retrieved from /home/airflow/.local/lib/python3.12/site-packages/airflow/example_dags/example_xcomargs.py
[2026-09-06T09:11:44.598+0000] {logging_mixin.py:190} INFO - [2026-09-06T09:11:44.598+0000] {dag.py:3239} INFO - Sync 2 DAGs
[2026-09-06T09:11:44.611+0000] {logging_mixin.py:190} INFO - [2026-09-06T09:11:44.610+0000] {dag.py:4180} INFO - Setting next_dagrun for example_xcom_args to None, run_after=None
[2026-09-06T09:11:44.614+0000] {logging_mixin.py:190} INFO - [2026-09-06T09:11:44.614+0000] {dag.py:4180} INFO - Setting next_dagrun for example_xcom_args_with_operators to None, run_after=None
[2026-09-06T09:11:44.626+0000] {processor.py:208} INFO - Processing /home/airflow/.local/lib/python3.12/site-packages/airflow/example_dags/example_xcomargs.py took 0.067 seconds
[2026-09-06T09:12:14.953+0000] {processor.py:186} INFO - Started process (PID=2366) to work on /home/airflow/.local/lib/python3.12/site-packages/airflow/example_dags/example_xcomargs.py
[2026-09-06T09:12:14.954+0000] {processor.py:914} INFO - Processing file /home/airflow/.local/lib/python3.12/site-packages/airflow/example_dags/example_xcomargs.py for tasks to queue
[2026-09-06T09:12:14.957+0000] {logging_mixin.py:190} INFO - [2026-09-06T09:12:14.956+0000] {dagbag.py:588} INFO - Filling up the DagBag from /home/airflow/.local/lib/python3.12/site-packages/airflow/example_dags/example_xcomargs.py
[2026-09-06T09:12:14.970+0000] {processor.py:925} INFO - DAG(s) 'example_xcom_args_with_operators', 'example_xcom_args' retrieved from /home/airflow/.local/lib/python3.12/site-packages/airflow/example_dags/example_xcomargs.py
[2026-09-06T09:12:14.991+0000] {logging_mixin.py:190} INFO - [2026-09-06T09:12:14.991+0000] {dag.py:3239} INFO - Sync 2 DAGs
[2026-09-06T09:12:15.004+0000] {logging_mixin.py:190} INFO - [2026-09-06T09:12:15.004+0000] {dag.py:4180} INFO - Setting next_dagrun for example_xcom_args to None, run_after=None
[2026-09-06T09:12:15.007+0000] {logging_mixin.py:190} INFO - [2026-09-06T09:12:15.007+0000] {dag.py:4180} INFO - Setting next_dagrun for example_xcom_args_with_operators to None, run_after=None
[2026-09-06T09:12:15.022+0000] {processor.py:208} INFO - Processing /home/airflow/.local/lib/python3.12/site-packages/airflow/example_dags/example_xcomargs.py took 0.076 seconds
[2026-09-06T09:12:45.215+0000] {processor.py:186} INFO - Started process (PID=2430) to work on /home/airflow/.local/lib/python3.12/site-packages/airflow/example_dags/example_xcomargs.py
[2026-09-06T09:12:45.216+0000] {processor.py:914} INFO - Processing file /home/airflow/.local/lib/python3.12/site-packages/airflow/example_dags/example_xcomargs.py for tasks to queue
[2026-09-06T09:12:45.218+0000] {logging_mixin.py:190} INFO - [2026-09-06T09:12:45.218+0000] {dagbag.py:588} INFO - Filling up the DagBag from /home/airflow/.local/lib/python3.12/site-packages/airflow/example_dags/example_xcomargs.py
[2026-09-06T09:12:45.229+0000] {processor.py:925} INFO - DAG(s) 'example_xcom_args', 'example_xcom_args_with_operators' retrieved from /home/airflow/.local/lib/python3.12/site-packages/airflow/example_dags/example_xcomargs.py
[2026-09-06T09:12:45.251+0000] {logging_mixin.py:190} INFO - [2026-09-06T09:12:45.251+0000] {dag.py:3239} INFO - Sync 2 DAGs
[2026-09-06T09:12:45.266+0000] {logging_mixin.py:190} INFO - [2026-09-06T09:12:45.266+0000] {dag.py:4180} INFO - Setting next_dagrun for example_xcom_args to None, run_after=None
[2026-09-06T09:12:45.270+0000] {logging_mixin.py:190} INFO - [2026-09-06T09:12:45.270+0000] {dag.py:4180} INFO - Setting next_dagrun for example_xcom_args_with_operators to None, run_after=None
[2026-09-06T09:12:45.285+0000] {processor.py:208} INFO - Processing /home/airflow/.local/lib/python3.12/site-packages/airflow/example_dags/example_xcomargs.py took 0.076 seconds
[2026-09-06T09:13:15.477+0000] {processor.py:186} INFO - Started process (PID=2494) to work on /home/airflow/.local/lib/python3.12/site-packages/airflow/example_dags/example_xcomargs.py
[2026-09-06T09:13:15.478+0000] {processor.py:914} INFO - Processing file /home/airflow/.local/lib/python3.12/site-packages/airflow/example_dags/example_xcomargs.py for tasks to queue
[2026-09-06T09:13:15.480+0000] {logging_mixin.py:190} INFO - [2026-09-06T09:13:15.480+0000] {dagbag.py:588} INFO - Filling up the DagBag from /home/airflow/.local/lib/python3.12/site-packages/airflow/example_dags/example_xcomargs.py
[2026-09-06T09:13:15.488+0000] {processor.py:925} INFO - DAG(s) 'example_xcom_args_with_operators', 'example_xcom_args' retrieved from /home/airflow/.local/lib/python3.12/site-packages/airflow/example_dags/example_xcomargs.py
[2026-09-06T09:13:15.507+0000] {logging_mixin.py:190} INFO - [2026-09-06T09:13:15.506+0000] {dag.py:3239} INFO - Sync 2 DAGs
[2026-09-06T09:13:15.521+0000] {logging_mixin.py:190} INFO - [2026-09-06T09:13:15.521+0000] {dag.py:4180} INFO - Setting next_dagrun for example_xcom_args to None, run_after=None
[2026-09-06T09:13:15.524+0000] {logging_mixin.py:190} INFO - [2026-09-06T09:13:15.524+0000] {dag.py:4180} INFO - Setting next_dagrun for example_xcom_args_with_operators to None, run_after=None
[2026-09-06T09:13:15.537+0000] {processor.py:208} INFO - Processing /home/airflow/.local/lib/python3.12/site-packages/airflow/example_dags/example_xcomargs.py took 0.064 seconds
[2026-09-06T09:13:45.786+0000] {processor.py:186} INFO - Started process (PID=2558) to work on /home/airflow/.local/lib/python3.12/site-packages/airflow/example_dags/example_xcomargs.py
[2026-09-06T09:13:45.787+0000] {processor.py:914} INFO - Processing file /home/airflow/.local/lib/python3.12/site-packages/airflow/example_dags/example_xcomargs.py for tasks to queue
[2026-09-06T09:13:45.790+0000] {logging_mixin.py:190} INFO - [2026-09-06T09:13:45.789+0000] {dagbag.py:588} INFO - Filling up the DagBag from /home/airflow/.local/lib/python3.12/site-packages/airflow/example_dags/example_xcomargs.py
[2026-09-06T09:13:45.798+0000] {processor.py:925} INFO - DAG(s) 'example_xcom_args_with_operators', 'example_xcom_args' retrieved from /home/airflow/.local/lib/python3.12/site-packages/airflow/example_dags/example_xcomargs.py
[2026-09-06T09:13:45.815+0000] {logging_mixin.py:190} INFO - [2026-09-06T09:13:45.815+0000] {dag.py:3239} INFO - Sync 2 DAGs
[2026-09-06T09:13:45.827+0000] {logging_mixin.py:190} INFO - [2026-09-06T09:13:45.826+0000] {dag.py:4180} INFO - Setting next_dagrun for example_xcom_args to None, run_after=None
[2026-09-06T09:13:45.830+0000] {logging_mixin.py:190} INFO - [2026-09-06T09:13:45.830+0000] {dag.py:4180} INFO - Setting next_dagrun for example_xcom_args_with_operators to None, run_after=None
[2026-09-06T09:13:45.844+0000] {processor.py:208} INFO - Processing /home/airflow/.local/lib/python3.12/site-packages/airflow/example_dags/example_xcomargs.py took 0.062 seconds
[2026-09-06T09:14:15.907+0000] {processor.py:186} INFO - Started process (PID=2622) to work on /home/airflow/.local/lib/python3.12/site-packages/airflow/example_dags/example_xcomargs.py
[2026-09-06T09:14:15.908+0000] {processor.py:914} INFO - Processing file /home/airflow/.local/lib/python3.12/site-packages/airflow/example_dags/example_xcomargs.py for tasks to queue
[2026-09-06T09:14:15.910+0000] {logging_mixin.py:190} INFO - [2026-09-06T09:14:15.910+0000] {dagbag.py:588} INFO - Filling up the DagBag from /home/airflow/.local/lib/python3.12/site-packages/airflow/example_dags/example_xcomargs.py
[2026-09-06T09:14:15.918+0000] {processor.py:925} INFO - DAG(s) 'example_xcom_args', 'example_xcom_args_with_operators' retrieved from /home/airflow/.local/lib/python3.12/site-packages/airflow/example_dags/example_xcomargs.py
[2026-09-06T09:14:15.935+0000] {logging_mixin.py:190} INFO - [2026-09-06T09:14:15.934+0000] {dag.py:3239} INFO - Sync 2 DAGs
[2026-09-06T09:14:15.945+0000] {logging_mixin.py:190} INFO - [2026-09-06T09:14:15.945+0000] {dag.py:4180} INFO - Setting next_dagrun for example_xcom_args to None, run_after=None
[2026-09-06T09:14:15.948+0000] {logging_mixin.py:190} INFO - [2026-09-06T09:14:15.948+0000] {dag.py:4180} INFO - Setting next_dagrun for example_xcom_args_with_operators to None, run_after=None
[2026-09-06T09:14:15.960+0000] {processor.py:208} INFO - Processing /home/airflow/.local/lib/python3.12/site-packages/airflow/example_dags/example_xcomargs.py took 0.057 seconds
[2026-09-06T09:14:46.113+0000] {processor.py:186} INFO - Started process (PID=2686) to work on /home/airflow/.local/lib/python3.12/site-packages/airflow/example_dags/example_xcomargs.py
[2026-09-06T09:14:46.115+0000] {processor.py:914} INFO - Processing file /home/airflow/.local/lib/python3.12/site-packages/airflow/example_dags/example_xcomargs.py for tasks to queue
[2026-09-06T09:14:46.117+0000] {logging_mixin.py:190} INFO - [2026-09-06T09:14:46.117+0000] {dagbag.py:588} INFO - Filling up the DagBag from /home/airflow/.local/lib/python3.12/site-packages/airflow/example_dags/example_xcomargs.py
[2026-09-06T09:14:46.125+0000] {processor.py:925} INFO - DAG(s) 'example_xcom_args', 'example_xcom_args_with_operators' retrieved from /home/airflow/.local/lib/python3.12/site-packages/airflow/example_dags/example_xcomargs.py
[2026-09-06T09:14:46.144+0000] {logging_mixin.py:190} INFO - [2026-09-06T09:14:46.144+0000] {dag.py:3239} INFO - Sync 2 DAGs
[2026-09-06T09:14:46.156+0000] {logging_mixin.py:190} INFO - [2026-09-06T09:14:46.156+0000] {dag.py:4180} INFO - Setting next_dagrun for example_xcom_args to None, run_after=None
[2026-09-06T09:14:46.160+0000] {logging_mixin.py:190} INFO - [2026-09-06T09:14:46.160+0000] {dag.py:4180} INFO - Setting next_dagrun for example_xcom_args_with_operators to None, run_after=None
[2026-09-06T09:14:46.179+0000] {processor.py:208} INFO - Processing /home/airflow/.local/lib/python3.12/site-packages/airflow/example_dags/example_xcomargs.py took 0.071 seconds
[2026-09-06T09:15:16.807+0000] {processor.py:186} INFO - Started process (PID=2750) to work on /home/airflow/.local/lib/python3.12/site-packages/airflow/example_dags/example_xcomargs.py
[2026-09-06T09:15:16.808+0000] {processor.py:914} INFO - Processing file /home/airflow/.local/lib/python3.12/site-packages/airflow/example_dags/example_xcomargs.py for tasks to queue
[2026-09-06T09:15:16.810+0000] {logging_mixin.py:190} INFO - [2026-09-06T09:15:16.810+0000] {dagbag.py:588} INFO - Filling up the DagBag from /home/airflow/.local/lib/python3.12/site-packages/airflow/example_dags/example_xcomargs.py
[2026-09-06T09:15:16.818+0000] {processor.py:925} INFO - DAG(s) 'example_xcom_args', 'example_xcom_args_with_operators' retrieved from /home/airflow/.local/lib/python3.12/site-packages/airflow/example_dags/example_xcomargs.py
[2026-09-06T09:15:16.835+0000] {logging_mixin.py:190} INFO - [2026-09-06T09:15:16.835+0000] {dag.py:3239} INFO - Sync 2 DAGs
[2026-09-06T09:15:16.845+0000] {logging_mixin.py:190} INFO - [2026-09-06T09:15:16.845+0000] {dag.py:4180} INFO - Setting next_dagrun for example_xcom_args to None, run_after=None
[2026-09-06T09:15:16.848+0000] {logging_mixin.py:190} INFO - [2026-09-06T09:15:16.847+0000] {dag.py:4180} INFO - Setting next_dagrun for example_xcom_args_with_operators to None, run_after=None
[2026-09-06T09:15:16.860+0000] {processor.py:208} INFO - Processing /home/airflow/.local/lib/python3.12/site-packages/airflow/example_dags/example_xcomargs.py took 0.058 seconds
[2026-09-06T09:15:47.325+0000] {processor.py:186} INFO - Started process (PID=2812) to work on /home/airflow/.local/lib/python3.12/site-packages/airflow/example_dags/example_xcomargs.py
[2026-09-06T09:15:47.326+0000] {processor.py:914} INFO - Processing file /home/airflow/.local/lib/python3.12/site-packages/airflow/example_dags/example_xcomargs.py for tasks to queue
[2026-09-06T09:15:47.329+0000] {logging_mixin.py:190} INFO - [2026-09-06T09:15:47.328+0000] {dagbag.py:588} INFO - Filling up the DagBag from /home/airflow/.local/lib/python3.12/site-packages/airflow/example_dags/example_xcomargs.py
[2026-09-06T09:15:47.337+0000] {processor.py:925} INFO - DAG(s) 'example_xcom_args_with_operators', 'example_xcom_args' retrieved from /home/airflow/.local/lib/python3.12/site-packages/airflow/example_dags/example_xcomargs.py
[2026-09-06T09:15:47.353+0000] {logging_mixin.py:190} INFO - [2026-09-06T09:15:47.353+0000] {dag.py:3239} INFO - Sync 2 DAGs
[2026-09-06T09:15:47.364+0000] {logging_mixin.py:190} INFO - [2026-09-06T09:15:47.364+0000] {dag.py:4180} INFO - Setting next_dagrun for example_xcom_args to None, run_after=None
[2026-09-06T09:15:47.367+0000] {logging_mixin.py:190} INFO - [2026-09-06T09:15:47.367+0000] {dag.py:4180} INFO - Setting next_dagrun for example_xcom_args_with_operators to None, run_after=None
[2026-09-06T09:15:47.386+0000] {processor.py:208} INFO - Processing /home/airflow/.local/lib/python3.12/site-packages/airflow/example_dags/example_xcomargs.py took 0.066 seconds
[2026-09-06T09:16:17.696+0000] {processor.py:186} INFO - Started process (PID=2876) to work on /home/airflow/.local/lib/python3.12/site-packages/airflow/example_dags/example_xcomargs.py
[2026-09-06T09:16:17.697+0000] {processor.py:914} INFO - Processing file /home/airflow/.local/lib/python3.12/site-packages/airflow/example_dags/example_xcomargs.py for tasks to queue
[2026-09-06T09:16:17.699+0000] {logging_mixin.py:190} INFO - [2026-09-06T09:16:17.698+0000] {dagbag.py:588} INFO - Filling up the DagBag from /home/airflow/.local/lib/python3.12/site-packages/airflow/example_dags/example_xcomargs.py
[2026-09-06T09:16:17.708+0000] {processor.py:925} INFO - DAG(s) 'example_xcom_args_with_operators', 'example_xcom_args' retrieved from /home/airflow/.local/lib/python3.12/site-packages/airflow/example_dags/example_xcomargs.py
[2026-09-06T09:16:17.726+0000] {logging_mixin.py:190} INFO - [2026-09-06T09:16:17.726+0000] {dag.py:3239} INFO - Sync 2 DAGs
[2026-09-06T09:16:17.736+0000] {logging_mixin.py:190} INFO - [2026-09-06T09:16:17.736+0000] {dag.py:4180} INFO - Setting next_dagrun for example_xcom_args to None, run_after=None
[2026-09-06T09:16:17.739+0000] {logging_mixin.py:190} INFO - [2026-09-06T09:16:17.739+0000] {dag.py:4180} INFO - Setting next_dagrun for example_xcom_args_with_operators to None, run_after=None
[2026-09-06T09:16:17.754+0000] {processor.py:208} INFO - Processing /home/airflow/.local/lib/python3.12/site-packages/airflow/example_dags/example_xcomargs.py took 0.062 seconds
[2026-09-06T09:16:49.795+0000] {processor.py:186} INFO - Started process (PID=2934) to work on /home/airflow/.local/lib/python3.12/site-packages/airflow/example_dags/example_xcomargs.py
[2026-09-06T09:16:49.796+0000] {processor.py:914} INFO - Processing file /home/airflow/.local/lib/python3.12/site-packages/airflow/example_dags/example_xcomargs.py for tasks to queue
[2026-09-06T09:16:49.798+0000] {logging_mixin.py:190} INFO - [2026-09-06T09:16:49.798+0000] {dagbag.py:588} INFO - Filling up the DagBag from /home/airflow/.local/lib/python3.12/site-packages/airflow/example_dags/example_xcomargs.py
[2026-09-06T09:16:49.806+0000] {processor.py:925} INFO - DAG(s) 'example_xcom_args', 'example_xcom_args_with_operators' retrieved from /home/airflow/.local/lib/python3.12/site-packages/airflow/example_dags/example_xcomargs.py
[2026-09-06T09:16:49.824+0000] {logging_mixin.py:190} INFO - [2026-09-06T09:16:49.824+0000] {dag.py:3239} INFO - Sync 2 DAGs
[2026-09-06T09:16:49.836+0000] {logging_mixin.py:190} INFO - [2026-09-06T09:16:49.836+0000] {dag.py:4180} INFO - Setting next_dagrun for example_xcom_args to None, run_after=None
[2026-09-06T09:16:49.839+0000] {logging_mixin.py:190} INFO - [2026-09-06T09:16:49.839+0000] {dag.py:4180} INFO - Setting next_dagrun for example_xcom_args_with_operators to None, run_after=None
[2026-09-06T09:16:49.853+0000] {processor.py:208} INFO - Processing /home/airflow/.local/lib/python3.12/site-packages/airflow/example_dags/example_xcomargs.py took 0.063 seconds
[2026-09-06T09:17:20.378+0000] {processor.py:186} INFO - Started process (PID=2998) to work on /home/airflow/.local/lib/python3.12/site-packages/airflow/example_dags/example_xcomargs.py
[2026-09-06T09:17:20.379+0000] {processor.py:914} INFO - Processing file /home/airflow/.local/lib/python3.12/site-packages/airflow/example_dags/example_xcomargs.py for tasks to queue
[2026-09-06T09:17:20.382+0000] {logging_mixin.py:190} INFO - [2026-09-06T09:17:20.381+0000] {dagbag.py:588} INFO - Filling up the DagBag from /home/airflow/.local/lib/python3.12/site-packages/airflow/example_dags/example_xcomargs.py
[2026-09-06T09:17:20.390+0000] {processor.py:925} INFO - DAG(s) 'example_xcom_args', 'example_xcom_args_with_operators' retrieved from /home/airflow/.local/lib/python3.12/site-packages/airflow/example_dags/example_xcomargs.py
[2026-09-06T09:17:20.409+0000] {logging_mixin.py:190} INFO - [2026-09-06T09:17:20.409+0000] {dag.py:3239} INFO - Sync 2 DAGs
[2026-09-06T09:17:20.421+0000] {logging_mixin.py:190} INFO - [2026-09-06T09:17:20.421+0000] {dag.py:4180} INFO - Setting next_dagrun for example_xcom_args to None, run_after=None
[2026-09-06T09:17:20.424+0000] {logging_mixin.py:190} INFO - [2026-09-06T09:17:20.424+0000] {dag.py:4180} INFO - Setting next_dagrun for example_xcom_args_with_operators to None, run_after=None
[2026-09-06T09:17:20.440+0000] {processor.py:208} INFO - Processing /home/airflow/.local/lib/python3.12/site-packages/airflow/example_dags/example_xcomargs.py took 0.067 seconds
[2026-09-06T09:17:50.709+0000] {processor.py:186} INFO - Started process (PID=3059) to work on /home/airflow/.local/lib/python3.12/site-packages/airflow/example_dags/example_xcomargs.py
[2026-09-06T09:17:50.710+0000] {processor.py:914} INFO - Processing file /home/airflow/.local/lib/python3.12/site-packages/airflow/example_dags/example_xcomargs.py for tasks to queue
[2026-09-06T09:17:50.712+0000] {logging_mixin.py:190} INFO - [2026-09-06T09:17:50.711+0000] {dagbag.py:588} INFO - Filling up the DagBag from /home/airflow/.local/lib/python3.12/site-packages/airflow/example_dags/example_xcomargs.py
[2026-09-06T09:17:50.720+0000] {processor.py:925} INFO - DAG(s) 'example_xcom_args', 'example_xcom_args_with_operators' retrieved from /home/airflow/.local/lib/python3.12/site-packages/airflow/example_dags/example_xcomargs.py
[2026-09-06T09:17:50.737+0000] {logging_mixin.py:190} INFO - [2026-09-06T09:17:50.737+0000] {dag.py:3239} INFO - Sync 2 DAGs
[2026-09-06T09:17:50.748+0000] {logging_mixin.py:190} INFO - [2026-09-06T09:17:50.748+0000] {dag.py:4180} INFO - Setting next_dagrun for example_xcom_args to None, run_after=None
[2026-09-06T09:17:50.751+0000] {logging_mixin.py:190} INFO - [2026-09-06T09:17:50.750+0000] {dag.py:4180} INFO - Setting next_dagrun for example_xcom_args_with_operators to None, run_after=None
[2026-09-06T09:17:50.765+0000] {processor.py:208} INFO - Processing /home/airflow/.local/lib/python3.12/site-packages/airflow/example_dags/example_xcomargs.py took 0.060 seconds
[2026-09-06T09:18:22.184+0000] {processor.py:186} INFO - Started process (PID=3123) to work on /home/airflow/.local/lib/python3.12/site-packages/airflow/example_dags/example_xcomargs.py
[2026-09-06T09:18:22.185+0000] {processor.py:914} INFO - Processing file /home/airflow/.local/lib/python3.12/site-packages/airflow/example_dags/example_xcomargs.py for tasks to queue
[2026-09-06T09:18:22.188+0000] {logging_mixin.py:190} INFO - [2026-09-06T09:18:22.188+0000] {dagbag.py:588} INFO - Filling up the DagBag from /home/airflow/.local/lib/python3.12/site-packages/airflow/example_dags/example_xcomargs.py
[2026-09-06T09:18:22.198+0000] {processor.py:925} INFO - DAG(s) 'example_xcom_args_with_operators', 'example_xcom_args' retrieved from /home/airflow/.local/lib/python3.12/site-packages/airflow/example_dags/example_xcomargs.py
[2026-09-06T09:18:22.218+0000] {logging_mixin.py:190} INFO - [2026-09-06T09:18:22.218+0000] {dag.py:3239} INFO - Sync 2 DAGs
[2026-09-06T09:18:22.230+0000] {logging_mixin.py:190} INFO - [2026-09-06T09:18:22.230+0000] {dag.py:4180} INFO - Setting next_dagrun for example_xcom_args to None, run_after=None
[2026-09-06T09:18:22.233+0000] {logging_mixin.py:190} INFO - [2026-09-06T09:18:22.233+0000] {dag.py:4180} INFO - Setting next_dagrun for example_xcom_args_with_operators to None, run_after=None
[2026-09-06T09:18:22.246+0000] {processor.py:208} INFO - Processing /home/airflow/.local/lib/python3.12/site-packages/airflow/example_dags/example_xcomargs.py took 0.067 seconds
[2026-09-06T09:18:52.847+0000] {processor.py:186} INFO - Started process (PID=3176) to work on /home/airflow/.local/lib/python3.12/site-packages/airflow/example_dags/example_xcomargs.py
[2026-09-06T09:18:52.848+0000] {processor.py:914} INFO - Processing file /home/airflow/.local/lib/python3.12/site-packages/airflow/example_dags/example_xcomargs.py for tasks to queue
[2026-09-06T09:18:52.851+0000] {logging_mixin.py:190} INFO - [2026-09-06T09:18:52.850+0000] {dagbag.py:588} INFO - Filling up the DagBag from /home/airflow/.local/lib/python3.12/site-packages/airflow/example_dags/example_xcomargs.py
[2026-09-06T09:18:52.860+0000] {processor.py:925} INFO - DAG(s) 'example_xcom_args_with_operators', 'example_xcom_args' retrieved from /home/airflow/.local/lib/python3.12/site-packages/airflow/example_dags/example_xcomargs.py
[2026-09-06T09:18:52.880+0000] {logging_mixin.py:190} INFO - [2026-09-06T09:18:52.880+0000] {dag.py:3239} INFO - Sync 2 DAGs
[2026-09-06T09:18:53.103+0000] {logging_mixin.py:190} INFO - [2026-09-06T09:18:53.102+0000] {dag.py:4180} INFO - Setting next_dagrun for example_xcom_args to None, run_after=None
[2026-09-06T09:18:53.107+0000] {logging_mixin.py:190} INFO - [2026-09-06T09:18:53.106+0000] {dag.py:4180} INFO - Setting next_dagrun for example_xcom_args_with_operators to None, run_after=None
[2026-09-06T09:18:53.121+0000] {processor.py:208} INFO - Processing /home/airflow/.local/lib/python3.12/site-packages/airflow/example_dags/example_xcomargs.py took 0.278 seconds
[2026-09-06T09:19:23.602+0000] {processor.py:186} INFO - Started process (PID=3240) to work on /home/airflow/.local/lib/python3.12/site-packages/airflow/example_dags/example_xcomargs.py
[2026-09-06T09:19:23.603+0000] {processor.py:914} INFO - Processing file /home/airflow/.local/lib/python3.12/site-packages/airflow/example_dags/example_xcomargs.py for tasks to queue
[2026-09-06T09:19:23.605+0000] {logging_mixin.py:190} INFO - [2026-09-06T09:19:23.605+0000] {dagbag.py:588} INFO - Filling up the DagBag from /home/airflow/.local/lib/python3.12/site-packages/airflow/example_dags/example_xcomargs.py
[2026-09-06T09:19:23.614+0000] {processor.py:925} INFO - DAG(s) 'example_xcom_args_with_operators', 'example_xcom_args' retrieved from /home/airflow/.local/lib/python3.12/site-packages/airflow/example_dags/example_xcomargs.py
[2026-09-06T09:19:23.633+0000] {logging_mixin.py:190} INFO - [2026-09-06T09:19:23.633+0000] {dag.py:3239} INFO - Sync 2 DAGs
[2026-09-06T09:19:23.646+0000] {logging_mixin.py:190} INFO - [2026-09-06T09:19:23.646+0000] {dag.py:4180} INFO - Setting next_dagrun for example_xcom_args to None, run_after=None
[2026-09-06T09:19:23.649+0000] {logging_mixin.py:190} INFO - [2026-09-06T09:19:23.649+0000] {dag.py:4180} INFO - Setting next_dagrun for example_xcom_args_with_operators to None, run_after=None
[2026-09-06T09:19:23.838+0000] {processor.py:208} INFO - Processing /home/airflow/.local/lib/python3.12/site-packages/airflow/example_dags/example_xcomargs.py took 0.241 seconds
[2026-09-06T09:19:54.346+0000] {processor.py:186} INFO - Started process (PID=3304) to work on /home/airflow/.local/lib/python3.12/site-packages/airflow/example_dags/example_xcomargs.py
[2026-09-06T09:19:54.347+0000] {processor.py:914} INFO - Processing file /home/airflow/.local/lib/python3.12/site-packages/airflow/example_dags/example_xcomargs.py for tasks to queue
[2026-09-06T09:19:54.350+0000] {logging_mixin.py:190} INFO - [2026-09-06T09:19:54.349+0000] {dagbag.py:588} INFO - Filling up the DagBag from /home/airflow/.local/lib/python3.12/site-packages/airflow/example_dags/example_xcomargs.py
[2026-09-06T09:19:54.360+0000] {processor.py:925} INFO - DAG(s) 'example_xcom_args', 'example_xcom_args_with_operators' retrieved from /home/airflow/.local/lib/python3.12/site-packages/airflow/example_dags/example_xcomargs.py
[2026-09-06T09:19:54.378+0000] {logging_mixin.py:190} INFO - [2026-09-06T09:19:54.378+0000] {dag.py:3239} INFO - Sync 2 DAGs
[2026-09-06T09:19:54.390+0000] {logging_mixin.py:190} INFO - [2026-09-06T09:19:54.390+0000] {dag.py:4180} INFO - Setting next_dagrun for example_xcom_args to None, run_after=None
[2026-09-06T09:19:54.393+0000] {logging_mixin.py:190} INFO - [2026-09-06T09:19:54.393+0000] {dag.py:4180} INFO - Setting next_dagrun for example_xcom_args_with_operators to None, run_after=None
[2026-09-06T09:19:54.407+0000] {processor.py:208} INFO - Processing /home/airflow/.local/lib/python3.12/site-packages/airflow/example_dags/example_xcomargs.py took 0.067 seconds
[2026-09-06T09:20:25.144+0000] {processor.py:186} INFO - Started process (PID=3357) to work on /home/airflow/.local/lib/python3.12/site-packages/airflow/example_dags/example_xcomargs.py
[2026-09-06T09:20:25.145+0000] {processor.py:914} INFO - Processing file /home/airflow/.local/lib/python3.12/site-packages/airflow/example_dags/example_xcomargs.py for tasks to queue
[2026-09-06T09:20:25.147+0000] {logging_mixin.py:190} INFO - [2026-09-06T09:20:25.147+0000] {dagbag.py:588} INFO - Filling up the DagBag from /home/airflow/.local/lib/python3.12/site-packages/airflow/example_dags/example_xcomargs.py
[2026-09-06T09:20:25.157+0000] {processor.py:925} INFO - DAG(s) 'example_xcom_args_with_operators', 'example_xcom_args' retrieved from /home/airflow/.local/lib/python3.12/site-packages/airflow/example_dags/example_xcomargs.py
[2026-09-06T09:20:25.375+0000] {logging_mixin.py:190} INFO - [2026-09-06T09:20:25.375+0000] {dag.py:3239} INFO - Sync 2 DAGs
[2026-09-06T09:20:25.386+0000] {logging_mixin.py:190} INFO - [2026-09-06T09:20:25.385+0000] {dag.py:4180} INFO - Setting next_dagrun for example_xcom_args to None, run_after=None
[2026-09-06T09:20:25.389+0000] {logging_mixin.py:190} INFO - [2026-09-06T09:20:25.389+0000] {dag.py:4180} INFO - Setting next_dagrun for example_xcom_args_with_operators to None, run_after=None
[2026-09-06T09:20:25.402+0000] {processor.py:208} INFO - Processing /home/airflow/.local/lib/python3.12/site-packages/airflow/example_dags/example_xcomargs.py took 0.263 seconds
[2026-09-06T09:20:56.207+0000] {processor.py:186} INFO - Started process (PID=3421) to work on /home/airflow/.local/lib/python3.12/site-packages/airflow/example_dags/example_xcomargs.py
[2026-09-06T09:20:56.208+0000] {processor.py:914} INFO - Processing file /home/airflow/.local/lib/python3.12/site-packages/airflow/example_dags/example_xcomargs.py for tasks to queue
[2026-09-06T09:20:56.210+0000] {logging_mixin.py:190} INFO - [2026-09-06T09:20:56.210+0000] {dagbag.py:588} INFO - Filling up the DagBag from /home/airflow/.local/lib/python3.12/site-packages/airflow/example_dags/example_xcomargs.py
[2026-09-06T09:20:56.220+0000] {processor.py:925} INFO - DAG(s) 'example_xcom_args', 'example_xcom_args_with_operators' retrieved from /home/airflow/.local/lib/python3.12/site-packages/airflow/example_dags/example_xcomargs.py
[2026-09-06T09:20:56.247+0000] {logging_mixin.py:190} INFO - [2026-09-06T09:20:56.246+0000] {dag.py:3239} INFO - Sync 2 DAGs
[2026-09-06T09:20:56.263+0000] {logging_mixin.py:190} INFO - [2026-09-06T09:20:56.263+0000] {dag.py:4180} INFO - Setting next_dagrun for example_xcom_args to None, run_after=None
[2026-09-06T09:20:56.267+0000] {logging_mixin.py:190} INFO - [2026-09-06T09:20:56.267+0000] {dag.py:4180} INFO - Setting next_dagrun for example_xcom_args_with_operators to None, run_after=None
[2026-09-06T09:20:56.281+0000] {processor.py:208} INFO - Processing /home/airflow/.local/lib/python3.12/site-packages/airflow/example_dags/example_xcomargs.py took 0.081 seconds
[2026-09-06T09:21:26.534+0000] {processor.py:186} INFO - Started process (PID=3485) to work on /home/airflow/.local/lib/python3.12/site-packages/airflow/example_dags/example_xcomargs.py
[2026-09-06T09:21:26.536+0000] {processor.py:914} INFO - Processing file /home/airflow/.local/lib/python3.12/site-packages/airflow/example_dags/example_xcomargs.py for tasks to queue
[2026-09-06T09:21:26.538+0000] {logging_mixin.py:190} INFO - [2026-09-06T09:21:26.538+0000] {dagbag.py:588} INFO - Filling up the DagBag from /home/airflow/.local/lib/python3.12/site-packages/airflow/example_dags/example_xcomargs.py
[2026-09-06T09:21:26.548+0000] {processor.py:925} INFO - DAG(s) 'example_xcom_args', 'example_xcom_args_with_operators' retrieved from /home/airflow/.local/lib/python3.12/site-packages/airflow/example_dags/example_xcomargs.py
[2026-09-06T09:21:26.569+0000] {logging_mixin.py:190} INFO - [2026-09-06T09:21:26.569+0000] {dag.py:3239} INFO - Sync 2 DAGs
[2026-09-06T09:21:26.591+0000] {logging_mixin.py:190} INFO - [2026-09-06T09:21:26.590+0000] {dag.py:4180} INFO - Setting next_dagrun for example_xcom_args to None, run_after=None
[2026-09-06T09:21:26.596+0000] {logging_mixin.py:190} INFO - [2026-09-06T09:21:26.596+0000] {dag.py:4180} INFO - Setting next_dagrun for example_xcom_args_with_operators to None, run_after=None
[2026-09-06T09:21:26.617+0000] {processor.py:208} INFO - Processing /home/airflow/.local/lib/python3.12/site-packages/airflow/example_dags/example_xcomargs.py took 0.090 seconds
[2026-09-06T09:21:56.853+0000] {processor.py:186} INFO - Started process (PID=3539) to work on /home/airflow/.local/lib/python3.12/site-packages/airflow/example_dags/example_xcomargs.py
[2026-09-06T09:21:56.854+0000] {processor.py:914} INFO - Processing file /home/airflow/.local/lib/python3.12/site-packages/airflow/example_dags/example_xcomargs.py for tasks to queue
[2026-09-06T09:21:56.856+0000] {logging_mixin.py:190} INFO - [2026-09-06T09:21:56.856+0000] {dagbag.py:588} INFO - Filling up the DagBag from /home/airflow/.local/lib/python3.12/site-packages/airflow/example_dags/example_xcomargs.py
[2026-09-06T09:21:56.864+0000] {processor.py:925} INFO - DAG(s) 'example_xcom_args', 'example_xcom_args_with_operators' retrieved from /home/airflow/.local/lib/python3.12/site-packages/airflow/example_dags/example_xcomargs.py
[2026-09-06T09:21:56.880+0000] {logging_mixin.py:190} INFO - [2026-09-06T09:21:56.880+0000] {dag.py:3239} INFO - Sync 2 DAGs
[2026-09-06T09:21:56.890+0000] {logging_mixin.py:190} INFO - [2026-09-06T09:21:56.890+0000] {dag.py:4180} INFO - Setting next_dagrun for example_xcom_args to None, run_after=None
[2026-09-06T09:21:56.893+0000] {logging_mixin.py:190} INFO - [2026-09-06T09:21:56.893+0000] {dag.py:4180} INFO - Setting next_dagrun for example_xcom_args_with_operators to None, run_after=None
[2026-09-06T09:21:56.905+0000] {processor.py:208} INFO - Processing /home/airflow/.local/lib/python3.12/site-packages/airflow/example_dags/example_xcomargs.py took 0.057 seconds
[2026-09-06T09:22:27.800+0000] {processor.py:186} INFO - Started process (PID=3603) to work on /home/airflow/.local/lib/python3.12/site-packages/airflow/example_dags/example_xcomargs.py
[2026-09-06T09:22:27.801+0000] {processor.py:914} INFO - Processing file /home/airflow/.local/lib/python3.12/site-packages/airflow/example_dags/example_xcomargs.py for tasks to queue
[2026-09-06T09:22:27.803+0000] {logging_mixin.py:190} INFO - [2026-09-06T09:22:27.803+0000] {dagbag.py:588} INFO - Filling up the DagBag from /home/airflow/.local/lib/python3.12/site-packages/airflow/example_dags/example_xcomargs.py
[2026-09-06T09:22:27.812+0000] {processor.py:925} INFO - DAG(s) 'example_xcom_args', 'example_xcom_args_with_operators' retrieved from /home/airflow/.local/lib/python3.12/site-packages/airflow/example_dags/example_xcomargs.py
[2026-09-06T09:22:27.829+0000] {logging_mixin.py:190} INFO - [2026-09-06T09:22:27.829+0000] {dag.py:3239} INFO - Sync 2 DAGs
[2026-09-06T09:22:27.840+0000] {logging_mixin.py:190} INFO - [2026-09-06T09:22:27.840+0000] {dag.py:4180} INFO - Setting next_dagrun for example_xcom_args to None, run_after=None
[2026-09-06T09:22:27.842+0000] {logging_mixin.py:190} INFO - [2026-09-06T09:22:27.842+0000] {dag.py:4180} INFO - Setting next_dagrun for example_xcom_args_with_operators to None, run_after=None
[2026-09-06T09:22:27.855+0000] {processor.py:208} INFO - Processing /home/airflow/.local/lib/python3.12/site-packages/airflow/example_dags/example_xcomargs.py took 0.060 seconds
[2026-09-06T09:22:58.820+0000] {processor.py:186} INFO - Started process (PID=3667) to work on /home/airflow/.local/lib/python3.12/site-packages/airflow/example_dags/example_xcomargs.py
[2026-09-06T09:22:58.821+0000] {processor.py:914} INFO - Processing file /home/airflow/.local/lib/python3.12/site-packages/airflow/example_dags/example_xcomargs.py for tasks to queue
[2026-09-06T09:22:58.823+0000] {logging_mixin.py:190} INFO - [2026-09-06T09:22:58.823+0000] {dagbag.py:588} INFO - Filling up the DagBag from /home/airflow/.local/lib/python3.12/site-packages/airflow/example_dags/example_xcomargs.py
[2026-09-06T09:22:58.831+0000] {processor.py:925} INFO - DAG(s) 'example_xcom_args', 'example_xcom_args_with_operators' retrieved from /home/airflow/.local/lib/python3.12/site-packages/airflow/example_dags/example_xcomargs.py
[2026-09-06T09:22:58.849+0000] {logging_mixin.py:190} INFO - [2026-09-06T09:22:58.849+0000] {dag.py:3239} INFO - Sync 2 DAGs
[2026-09-06T09:22:58.860+0000] {logging_mixin.py:190} INFO - [2026-09-06T09:22:58.860+0000] {dag.py:4180} INFO - Setting next_dagrun for example_xcom_args to None, run_after=None
[2026-09-06T09:22:58.863+0000] {logging_mixin.py:190} INFO - [2026-09-06T09:22:58.863+0000] {dag.py:4180} INFO - Setting next_dagrun for example_xcom_args_with_operators to None, run_after=None
[2026-09-06T09:22:58.875+0000] {processor.py:208} INFO - Processing /home/airflow/.local/lib/python3.12/site-packages/airflow/example_dags/example_xcomargs.py took 0.060 seconds
[2026-09-06T09:23:29.022+0000] {processor.py:186} INFO - Started process (PID=3731) to work on /home/airflow/.local/lib/python3.12/site-packages/airflow/example_dags/example_xcomargs.py
[2026-09-06T09:23:29.023+0000] {processor.py:914} INFO - Processing file /home/airflow/.local/lib/python3.12/site-packages/airflow/example_dags/example_xcomargs.py for tasks to queue
[2026-09-06T09:23:29.025+0000] {logging_mixin.py:190} INFO - [2026-09-06T09:23:29.025+0000] {dagbag.py:588} INFO - Filling up the DagBag from /home/airflow/.local/lib/python3.12/site-packages/airflow/example_dags/example_xcomargs.py
[2026-09-06T09:23:29.035+0000] {processor.py:925} INFO - DAG(s) 'example_xcom_args_with_operators', 'example_xcom_args' retrieved from /home/airflow/.local/lib/python3.12/site-packages/airflow/example_dags/example_xcomargs.py
[2026-09-06T09:23:29.053+0000] {logging_mixin.py:190} INFO - [2026-09-06T09:23:29.053+0000] {dag.py:3239} INFO - Sync 2 DAGs
[2026-09-06T09:23:29.065+0000] {logging_mixin.py:190} INFO - [2026-09-06T09:23:29.064+0000] {dag.py:4180} INFO - Setting next_dagrun for example_xcom_args to None, run_after=None
[2026-09-06T09:23:29.067+0000] {logging_mixin.py:190} INFO - [2026-09-06T09:23:29.067+0000] {dag.py:4180} INFO - Setting next_dagrun for example_xcom_args_with_operators to None, run_after=None
[2026-09-06T09:23:29.080+0000] {processor.py:208} INFO - Processing /home/airflow/.local/lib/python3.12/site-packages/airflow/example_dags/example_xcomargs.py took 0.064 seconds
[2026-09-06T09:23:59.857+0000] {processor.py:186} INFO - Started process (PID=3801) to work on /home/airflow/.local/lib/python3.12/site-packages/airflow/example_dags/example_xcomargs.py
[2026-09-06T09:23:59.858+0000] {processor.py:914} INFO - Processing file /home/airflow/.local/lib/python3.12/site-packages/airflow/example_dags/example_xcomargs.py for tasks to queue
[2026-09-06T09:23:59.860+0000] {logging_mixin.py:190} INFO - [2026-09-06T09:23:59.860+0000] {dagbag.py:588} INFO - Filling up the DagBag from /home/airflow/.local/lib/python3.12/site-packages/airflow/example_dags/example_xcomargs.py
[2026-09-06T09:23:59.868+0000] {processor.py:925} INFO - DAG(s) 'example_xcom_args_with_operators', 'example_xcom_args' retrieved from /home/airflow/.local/lib/python3.12/site-packages/airflow/example_dags/example_xcomargs.py
[2026-09-06T09:23:59.885+0000] {logging_mixin.py:190} INFO - [2026-09-06T09:23:59.885+0000] {dag.py:3239} INFO - Sync 2 DAGs
[2026-09-06T09:23:59.895+0000] {logging_mixin.py:190} INFO - [2026-09-06T09:23:59.895+0000] {dag.py:4180} INFO - Setting next_dagrun for example_xcom_args to None, run_after=None
[2026-09-06T09:23:59.898+0000] {logging_mixin.py:190} INFO - [2026-09-06T09:23:59.898+0000] {dag.py:4180} INFO - Setting next_dagrun for example_xcom_args_with_operators to None, run_after=None
[2026-09-06T09:23:59.910+0000] {processor.py:208} INFO - Processing /home/airflow/.local/lib/python3.12/site-packages/airflow/example_dags/example_xcomargs.py took 0.058 seconds
[2026-09-06T09:24:30.031+0000] {processor.py:186} INFO - Started process (PID=3865) to work on /home/airflow/.local/lib/python3.12/site-packages/airflow/example_dags/example_xcomargs.py
[2026-09-06T09:24:30.032+0000] {processor.py:914} INFO - Processing file /home/airflow/.local/lib/python3.12/site-packages/airflow/example_dags/example_xcomargs.py for tasks to queue
[2026-09-06T09:24:30.034+0000] {logging_mixin.py:190} INFO - [2026-09-06T09:24:30.034+0000] {dagbag.py:588} INFO - Filling up the DagBag from /home/airflow/.local/lib/python3.12/site-packages/airflow/example_dags/example_xcomargs.py
[2026-09-06T09:24:30.044+0000] {processor.py:925} INFO - DAG(s) 'example_xcom_args_with_operators', 'example_xcom_args' retrieved from /home/airflow/.local/lib/python3.12/site-packages/airflow/example_dags/example_xcomargs.py
[2026-09-06T09:24:30.065+0000] {logging_mixin.py:190} INFO - [2026-09-06T09:24:30.064+0000] {dag.py:3239} INFO - Sync 2 DAGs
[2026-09-06T09:24:30.078+0000] {logging_mixin.py:190} INFO - [2026-09-06T09:24:30.078+0000] {dag.py:4180} INFO - Setting next_dagrun for example_xcom_args to None, run_after=None
[2026-09-06T09:24:30.081+0000] {logging_mixin.py:190} INFO - [2026-09-06T09:24:30.081+0000] {dag.py:4180} INFO - Setting next_dagrun for example_xcom_args_with_operators to None, run_after=None
[2026-09-06T09:24:30.095+0000] {processor.py:208} INFO - Processing /home/airflow/.local/lib/python3.12/site-packages/airflow/example_dags/example_xcomargs.py took 0.069 seconds
[2026-09-06T09:25:00.159+0000] {processor.py:186} INFO - Started process (PID=3929) to work on /home/airflow/.local/lib/python3.12/site-packages/airflow/example_dags/example_xcomargs.py
[2026-09-06T09:25:00.160+0000] {processor.py:914} INFO - Processing file /home/airflow/.local/lib/python3.12/site-packages/airflow/example_dags/example_xcomargs.py for tasks to queue
[2026-09-06T09:25:00.163+0000] {logging_mixin.py:190} INFO - [2026-09-06T09:25:00.162+0000] {dagbag.py:588} INFO - Filling up the DagBag from /home/airflow/.local/lib/python3.12/site-packages/airflow/example_dags/example_xcomargs.py
[2026-09-06T09:25:00.174+0000] {processor.py:925} INFO - DAG(s) 'example_xcom_args', 'example_xcom_args_with_operators' retrieved from /home/airflow/.local/lib/python3.12/site-packages/airflow/example_dags/example_xcomargs.py
[2026-09-06T09:25:00.192+0000] {logging_mixin.py:190} INFO - [2026-09-06T09:25:00.192+0000] {dag.py:3239} INFO - Sync 2 DAGs
[2026-09-06T09:25:00.203+0000] {logging_mixin.py:190} INFO - [2026-09-06T09:25:00.203+0000] {dag.py:4180} INFO - Setting next_dagrun for example_xcom_args to None, run_after=None
[2026-09-06T09:25:00.206+0000] {logging_mixin.py:190} INFO - [2026-09-06T09:25:00.206+0000] {dag.py:4180} INFO - Setting next_dagrun for example_xcom_args_with_operators to None, run_after=None
[2026-09-06T09:25:00.219+0000] {processor.py:208} INFO - Processing /home/airflow/.local/lib/python3.12/site-packages/airflow/example_dags/example_xcomargs.py took 0.064 seconds
[2026-09-06T09:25:30.337+0000] {processor.py:186} INFO - Started process (PID=3993) to work on /home/airflow/.local/lib/python3.12/site-packages/airflow/example_dags/example_xcomargs.py
[2026-09-06T09:25:30.338+0000] {processor.py:914} INFO - Processing file /home/airflow/.local/lib/python3.12/site-packages/airflow/example_dags/example_xcomargs.py for tasks to queue
[2026-09-06T09:25:30.341+0000] {logging_mixin.py:190} INFO - [2026-09-06T09:25:30.340+0000] {dagbag.py:588} INFO - Filling up the DagBag from /home/airflow/.local/lib/python3.12/site-packages/airflow/example_dags/example_xcomargs.py
[2026-09-06T09:25:30.348+0000] {processor.py:925} INFO - DAG(s) 'example_xcom_args_with_operators', 'example_xcom_args' retrieved from /home/airflow/.local/lib/python3.12/site-packages/airflow/example_dags/example_xcomargs.py
[2026-09-06T09:25:30.365+0000] {logging_mixin.py:190} INFO - [2026-09-06T09:25:30.365+0000] {dag.py:3239} INFO - Sync 2 DAGs
[2026-09-06T09:25:30.376+0000] {logging_mixin.py:190} INFO - [2026-09-06T09:25:30.376+0000] {dag.py:4180} INFO - Setting next_dagrun for example_xcom_args to None, run_after=None
[2026-09-06T09:25:30.379+0000] {logging_mixin.py:190} INFO - [2026-09-06T09:25:30.379+0000] {dag.py:4180} INFO - Setting next_dagrun for example_xcom_args_with_operators to None, run_after=None
[2026-09-06T09:25:30.391+0000] {processor.py:208} INFO - Processing /home/airflow/.local/lib/python3.12/site-packages/airflow/example_dags/example_xcomargs.py took 0.058 seconds
[2026-09-06T09:26:00.750+0000] {processor.py:186} INFO - Started process (PID=4057) to work on /home/airflow/.local/lib/python3.12/site-packages/airflow/example_dags/example_xcomargs.py
[2026-09-06T09:26:00.751+0000] {processor.py:914} INFO - Processing file /home/airflow/.local/lib/python3.12/site-packages/airflow/example_dags/example_xcomargs.py for tasks to queue
[2026-09-06T09:26:00.753+0000] {logging_mixin.py:190} INFO - [2026-09-06T09:26:00.753+0000] {dagbag.py:588} INFO - Filling up the DagBag from /home/airflow/.local/lib/python3.12/site-packages/airflow/example_dags/example_xcomargs.py
[2026-09-06T09:26:00.762+0000] {processor.py:925} INFO - DAG(s) 'example_xcom_args', 'example_xcom_args_with_operators' retrieved from /home/airflow/.local/lib/python3.12/site-packages/airflow/example_dags/example_xcomargs.py
[2026-09-06T09:26:00.780+0000] {logging_mixin.py:190} INFO - [2026-09-06T09:26:00.780+0000] {dag.py:3239} INFO - Sync 2 DAGs
[2026-09-06T09:26:00.792+0000] {logging_mixin.py:190} INFO - [2026-09-06T09:26:00.791+0000] {dag.py:4180} INFO - Setting next_dagrun for example_xcom_args to None, run_after=None
[2026-09-06T09:26:00.794+0000] {logging_mixin.py:190} INFO - [2026-09-06T09:26:00.794+0000] {dag.py:4180} INFO - Setting next_dagrun for example_xcom_args_with_operators to None, run_after=None
[2026-09-06T09:26:00.810+0000] {processor.py:208} INFO - Processing /home/airflow/.local/lib/python3.12/site-packages/airflow/example_dags/example_xcomargs.py took 0.065 seconds
[2026-09-06T09:26:31.418+0000] {processor.py:186} INFO - Started process (PID=4121) to work on /home/airflow/.local/lib/python3.12/site-packages/airflow/example_dags/example_xcomargs.py
[2026-09-06T09:26:31.419+0000] {processor.py:914} INFO - Processing file /home/airflow/.local/lib/python3.12/site-packages/airflow/example_dags/example_xcomargs.py for tasks to queue
[2026-09-06T09:26:31.422+0000] {logging_mixin.py:190} INFO - [2026-09-06T09:26:31.421+0000] {dagbag.py:588} INFO - Filling up the DagBag from /home/airflow/.local/lib/python3.12/site-packages/airflow/example_dags/example_xcomargs.py
[2026-09-06T09:26:31.433+0000] {processor.py:925} INFO - DAG(s) 'example_xcom_args', 'example_xcom_args_with_operators' retrieved from /home/airflow/.local/lib/python3.12/site-packages/airflow/example_dags/example_xcomargs.py
[2026-09-06T09:26:31.454+0000] {logging_mixin.py:190} INFO - [2026-09-06T09:26:31.453+0000] {dag.py:3239} INFO - Sync 2 DAGs
[2026-09-06T09:26:31.466+0000] {logging_mixin.py:190} INFO - [2026-09-06T09:26:31.466+0000] {dag.py:4180} INFO - Setting next_dagrun for example_xcom_args to None, run_after=None
[2026-09-06T09:26:31.469+0000] {logging_mixin.py:190} INFO - [2026-09-06T09:26:31.469+0000] {dag.py:4180} INFO - Setting next_dagrun for example_xcom_args_with_operators to None, run_after=None
[2026-09-06T09:26:31.486+0000] {processor.py:208} INFO - Processing /home/airflow/.local/lib/python3.12/site-packages/airflow/example_dags/example_xcomargs.py took 0.075 seconds
[2026-09-06T09:27:01.663+0000] {processor.py:186} INFO - Started process (PID=4186) to work on /home/airflow/.local/lib/python3.12/site-packages/airflow/example_dags/example_xcomargs.py
[2026-09-06T09:27:01.665+0000] {processor.py:914} INFO - Processing file /home/airflow/.local/lib/python3.12/site-packages/airflow/example_dags/example_xcomargs.py for tasks to queue
[2026-09-06T09:27:01.667+0000] {logging_mixin.py:190} INFO - [2026-09-06T09:27:01.667+0000] {dagbag.py:588} INFO - Filling up the DagBag from /home/airflow/.local/lib/python3.12/site-packages/airflow/example_dags/example_xcomargs.py
[2026-09-06T09:27:01.676+0000] {processor.py:925} INFO - DAG(s) 'example_xcom_args', 'example_xcom_args_with_operators' retrieved from /home/airflow/.local/lib/python3.12/site-packages/airflow/example_dags/example_xcomargs.py
[2026-09-06T09:27:01.702+0000] {logging_mixin.py:190} INFO - [2026-09-06T09:27:01.701+0000] {dag.py:3239} INFO - Sync 2 DAGs
[2026-09-06T09:27:01.718+0000] {logging_mixin.py:190} INFO - [2026-09-06T09:27:01.718+0000] {dag.py:4180} INFO - Setting next_dagrun for example_xcom_args to None, run_after=None
[2026-09-06T09:27:01.723+0000] {logging_mixin.py:190} INFO - [2026-09-06T09:27:01.723+0000] {dag.py:4180} INFO - Setting next_dagrun for example_xcom_args_with_operators to None, run_after=None
[2026-09-06T09:27:01.740+0000] {processor.py:208} INFO - Processing /home/airflow/.local/lib/python3.12/site-packages/airflow/example_dags/example_xcomargs.py took 0.082 seconds
[2026-09-06T09:27:31.867+0000] {processor.py:186} INFO - Started process (PID=4250) to work on /home/airflow/.local/lib/python3.12/site-packages/airflow/example_dags/example_xcomargs.py
[2026-09-06T09:27:31.868+0000] {processor.py:914} INFO - Processing file /home/airflow/.local/lib/python3.12/site-packages/airflow/example_dags/example_xcomargs.py for tasks to queue
[2026-09-06T09:27:31.870+0000] {logging_mixin.py:190} INFO - [2026-09-06T09:27:31.870+0000] {dagbag.py:588} INFO - Filling up the DagBag from /home/airflow/.local/lib/python3.12/site-packages/airflow/example_dags/example_xcomargs.py
[2026-09-06T09:27:31.878+0000] {processor.py:925} INFO - DAG(s) 'example_xcom_args', 'example_xcom_args_with_operators' retrieved from /home/airflow/.local/lib/python3.12/site-packages/airflow/example_dags/example_xcomargs.py
[2026-09-06T09:27:31.896+0000] {logging_mixin.py:190} INFO - [2026-09-06T09:27:31.896+0000] {dag.py:3239} INFO - Sync 2 DAGs
[2026-09-06T09:27:31.909+0000] {logging_mixin.py:190} INFO - [2026-09-06T09:27:31.909+0000] {dag.py:4180} INFO - Setting next_dagrun for example_xcom_args to None, run_after=None
[2026-09-06T09:27:31.912+0000] {logging_mixin.py:190} INFO - [2026-09-06T09:27:31.912+0000] {dag.py:4180} INFO - Setting next_dagrun for example_xcom_args_with_operators to None, run_after=None
[2026-09-06T09:27:31.929+0000] {processor.py:208} INFO - Processing /home/airflow/.local/lib/python3.12/site-packages/airflow/example_dags/example_xcomargs.py took 0.066 seconds
[2026-09-06T09:28:02.363+0000] {processor.py:186} INFO - Started process (PID=4314) to work on /home/airflow/.local/lib/python3.12/site-packages/airflow/example_dags/example_xcomargs.py
[2026-09-06T09:28:02.364+0000] {processor.py:914} INFO - Processing file /home/airflow/.local/lib/python3.12/site-packages/airflow/example_dags/example_xcomargs.py for tasks to queue
[2026-09-06T09:28:02.367+0000] {logging_mixin.py:190} INFO - [2026-09-06T09:28:02.366+0000] {dagbag.py:588} INFO - Filling up the DagBag from /home/airflow/.local/lib/python3.12/site-packages/airflow/example_dags/example_xcomargs.py
[2026-09-06T09:28:02.375+0000] {processor.py:925} INFO - DAG(s) 'example_xcom_args_with_operators', 'example_xcom_args' retrieved from /home/airflow/.local/lib/python3.12/site-packages/airflow/example_dags/example_xcomargs.py
[2026-09-06T09:28:02.393+0000] {logging_mixin.py:190} INFO - [2026-09-06T09:28:02.393+0000] {dag.py:3239} INFO - Sync 2 DAGs
[2026-09-06T09:28:02.406+0000] {logging_mixin.py:190} INFO - [2026-09-06T09:28:02.406+0000] {dag.py:4180} INFO - Setting next_dagrun for example_xcom_args to None, run_after=None
[2026-09-06T09:28:02.409+0000] {logging_mixin.py:190} INFO - [2026-09-06T09:28:02.409+0000] {dag.py:4180} INFO - Setting next_dagrun for example_xcom_args_with_operators to None, run_after=None
[2026-09-06T09:28:02.426+0000] {processor.py:208} INFO - Processing /home/airflow/.local/lib/python3.12/site-packages/airflow/example_dags/example_xcomargs.py took 0.068 seconds
[2026-09-06T09:28:33.035+0000] {processor.py:186} INFO - Started process (PID=4378) to work on /home/airflow/.local/lib/python3.12/site-packages/airflow/example_dags/example_xcomargs.py
[2026-09-06T09:28:33.036+0000] {processor.py:914} INFO - Processing file /home/airflow/.local/lib/python3.12/site-packages/airflow/example_dags/example_xcomargs.py for tasks to queue
[2026-09-06T09:28:33.038+0000] {logging_mixin.py:190} INFO - [2026-09-06T09:28:33.038+0000] {dagbag.py:588} INFO - Filling up the DagBag from /home/airflow/.local/lib/python3.12/site-packages/airflow/example_dags/example_xcomargs.py
[2026-09-06T09:28:33.046+0000] {processor.py:925} INFO - DAG(s) 'example_xcom_args_with_operators', 'example_xcom_args' retrieved from /home/airflow/.local/lib/python3.12/site-packages/airflow/example_dags/example_xcomargs.py
[2026-09-06T09:28:33.063+0000] {logging_mixin.py:190} INFO - [2026-09-06T09:28:33.063+0000] {dag.py:3239} INFO - Sync 2 DAGs
[2026-09-06T09:28:33.074+0000] {logging_mixin.py:190} INFO - [2026-09-06T09:28:33.074+0000] {dag.py:4180} INFO - Setting next_dagrun for example_xcom_args to None, run_after=None
[2026-09-06T09:28:33.077+0000] {logging_mixin.py:190} INFO - [2026-09-06T09:28:33.077+0000] {dag.py:4180} INFO - Setting next_dagrun for example_xcom_args_with_operators to None, run_after=None
[2026-09-06T09:28:33.090+0000] {processor.py:208} INFO - Processing /home/airflow/.local/lib/python3.12/site-packages/airflow/example_dags/example_xcomargs.py took 0.060 seconds
[2026-09-06T09:29:03.362+0000] {processor.py:186} INFO - Started process (PID=4442) to work on /home/airflow/.local/lib/python3.12/site-packages/airflow/example_dags/example_xcomargs.py
[2026-09-06T09:29:03.363+0000] {processor.py:914} INFO - Processing file /home/airflow/.local/lib/python3.12/site-packages/airflow/example_dags/example_xcomargs.py for tasks to queue
[2026-09-06T09:29:03.365+0000] {logging_mixin.py:190} INFO - [2026-09-06T09:29:03.365+0000] {dagbag.py:588} INFO - Filling up the DagBag from /home/airflow/.local/lib/python3.12/site-packages/airflow/example_dags/example_xcomargs.py
[2026-09-06T09:29:03.374+0000] {processor.py:925} INFO - DAG(s) 'example_xcom_args', 'example_xcom_args_with_operators' retrieved from /home/airflow/.local/lib/python3.12/site-packages/airflow/example_dags/example_xcomargs.py
[2026-09-06T09:29:03.393+0000] {logging_mixin.py:190} INFO - [2026-09-06T09:29:03.393+0000] {dag.py:3239} INFO - Sync 2 DAGs
[2026-09-06T09:29:03.405+0000] {logging_mixin.py:190} INFO - [2026-09-06T09:29:03.404+0000] {dag.py:4180} INFO - Setting next_dagrun for example_xcom_args to None, run_after=None
[2026-09-06T09:29:03.408+0000] {logging_mixin.py:190} INFO - [2026-09-06T09:29:03.408+0000] {dag.py:4180} INFO - Setting next_dagrun for example_xcom_args_with_operators to None, run_after=None
[2026-09-06T09:29:03.421+0000] {processor.py:208} INFO - Processing /home/airflow/.local/lib/python3.12/site-packages/airflow/example_dags/example_xcomargs.py took 0.064 seconds
[2026-09-06T09:29:33.510+0000] {processor.py:186} INFO - Started process (PID=4506) to work on /home/airflow/.local/lib/python3.12/site-packages/airflow/example_dags/example_xcomargs.py
[2026-09-06T09:29:33.511+0000] {processor.py:914} INFO - Processing file /home/airflow/.local/lib/python3.12/site-packages/airflow/example_dags/example_xcomargs.py for tasks to queue
[2026-09-06T09:29:33.513+0000] {logging_mixin.py:190} INFO - [2026-09-06T09:29:33.513+0000] {dagbag.py:588} INFO - Filling up the DagBag from /home/airflow/.local/lib/python3.12/site-packages/airflow/example_dags/example_xcomargs.py
[2026-09-06T09:29:33.521+0000] {processor.py:925} INFO - DAG(s) 'example_xcom_args_with_operators', 'example_xcom_args' retrieved from /home/airflow/.local/lib/python3.12/site-packages/airflow/example_dags/example_xcomargs.py
[2026-09-06T09:29:33.538+0000] {logging_mixin.py:190} INFO - [2026-09-06T09:29:33.538+0000] {dag.py:3239} INFO - Sync 2 DAGs
[2026-09-06T09:29:33.549+0000] {logging_mixin.py:190} INFO - [2026-09-06T09:29:33.549+0000] {dag.py:4180} INFO - Setting next_dagrun for example_xcom_args to None, run_after=None
[2026-09-06T09:29:33.552+0000] {logging_mixin.py:190} INFO - [2026-09-06T09:29:33.552+0000] {dag.py:4180} INFO - Setting next_dagrun for example_xcom_args_with_operators to None, run_after=None
[2026-09-06T09:29:33.564+0000] {processor.py:208} INFO - Processing /home/airflow/.local/lib/python3.12/site-packages/airflow/example_dags/example_xcomargs.py took 0.059 seconds
[2026-09-06T09:30:04.267+0000] {processor.py:186} INFO - Started process (PID=4570) to work on /home/airflow/.local/lib/python3.12/site-packages/airflow/example_dags/example_xcomargs.py
[2026-09-06T09:30:04.268+0000] {processor.py:914} INFO - Processing file /home/airflow/.local/lib/python3.12/site-packages/airflow/example_dags/example_xcomargs.py for tasks to queue
[2026-09-06T09:30:04.270+0000] {logging_mixin.py:190} INFO - [2026-09-06T09:30:04.270+0000] {dagbag.py:588} INFO - Filling up the DagBag from /home/airflow/.local/lib/python3.12/site-packages/airflow/example_dags/example_xcomargs.py
[2026-09-06T09:30:04.280+0000] {processor.py:925} INFO - DAG(s) 'example_xcom_args_with_operators', 'example_xcom_args' retrieved from /home/airflow/.local/lib/python3.12/site-packages/airflow/example_dags/example_xcomargs.py
[2026-09-06T09:30:04.299+0000] {logging_mixin.py:190} INFO - [2026-09-06T09:30:04.299+0000] {dag.py:3239} INFO - Sync 2 DAGs
[2026-09-06T09:30:04.311+0000] {logging_mixin.py:190} INFO - [2026-09-06T09:30:04.310+0000] {dag.py:4180} INFO - Setting next_dagrun for example_xcom_args to None, run_after=None
[2026-09-06T09:30:04.314+0000] {logging_mixin.py:190} INFO - [2026-09-06T09:30:04.314+0000] {dag.py:4180} INFO - Setting next_dagrun for example_xcom_args_with_operators to None, run_after=None
[2026-09-06T09:30:04.328+0000] {processor.py:208} INFO - Processing /home/airflow/.local/lib/python3.12/site-packages/airflow/example_dags/example_xcomargs.py took 0.066 seconds
[2026-09-06T09:30:34.836+0000] {processor.py:186} INFO - Started process (PID=4634) to work on /home/airflow/.local/lib/python3.12/site-packages/airflow/example_dags/example_xcomargs.py
[2026-09-06T09:30:34.837+0000] {processor.py:914} INFO - Processing file /home/airflow/.local/lib/python3.12/site-packages/airflow/example_dags/example_xcomargs.py for tasks to queue
[2026-09-06T09:30:34.839+0000] {logging_mixin.py:190} INFO - [2026-09-06T09:30:34.839+0000] {dagbag.py:588} INFO - Filling up the DagBag from /home/airflow/.local/lib/python3.12/site-packages/airflow/example_dags/example_xcomargs.py
[2026-09-06T09:30:34.849+0000] {processor.py:925} INFO - DAG(s) 'example_xcom_args_with_operators', 'example_xcom_args' retrieved from /home/airflow/.local/lib/python3.12/site-packages/airflow/example_dags/example_xcomargs.py
[2026-09-06T09:30:34.868+0000] {logging_mixin.py:190} INFO - [2026-09-06T09:30:34.868+0000] {dag.py:3239} INFO - Sync 2 DAGs
[2026-09-06T09:30:34.880+0000] {logging_mixin.py:190} INFO - [2026-09-06T09:30:34.879+0000] {dag.py:4180} INFO - Setting next_dagrun for example_xcom_args to None, run_after=None
[2026-09-06T09:30:34.882+0000] {logging_mixin.py:190} INFO - [2026-09-06T09:30:34.882+0000] {dag.py:4180} INFO - Setting next_dagrun for example_xcom_args_with_operators to None, run_after=None
[2026-09-06T09:30:34.895+0000] {processor.py:208} INFO - Processing /home/airflow/.local/lib/python3.12/site-packages/airflow/example_dags/example_xcomargs.py took 0.065 seconds
[2026-09-06T09:31:05.096+0000] {processor.py:186} INFO - Started process (PID=4698) to work on /home/airflow/.local/lib/python3.12/site-packages/airflow/example_dags/example_xcomargs.py
[2026-09-06T09:31:05.097+0000] {processor.py:914} INFO - Processing file /home/airflow/.local/lib/python3.12/site-packages/airflow/example_dags/example_xcomargs.py for tasks to queue
[2026-09-06T09:31:05.099+0000] {logging_mixin.py:190} INFO - [2026-09-06T09:31:05.099+0000] {dagbag.py:588} INFO - Filling up the DagBag from /home/airflow/.local/lib/python3.12/site-packages/airflow/example_dags/example_xcomargs.py
[2026-09-06T09:31:05.107+0000] {processor.py:925} INFO - DAG(s) 'example_xcom_args_with_operators', 'example_xcom_args' retrieved from /home/airflow/.local/lib/python3.12/site-packages/airflow/example_dags/example_xcomargs.py
[2026-09-06T09:31:05.127+0000] {logging_mixin.py:190} INFO - [2026-09-06T09:31:05.126+0000] {dag.py:3239} INFO - Sync 2 DAGs
[2026-09-06T09:31:05.139+0000] {logging_mixin.py:190} INFO - [2026-09-06T09:31:05.138+0000] {dag.py:4180} INFO - Setting next_dagrun for example_xcom_args to None, run_after=None
[2026-09-06T09:31:05.142+0000] {logging_mixin.py:190} INFO - [2026-09-06T09:31:05.142+0000] {dag.py:4180} INFO - Setting next_dagrun for example_xcom_args_with_operators to None, run_after=None
[2026-09-06T09:31:05.157+0000] {processor.py:208} INFO - Processing /home/airflow/.local/lib/python3.12/site-packages/airflow/example_dags/example_xcomargs.py took 0.066 seconds
[2026-09-06T09:31:35.916+0000] {processor.py:186} INFO - Started process (PID=4762) to work on /home/airflow/.local/lib/python3.12/site-packages/airflow/example_dags/example_xcomargs.py
[2026-09-06T09:31:35.917+0000] {processor.py:914} INFO - Processing file /home/airflow/.local/lib/python3.12/site-packages/airflow/example_dags/example_xcomargs.py for tasks to queue
[2026-09-06T09:31:35.919+0000] {logging_mixin.py:190} INFO - [2026-09-06T09:31:35.919+0000] {dagbag.py:588} INFO - Filling up the DagBag from /home/airflow/.local/lib/python3.12/site-packages/airflow/example_dags/example_xcomargs.py
[2026-09-06T09:31:35.928+0000] {processor.py:925} INFO - DAG(s) 'example_xcom_args_with_operators', 'example_xcom_args' retrieved from /home/airflow/.local/lib/python3.12/site-packages/airflow/example_dags/example_xcomargs.py
[2026-09-06T09:31:35.947+0000] {logging_mixin.py:190} INFO - [2026-09-06T09:31:35.947+0000] {dag.py:3239} INFO - Sync 2 DAGs
[2026-09-06T09:31:35.959+0000] {logging_mixin.py:190} INFO - [2026-09-06T09:31:35.959+0000] {dag.py:4180} INFO - Setting next_dagrun for example_xcom_args to None, run_after=None
[2026-09-06T09:31:35.962+0000] {logging_mixin.py:190} INFO - [2026-09-06T09:31:35.962+0000] {dag.py:4180} INFO - Setting next_dagrun for example_xcom_args_with_operators to None, run_after=None
[2026-09-06T09:31:35.975+0000] {processor.py:208} INFO - Processing /home/airflow/.local/lib/python3.12/site-packages/airflow/example_dags/example_xcomargs.py took 0.064 seconds
[2026-09-06T09:32:06.202+0000] {processor.py:186} INFO - Started process (PID=4826) to work on /home/airflow/.local/lib/python3.12/site-packages/airflow/example_dags/example_xcomargs.py
[2026-09-06T09:32:06.203+0000] {processor.py:914} INFO - Processing file /home/airflow/.local/lib/python3.12/site-packages/airflow/example_dags/example_xcomargs.py for tasks to queue
[2026-09-06T09:32:06.205+0000] {logging_mixin.py:190} INFO - [2026-09-06T09:32:06.205+0000] {dagbag.py:588} INFO - Filling up the DagBag from /home/airflow/.local/lib/python3.12/site-packages/airflow/example_dags/example_xcomargs.py
[2026-09-06T09:32:06.216+0000] {processor.py:925} INFO - DAG(s) 'example_xcom_args', 'example_xcom_args_with_operators' retrieved from /home/airflow/.local/lib/python3.12/site-packages/airflow/example_dags/example_xcomargs.py
[2026-09-06T09:32:06.235+0000] {logging_mixin.py:190} INFO - [2026-09-06T09:32:06.235+0000] {dag.py:3239} INFO - Sync 2 DAGs
[2026-09-06T09:32:06.246+0000] {logging_mixin.py:190} INFO - [2026-09-06T09:32:06.246+0000] {dag.py:4180} INFO - Setting next_dagrun for example_xcom_args to None, run_after=None
[2026-09-06T09:32:06.249+0000] {logging_mixin.py:190} INFO - [2026-09-06T09:32:06.249+0000] {dag.py:4180} INFO - Setting next_dagrun for example_xcom_args_with_operators to None, run_after=None
[2026-09-06T09:32:06.263+0000] {processor.py:208} INFO - Processing /home/airflow/.local/lib/python3.12/site-packages/airflow/example_dags/example_xcomargs.py took 0.065 seconds
[2026-09-06T09:32:36.373+0000] {processor.py:186} INFO - Started process (PID=4890) to work on /home/airflow/.local/lib/python3.12/site-packages/airflow/example_dags/example_xcomargs.py
[2026-09-06T09:32:36.374+0000] {processor.py:914} INFO - Processing file /home/airflow/.local/lib/python3.12/site-packages/airflow/example_dags/example_xcomargs.py for tasks to queue
[2026-09-06T09:32:36.376+0000] {logging_mixin.py:190} INFO - [2026-09-06T09:32:36.376+0000] {dagbag.py:588} INFO - Filling up the DagBag from /home/airflow/.local/lib/python3.12/site-packages/airflow/example_dags/example_xcomargs.py
[2026-09-06T09:32:36.385+0000] {processor.py:925} INFO - DAG(s) 'example_xcom_args', 'example_xcom_args_with_operators' retrieved from /home/airflow/.local/lib/python3.12/site-packages/airflow/example_dags/example_xcomargs.py
[2026-09-06T09:32:36.402+0000] {logging_mixin.py:190} INFO - [2026-09-06T09:32:36.402+0000] {dag.py:3239} INFO - Sync 2 DAGs
[2026-09-06T09:32:36.414+0000] {logging_mixin.py:190} INFO - [2026-09-06T09:32:36.414+0000] {dag.py:4180} INFO - Setting next_dagrun for example_xcom_args to None, run_after=None
[2026-09-06T09:32:36.417+0000] {logging_mixin.py:190} INFO - [2026-09-06T09:32:36.417+0000] {dag.py:4180} INFO - Setting next_dagrun for example_xcom_args_with_operators to None, run_after=None
[2026-09-06T09:32:36.432+0000] {processor.py:208} INFO - Processing /home/airflow/.local/lib/python3.12/site-packages/airflow/example_dags/example_xcomargs.py took 0.064 seconds
[2026-09-06T09:33:07.096+0000] {processor.py:186} INFO - Started process (PID=4954) to work on /home/airflow/.local/lib/python3.12/site-packages/airflow/example_dags/example_xcomargs.py
[2026-09-06T09:33:07.097+0000] {processor.py:914} INFO - Processing file /home/airflow/.local/lib/python3.12/site-packages/airflow/example_dags/example_xcomargs.py for tasks to queue
[2026-09-06T09:33:07.100+0000] {logging_mixin.py:190} INFO - [2026-09-06T09:33:07.099+0000] {dagbag.py:588} INFO - Filling up the DagBag from /home/airflow/.local/lib/python3.12/site-packages/airflow/example_dags/example_xcomargs.py
[2026-09-06T09:33:07.108+0000] {processor.py:925} INFO - DAG(s) 'example_xcom_args', 'example_xcom_args_with_operators' retrieved from /home/airflow/.local/lib/python3.12/site-packages/airflow/example_dags/example_xcomargs.py
[2026-09-06T09:33:07.126+0000] {logging_mixin.py:190} INFO - [2026-09-06T09:33:07.126+0000] {dag.py:3239} INFO - Sync 2 DAGs
[2026-09-06T09:33:07.137+0000] {logging_mixin.py:190} INFO - [2026-09-06T09:33:07.137+0000] {dag.py:4180} INFO - Setting next_dagrun for example_xcom_args to None, run_after=None
[2026-09-06T09:33:07.140+0000] {logging_mixin.py:190} INFO - [2026-09-06T09:33:07.140+0000] {dag.py:4180} INFO - Setting next_dagrun for example_xcom_args_with_operators to None, run_after=None
[2026-09-06T09:33:07.154+0000] {processor.py:208} INFO - Processing /home/airflow/.local/lib/python3.12/site-packages/airflow/example_dags/example_xcomargs.py took 0.062 seconds
[2026-09-06T09:33:37.967+0000] {processor.py:186} INFO - Started process (PID=5018) to work on /home/airflow/.local/lib/python3.12/site-packages/airflow/example_dags/example_xcomargs.py
[2026-09-06T09:33:37.968+0000] {processor.py:914} INFO - Processing file /home/airflow/.local/lib/python3.12/site-packages/airflow/example_dags/example_xcomargs.py for tasks to queue
[2026-09-06T09:33:37.970+0000] {logging_mixin.py:190} INFO - [2026-09-06T09:33:37.970+0000] {dagbag.py:588} INFO - Filling up the DagBag from /home/airflow/.local/lib/python3.12/site-packages/airflow/example_dags/example_xcomargs.py
[2026-09-06T09:33:37.982+0000] {processor.py:925} INFO - DAG(s) 'example_xcom_args', 'example_xcom_args_with_operators' retrieved from /home/airflow/.local/lib/python3.12/site-packages/airflow/example_dags/example_xcomargs.py
[2026-09-06T09:33:38.004+0000] {logging_mixin.py:190} INFO - [2026-09-06T09:33:38.003+0000] {dag.py:3239} INFO - Sync 2 DAGs
[2026-09-06T09:33:38.017+0000] {logging_mixin.py:190} INFO - [2026-09-06T09:33:38.017+0000] {dag.py:4180} INFO - Setting next_dagrun for example_xcom_args to None, run_after=None
[2026-09-06T09:33:38.021+0000] {logging_mixin.py:190} INFO - [2026-09-06T09:33:38.021+0000] {dag.py:4180} INFO - Setting next_dagrun for example_xcom_args_with_operators to None, run_after=None
[2026-09-06T09:33:38.036+0000] {processor.py:208} INFO - Processing /home/airflow/.local/lib/python3.12/site-packages/airflow/example_dags/example_xcomargs.py took 0.075 seconds
[2026-09-06T09:34:08.159+0000] {processor.py:186} INFO - Started process (PID=5082) to work on /home/airflow/.local/lib/python3.12/site-packages/airflow/example_dags/example_xcomargs.py
[2026-09-06T09:34:08.160+0000] {processor.py:914} INFO - Processing file /home/airflow/.local/lib/python3.12/site-packages/airflow/example_dags/example_xcomargs.py for tasks to queue
[2026-09-06T09:34:08.163+0000] {logging_mixin.py:190} INFO - [2026-09-06T09:34:08.162+0000] {dagbag.py:588} INFO - Filling up the DagBag from /home/airflow/.local/lib/python3.12/site-packages/airflow/example_dags/example_xcomargs.py
[2026-09-06T09:34:08.172+0000] {processor.py:925} INFO - DAG(s) 'example_xcom_args', 'example_xcom_args_with_operators' retrieved from /home/airflow/.local/lib/python3.12/site-packages/airflow/example_dags/example_xcomargs.py
[2026-09-06T09:34:08.192+0000] {logging_mixin.py:190} INFO - [2026-09-06T09:34:08.192+0000] {dag.py:3239} INFO - Sync 2 DAGs
[2026-09-06T09:34:08.205+0000] {logging_mixin.py:190} INFO - [2026-09-06T09:34:08.205+0000] {dag.py:4180} INFO - Setting next_dagrun for example_xcom_args to None, run_after=None
[2026-09-06T09:34:08.208+0000] {logging_mixin.py:190} INFO - [2026-09-06T09:34:08.208+0000] {dag.py:4180} INFO - Setting next_dagrun for example_xcom_args_with_operators to None, run_after=None
[2026-09-06T09:34:08.222+0000] {processor.py:208} INFO - Processing /home/airflow/.local/lib/python3.12/site-packages/airflow/example_dags/example_xcomargs.py took 0.069 seconds
[2026-09-06T09:34:38.849+0000] {processor.py:186} INFO - Started process (PID=5146) to work on /home/airflow/.local/lib/python3.12/site-packages/airflow/example_dags/example_xcomargs.py
[2026-09-06T09:34:38.850+0000] {processor.py:914} INFO - Processing file /home/airflow/.local/lib/python3.12/site-packages/airflow/example_dags/example_xcomargs.py for tasks to queue
[2026-09-06T09:34:38.853+0000] {logging_mixin.py:190} INFO - [2026-09-06T09:34:38.852+0000] {dagbag.py:588} INFO - Filling up the DagBag from /home/airflow/.local/lib/python3.12/site-packages/airflow/example_dags/example_xcomargs.py
[2026-09-06T09:34:38.861+0000] {processor.py:925} INFO - DAG(s) 'example_xcom_args_with_operators', 'example_xcom_args' retrieved from /home/airflow/.local/lib/python3.12/site-packages/airflow/example_dags/example_xcomargs.py
[2026-09-06T09:34:38.879+0000] {logging_mixin.py:190} INFO - [2026-09-06T09:34:38.878+0000] {dag.py:3239} INFO - Sync 2 DAGs
[2026-09-06T09:34:38.889+0000] {logging_mixin.py:190} INFO - [2026-09-06T09:34:38.889+0000] {dag.py:4180} INFO - Setting next_dagrun for example_xcom_args to None, run_after=None
[2026-09-06T09:34:38.892+0000] {logging_mixin.py:190} INFO - [2026-09-06T09:34:38.892+0000] {dag.py:4180} INFO - Setting next_dagrun for example_xcom_args_with_operators to None, run_after=None
[2026-09-06T09:34:38.911+0000] {processor.py:208} INFO - Processing /home/airflow/.local/lib/python3.12/site-packages/airflow/example_dags/example_xcomargs.py took 0.066 seconds
[2026-09-06T09:35:09.095+0000] {processor.py:186} INFO - Started process (PID=5210) to work on /home/airflow/.local/lib/python3.12/site-packages/airflow/example_dags/example_xcomargs.py
[2026-09-06T09:35:09.096+0000] {processor.py:914} INFO - Processing file /home/airflow/.local/lib/python3.12/site-packages/airflow/example_dags/example_xcomargs.py for tasks to queue
[2026-09-06T09:35:09.099+0000] {logging_mixin.py:190} INFO - [2026-09-06T09:35:09.098+0000] {dagbag.py:588} INFO - Filling up the DagBag from /home/airflow/.local/lib/python3.12/site-packages/airflow/example_dags/example_xcomargs.py
[2026-09-06T09:35:09.109+0000] {processor.py:925} INFO - DAG(s) 'example_xcom_args', 'example_xcom_args_with_operators' retrieved from /home/airflow/.local/lib/python3.12/site-packages/airflow/example_dags/example_xcomargs.py
[2026-09-06T09:35:09.130+0000] {logging_mixin.py:190} INFO - [2026-09-06T09:35:09.130+0000] {dag.py:3239} INFO - Sync 2 DAGs
[2026-09-06T09:35:09.145+0000] {logging_mixin.py:190} INFO - [2026-09-06T09:35:09.144+0000] {dag.py:4180} INFO - Setting next_dagrun for example_xcom_args to None, run_after=None
[2026-09-06T09:35:09.149+0000] {logging_mixin.py:190} INFO - [2026-09-06T09:35:09.149+0000] {dag.py:4180} INFO - Setting next_dagrun for example_xcom_args_with_operators to None, run_after=None
[2026-09-06T09:35:09.163+0000] {processor.py:208} INFO - Processing /home/airflow/.local/lib/python3.12/site-packages/airflow/example_dags/example_xcomargs.py took 0.075 seconds
[2026-09-06T09:35:39.676+0000] {processor.py:186} INFO - Started process (PID=5274) to work on /home/airflow/.local/lib/python3.12/site-packages/airflow/example_dags/example_xcomargs.py
[2026-09-06T09:35:39.677+0000] {processor.py:914} INFO - Processing file /home/airflow/.local/lib/python3.12/site-packages/airflow/example_dags/example_xcomargs.py for tasks to queue
[2026-09-06T09:35:39.679+0000] {logging_mixin.py:190} INFO - [2026-09-06T09:35:39.679+0000] {dagbag.py:588} INFO - Filling up the DagBag from /home/airflow/.local/lib/python3.12/site-packages/airflow/example_dags/example_xcomargs.py
[2026-09-06T09:35:39.687+0000] {processor.py:925} INFO - DAG(s) 'example_xcom_args', 'example_xcom_args_with_operators' retrieved from /home/airflow/.local/lib/python3.12/site-packages/airflow/example_dags/example_xcomargs.py
[2026-09-06T09:35:39.705+0000] {logging_mixin.py:190} INFO - [2026-09-06T09:35:39.705+0000] {dag.py:3239} INFO - Sync 2 DAGs
[2026-09-06T09:35:39.716+0000] {logging_mixin.py:190} INFO - [2026-09-06T09:35:39.716+0000] {dag.py:4180} INFO - Setting next_dagrun for example_xcom_args to None, run_after=None
[2026-09-06T09:35:39.719+0000] {logging_mixin.py:190} INFO - [2026-09-06T09:35:39.719+0000] {dag.py:4180} INFO - Setting next_dagrun for example_xcom_args_with_operators to None, run_after=None
[2026-09-06T09:35:39.732+0000] {processor.py:208} INFO - Processing /home/airflow/.local/lib/python3.12/site-packages/airflow/example_dags/example_xcomargs.py took 0.061 seconds
[2026-09-06T09:36:10.286+0000] {processor.py:186} INFO - Started process (PID=5338) to work on /home/airflow/.local/lib/python3.12/site-packages/airflow/example_dags/example_xcomargs.py
[2026-09-06T09:36:10.287+0000] {processor.py:914} INFO - Processing file /home/airflow/.local/lib/python3.12/site-packages/airflow/example_dags/example_xcomargs.py for tasks to queue
[2026-09-06T09:36:10.290+0000] {logging_mixin.py:190} INFO - [2026-09-06T09:36:10.289+0000] {dagbag.py:588} INFO - Filling up the DagBag from /home/airflow/.local/lib/python3.12/site-packages/airflow/example_dags/example_xcomargs.py
[2026-09-06T09:36:10.298+0000] {processor.py:925} INFO - DAG(s) 'example_xcom_args_with_operators', 'example_xcom_args' retrieved from /home/airflow/.local/lib/python3.12/site-packages/airflow/example_dags/example_xcomargs.py
[2026-09-06T09:36:10.315+0000] {logging_mixin.py:190} INFO - [2026-09-06T09:36:10.315+0000] {dag.py:3239} INFO - Sync 2 DAGs
[2026-09-06T09:36:10.326+0000] {logging_mixin.py:190} INFO - [2026-09-06T09:36:10.326+0000] {dag.py:4180} INFO - Setting next_dagrun for example_xcom_args to None, run_after=None
[2026-09-06T09:36:10.328+0000] {logging_mixin.py:190} INFO - [2026-09-06T09:36:10.328+0000] {dag.py:4180} INFO - Setting next_dagrun for example_xcom_args_with_operators to None, run_after=None
[2026-09-06T09:36:10.341+0000] {processor.py:208} INFO - Processing /home/airflow/.local/lib/python3.12/site-packages/airflow/example_dags/example_xcomargs.py took 0.060 seconds
[2026-09-06T09:36:40.485+0000] {processor.py:186} INFO - Started process (PID=5402) to work on /home/airflow/.local/lib/python3.12/site-packages/airflow/example_dags/example_xcomargs.py
[2026-09-06T09:36:40.486+0000] {processor.py:914} INFO - Processing file /home/airflow/.local/lib/python3.12/site-packages/airflow/example_dags/example_xcomargs.py for tasks to queue
[2026-09-06T09:36:40.488+0000] {logging_mixin.py:190} INFO - [2026-09-06T09:36:40.488+0000] {dagbag.py:588} INFO - Filling up the DagBag from /home/airflow/.local/lib/python3.12/site-packages/airflow/example_dags/example_xcomargs.py
[2026-09-06T09:36:40.496+0000] {processor.py:925} INFO - DAG(s) 'example_xcom_args', 'example_xcom_args_with_operators' retrieved from /home/airflow/.local/lib/python3.12/site-packages/airflow/example_dags/example_xcomargs.py
[2026-09-06T09:36:40.514+0000] {logging_mixin.py:190} INFO - [2026-09-06T09:36:40.513+0000] {dag.py:3239} INFO - Sync 2 DAGs
[2026-09-06T09:36:40.525+0000] {logging_mixin.py:190} INFO - [2026-09-06T09:36:40.525+0000] {dag.py:4180} INFO - Setting next_dagrun for example_xcom_args to None, run_after=None
[2026-09-06T09:36:40.528+0000] {logging_mixin.py:190} INFO - [2026-09-06T09:36:40.528+0000] {dag.py:4180} INFO - Setting next_dagrun for example_xcom_args_with_operators to None, run_after=None
[2026-09-06T09:36:40.539+0000] {processor.py:208} INFO - Processing /home/airflow/.local/lib/python3.12/site-packages/airflow/example_dags/example_xcomargs.py took 0.059 seconds
[2026-09-06T09:37:11.385+0000] {processor.py:186} INFO - Started process (PID=5466) to work on /home/airflow/.local/lib/python3.12/site-packages/airflow/example_dags/example_xcomargs.py
[2026-09-06T09:37:11.386+0000] {processor.py:914} INFO - Processing file /home/airflow/.local/lib/python3.12/site-packages/airflow/example_dags/example_xcomargs.py for tasks to queue
[2026-09-06T09:37:11.389+0000] {logging_mixin.py:190} INFO - [2026-09-06T09:37:11.388+0000] {dagbag.py:588} INFO - Filling up the DagBag from /home/airflow/.local/lib/python3.12/site-packages/airflow/example_dags/example_xcomargs.py
[2026-09-06T09:37:11.397+0000] {processor.py:925} INFO - DAG(s) 'example_xcom_args_with_operators', 'example_xcom_args' retrieved from /home/airflow/.local/lib/python3.12/site-packages/airflow/example_dags/example_xcomargs.py
[2026-09-06T09:37:11.417+0000] {logging_mixin.py:190} INFO - [2026-09-06T09:37:11.416+0000] {dag.py:3239} INFO - Sync 2 DAGs
[2026-09-06T09:37:11.430+0000] {logging_mixin.py:190} INFO - [2026-09-06T09:37:11.430+0000] {dag.py:4180} INFO - Setting next_dagrun for example_xcom_args to None, run_after=None
[2026-09-06T09:37:11.433+0000] {logging_mixin.py:190} INFO - [2026-09-06T09:37:11.433+0000] {dag.py:4180} INFO - Setting next_dagrun for example_xcom_args_with_operators to None, run_after=None
[2026-09-06T09:37:11.447+0000] {processor.py:208} INFO - Processing /home/airflow/.local/lib/python3.12/site-packages/airflow/example_dags/example_xcomargs.py took 0.066 seconds
[2026-09-06T09:37:41.612+0000] {processor.py:186} INFO - Started process (PID=5530) to work on /home/airflow/.local/lib/python3.12/site-packages/airflow/example_dags/example_xcomargs.py
[2026-09-06T09:37:41.613+0000] {processor.py:914} INFO - Processing file /home/airflow/.local/lib/python3.12/site-packages/airflow/example_dags/example_xcomargs.py for tasks to queue
[2026-09-06T09:37:41.615+0000] {logging_mixin.py:190} INFO - [2026-09-06T09:37:41.615+0000] {dagbag.py:588} INFO - Filling up the DagBag from /home/airflow/.local/lib/python3.12/site-packages/airflow/example_dags/example_xcomargs.py
[2026-09-06T09:37:41.623+0000] {processor.py:925} INFO - DAG(s) 'example_xcom_args_with_operators', 'example_xcom_args' retrieved from /home/airflow/.local/lib/python3.12/site-packages/airflow/example_dags/example_xcomargs.py
[2026-09-06T09:37:41.642+0000] {logging_mixin.py:190} INFO - [2026-09-06T09:37:41.642+0000] {dag.py:3239} INFO - Sync 2 DAGs
[2026-09-06T09:37:41.654+0000] {logging_mixin.py:190} INFO - [2026-09-06T09:37:41.654+0000] {dag.py:4180} INFO - Setting next_dagrun for example_xcom_args to None, run_after=None
[2026-09-06T09:37:41.657+0000] {logging_mixin.py:190} INFO - [2026-09-06T09:37:41.657+0000] {dag.py:4180} INFO - Setting next_dagrun for example_xcom_args_with_operators to None, run_after=None
[2026-09-06T09:37:41.671+0000] {processor.py:208} INFO - Processing /home/airflow/.local/lib/python3.12/site-packages/airflow/example_dags/example_xcomargs.py took 0.063 seconds
[2026-09-06T09:38:11.937+0000] {processor.py:186} INFO - Started process (PID=5594) to work on /home/airflow/.local/lib/python3.12/site-packages/airflow/example_dags/example_xcomargs.py
[2026-09-06T09:38:11.939+0000] {processor.py:914} INFO - Processing file /home/airflow/.local/lib/python3.12/site-packages/airflow/example_dags/example_xcomargs.py for tasks to queue
[2026-09-06T09:38:11.941+0000] {logging_mixin.py:190} INFO - [2026-09-06T09:38:11.941+0000] {dagbag.py:588} INFO - Filling up the DagBag from /home/airflow/.local/lib/python3.12/site-packages/airflow/example_dags/example_xcomargs.py
[2026-09-06T09:38:11.954+0000] {processor.py:925} INFO - DAG(s) 'example_xcom_args', 'example_xcom_args_with_operators' retrieved from /home/airflow/.local/lib/python3.12/site-packages/airflow/example_dags/example_xcomargs.py
[2026-09-06T09:38:11.978+0000] {logging_mixin.py:190} INFO - [2026-09-06T09:38:11.978+0000] {dag.py:3239} INFO - Sync 2 DAGs
[2026-09-06T09:38:11.993+0000] {logging_mixin.py:190} INFO - [2026-09-06T09:38:11.993+0000] {dag.py:4180} INFO - Setting next_dagrun for example_xcom_args to None, run_after=None
[2026-09-06T09:38:11.996+0000] {logging_mixin.py:190} INFO - [2026-09-06T09:38:11.996+0000] {dag.py:4180} INFO - Setting next_dagrun for example_xcom_args_with_operators to None, run_after=None
[2026-09-06T09:38:12.010+0000] {processor.py:208} INFO - Processing /home/airflow/.local/lib/python3.12/site-packages/airflow/example_dags/example_xcomargs.py took 0.078 seconds
[2026-09-06T09:38:42.592+0000] {processor.py:186} INFO - Started process (PID=5658) to work on /home/airflow/.local/lib/python3.12/site-packages/airflow/example_dags/example_xcomargs.py
[2026-09-06T09:38:42.593+0000] {processor.py:914} INFO - Processing file /home/airflow/.local/lib/python3.12/site-packages/airflow/example_dags/example_xcomargs.py for tasks to queue
[2026-09-06T09:38:42.595+0000] {logging_mixin.py:190} INFO - [2026-09-06T09:38:42.595+0000] {dagbag.py:588} INFO - Filling up the DagBag from /home/airflow/.local/lib/python3.12/site-packages/airflow/example_dags/example_xcomargs.py
[2026-09-06T09:38:42.603+0000] {processor.py:925} INFO - DAG(s) 'example_xcom_args_with_operators', 'example_xcom_args' retrieved from /home/airflow/.local/lib/python3.12/site-packages/airflow/example_dags/example_xcomargs.py
[2026-09-06T09:38:42.619+0000] {logging_mixin.py:190} INFO - [2026-09-06T09:38:42.619+0000] {dag.py:3239} INFO - Sync 2 DAGs
[2026-09-06T09:38:42.630+0000] {logging_mixin.py:190} INFO - [2026-09-06T09:38:42.630+0000] {dag.py:4180} INFO - Setting next_dagrun for example_xcom_args to None, run_after=None
[2026-09-06T09:38:42.632+0000] {logging_mixin.py:190} INFO - [2026-09-06T09:38:42.632+0000] {dag.py:4180} INFO - Setting next_dagrun for example_xcom_args_with_operators to None, run_after=None
[2026-09-06T09:38:42.644+0000] {processor.py:208} INFO - Processing /home/airflow/.local/lib/python3.12/site-packages/airflow/example_dags/example_xcomargs.py took 0.057 seconds
[2026-09-06T09:39:13.356+0000] {processor.py:186} INFO - Started process (PID=5722) to work on /home/airflow/.local/lib/python3.12/site-packages/airflow/example_dags/example_xcomargs.py
[2026-09-06T09:39:13.358+0000] {processor.py:914} INFO - Processing file /home/airflow/.local/lib/python3.12/site-packages/airflow/example_dags/example_xcomargs.py for tasks to queue
[2026-09-06T09:39:13.360+0000] {logging_mixin.py:190} INFO - [2026-09-06T09:39:13.359+0000] {dagbag.py:588} INFO - Filling up the DagBag from /home/airflow/.local/lib/python3.12/site-packages/airflow/example_dags/example_xcomargs.py
[2026-09-06T09:39:13.368+0000] {processor.py:925} INFO - DAG(s) 'example_xcom_args', 'example_xcom_args_with_operators' retrieved from /home/airflow/.local/lib/python3.12/site-packages/airflow/example_dags/example_xcomargs.py
[2026-09-06T09:39:13.385+0000] {logging_mixin.py:190} INFO - [2026-09-06T09:39:13.385+0000] {dag.py:3239} INFO - Sync 2 DAGs
[2026-09-06T09:39:13.395+0000] {logging_mixin.py:190} INFO - [2026-09-06T09:39:13.395+0000] {dag.py:4180} INFO - Setting next_dagrun for example_xcom_args to None, run_after=None
[2026-09-06T09:39:13.398+0000] {logging_mixin.py:190} INFO - [2026-09-06T09:39:13.398+0000] {dag.py:4180} INFO - Setting next_dagrun for example_xcom_args_with_operators to None, run_after=None
[2026-09-06T09:39:13.411+0000] {processor.py:208} INFO - Processing /home/airflow/.local/lib/python3.12/site-packages/airflow/example_dags/example_xcomargs.py took 0.059 seconds
[2026-09-06T09:39:43.553+0000] {processor.py:186} INFO - Started process (PID=5786) to work on /home/airflow/.local/lib/python3.12/site-packages/airflow/example_dags/example_xcomargs.py
[2026-09-06T09:39:43.554+0000] {processor.py:914} INFO - Processing file /home/airflow/.local/lib/python3.12/site-packages/airflow/example_dags/example_xcomargs.py for tasks to queue
[2026-09-06T09:39:43.556+0000] {logging_mixin.py:190} INFO - [2026-09-06T09:39:43.556+0000] {dagbag.py:588} INFO - Filling up the DagBag from /home/airflow/.local/lib/python3.12/site-packages/airflow/example_dags/example_xcomargs.py
[2026-09-06T09:39:43.565+0000] {processor.py:925} INFO - DAG(s) 'example_xcom_args_with_operators', 'example_xcom_args' retrieved from /home/airflow/.local/lib/python3.12/site-packages/airflow/example_dags/example_xcomargs.py
[2026-09-06T09:39:43.583+0000] {logging_mixin.py:190} INFO - [2026-09-06T09:39:43.583+0000] {dag.py:3239} INFO - Sync 2 DAGs
[2026-09-06T09:39:43.596+0000] {logging_mixin.py:190} INFO - [2026-09-06T09:39:43.596+0000] {dag.py:4180} INFO - Setting next_dagrun for example_xcom_args to None, run_after=None
[2026-09-06T09:39:43.599+0000] {logging_mixin.py:190} INFO - [2026-09-06T09:39:43.599+0000] {dag.py:4180} INFO - Setting next_dagrun for example_xcom_args_with_operators to None, run_after=None
[2026-09-06T09:39:43.615+0000] {processor.py:208} INFO - Processing /home/airflow/.local/lib/python3.12/site-packages/airflow/example_dags/example_xcomargs.py took 0.067 seconds
[2026-09-06T09:40:13.871+0000] {processor.py:186} INFO - Started process (PID=5850) to work on /home/airflow/.local/lib/python3.12/site-packages/airflow/example_dags/example_xcomargs.py
[2026-09-06T09:40:13.872+0000] {processor.py:914} INFO - Processing file /home/airflow/.local/lib/python3.12/site-packages/airflow/example_dags/example_xcomargs.py for tasks to queue
[2026-09-06T09:40:13.875+0000] {logging_mixin.py:190} INFO - [2026-09-06T09:40:13.874+0000] {dagbag.py:588} INFO - Filling up the DagBag from /home/airflow/.local/lib/python3.12/site-packages/airflow/example_dags/example_xcomargs.py
[2026-09-06T09:40:13.883+0000] {processor.py:925} INFO - DAG(s) 'example_xcom_args_with_operators', 'example_xcom_args' retrieved from /home/airflow/.local/lib/python3.12/site-packages/airflow/example_dags/example_xcomargs.py
[2026-09-06T09:40:13.902+0000] {logging_mixin.py:190} INFO - [2026-09-06T09:40:13.902+0000] {dag.py:3239} INFO - Sync 2 DAGs
[2026-09-06T09:40:13.914+0000] {logging_mixin.py:190} INFO - [2026-09-06T09:40:13.914+0000] {dag.py:4180} INFO - Setting next_dagrun for example_xcom_args to None, run_after=None
[2026-09-06T09:40:13.918+0000] {logging_mixin.py:190} INFO - [2026-09-06T09:40:13.917+0000] {dag.py:4180} INFO - Setting next_dagrun for example_xcom_args_with_operators to None, run_after=None
[2026-09-06T09:40:13.932+0000] {processor.py:208} INFO - Processing /home/airflow/.local/lib/python3.12/site-packages/airflow/example_dags/example_xcomargs.py took 0.066 seconds
[2026-09-06T09:40:44.085+0000] {processor.py:186} INFO - Started process (PID=5914) to work on /home/airflow/.local/lib/python3.12/site-packages/airflow/example_dags/example_xcomargs.py
[2026-09-06T09:40:44.086+0000] {processor.py:914} INFO - Processing file /home/airflow/.local/lib/python3.12/site-packages/airflow/example_dags/example_xcomargs.py for tasks to queue
[2026-09-06T09:40:44.088+0000] {logging_mixin.py:190} INFO - [2026-09-06T09:40:44.088+0000] {dagbag.py:588} INFO - Filling up the DagBag from /home/airflow/.local/lib/python3.12/site-packages/airflow/example_dags/example_xcomargs.py
[2026-09-06T09:40:44.096+0000] {processor.py:925} INFO - DAG(s) 'example_xcom_args_with_operators', 'example_xcom_args' retrieved from /home/airflow/.local/lib/python3.12/site-packages/airflow/example_dags/example_xcomargs.py
[2026-09-06T09:40:44.114+0000] {logging_mixin.py:190} INFO - [2026-09-06T09:40:44.114+0000] {dag.py:3239} INFO - Sync 2 DAGs
[2026-09-06T09:40:44.125+0000] {logging_mixin.py:190} INFO - [2026-09-06T09:40:44.125+0000] {dag.py:4180} INFO - Setting next_dagrun for example_xcom_args to None, run_after=None
[2026-09-06T09:40:44.128+0000] {logging_mixin.py:190} INFO - [2026-09-06T09:40:44.128+0000] {dag.py:4180} INFO - Setting next_dagrun for example_xcom_args_with_operators to None, run_after=None
[2026-09-06T09:40:44.141+0000] {processor.py:208} INFO - Processing /home/airflow/.local/lib/python3.12/site-packages/airflow/example_dags/example_xcomargs.py took 0.060 seconds
[2026-09-06T09:41:14.412+0000] {processor.py:186} INFO - Started process (PID=5978) to work on /home/airflow/.local/lib/python3.12/site-packages/airflow/example_dags/example_xcomargs.py
[2026-09-06T09:41:14.413+0000] {processor.py:914} INFO - Processing file /home/airflow/.local/lib/python3.12/site-packages/airflow/example_dags/example_xcomargs.py for tasks to queue
[2026-09-06T09:41:14.415+0000] {logging_mixin.py:190} INFO - [2026-09-06T09:41:14.415+0000] {dagbag.py:588} INFO - Filling up the DagBag from /home/airflow/.local/lib/python3.12/site-packages/airflow/example_dags/example_xcomargs.py
[2026-09-06T09:41:14.425+0000] {processor.py:925} INFO - DAG(s) 'example_xcom_args_with_operators', 'example_xcom_args' retrieved from /home/airflow/.local/lib/python3.12/site-packages/airflow/example_dags/example_xcomargs.py
[2026-09-06T09:41:14.445+0000] {logging_mixin.py:190} INFO - [2026-09-06T09:41:14.445+0000] {dag.py:3239} INFO - Sync 2 DAGs
[2026-09-06T09:41:14.456+0000] {logging_mixin.py:190} INFO - [2026-09-06T09:41:14.456+0000] {dag.py:4180} INFO - Setting next_dagrun for example_xcom_args to None, run_after=None
[2026-09-06T09:41:14.459+0000] {logging_mixin.py:190} INFO - [2026-09-06T09:41:14.459+0000] {dag.py:4180} INFO - Setting next_dagrun for example_xcom_args_with_operators to None, run_after=None
[2026-09-06T09:41:14.473+0000] {processor.py:208} INFO - Processing /home/airflow/.local/lib/python3.12/site-packages/airflow/example_dags/example_xcomargs.py took 0.067 seconds
[2026-09-06T09:41:45.234+0000] {processor.py:186} INFO - Started process (PID=6042) to work on /home/airflow/.local/lib/python3.12/site-packages/airflow/example_dags/example_xcomargs.py
[2026-09-06T09:41:45.236+0000] {processor.py:914} INFO - Processing file /home/airflow/.local/lib/python3.12/site-packages/airflow/example_dags/example_xcomargs.py for tasks to queue
[2026-09-06T09:41:45.238+0000] {logging_mixin.py:190} INFO - [2026-09-06T09:41:45.238+0000] {dagbag.py:588} INFO - Filling up the DagBag from /home/airflow/.local/lib/python3.12/site-packages/airflow/example_dags/example_xcomargs.py
[2026-09-06T09:41:45.246+0000] {processor.py:925} INFO - DAG(s) 'example_xcom_args', 'example_xcom_args_with_operators' retrieved from /home/airflow/.local/lib/python3.12/site-packages/airflow/example_dags/example_xcomargs.py
[2026-09-06T09:41:45.265+0000] {logging_mixin.py:190} INFO - [2026-09-06T09:41:45.264+0000] {dag.py:3239} INFO - Sync 2 DAGs
[2026-09-06T09:41:45.278+0000] {logging_mixin.py:190} INFO - [2026-09-06T09:41:45.278+0000] {dag.py:4180} INFO - Setting next_dagrun for example_xcom_args to None, run_after=None
[2026-09-06T09:41:45.281+0000] {logging_mixin.py:190} INFO - [2026-09-06T09:41:45.281+0000] {dag.py:4180} INFO - Setting next_dagrun for example_xcom_args_with_operators to None, run_after=None
[2026-09-06T09:41:45.294+0000] {processor.py:208} INFO - Processing /home/airflow/.local/lib/python3.12/site-packages/airflow/example_dags/example_xcomargs.py took 0.065 seconds
