[2026-09-06T08:54:02.104+0000] {processor.py:186} INFO - Started process (PID=96) to work on /home/airflow/.local/lib/python3.12/site-packages/airflow/example_dags/example_setup_teardown.py
[2026-09-06T08:54:02.106+0000] {processor.py:914} INFO - Processing file /home/airflow/.local/lib/python3.12/site-packages/airflow/example_dags/example_setup_teardown.py for tasks to queue
[2026-09-06T08:54:02.108+0000] {logging_mixin.py:190} INFO - [2026-09-06T08:54:02.108+0000] {dagbag.py:588} INFO - Filling up the DagBag from /home/airflow/.local/lib/python3.12/site-packages/airflow/example_dags/example_setup_teardown.py
[2026-09-06T08:54:02.117+0000] {processor.py:925} INFO - DAG(s) 'example_setup_teardown' retrieved from /home/airflow/.local/lib/python3.12/site-packages/airflow/example_dags/example_setup_teardown.py
[2026-09-06T08:54:02.239+0000] {logging_mixin.py:190} INFO - [2026-09-06T08:54:02.237+0000] {override.py:1911} INFO - Created Permission View: can edit on DAG:example_setup_teardown
[2026-09-06T08:54:02.249+0000] {logging_mixin.py:190} INFO - [2026-09-06T08:54:02.249+0000] {override.py:1911} INFO - Created Permission View: can delete on DAG:example_setup_teardown
[2026-09-06T08:54:02.258+0000] {logging_mixin.py:190} INFO - [2026-09-06T08:54:02.258+0000] {override.py:1911} INFO - Created Permission View: can read on DAG:example_setup_teardown
[2026-09-06T08:54:02.271+0000] {logging_mixin.py:190} INFO - [2026-09-06T08:54:02.270+0000] {override.py:1911} INFO - Created Permission View: can create on DAG Run:example_setup_teardown
[2026-09-06T08:54:02.279+0000] {logging_mixin.py:190} INFO - [2026-09-06T08:54:02.279+0000] {override.py:1911} INFO - Created Permission View: can delete on DAG Run:example_setup_teardown
[2026-09-06T08:54:02.287+0000] {logging_mixin.py:190} INFO - [2026-09-06T08:54:02.287+0000] {override.py:1911} INFO - Created Permission View: can read on DAG Run:example_setup_teardown
[2026-09-06T08:54:02.298+0000] {logging_mixin.py:190} INFO - [2026-09-06T08:54:02.298+0000] {override.py:1911} INFO - Created Permission View: menu access on DAG Run:example_setup_teardown
[2026-09-06T08:54:02.300+0000] {logging_mixin.py:190} INFO - [2026-09-06T08:54:02.299+0000] {dag.py:3239} INFO - Sync 1 DAGs
[2026-09-06T08:54:02.325+0000] {logging_mixin.py:190} INFO - [2026-09-06T08:54:02.324+0000] {dag.py:3262} INFO - Creating ORM DAG for example_setup_teardown
[2026-09-06T08:54:02.326+0000] {logging_mixin.py:190} INFO - [2026-09-06T08:54:02.326+0000] {dag.py:4180} INFO - Setting next_dagrun for example_setup_teardown to None, run_after=None
[2026-09-06T08:54:02.348+0000] {processor.py:208} INFO - Processing /home/airflow/.local/lib/python3.12/site-packages/airflow/example_dags/example_setup_teardown.py took 0.249 seconds
[2026-09-06T08:54:33.234+0000] {processor.py:186} INFO - Started process (PID=159) to work on /home/airflow/.local/lib/python3.12/site-packages/airflow/example_dags/example_setup_teardown.py
[2026-09-06T08:54:33.235+0000] {processor.py:914} INFO - Processing file /home/airflow/.local/lib/python3.12/site-packages/airflow/example_dags/example_setup_teardown.py for tasks to queue
[2026-09-06T08:54:33.237+0000] {logging_mixin.py:190} INFO - [2026-09-06T08:54:33.237+0000] {dagbag.py:588} INFO - Filling up the DagBag from /home/airflow/.local/lib/python3.12/site-packages/airflow/example_dags/example_setup_teardown.py
[2026-09-06T08:54:33.245+0000] {processor.py:925} INFO - DAG(s) 'example_setup_teardown' retrieved from /home/airflow/.local/lib/python3.12/site-packages/airflow/example_dags/example_setup_teardown.py
[2026-09-06T08:54:33.264+0000] {logging_mixin.py:190} INFO - [2026-09-06T08:54:33.263+0000] {dag.py:3239} INFO - Sync 1 DAGs
[2026-09-06T08:54:33.276+0000] {logging_mixin.py:190} INFO - [2026-09-06T08:54:33.276+0000] {dag.py:4180} INFO - Setting next_dagrun for example_setup_teardown to None, run_after=None
[2026-09-06T08:54:33.294+0000] {processor.py:208} INFO - Processing /home/airflow/.local/lib/python3.12/site-packages/airflow/example_dags/example_setup_teardown.py took 0.065 seconds
[2026-09-06T08:55:04.095+0000] {processor.py:186} INFO - Started process (PID=222) to work on /home/airflow/.local/lib/python3.12/site-packages/airflow/example_dags/example_setup_teardown.py
[2026-09-06T08:55:04.096+0000] {processor.py:914} INFO - Processing file /home/airflow/.local/lib/python3.12/site-packages/airflow/example_dags/example_setup_teardown.py for tasks to queue
[2026-09-06T08:55:04.099+0000] {logging_mixin.py:190} INFO - [2026-09-06T08:55:04.098+0000] {dagbag.py:588} INFO - Filling up the DagBag from /home/airflow/.local/lib/python3.12/site-packages/airflow/example_dags/example_setup_teardown.py
[2026-09-06T08:55:04.106+0000] {processor.py:925} INFO - DAG(s) 'example_setup_teardown' retrieved from /home/airflow/.local/lib/python3.12/site-packages/airflow/example_dags/example_setup_teardown.py
[2026-09-06T08:55:04.123+0000] {logging_mixin.py:190} INFO - [2026-09-06T08:55:04.123+0000] {dag.py:3239} INFO - Sync 1 DAGs
[2026-09-06T08:55:04.134+0000] {logging_mixin.py:190} INFO - [2026-09-06T08:55:04.134+0000] {dag.py:4180} INFO - Setting next_dagrun for example_setup_teardown to None, run_after=None
[2026-09-06T08:55:04.151+0000] {processor.py:208} INFO - Processing /home/airflow/.local/lib/python3.12/site-packages/airflow/example_dags/example_setup_teardown.py took 0.060 seconds
[2026-09-06T08:55:34.546+0000] {processor.py:186} INFO - Started process (PID=284) to work on /home/airflow/.local/lib/python3.12/site-packages/airflow/example_dags/example_setup_teardown.py
[2026-09-06T08:55:34.547+0000] {processor.py:914} INFO - Processing file /home/airflow/.local/lib/python3.12/site-packages/airflow/example_dags/example_setup_teardown.py for tasks to queue
[2026-09-06T08:55:34.550+0000] {logging_mixin.py:190} INFO - [2026-09-06T08:55:34.549+0000] {dagbag.py:588} INFO - Filling up the DagBag from /home/airflow/.local/lib/python3.12/site-packages/airflow/example_dags/example_setup_teardown.py
[2026-09-06T08:55:34.557+0000] {processor.py:925} INFO - DAG(s) 'example_setup_teardown' retrieved from /home/airflow/.local/lib/python3.12/site-packages/airflow/example_dags/example_setup_teardown.py
[2026-09-06T08:55:34.575+0000] {logging_mixin.py:190} INFO - [2026-09-06T08:55:34.574+0000] {dag.py:3239} INFO - Sync 1 DAGs
[2026-09-06T08:55:34.586+0000] {logging_mixin.py:190} INFO - [2026-09-06T08:55:34.586+0000] {dag.py:4180} INFO - Setting next_dagrun for example_setup_teardown to None, run_after=None
[2026-09-06T08:55:34.602+0000] {processor.py:208} INFO - Processing /home/airflow/.local/lib/python3.12/site-packages/airflow/example_dags/example_setup_teardown.py took 0.061 seconds
[2026-09-06T08:56:05.274+0000] {processor.py:186} INFO - Started process (PID=347) to work on /home/airflow/.local/lib/python3.12/site-packages/airflow/example_dags/example_setup_teardown.py
[2026-09-06T08:56:05.276+0000] {processor.py:914} INFO - Processing file /home/airflow/.local/lib/python3.12/site-packages/airflow/example_dags/example_setup_teardown.py for tasks to queue
[2026-09-06T08:56:05.278+0000] {logging_mixin.py:190} INFO - [2026-09-06T08:56:05.278+0000] {dagbag.py:588} INFO - Filling up the DagBag from /home/airflow/.local/lib/python3.12/site-packages/airflow/example_dags/example_setup_teardown.py
[2026-09-06T08:56:05.291+0000] {processor.py:925} INFO - DAG(s) 'example_setup_teardown' retrieved from /home/airflow/.local/lib/python3.12/site-packages/airflow/example_dags/example_setup_teardown.py
[2026-09-06T08:56:05.316+0000] {logging_mixin.py:190} INFO - [2026-09-06T08:56:05.315+0000] {dag.py:3239} INFO - Sync 1 DAGs
[2026-09-06T08:56:05.329+0000] {logging_mixin.py:190} INFO - [2026-09-06T08:56:05.329+0000] {dag.py:4180} INFO - Setting next_dagrun for example_setup_teardown to None, run_after=None
[2026-09-06T08:56:05.347+0000] {processor.py:208} INFO - Processing /home/airflow/.local/lib/python3.12/site-packages/airflow/example_dags/example_setup_teardown.py took 0.078 seconds
[2026-09-06T08:56:35.938+0000] {processor.py:186} INFO - Started process (PID=410) to work on /home/airflow/.local/lib/python3.12/site-packages/airflow/example_dags/example_setup_teardown.py
[2026-09-06T08:56:35.940+0000] {processor.py:914} INFO - Processing file /home/airflow/.local/lib/python3.12/site-packages/airflow/example_dags/example_setup_teardown.py for tasks to queue
[2026-09-06T08:56:35.942+0000] {logging_mixin.py:190} INFO - [2026-09-06T08:56:35.942+0000] {dagbag.py:588} INFO - Filling up the DagBag from /home/airflow/.local/lib/python3.12/site-packages/airflow/example_dags/example_setup_teardown.py
[2026-09-06T08:56:35.949+0000] {processor.py:925} INFO - DAG(s) 'example_setup_teardown' retrieved from /home/airflow/.local/lib/python3.12/site-packages/airflow/example_dags/example_setup_teardown.py
[2026-09-06T08:56:35.966+0000] {logging_mixin.py:190} INFO - [2026-09-06T08:56:35.966+0000] {dag.py:3239} INFO - Sync 1 DAGs
[2026-09-06T08:56:35.977+0000] {logging_mixin.py:190} INFO - [2026-09-06T08:56:35.977+0000] {dag.py:4180} INFO - Setting next_dagrun for example_setup_teardown to None, run_after=None
[2026-09-06T08:56:35.992+0000] {processor.py:208} INFO - Processing /home/airflow/.local/lib/python3.12/site-packages/airflow/example_dags/example_setup_teardown.py took 0.058 seconds
[2026-09-06T08:57:06.050+0000] {processor.py:186} INFO - Started process (PID=473) to work on /home/airflow/.local/lib/python3.12/site-packages/airflow/example_dags/example_setup_teardown.py
[2026-09-06T08:57:06.051+0000] {processor.py:914} INFO - Processing file /home/airflow/.local/lib/python3.12/site-packages/airflow/example_dags/example_setup_teardown.py for tasks to queue
[2026-09-06T08:57:06.054+0000] {logging_mixin.py:190} INFO - [2026-09-06T08:57:06.053+0000] {dagbag.py:588} INFO - Filling up the DagBag from /home/airflow/.local/lib/python3.12/site-packages/airflow/example_dags/example_setup_teardown.py
[2026-09-06T08:57:06.061+0000] {processor.py:925} INFO - DAG(s) 'example_setup_teardown' retrieved from /home/airflow/.local/lib/python3.12/site-packages/airflow/example_dags/example_setup_teardown.py
[2026-09-06T08:57:06.080+0000] {logging_mixin.py:190} INFO - [2026-09-06T08:57:06.079+0000] {dag.py:3239} INFO - Sync 1 DAGs
[2026-09-06T08:57:06.092+0000] {logging_mixin.py:190} INFO - [2026-09-06T08:57:06.092+0000] {dag.py:4180} INFO - Setting next_dagrun for example_setup_teardown to None, run_after=None
[2026-09-06T08:57:06.107+0000] {processor.py:208} INFO - Processing /home/airflow/.local/lib/python3.12/site-packages/airflow/example_dags/example_setup_teardown.py took 0.063 seconds
[2026-09-06T08:57:36.660+0000] {processor.py:186} INFO - Started process (PID=536) to work on /home/airflow/.local/lib/python3.12/site-packages/airflow/example_dags/example_setup_teardown.py
[2026-09-06T08:57:36.661+0000] {processor.py:914} INFO - Processing file /home/airflow/.local/lib/python3.12/site-packages/airflow/example_dags/example_setup_teardown.py for tasks to queue
[2026-09-06T08:57:36.664+0000] {logging_mixin.py:190} INFO - [2026-09-06T08:57:36.664+0000] {dagbag.py:588} INFO - Filling up the DagBag from /home/airflow/.local/lib/python3.12/site-packages/airflow/example_dags/example_setup_teardown.py
[2026-09-06T08:57:36.673+0000] {processor.py:925} INFO - DAG(s) 'example_setup_teardown' retrieved from /home/airflow/.local/lib/python3.12/site-packages/airflow/example_dags/example_setup_teardown.py
[2026-09-06T08:57:36.694+0000] {logging_mixin.py:190} INFO - [2026-09-06T08:57:36.693+0000] {dag.py:3239} INFO - Sync 1 DAGs
[2026-09-06T08:57:36.710+0000] {logging_mixin.py:190} INFO - [2026-09-06T08:57:36.710+0000] {dag.py:4180} INFO - Setting next_dagrun for example_setup_teardown to None, run_after=None
[2026-09-06T08:57:36.729+0000] {processor.py:208} INFO - Processing /home/airflow/.local/lib/python3.12/site-packages/airflow/example_dags/example_setup_teardown.py took 0.075 seconds
[2026-09-06T08:58:07.652+0000] {processor.py:186} INFO - Started process (PID=599) to work on /home/airflow/.local/lib/python3.12/site-packages/airflow/example_dags/example_setup_teardown.py
[2026-09-06T08:58:07.653+0000] {processor.py:914} INFO - Processing file /home/airflow/.local/lib/python3.12/site-packages/airflow/example_dags/example_setup_teardown.py for tasks to queue
[2026-09-06T08:58:07.656+0000] {logging_mixin.py:190} INFO - [2026-09-06T08:58:07.655+0000] {dagbag.py:588} INFO - Filling up the DagBag from /home/airflow/.local/lib/python3.12/site-packages/airflow/example_dags/example_setup_teardown.py
[2026-09-06T08:58:07.663+0000] {processor.py:925} INFO - DAG(s) 'example_setup_teardown' retrieved from /home/airflow/.local/lib/python3.12/site-packages/airflow/example_dags/example_setup_teardown.py
[2026-09-06T08:58:07.680+0000] {logging_mixin.py:190} INFO - [2026-09-06T08:58:07.680+0000] {dag.py:3239} INFO - Sync 1 DAGs
[2026-09-06T08:58:07.693+0000] {logging_mixin.py:190} INFO - [2026-09-06T08:58:07.693+0000] {dag.py:4180} INFO - Setting next_dagrun for example_setup_teardown to None, run_after=None
[2026-09-06T08:58:07.708+0000] {processor.py:208} INFO - Processing /home/airflow/.local/lib/python3.12/site-packages/airflow/example_dags/example_setup_teardown.py took 0.061 seconds
[2026-09-06T08:58:39.360+0000] {processor.py:186} INFO - Started process (PID=662) to work on /home/airflow/.local/lib/python3.12/site-packages/airflow/example_dags/example_setup_teardown.py
[2026-09-06T08:58:39.361+0000] {processor.py:914} INFO - Processing file /home/airflow/.local/lib/python3.12/site-packages/airflow/example_dags/example_setup_teardown.py for tasks to queue
[2026-09-06T08:58:39.364+0000] {logging_mixin.py:190} INFO - [2026-09-06T08:58:39.364+0000] {dagbag.py:588} INFO - Filling up the DagBag from /home/airflow/.local/lib/python3.12/site-packages/airflow/example_dags/example_setup_teardown.py
[2026-09-06T08:58:39.377+0000] {processor.py:925} INFO - DAG(s) 'example_setup_teardown' retrieved from /home/airflow/.local/lib/python3.12/site-packages/airflow/example_dags/example_setup_teardown.py
[2026-09-06T08:58:39.403+0000] {logging_mixin.py:190} INFO - [2026-09-06T08:58:39.402+0000] {dag.py:3239} INFO - Sync 1 DAGs
[2026-09-06T08:58:39.417+0000] {logging_mixin.py:190} INFO - [2026-09-06T08:58:39.417+0000] {dag.py:4180} INFO - Setting next_dagrun for example_setup_teardown to None, run_after=None
[2026-09-06T08:58:39.434+0000] {processor.py:208} INFO - Processing /home/airflow/.local/lib/python3.12/site-packages/airflow/example_dags/example_setup_teardown.py took 0.081 seconds
[2026-09-06T08:59:11.206+0000] {processor.py:186} INFO - Started process (PID=726) to work on /home/airflow/.local/lib/python3.12/site-packages/airflow/example_dags/example_setup_teardown.py
[2026-09-06T08:59:11.207+0000] {processor.py:914} INFO - Processing file /home/airflow/.local/lib/python3.12/site-packages/airflow/example_dags/example_setup_teardown.py for tasks to queue
[2026-09-06T08:59:11.210+0000] {logging_mixin.py:190} INFO - [2026-09-06T08:59:11.209+0000] {dagbag.py:588} INFO - Filling up the DagBag from /home/airflow/.local/lib/python3.12/site-packages/airflow/example_dags/example_setup_teardown.py
[2026-09-06T08:59:11.218+0000] {processor.py:925} INFO - DAG(s) 'example_setup_teardown' retrieved from /home/airflow/.local/lib/python3.12/site-packages/airflow/example_dags/example_setup_teardown.py
[2026-09-06T08:59:11.235+0000] {logging_mixin.py:190} INFO - [2026-09-06T08:59:11.235+0000] {dag.py:3239} INFO - Sync 1 DAGs
[2026-09-06T08:59:11.247+0000] {logging_mixin.py:190} INFO - [2026-09-06T08:59:11.247+0000] {dag.py:4180} INFO - Setting next_dagrun for example_setup_teardown to None, run_after=None
[2026-09-06T08:59:11.262+0000] {processor.py:208} INFO - Processing /home/airflow/.local/lib/python3.12/site-packages/airflow/example_dags/example_setup_teardown.py took 0.062 seconds
[2026-09-06T08:59:41.944+0000] {processor.py:186} INFO - Started process (PID=790) to work on /home/airflow/.local/lib/python3.12/site-packages/airflow/example_dags/example_setup_teardown.py
[2026-09-06T08:59:41.945+0000] {processor.py:914} INFO - Processing file /home/airflow/.local/lib/python3.12/site-packages/airflow/example_dags/example_setup_teardown.py for tasks to queue
[2026-09-06T08:59:41.948+0000] {logging_mixin.py:190} INFO - [2026-09-06T08:59:41.948+0000] {dagbag.py:588} INFO - Filling up the DagBag from /home/airflow/.local/lib/python3.12/site-packages/airflow/example_dags/example_setup_teardown.py
[2026-09-06T08:59:41.956+0000] {processor.py:925} INFO - DAG(s) 'example_setup_teardown' retrieved from /home/airflow/.local/lib/python3.12/site-packages/airflow/example_dags/example_setup_teardown.py
[2026-09-06T08:59:41.974+0000] {logging_mixin.py:190} INFO - [2026-09-06T08:59:41.973+0000] {dag.py:3239} INFO - Sync 1 DAGs
[2026-09-06T08:59:41.985+0000] {logging_mixin.py:190} INFO - [2026-09-06T08:59:41.985+0000] {dag.py:4180} INFO - Setting next_dagrun for example_setup_teardown to None, run_after=None
[2026-09-06T08:59:41.999+0000] {processor.py:208} INFO - Processing /home/airflow/.local/lib/python3.12/site-packages/airflow/example_dags/example_setup_teardown.py took 0.060 seconds
[2026-09-06T09:00:13.092+0000] {processor.py:186} INFO - Started process (PID=854) to work on /home/airflow/.local/lib/python3.12/site-packages/airflow/example_dags/example_setup_teardown.py
[2026-09-06T09:00:13.093+0000] {processor.py:914} INFO - Processing file /home/airflow/.local/lib/python3.12/site-packages/airflow/example_dags/example_setup_teardown.py for tasks to queue
[2026-09-06T09:00:13.095+0000] {logging_mixin.py:190} INFO - [2026-09-06T09:00:13.094+0000] {dagbag.py:588} INFO - Filling up the DagBag from /home/airflow/.local/lib/python3.12/site-packages/airflow/example_dags/example_setup_teardown.py
[2026-09-06T09:00:13.101+0000] {processor.py:925} INFO - DAG(s) 'example_setup_teardown' retrieved from /home/airflow/.local/lib/python3.12/site-packages/airflow/example_dags/example_setup_teardown.py
[2026-09-06T09:00:13.116+0000] {logging_mixin.py:190} INFO - [2026-09-06T09:00:13.116+0000] {dag.py:3239} INFO - Sync 1 DAGs
[2026-09-06T09:00:13.126+0000] {logging_mixin.py:190} INFO - [2026-09-06T09:00:13.126+0000] {dag.py:4180} INFO - Setting next_dagrun for example_setup_teardown to None, run_after=None
[2026-09-06T09:00:13.140+0000] {processor.py:208} INFO - Processing /home/airflow/.local/lib/python3.12/site-packages/airflow/example_dags/example_setup_teardown.py took 0.053 seconds
[2026-09-06T09:00:45.109+0000] {processor.py:186} INFO - Started process (PID=918) to work on /home/airflow/.local/lib/python3.12/site-packages/airflow/example_dags/example_setup_teardown.py
[2026-09-06T09:00:45.110+0000] {processor.py:914} INFO - Processing file /home/airflow/.local/lib/python3.12/site-packages/airflow/example_dags/example_setup_teardown.py for tasks to queue
[2026-09-06T09:00:45.112+0000] {logging_mixin.py:190} INFO - [2026-09-06T09:00:45.111+0000] {dagbag.py:588} INFO - Filling up the DagBag from /home/airflow/.local/lib/python3.12/site-packages/airflow/example_dags/example_setup_teardown.py
[2026-09-06T09:00:45.119+0000] {processor.py:925} INFO - DAG(s) 'example_setup_teardown' retrieved from /home/airflow/.local/lib/python3.12/site-packages/airflow/example_dags/example_setup_teardown.py
[2026-09-06T09:00:45.135+0000] {logging_mixin.py:190} INFO - [2026-09-06T09:00:45.134+0000] {dag.py:3239} INFO - Sync 1 DAGs
[2026-09-06T09:00:45.146+0000] {logging_mixin.py:190} INFO - [2026-09-06T09:00:45.146+0000] {dag.py:4180} INFO - Setting next_dagrun for example_setup_teardown to None, run_after=None
[2026-09-06T09:00:45.160+0000] {processor.py:208} INFO - Processing /home/airflow/.local/lib/python3.12/site-packages/airflow/example_dags/example_setup_teardown.py took 0.056 seconds
[2026-09-06T09:01:15.800+0000] {processor.py:186} INFO - Started process (PID=982) to work on /home/airflow/.local/lib/python3.12/site-packages/airflow/example_dags/example_setup_teardown.py
[2026-09-06T09:01:15.801+0000] {processor.py:914} INFO - Processing file /home/airflow/.local/lib/python3.12/site-packages/airflow/example_dags/example_setup_teardown.py for tasks to queue
[2026-09-06T09:01:15.804+0000] {logging_mixin.py:190} INFO - [2026-09-06T09:01:15.803+0000] {dagbag.py:588} INFO - Filling up the DagBag from /home/airflow/.local/lib/python3.12/site-packages/airflow/example_dags/example_setup_teardown.py
[2026-09-06T09:01:15.811+0000] {processor.py:925} INFO - DAG(s) 'example_setup_teardown' retrieved from /home/airflow/.local/lib/python3.12/site-packages/airflow/example_dags/example_setup_teardown.py
[2026-09-06T09:01:15.829+0000] {logging_mixin.py:190} INFO - [2026-09-06T09:01:15.829+0000] {dag.py:3239} INFO - Sync 1 DAGs
[2026-09-06T09:01:15.842+0000] {logging_mixin.py:190} INFO - [2026-09-06T09:01:15.841+0000] {dag.py:4180} INFO - Setting next_dagrun for example_setup_teardown to None, run_after=None
[2026-09-06T09:01:15.863+0000] {processor.py:208} INFO - Processing /home/airflow/.local/lib/python3.12/site-packages/airflow/example_dags/example_setup_teardown.py took 0.068 seconds
[2026-09-06T09:01:46.770+0000] {processor.py:186} INFO - Started process (PID=1046) to work on /home/airflow/.local/lib/python3.12/site-packages/airflow/example_dags/example_setup_teardown.py
[2026-09-06T09:01:46.771+0000] {processor.py:914} INFO - Processing file /home/airflow/.local/lib/python3.12/site-packages/airflow/example_dags/example_setup_teardown.py for tasks to queue
[2026-09-06T09:01:46.773+0000] {logging_mixin.py:190} INFO - [2026-09-06T09:01:46.773+0000] {dagbag.py:588} INFO - Filling up the DagBag from /home/airflow/.local/lib/python3.12/site-packages/airflow/example_dags/example_setup_teardown.py
[2026-09-06T09:01:46.781+0000] {processor.py:925} INFO - DAG(s) 'example_setup_teardown' retrieved from /home/airflow/.local/lib/python3.12/site-packages/airflow/example_dags/example_setup_teardown.py
[2026-09-06T09:01:46.798+0000] {logging_mixin.py:190} INFO - [2026-09-06T09:01:46.798+0000] {dag.py:3239} INFO - Sync 1 DAGs
[2026-09-06T09:01:46.811+0000] {logging_mixin.py:190} INFO - [2026-09-06T09:01:46.811+0000] {dag.py:4180} INFO - Setting next_dagrun for example_setup_teardown to None, run_after=None
[2026-09-06T09:01:46.828+0000] {processor.py:208} INFO - Processing /home/airflow/.local/lib/python3.12/site-packages/airflow/example_dags/example_setup_teardown.py took 0.064 seconds
[2026-09-06T09:02:17.595+0000] {processor.py:186} INFO - Started process (PID=1110) to work on /home/airflow/.local/lib/python3.12/site-packages/airflow/example_dags/example_setup_teardown.py
[2026-09-06T09:02:17.597+0000] {processor.py:914} INFO - Processing file /home/airflow/.local/lib/python3.12/site-packages/airflow/example_dags/example_setup_teardown.py for tasks to queue
[2026-09-06T09:02:17.599+0000] {logging_mixin.py:190} INFO - [2026-09-06T09:02:17.598+0000] {dagbag.py:588} INFO - Filling up the DagBag from /home/airflow/.local/lib/python3.12/site-packages/airflow/example_dags/example_setup_teardown.py
[2026-09-06T09:02:17.606+0000] {processor.py:925} INFO - DAG(s) 'example_setup_teardown' retrieved from /home/airflow/.local/lib/python3.12/site-packages/airflow/example_dags/example_setup_teardown.py
[2026-09-06T09:02:17.623+0000] {logging_mixin.py:190} INFO - [2026-09-06T09:02:17.622+0000] {dag.py:3239} INFO - Sync 1 DAGs
[2026-09-06T09:02:17.634+0000] {logging_mixin.py:190} INFO - [2026-09-06T09:02:17.633+0000] {dag.py:4180} INFO - Setting next_dagrun for example_setup_teardown to None, run_after=None
[2026-09-06T09:02:17.654+0000] {processor.py:208} INFO - Processing /home/airflow/.local/lib/python3.12/site-packages/airflow/example_dags/example_setup_teardown.py took 0.063 seconds
[2026-09-06T09:02:48.068+0000] {processor.py:186} INFO - Started process (PID=1173) to work on /home/airflow/.local/lib/python3.12/site-packages/airflow/example_dags/example_setup_teardown.py
[2026-09-06T09:02:48.069+0000] {processor.py:914} INFO - Processing file /home/airflow/.local/lib/python3.12/site-packages/airflow/example_dags/example_setup_teardown.py for tasks to queue
[2026-09-06T09:02:48.071+0000] {logging_mixin.py:190} INFO - [2026-09-06T09:02:48.071+0000] {dagbag.py:588} INFO - Filling up the DagBag from /home/airflow/.local/lib/python3.12/site-packages/airflow/example_dags/example_setup_teardown.py
[2026-09-06T09:02:48.079+0000] {processor.py:925} INFO - DAG(s) 'example_setup_teardown' retrieved from /home/airflow/.local/lib/python3.12/site-packages/airflow/example_dags/example_setup_teardown.py
[2026-09-06T09:02:48.095+0000] {logging_mixin.py:190} INFO - [2026-09-06T09:02:48.095+0000] {dag.py:3239} INFO - Sync 1 DAGs
[2026-09-06T09:02:48.106+0000] {logging_mixin.py:190} INFO - [2026-09-06T09:02:48.106+0000] {dag.py:4180} INFO - Setting next_dagrun for example_setup_teardown to None, run_after=None
[2026-09-06T09:02:48.121+0000] {processor.py:208} INFO - Processing /home/airflow/.local/lib/python3.12/site-packages/airflow/example_dags/example_setup_teardown.py took 0.059 seconds
[2026-09-06T09:03:18.750+0000] {processor.py:186} INFO - Started process (PID=1237) to work on /home/airflow/.local/lib/python3.12/site-packages/airflow/example_dags/example_setup_teardown.py
[2026-09-06T09:03:18.752+0000] {processor.py:914} INFO - Processing file /home/airflow/.local/lib/python3.12/site-packages/airflow/example_dags/example_setup_teardown.py for tasks to queue
[2026-09-06T09:03:18.754+0000] {logging_mixin.py:190} INFO - [2026-09-06T09:03:18.754+0000] {dagbag.py:588} INFO - Filling up the DagBag from /home/airflow/.local/lib/python3.12/site-packages/airflow/example_dags/example_setup_teardown.py
[2026-09-06T09:03:18.761+0000] {processor.py:925} INFO - DAG(s) 'example_setup_teardown' retrieved from /home/airflow/.local/lib/python3.12/site-packages/airflow/example_dags/example_setup_teardown.py
[2026-09-06T09:03:18.779+0000] {logging_mixin.py:190} INFO - [2026-09-06T09:03:18.779+0000] {dag.py:3239} INFO - Sync 1 DAGs
[2026-09-06T09:03:18.790+0000] {logging_mixin.py:190} INFO - [2026-09-06T09:03:18.790+0000] {dag.py:4180} INFO - Setting next_dagrun for example_setup_teardown to None, run_after=None
[2026-09-06T09:03:18.810+0000] {processor.py:208} INFO - Processing /home/airflow/.local/lib/python3.12/site-packages/airflow/example_dags/example_setup_teardown.py took 0.065 seconds
[2026-09-06T09:03:50.338+0000] {processor.py:186} INFO - Started process (PID=1302) to work on /home/airflow/.local/lib/python3.12/site-packages/airflow/example_dags/example_setup_teardown.py
[2026-09-06T09:03:50.339+0000] {processor.py:914} INFO - Processing file /home/airflow/.local/lib/python3.12/site-packages/airflow/example_dags/example_setup_teardown.py for tasks to queue
[2026-09-06T09:03:50.342+0000] {logging_mixin.py:190} INFO - [2026-09-06T09:03:50.341+0000] {dagbag.py:588} INFO - Filling up the DagBag from /home/airflow/.local/lib/python3.12/site-packages/airflow/example_dags/example_setup_teardown.py
[2026-09-06T09:03:50.349+0000] {processor.py:925} INFO - DAG(s) 'example_setup_teardown' retrieved from /home/airflow/.local/lib/python3.12/site-packages/airflow/example_dags/example_setup_teardown.py
[2026-09-06T09:03:50.365+0000] {logging_mixin.py:190} INFO - [2026-09-06T09:03:50.365+0000] {dag.py:3239} INFO - Sync 1 DAGs
[2026-09-06T09:03:50.377+0000] {logging_mixin.py:190} INFO - [2026-09-06T09:03:50.377+0000] {dag.py:4180} INFO - Setting next_dagrun for example_setup_teardown to None, run_after=None
[2026-09-06T09:03:50.400+0000] {processor.py:208} INFO - Processing /home/airflow/.local/lib/python3.12/site-packages/airflow/example_dags/example_setup_teardown.py took 0.067 seconds
[2026-09-06T09:04:21.214+0000] {processor.py:186} INFO - Started process (PID=1366) to work on /home/airflow/.local/lib/python3.12/site-packages/airflow/example_dags/example_setup_teardown.py
[2026-09-06T09:04:21.215+0000] {processor.py:914} INFO - Processing file /home/airflow/.local/lib/python3.12/site-packages/airflow/example_dags/example_setup_teardown.py for tasks to queue
[2026-09-06T09:04:21.217+0000] {logging_mixin.py:190} INFO - [2026-09-06T09:04:21.217+0000] {dagbag.py:588} INFO - Filling up the DagBag from /home/airflow/.local/lib/python3.12/site-packages/airflow/example_dags/example_setup_teardown.py
[2026-09-06T09:04:21.224+0000] {processor.py:925} INFO - DAG(s) 'example_setup_teardown' retrieved from /home/airflow/.local/lib/python3.12/site-packages/airflow/example_dags/example_setup_teardown.py
[2026-09-06T09:04:21.239+0000] {logging_mixin.py:190} INFO - [2026-09-06T09:04:21.239+0000] {dag.py:3239} INFO - Sync 1 DAGs
[2026-09-06T09:04:21.250+0000] {logging_mixin.py:190} INFO - [2026-09-06T09:04:21.250+0000] {dag.py:4180} INFO - Setting next_dagrun for example_setup_teardown to None, run_after=None
[2026-09-06T09:04:21.269+0000] {processor.py:208} INFO - Processing /home/airflow/.local/lib/python3.12/site-packages/airflow/example_dags/example_setup_teardown.py took 0.060 seconds
[2026-09-06T09:04:52.642+0000] {processor.py:186} INFO - Started process (PID=1430) to work on /home/airflow/.local/lib/python3.12/site-packages/airflow/example_dags/example_setup_teardown.py
[2026-09-06T09:04:52.643+0000] {processor.py:914} INFO - Processing file /home/airflow/.local/lib/python3.12/site-packages/airflow/example_dags/example_setup_teardown.py for tasks to queue
[2026-09-06T09:04:52.645+0000] {logging_mixin.py:190} INFO - [2026-09-06T09:04:52.645+0000] {dagbag.py:588} INFO - Filling up the DagBag from /home/airflow/.local/lib/python3.12/site-packages/airflow/example_dags/example_setup_teardown.py
[2026-09-06T09:04:52.652+0000] {processor.py:925} INFO - DAG(s) 'example_setup_teardown' retrieved from /home/airflow/.local/lib/python3.12/site-packages/airflow/example_dags/example_setup_teardown.py
[2026-09-06T09:04:52.667+0000] {logging_mixin.py:190} INFO - [2026-09-06T09:04:52.667+0000] {dag.py:3239} INFO - Sync 1 DAGs
[2026-09-06T09:04:52.678+0000] {logging_mixin.py:190} INFO - [2026-09-06T09:04:52.678+0000] {dag.py:4180} INFO - Setting next_dagrun for example_setup_teardown to None, run_after=None
[2026-09-06T09:04:52.691+0000] {processor.py:208} INFO - Processing /home/airflow/.local/lib/python3.12/site-packages/airflow/example_dags/example_setup_teardown.py took 0.054 seconds
[2026-09-06T09:05:23.475+0000] {processor.py:186} INFO - Started process (PID=1494) to work on /home/airflow/.local/lib/python3.12/site-packages/airflow/example_dags/example_setup_teardown.py
[2026-09-06T09:05:23.476+0000] {processor.py:914} INFO - Processing file /home/airflow/.local/lib/python3.12/site-packages/airflow/example_dags/example_setup_teardown.py for tasks to queue
[2026-09-06T09:05:23.478+0000] {logging_mixin.py:190} INFO - [2026-09-06T09:05:23.478+0000] {dagbag.py:588} INFO - Filling up the DagBag from /home/airflow/.local/lib/python3.12/site-packages/airflow/example_dags/example_setup_teardown.py
[2026-09-06T09:05:23.485+0000] {processor.py:925} INFO - DAG(s) 'example_setup_teardown' retrieved from /home/airflow/.local/lib/python3.12/site-packages/airflow/example_dags/example_setup_teardown.py
[2026-09-06T09:05:23.501+0000] {logging_mixin.py:190} INFO - [2026-09-06T09:05:23.501+0000] {dag.py:3239} INFO - Sync 1 DAGs
[2026-09-06T09:05:23.511+0000] {logging_mixin.py:190} INFO - [2026-09-06T09:05:23.511+0000] {dag.py:4180} INFO - Setting next_dagrun for example_setup_teardown to None, run_after=None
[2026-09-06T09:05:23.525+0000] {processor.py:208} INFO - Processing /home/airflow/.local/lib/python3.12/site-packages/airflow/example_dags/example_setup_teardown.py took 0.054 seconds
[2026-09-06T09:05:54.550+0000] {processor.py:186} INFO - Started process (PID=1558) to work on /home/airflow/.local/lib/python3.12/site-packages/airflow/example_dags/example_setup_teardown.py
[2026-09-06T09:05:54.551+0000] {processor.py:914} INFO - Processing file /home/airflow/.local/lib/python3.12/site-packages/airflow/example_dags/example_setup_teardown.py for tasks to queue
[2026-09-06T09:05:54.554+0000] {logging_mixin.py:190} INFO - [2026-09-06T09:05:54.554+0000] {dagbag.py:588} INFO - Filling up the DagBag from /home/airflow/.local/lib/python3.12/site-packages/airflow/example_dags/example_setup_teardown.py
[2026-09-06T09:05:54.561+0000] {processor.py:925} INFO - DAG(s) 'example_setup_teardown' retrieved from /home/airflow/.local/lib/python3.12/site-packages/airflow/example_dags/example_setup_teardown.py
[2026-09-06T09:05:54.580+0000] {logging_mixin.py:190} INFO - [2026-09-06T09:05:54.580+0000] {dag.py:3239} INFO - Sync 1 DAGs
[2026-09-06T09:05:54.592+0000] {logging_mixin.py:190} INFO - [2026-09-06T09:05:54.592+0000] {dag.py:4180} INFO - Setting next_dagrun for example_setup_teardown to None, run_after=None
[2026-09-06T09:05:54.607+0000] {processor.py:208} INFO - Processing /home/airflow/.local/lib/python3.12/site-packages/airflow/example_dags/example_setup_teardown.py took 0.062 seconds
[2026-09-06T09:06:25.273+0000] {processor.py:186} INFO - Started process (PID=1622) to work on /home/airflow/.local/lib/python3.12/site-packages/airflow/example_dags/example_setup_teardown.py
[2026-09-06T09:06:25.275+0000] {processor.py:914} INFO - Processing file /home/airflow/.local/lib/python3.12/site-packages/airflow/example_dags/example_setup_teardown.py for tasks to queue
[2026-09-06T09:06:25.277+0000] {logging_mixin.py:190} INFO - [2026-09-06T09:06:25.277+0000] {dagbag.py:588} INFO - Filling up the DagBag from /home/airflow/.local/lib/python3.12/site-packages/airflow/example_dags/example_setup_teardown.py
[2026-09-06T09:06:25.285+0000] {processor.py:925} INFO - DAG(s) 'example_setup_teardown' retrieved from /home/airflow/.local/lib/python3.12/site-packages/airflow/example_dags/example_setup_teardown.py
[2026-09-06T09:06:25.304+0000] {logging_mixin.py:190} INFO - [2026-09-06T09:06:25.304+0000] {dag.py:3239} INFO - Sync 1 DAGs
[2026-09-06T09:06:25.317+0000] {logging_mixin.py:190} INFO - [2026-09-06T09:06:25.316+0000] {dag.py:4180} INFO - Setting next_dagrun for example_setup_teardown to None, run_after=None
[2026-09-06T09:06:25.333+0000] {processor.py:208} INFO - Processing /home/airflow/.local/lib/python3.12/site-packages/airflow/example_dags/example_setup_teardown.py took 0.064 seconds
[2026-09-06T09:06:56.100+0000] {processor.py:186} INFO - Started process (PID=1686) to work on /home/airflow/.local/lib/python3.12/site-packages/airflow/example_dags/example_setup_teardown.py
[2026-09-06T09:06:56.101+0000] {processor.py:914} INFO - Processing file /home/airflow/.local/lib/python3.12/site-packages/airflow/example_dags/example_setup_teardown.py for tasks to queue
[2026-09-06T09:06:56.103+0000] {logging_mixin.py:190} INFO - [2026-09-06T09:06:56.102+0000] {dagbag.py:588} INFO - Filling up the DagBag from /home/airflow/.local/lib/python3.12/site-packages/airflow/example_dags/example_setup_teardown.py
[2026-09-06T09:06:56.109+0000] {processor.py:925} INFO - DAG(s) 'example_setup_teardown' retrieved from /home/airflow/.local/lib/python3.12/site-packages/airflow/example_dags/example_setup_teardown.py
[2026-09-06T09:06:56.125+0000] {logging_mixin.py:190} INFO - [2026-09-06T09:06:56.125+0000] {dag.py:3239} INFO - Sync 1 DAGs
[2026-09-06T09:06:56.138+0000] {logging_mixin.py:190} INFO - [2026-09-06T09:06:56.137+0000] {dag.py:4180} INFO - Setting next_dagrun for example_setup_teardown to None, run_after=None
[2026-09-06T09:06:56.153+0000] {processor.py:208} INFO - Processing /home/airflow/.local/lib/python3.12/site-packages/airflow/example_dags/example_setup_teardown.py took 0.058 seconds
[2026-09-06T09:07:27.143+0000] {processor.py:186} INFO - Started process (PID=1750) to work on /home/airflow/.local/lib/python3.12/site-packages/airflow/example_dags/example_setup_teardown.py
[2026-09-06T09:07:27.145+0000] {processor.py:914} INFO - Processing file /home/airflow/.local/lib/python3.12/site-packages/airflow/example_dags/example_setup_teardown.py for tasks to queue
[2026-09-06T09:07:27.147+0000] {logging_mixin.py:190} INFO - [2026-09-06T09:07:27.147+0000] {dagbag.py:588} INFO - Filling up the DagBag from /home/airflow/.local/lib/python3.12/site-packages/airflow/example_dags/example_setup_teardown.py
[2026-09-06T09:07:27.154+0000] {processor.py:925} INFO - DAG(s) 'example_setup_teardown' retrieved from /home/airflow/.local/lib/python3.12/site-packages/airflow/example_dags/example_setup_teardown.py
[2026-09-06T09:07:27.173+0000] {logging_mixin.py:190} INFO - [2026-09-06T09:07:27.173+0000] {dag.py:3239} INFO - Sync 1 DAGs
[2026-09-06T09:07:27.186+0000] {logging_mixin.py:190} INFO - [2026-09-06T09:07:27.186+0000] {dag.py:4180} INFO - Setting next_dagrun for example_setup_teardown to None, run_after=None
[2026-09-06T09:07:27.203+0000] {processor.py:208} INFO - Processing /home/airflow/.local/lib/python3.12/site-packages/airflow/example_dags/example_setup_teardown.py took 0.065 seconds
[2026-09-06T09:07:57.949+0000] {processor.py:186} INFO - Started process (PID=1814) to work on /home/airflow/.local/lib/python3.12/site-packages/airflow/example_dags/example_setup_teardown.py
[2026-09-06T09:07:57.950+0000] {processor.py:914} INFO - Processing file /home/airflow/.local/lib/python3.12/site-packages/airflow/example_dags/example_setup_teardown.py for tasks to queue
[2026-09-06T09:07:57.952+0000] {logging_mixin.py:190} INFO - [2026-09-06T09:07:57.952+0000] {dagbag.py:588} INFO - Filling up the DagBag from /home/airflow/.local/lib/python3.12/site-packages/airflow/example_dags/example_setup_teardown.py
[2026-09-06T09:07:57.959+0000] {processor.py:925} INFO - DAG(s) 'example_setup_teardown' retrieved from /home/airflow/.local/lib/python3.12/site-packages/airflow/example_dags/example_setup_teardown.py
[2026-09-06T09:07:57.975+0000] {logging_mixin.py:190} INFO - [2026-09-06T09:07:57.975+0000] {dag.py:3239} INFO - Sync 1 DAGs
[2026-09-06T09:07:57.987+0000] {logging_mixin.py:190} INFO - [2026-09-06T09:07:57.987+0000] {dag.py:4180} INFO - Setting next_dagrun for example_setup_teardown to None, run_after=None
[2026-09-06T09:07:58.002+0000] {processor.py:208} INFO - Processing /home/airflow/.local/lib/python3.12/site-packages/airflow/example_dags/example_setup_teardown.py took 0.057 seconds
[2026-09-06T09:08:28.720+0000] {processor.py:186} INFO - Started process (PID=1884) to work on /home/airflow/.local/lib/python3.12/site-packages/airflow/example_dags/example_setup_teardown.py
[2026-09-06T09:08:28.721+0000] {processor.py:914} INFO - Processing file /home/airflow/.local/lib/python3.12/site-packages/airflow/example_dags/example_setup_teardown.py for tasks to queue
[2026-09-06T09:08:28.723+0000] {logging_mixin.py:190} INFO - [2026-09-06T09:08:28.723+0000] {dagbag.py:588} INFO - Filling up the DagBag from /home/airflow/.local/lib/python3.12/site-packages/airflow/example_dags/example_setup_teardown.py
[2026-09-06T09:08:28.729+0000] {processor.py:925} INFO - DAG(s) 'example_setup_teardown' retrieved from /home/airflow/.local/lib/python3.12/site-packages/airflow/example_dags/example_setup_teardown.py
[2026-09-06T09:08:28.745+0000] {logging_mixin.py:190} INFO - [2026-09-06T09:08:28.745+0000] {dag.py:3239} INFO - Sync 1 DAGs
[2026-09-06T09:08:28.756+0000] {logging_mixin.py:190} INFO - [2026-09-06T09:08:28.756+0000] {dag.py:4180} INFO - Setting next_dagrun for example_setup_teardown to None, run_after=None
[2026-09-06T09:08:28.770+0000] {processor.py:208} INFO - Processing /home/airflow/.local/lib/python3.12/site-packages/airflow/example_dags/example_setup_teardown.py took 0.054 seconds
[2026-09-06T09:08:59.375+0000] {processor.py:186} INFO - Started process (PID=1948) to work on /home/airflow/.local/lib/python3.12/site-packages/airflow/example_dags/example_setup_teardown.py
[2026-09-06T09:08:59.376+0000] {processor.py:914} INFO - Processing file /home/airflow/.local/lib/python3.12/site-packages/airflow/example_dags/example_setup_teardown.py for tasks to queue
[2026-09-06T09:08:59.378+0000] {logging_mixin.py:190} INFO - [2026-09-06T09:08:59.378+0000] {dagbag.py:588} INFO - Filling up the DagBag from /home/airflow/.local/lib/python3.12/site-packages/airflow/example_dags/example_setup_teardown.py
[2026-09-06T09:08:59.385+0000] {processor.py:925} INFO - DAG(s) 'example_setup_teardown' retrieved from /home/airflow/.local/lib/python3.12/site-packages/airflow/example_dags/example_setup_teardown.py
[2026-09-06T09:08:59.401+0000] {logging_mixin.py:190} INFO - [2026-09-06T09:08:59.401+0000] {dag.py:3239} INFO - Sync 1 DAGs
[2026-09-06T09:08:59.412+0000] {logging_mixin.py:190} INFO - [2026-09-06T09:08:59.412+0000] {dag.py:4180} INFO - Setting next_dagrun for example_setup_teardown to None, run_after=None
[2026-09-06T09:08:59.427+0000] {processor.py:208} INFO - Processing /home/airflow/.local/lib/python3.12/site-packages/airflow/example_dags/example_setup_teardown.py took 0.057 seconds
[2026-09-06T09:09:30.052+0000] {processor.py:186} INFO - Started process (PID=2012) to work on /home/airflow/.local/lib/python3.12/site-packages/airflow/example_dags/example_setup_teardown.py
[2026-09-06T09:09:30.053+0000] {processor.py:914} INFO - Processing file /home/airflow/.local/lib/python3.12/site-packages/airflow/example_dags/example_setup_teardown.py for tasks to queue
[2026-09-06T09:09:30.055+0000] {logging_mixin.py:190} INFO - [2026-09-06T09:09:30.055+0000] {dagbag.py:588} INFO - Filling up the DagBag from /home/airflow/.local/lib/python3.12/site-packages/airflow/example_dags/example_setup_teardown.py
[2026-09-06T09:09:30.062+0000] {processor.py:925} INFO - DAG(s) 'example_setup_teardown' retrieved from /home/airflow/.local/lib/python3.12/site-packages/airflow/example_dags/example_setup_teardown.py
[2026-09-06T09:09:30.078+0000] {logging_mixin.py:190} INFO - [2026-09-06T09:09:30.078+0000] {dag.py:3239} INFO - Sync 1 DAGs
[2026-09-06T09:09:30.088+0000] {logging_mixin.py:190} INFO - [2026-09-06T09:09:30.088+0000] {dag.py:4180} INFO - Setting next_dagrun for example_setup_teardown to None, run_after=None
[2026-09-06T09:09:30.103+0000] {processor.py:208} INFO - Processing /home/airflow/.local/lib/python3.12/site-packages/airflow/example_dags/example_setup_teardown.py took 0.055 seconds
[2026-09-06T09:10:01.591+0000] {processor.py:186} INFO - Started process (PID=2076) to work on /home/airflow/.local/lib/python3.12/site-packages/airflow/example_dags/example_setup_teardown.py
[2026-09-06T09:10:01.592+0000] {processor.py:914} INFO - Processing file /home/airflow/.local/lib/python3.12/site-packages/airflow/example_dags/example_setup_teardown.py for tasks to queue
[2026-09-06T09:10:01.595+0000] {logging_mixin.py:190} INFO - [2026-09-06T09:10:01.594+0000] {dagbag.py:588} INFO - Filling up the DagBag from /home/airflow/.local/lib/python3.12/site-packages/airflow/example_dags/example_setup_teardown.py
[2026-09-06T09:10:01.602+0000] {processor.py:925} INFO - DAG(s) 'example_setup_teardown' retrieved from /home/airflow/.local/lib/python3.12/site-packages/airflow/example_dags/example_setup_teardown.py
[2026-09-06T09:10:01.618+0000] {logging_mixin.py:190} INFO - [2026-09-06T09:10:01.618+0000] {dag.py:3239} INFO - Sync 1 DAGs
[2026-09-06T09:10:01.630+0000] {logging_mixin.py:190} INFO - [2026-09-06T09:10:01.630+0000] {dag.py:4180} INFO - Setting next_dagrun for example_setup_teardown to None, run_after=None
[2026-09-06T09:10:01.645+0000] {processor.py:208} INFO - Processing /home/airflow/.local/lib/python3.12/site-packages/airflow/example_dags/example_setup_teardown.py took 0.059 seconds
[2026-09-06T09:10:33.012+0000] {processor.py:186} INFO - Started process (PID=2140) to work on /home/airflow/.local/lib/python3.12/site-packages/airflow/example_dags/example_setup_teardown.py
[2026-09-06T09:10:33.013+0000] {processor.py:914} INFO - Processing file /home/airflow/.local/lib/python3.12/site-packages/airflow/example_dags/example_setup_teardown.py for tasks to queue
[2026-09-06T09:10:33.015+0000] {logging_mixin.py:190} INFO - [2026-09-06T09:10:33.015+0000] {dagbag.py:588} INFO - Filling up the DagBag from /home/airflow/.local/lib/python3.12/site-packages/airflow/example_dags/example_setup_teardown.py
[2026-09-06T09:10:33.022+0000] {processor.py:925} INFO - DAG(s) 'example_setup_teardown' retrieved from /home/airflow/.local/lib/python3.12/site-packages/airflow/example_dags/example_setup_teardown.py
[2026-09-06T09:10:33.039+0000] {logging_mixin.py:190} INFO - [2026-09-06T09:10:33.039+0000] {dag.py:3239} INFO - Sync 1 DAGs
[2026-09-06T09:10:33.050+0000] {logging_mixin.py:190} INFO - [2026-09-06T09:10:33.050+0000] {dag.py:4180} INFO - Setting next_dagrun for example_setup_teardown to None, run_after=None
[2026-09-06T09:10:33.065+0000] {processor.py:208} INFO - Processing /home/airflow/.local/lib/python3.12/site-packages/airflow/example_dags/example_setup_teardown.py took 0.058 seconds
[2026-09-06T09:11:04.693+0000] {processor.py:186} INFO - Started process (PID=2204) to work on /home/airflow/.local/lib/python3.12/site-packages/airflow/example_dags/example_setup_teardown.py
[2026-09-06T09:11:04.694+0000] {processor.py:914} INFO - Processing file /home/airflow/.local/lib/python3.12/site-packages/airflow/example_dags/example_setup_teardown.py for tasks to queue
[2026-09-06T09:11:04.696+0000] {logging_mixin.py:190} INFO - [2026-09-06T09:11:04.696+0000] {dagbag.py:588} INFO - Filling up the DagBag from /home/airflow/.local/lib/python3.12/site-packages/airflow/example_dags/example_setup_teardown.py
[2026-09-06T09:11:04.704+0000] {processor.py:925} INFO - DAG(s) 'example_setup_teardown' retrieved from /home/airflow/.local/lib/python3.12/site-packages/airflow/example_dags/example_setup_teardown.py
[2026-09-06T09:11:04.720+0000] {logging_mixin.py:190} INFO - [2026-09-06T09:11:04.720+0000] {dag.py:3239} INFO - Sync 1 DAGs
[2026-09-06T09:11:04.732+0000] {logging_mixin.py:190} INFO - [2026-09-06T09:11:04.732+0000] {dag.py:4180} INFO - Setting next_dagrun for example_setup_teardown to None, run_after=None
[2026-09-06T09:11:04.748+0000] {processor.py:208} INFO - Processing /home/airflow/.local/lib/python3.12/site-packages/airflow/example_dags/example_setup_teardown.py took 0.060 seconds
[2026-09-06T09:11:35.558+0000] {processor.py:186} INFO - Started process (PID=2268) to work on /home/airflow/.local/lib/python3.12/site-packages/airflow/example_dags/example_setup_teardown.py
[2026-09-06T09:11:35.559+0000] {processor.py:914} INFO - Processing file /home/airflow/.local/lib/python3.12/site-packages/airflow/example_dags/example_setup_teardown.py for tasks to queue
[2026-09-06T09:11:35.561+0000] {logging_mixin.py:190} INFO - [2026-09-06T09:11:35.561+0000] {dagbag.py:588} INFO - Filling up the DagBag from /home/airflow/.local/lib/python3.12/site-packages/airflow/example_dags/example_setup_teardown.py
[2026-09-06T09:11:35.568+0000] {processor.py:925} INFO - DAG(s) 'example_setup_teardown' retrieved from /home/airflow/.local/lib/python3.12/site-packages/airflow/example_dags/example_setup_teardown.py
[2026-09-06T09:11:35.584+0000] {logging_mixin.py:190} INFO - [2026-09-06T09:11:35.584+0000] {dag.py:3239} INFO - Sync 1 DAGs
[2026-09-06T09:11:35.595+0000] {logging_mixin.py:190} INFO - [2026-09-06T09:11:35.594+0000] {dag.py:4180} INFO - Setting next_dagrun for example_setup_teardown to None, run_after=None
[2026-09-06T09:11:35.610+0000] {processor.py:208} INFO - Processing /home/airflow/.local/lib/python3.12/site-packages/airflow/example_dags/example_setup_teardown.py took 0.056 seconds
[2026-09-06T09:12:07.015+0000] {processor.py:186} INFO - Started process (PID=2332) to work on /home/airflow/.local/lib/python3.12/site-packages/airflow/example_dags/example_setup_teardown.py
[2026-09-06T09:12:07.016+0000] {processor.py:914} INFO - Processing file /home/airflow/.local/lib/python3.12/site-packages/airflow/example_dags/example_setup_teardown.py for tasks to queue
[2026-09-06T09:12:07.018+0000] {logging_mixin.py:190} INFO - [2026-09-06T09:12:07.017+0000] {dagbag.py:588} INFO - Filling up the DagBag from /home/airflow/.local/lib/python3.12/site-packages/airflow/example_dags/example_setup_teardown.py
[2026-09-06T09:12:07.024+0000] {processor.py:925} INFO - DAG(s) 'example_setup_teardown' retrieved from /home/airflow/.local/lib/python3.12/site-packages/airflow/example_dags/example_setup_teardown.py
[2026-09-06T09:12:07.040+0000] {logging_mixin.py:190} INFO - [2026-09-06T09:12:07.040+0000] {dag.py:3239} INFO - Sync 1 DAGs
[2026-09-06T09:12:07.051+0000] {logging_mixin.py:190} INFO - [2026-09-06T09:12:07.051+0000] {dag.py:4180} INFO - Setting next_dagrun for example_setup_teardown to None, run_after=None
[2026-09-06T09:12:07.066+0000] {processor.py:208} INFO - Processing /home/airflow/.local/lib/python3.12/site-packages/airflow/example_dags/example_setup_teardown.py took 0.055 seconds
[2026-09-06T09:12:38.438+0000] {processor.py:186} INFO - Started process (PID=2396) to work on /home/airflow/.local/lib/python3.12/site-packages/airflow/example_dags/example_setup_teardown.py
[2026-09-06T09:12:38.439+0000] {processor.py:914} INFO - Processing file /home/airflow/.local/lib/python3.12/site-packages/airflow/example_dags/example_setup_teardown.py for tasks to queue
[2026-09-06T09:12:38.441+0000] {logging_mixin.py:190} INFO - [2026-09-06T09:12:38.441+0000] {dagbag.py:588} INFO - Filling up the DagBag from /home/airflow/.local/lib/python3.12/site-packages/airflow/example_dags/example_setup_teardown.py
[2026-09-06T09:12:38.448+0000] {processor.py:925} INFO - DAG(s) 'example_setup_teardown' retrieved from /home/airflow/.local/lib/python3.12/site-packages/airflow/example_dags/example_setup_teardown.py
[2026-09-06T09:12:38.467+0000] {logging_mixin.py:190} INFO - [2026-09-06T09:12:38.466+0000] {dag.py:3239} INFO - Sync 1 DAGs
[2026-09-06T09:12:38.479+0000] {logging_mixin.py:190} INFO - [2026-09-06T09:12:38.479+0000] {dag.py:4180} INFO - Setting next_dagrun for example_setup_teardown to None, run_after=None
[2026-09-06T09:12:38.494+0000] {processor.py:208} INFO - Processing /home/airflow/.local/lib/python3.12/site-packages/airflow/example_dags/example_setup_teardown.py took 0.060 seconds
[2026-09-06T09:13:09.858+0000] {processor.py:186} INFO - Started process (PID=2460) to work on /home/airflow/.local/lib/python3.12/site-packages/airflow/example_dags/example_setup_teardown.py
[2026-09-06T09:13:09.859+0000] {processor.py:914} INFO - Processing file /home/airflow/.local/lib/python3.12/site-packages/airflow/example_dags/example_setup_teardown.py for tasks to queue
[2026-09-06T09:13:09.861+0000] {logging_mixin.py:190} INFO - [2026-09-06T09:13:09.861+0000] {dagbag.py:588} INFO - Filling up the DagBag from /home/airflow/.local/lib/python3.12/site-packages/airflow/example_dags/example_setup_teardown.py
[2026-09-06T09:13:09.868+0000] {processor.py:925} INFO - DAG(s) 'example_setup_teardown' retrieved from /home/airflow/.local/lib/python3.12/site-packages/airflow/example_dags/example_setup_teardown.py
[2026-09-06T09:13:09.885+0000] {logging_mixin.py:190} INFO - [2026-09-06T09:13:09.884+0000] {dag.py:3239} INFO - Sync 1 DAGs
[2026-09-06T09:13:09.895+0000] {logging_mixin.py:190} INFO - [2026-09-06T09:13:09.895+0000] {dag.py:4180} INFO - Setting next_dagrun for example_setup_teardown to None, run_after=None
[2026-09-06T09:13:09.910+0000] {processor.py:208} INFO - Processing /home/airflow/.local/lib/python3.12/site-packages/airflow/example_dags/example_setup_teardown.py took 0.056 seconds
[2026-09-06T09:13:40.705+0000] {processor.py:186} INFO - Started process (PID=2525) to work on /home/airflow/.local/lib/python3.12/site-packages/airflow/example_dags/example_setup_teardown.py
[2026-09-06T09:13:40.707+0000] {processor.py:914} INFO - Processing file /home/airflow/.local/lib/python3.12/site-packages/airflow/example_dags/example_setup_teardown.py for tasks to queue
[2026-09-06T09:13:40.709+0000] {logging_mixin.py:190} INFO - [2026-09-06T09:13:40.709+0000] {dagbag.py:588} INFO - Filling up the DagBag from /home/airflow/.local/lib/python3.12/site-packages/airflow/example_dags/example_setup_teardown.py
[2026-09-06T09:13:40.716+0000] {processor.py:925} INFO - DAG(s) 'example_setup_teardown' retrieved from /home/airflow/.local/lib/python3.12/site-packages/airflow/example_dags/example_setup_teardown.py
[2026-09-06T09:13:40.732+0000] {logging_mixin.py:190} INFO - [2026-09-06T09:13:40.732+0000] {dag.py:3239} INFO - Sync 1 DAGs
[2026-09-06T09:13:40.743+0000] {logging_mixin.py:190} INFO - [2026-09-06T09:13:40.742+0000] {dag.py:4180} INFO - Setting next_dagrun for example_setup_teardown to None, run_after=None
[2026-09-06T09:13:40.757+0000] {processor.py:208} INFO - Processing /home/airflow/.local/lib/python3.12/site-packages/airflow/example_dags/example_setup_teardown.py took 0.056 seconds
[2026-09-06T09:14:12.022+0000] {processor.py:186} INFO - Started process (PID=2589) to work on /home/airflow/.local/lib/python3.12/site-packages/airflow/example_dags/example_setup_teardown.py
[2026-09-06T09:14:12.023+0000] {processor.py:914} INFO - Processing file /home/airflow/.local/lib/python3.12/site-packages/airflow/example_dags/example_setup_teardown.py for tasks to queue
[2026-09-06T09:14:12.025+0000] {logging_mixin.py:190} INFO - [2026-09-06T09:14:12.025+0000] {dagbag.py:588} INFO - Filling up the DagBag from /home/airflow/.local/lib/python3.12/site-packages/airflow/example_dags/example_setup_teardown.py
[2026-09-06T09:14:12.032+0000] {processor.py:925} INFO - DAG(s) 'example_setup_teardown' retrieved from /home/airflow/.local/lib/python3.12/site-packages/airflow/example_dags/example_setup_teardown.py
[2026-09-06T09:14:12.048+0000] {logging_mixin.py:190} INFO - [2026-09-06T09:14:12.047+0000] {dag.py:3239} INFO - Sync 1 DAGs
[2026-09-06T09:14:12.058+0000] {logging_mixin.py:190} INFO - [2026-09-06T09:14:12.058+0000] {dag.py:4180} INFO - Setting next_dagrun for example_setup_teardown to None, run_after=None
[2026-09-06T09:14:12.071+0000] {processor.py:208} INFO - Processing /home/airflow/.local/lib/python3.12/site-packages/airflow/example_dags/example_setup_teardown.py took 0.053 seconds
[2026-09-06T09:14:43.303+0000] {processor.py:186} INFO - Started process (PID=2653) to work on /home/airflow/.local/lib/python3.12/site-packages/airflow/example_dags/example_setup_teardown.py
[2026-09-06T09:14:43.303+0000] {processor.py:914} INFO - Processing file /home/airflow/.local/lib/python3.12/site-packages/airflow/example_dags/example_setup_teardown.py for tasks to queue
[2026-09-06T09:14:43.305+0000] {logging_mixin.py:190} INFO - [2026-09-06T09:14:43.305+0000] {dagbag.py:588} INFO - Filling up the DagBag from /home/airflow/.local/lib/python3.12/site-packages/airflow/example_dags/example_setup_teardown.py
[2026-09-06T09:14:43.312+0000] {processor.py:925} INFO - DAG(s) 'example_setup_teardown' retrieved from /home/airflow/.local/lib/python3.12/site-packages/airflow/example_dags/example_setup_teardown.py
[2026-09-06T09:14:43.328+0000] {logging_mixin.py:190} INFO - [2026-09-06T09:14:43.328+0000] {dag.py:3239} INFO - Sync 1 DAGs
[2026-09-06T09:14:43.338+0000] {logging_mixin.py:190} INFO - [2026-09-06T09:14:43.338+0000] {dag.py:4180} INFO - Setting next_dagrun for example_setup_teardown to None, run_after=None
[2026-09-06T09:14:43.352+0000] {processor.py:208} INFO - Processing /home/airflow/.local/lib/python3.12/site-packages/airflow/example_dags/example_setup_teardown.py took 0.054 seconds
[2026-09-06T09:15:14.462+0000] {processor.py:186} INFO - Started process (PID=2717) to work on /home/airflow/.local/lib/python3.12/site-packages/airflow/example_dags/example_setup_teardown.py
[2026-09-06T09:15:14.463+0000] {processor.py:914} INFO - Processing file /home/airflow/.local/lib/python3.12/site-packages/airflow/example_dags/example_setup_teardown.py for tasks to queue
[2026-09-06T09:15:14.465+0000] {logging_mixin.py:190} INFO - [2026-09-06T09:15:14.465+0000] {dagbag.py:588} INFO - Filling up the DagBag from /home/airflow/.local/lib/python3.12/site-packages/airflow/example_dags/example_setup_teardown.py
[2026-09-06T09:15:14.473+0000] {processor.py:925} INFO - DAG(s) 'example_setup_teardown' retrieved from /home/airflow/.local/lib/python3.12/site-packages/airflow/example_dags/example_setup_teardown.py
[2026-09-06T09:15:14.489+0000] {logging_mixin.py:190} INFO - [2026-09-06T09:15:14.489+0000] {dag.py:3239} INFO - Sync 1 DAGs
[2026-09-06T09:15:14.500+0000] {logging_mixin.py:190} INFO - [2026-09-06T09:15:14.500+0000] {dag.py:4180} INFO - Setting next_dagrun for example_setup_teardown to None, run_after=None
[2026-09-06T09:15:14.514+0000] {processor.py:208} INFO - Processing /home/airflow/.local/lib/python3.12/site-packages/airflow/example_dags/example_setup_teardown.py took 0.057 seconds
[2026-09-06T09:15:45.335+0000] {processor.py:186} INFO - Started process (PID=2782) to work on /home/airflow/.local/lib/python3.12/site-packages/airflow/example_dags/example_setup_teardown.py
[2026-09-06T09:15:45.336+0000] {processor.py:914} INFO - Processing file /home/airflow/.local/lib/python3.12/site-packages/airflow/example_dags/example_setup_teardown.py for tasks to queue
[2026-09-06T09:15:45.339+0000] {logging_mixin.py:190} INFO - [2026-09-06T09:15:45.338+0000] {dagbag.py:588} INFO - Filling up the DagBag from /home/airflow/.local/lib/python3.12/site-packages/airflow/example_dags/example_setup_teardown.py
[2026-09-06T09:15:45.348+0000] {processor.py:925} INFO - DAG(s) 'example_setup_teardown' retrieved from /home/airflow/.local/lib/python3.12/site-packages/airflow/example_dags/example_setup_teardown.py
[2026-09-06T09:15:45.368+0000] {logging_mixin.py:190} INFO - [2026-09-06T09:15:45.368+0000] {dag.py:3239} INFO - Sync 1 DAGs
[2026-09-06T09:15:45.380+0000] {logging_mixin.py:190} INFO - [2026-09-06T09:15:45.380+0000] {dag.py:4180} INFO - Setting next_dagrun for example_setup_teardown to None, run_after=None
[2026-09-06T09:15:45.402+0000] {processor.py:208} INFO - Processing /home/airflow/.local/lib/python3.12/site-packages/airflow/example_dags/example_setup_teardown.py took 0.074 seconds
[2026-09-06T09:16:15.723+0000] {processor.py:186} INFO - Started process (PID=2846) to work on /home/airflow/.local/lib/python3.12/site-packages/airflow/example_dags/example_setup_teardown.py
[2026-09-06T09:16:15.724+0000] {processor.py:914} INFO - Processing file /home/airflow/.local/lib/python3.12/site-packages/airflow/example_dags/example_setup_teardown.py for tasks to queue
[2026-09-06T09:16:15.726+0000] {logging_mixin.py:190} INFO - [2026-09-06T09:16:15.726+0000] {dagbag.py:588} INFO - Filling up the DagBag from /home/airflow/.local/lib/python3.12/site-packages/airflow/example_dags/example_setup_teardown.py
[2026-09-06T09:16:15.733+0000] {processor.py:925} INFO - DAG(s) 'example_setup_teardown' retrieved from /home/airflow/.local/lib/python3.12/site-packages/airflow/example_dags/example_setup_teardown.py
[2026-09-06T09:16:15.749+0000] {logging_mixin.py:190} INFO - [2026-09-06T09:16:15.748+0000] {dag.py:3239} INFO - Sync 1 DAGs
[2026-09-06T09:16:15.759+0000] {logging_mixin.py:190} INFO - [2026-09-06T09:16:15.759+0000] {dag.py:4180} INFO - Setting next_dagrun for example_setup_teardown to None, run_after=None
[2026-09-06T09:16:15.773+0000] {processor.py:208} INFO - Processing /home/airflow/.local/lib/python3.12/site-packages/airflow/example_dags/example_setup_teardown.py took 0.055 seconds
[2026-09-06T09:16:46.870+0000] {processor.py:186} INFO - Started process (PID=2909) to work on /home/airflow/.local/lib/python3.12/site-packages/airflow/example_dags/example_setup_teardown.py
[2026-09-06T09:16:46.871+0000] {processor.py:914} INFO - Processing file /home/airflow/.local/lib/python3.12/site-packages/airflow/example_dags/example_setup_teardown.py for tasks to queue
[2026-09-06T09:16:46.874+0000] {logging_mixin.py:190} INFO - [2026-09-06T09:16:46.874+0000] {dagbag.py:588} INFO - Filling up the DagBag from /home/airflow/.local/lib/python3.12/site-packages/airflow/example_dags/example_setup_teardown.py
[2026-09-06T09:16:46.883+0000] {processor.py:925} INFO - DAG(s) 'example_setup_teardown' retrieved from /home/airflow/.local/lib/python3.12/site-packages/airflow/example_dags/example_setup_teardown.py
[2026-09-06T09:16:46.901+0000] {logging_mixin.py:190} INFO - [2026-09-06T09:16:46.901+0000] {dag.py:3239} INFO - Sync 1 DAGs
[2026-09-06T09:16:46.914+0000] {logging_mixin.py:190} INFO - [2026-09-06T09:16:46.913+0000] {dag.py:4180} INFO - Setting next_dagrun for example_setup_teardown to None, run_after=None
[2026-09-06T09:16:46.931+0000] {processor.py:208} INFO - Processing /home/airflow/.local/lib/python3.12/site-packages/airflow/example_dags/example_setup_teardown.py took 0.068 seconds
[2026-09-06T09:17:17.051+0000] {processor.py:186} INFO - Started process (PID=2972) to work on /home/airflow/.local/lib/python3.12/site-packages/airflow/example_dags/example_setup_teardown.py
[2026-09-06T09:17:17.052+0000] {processor.py:914} INFO - Processing file /home/airflow/.local/lib/python3.12/site-packages/airflow/example_dags/example_setup_teardown.py for tasks to queue
[2026-09-06T09:17:17.054+0000] {logging_mixin.py:190} INFO - [2026-09-06T09:17:17.054+0000] {dagbag.py:588} INFO - Filling up the DagBag from /home/airflow/.local/lib/python3.12/site-packages/airflow/example_dags/example_setup_teardown.py
[2026-09-06T09:17:17.062+0000] {processor.py:925} INFO - DAG(s) 'example_setup_teardown' retrieved from /home/airflow/.local/lib/python3.12/site-packages/airflow/example_dags/example_setup_teardown.py
[2026-09-06T09:17:17.078+0000] {logging_mixin.py:190} INFO - [2026-09-06T09:17:17.078+0000] {dag.py:3239} INFO - Sync 1 DAGs
[2026-09-06T09:17:17.090+0000] {logging_mixin.py:190} INFO - [2026-09-06T09:17:17.089+0000] {dag.py:4180} INFO - Setting next_dagrun for example_setup_teardown to None, run_after=None
[2026-09-06T09:17:17.104+0000] {processor.py:208} INFO - Processing /home/airflow/.local/lib/python3.12/site-packages/airflow/example_dags/example_setup_teardown.py took 0.058 seconds
[2026-09-06T09:17:47.855+0000] {processor.py:186} INFO - Started process (PID=3037) to work on /home/airflow/.local/lib/python3.12/site-packages/airflow/example_dags/example_setup_teardown.py
[2026-09-06T09:17:47.856+0000] {processor.py:914} INFO - Processing file /home/airflow/.local/lib/python3.12/site-packages/airflow/example_dags/example_setup_teardown.py for tasks to queue
[2026-09-06T09:17:47.858+0000] {logging_mixin.py:190} INFO - [2026-09-06T09:17:47.858+0000] {dagbag.py:588} INFO - Filling up the DagBag from /home/airflow/.local/lib/python3.12/site-packages/airflow/example_dags/example_setup_teardown.py
[2026-09-06T09:17:47.866+0000] {processor.py:925} INFO - DAG(s) 'example_setup_teardown' retrieved from /home/airflow/.local/lib/python3.12/site-packages/airflow/example_dags/example_setup_teardown.py
[2026-09-06T09:17:47.883+0000] {logging_mixin.py:190} INFO - [2026-09-06T09:17:47.882+0000] {dag.py:3239} INFO - Sync 1 DAGs
[2026-09-06T09:17:47.893+0000] {logging_mixin.py:190} INFO - [2026-09-06T09:17:47.893+0000] {dag.py:4180} INFO - Setting next_dagrun for example_setup_teardown to None, run_after=None
[2026-09-06T09:17:47.908+0000] {processor.py:208} INFO - Processing /home/airflow/.local/lib/python3.12/site-packages/airflow/example_dags/example_setup_teardown.py took 0.057 seconds
[2026-09-06T09:18:20.579+0000] {processor.py:186} INFO - Started process (PID=3103) to work on /home/airflow/.local/lib/python3.12/site-packages/airflow/example_dags/example_setup_teardown.py
[2026-09-06T09:18:20.580+0000] {processor.py:914} INFO - Processing file /home/airflow/.local/lib/python3.12/site-packages/airflow/example_dags/example_setup_teardown.py for tasks to queue
[2026-09-06T09:18:20.582+0000] {logging_mixin.py:190} INFO - [2026-09-06T09:18:20.582+0000] {dagbag.py:588} INFO - Filling up the DagBag from /home/airflow/.local/lib/python3.12/site-packages/airflow/example_dags/example_setup_teardown.py
[2026-09-06T09:18:20.588+0000] {processor.py:925} INFO - DAG(s) 'example_setup_teardown' retrieved from /home/airflow/.local/lib/python3.12/site-packages/airflow/example_dags/example_setup_teardown.py
[2026-09-06T09:18:20.604+0000] {logging_mixin.py:190} INFO - [2026-09-06T09:18:20.603+0000] {dag.py:3239} INFO - Sync 1 DAGs
[2026-09-06T09:18:20.614+0000] {logging_mixin.py:190} INFO - [2026-09-06T09:18:20.614+0000] {dag.py:4180} INFO - Setting next_dagrun for example_setup_teardown to None, run_after=None
[2026-09-06T09:18:20.627+0000] {processor.py:208} INFO - Processing /home/airflow/.local/lib/python3.12/site-packages/airflow/example_dags/example_setup_teardown.py took 0.053 seconds
[2026-09-06T09:18:51.747+0000] {processor.py:186} INFO - Started process (PID=3169) to work on /home/airflow/.local/lib/python3.12/site-packages/airflow/example_dags/example_setup_teardown.py
[2026-09-06T09:18:51.748+0000] {processor.py:914} INFO - Processing file /home/airflow/.local/lib/python3.12/site-packages/airflow/example_dags/example_setup_teardown.py for tasks to queue
[2026-09-06T09:18:51.750+0000] {logging_mixin.py:190} INFO - [2026-09-06T09:18:51.750+0000] {dagbag.py:588} INFO - Filling up the DagBag from /home/airflow/.local/lib/python3.12/site-packages/airflow/example_dags/example_setup_teardown.py
[2026-09-06T09:18:51.757+0000] {processor.py:925} INFO - DAG(s) 'example_setup_teardown' retrieved from /home/airflow/.local/lib/python3.12/site-packages/airflow/example_dags/example_setup_teardown.py
[2026-09-06T09:18:51.774+0000] {logging_mixin.py:190} INFO - [2026-09-06T09:18:51.773+0000] {dag.py:3239} INFO - Sync 1 DAGs
[2026-09-06T09:18:51.785+0000] {logging_mixin.py:190} INFO - [2026-09-06T09:18:51.785+0000] {dag.py:4180} INFO - Setting next_dagrun for example_setup_teardown to None, run_after=None
[2026-09-06T09:18:52.000+0000] {processor.py:208} INFO - Processing /home/airflow/.local/lib/python3.12/site-packages/airflow/example_dags/example_setup_teardown.py took 0.259 seconds
[2026-09-06T09:19:23.190+0000] {processor.py:186} INFO - Started process (PID=3235) to work on /home/airflow/.local/lib/python3.12/site-packages/airflow/example_dags/example_setup_teardown.py
[2026-09-06T09:19:23.191+0000] {processor.py:914} INFO - Processing file /home/airflow/.local/lib/python3.12/site-packages/airflow/example_dags/example_setup_teardown.py for tasks to queue
[2026-09-06T09:19:23.193+0000] {logging_mixin.py:190} INFO - [2026-09-06T09:19:23.193+0000] {dagbag.py:588} INFO - Filling up the DagBag from /home/airflow/.local/lib/python3.12/site-packages/airflow/example_dags/example_setup_teardown.py
[2026-09-06T09:19:23.202+0000] {processor.py:925} INFO - DAG(s) 'example_setup_teardown' retrieved from /home/airflow/.local/lib/python3.12/site-packages/airflow/example_dags/example_setup_teardown.py
[2026-09-06T09:19:23.221+0000] {logging_mixin.py:190} INFO - [2026-09-06T09:19:23.221+0000] {dag.py:3239} INFO - Sync 1 DAGs
[2026-09-06T09:19:23.235+0000] {logging_mixin.py:190} INFO - [2026-09-06T09:19:23.235+0000] {dag.py:4180} INFO - Setting next_dagrun for example_setup_teardown to None, run_after=None
[2026-09-06T09:19:23.260+0000] {processor.py:208} INFO - Processing /home/airflow/.local/lib/python3.12/site-packages/airflow/example_dags/example_setup_teardown.py took 0.076 seconds
[2026-09-06T09:19:54.082+0000] {processor.py:186} INFO - Started process (PID=3300) to work on /home/airflow/.local/lib/python3.12/site-packages/airflow/example_dags/example_setup_teardown.py
[2026-09-06T09:19:54.083+0000] {processor.py:914} INFO - Processing file /home/airflow/.local/lib/python3.12/site-packages/airflow/example_dags/example_setup_teardown.py for tasks to queue
[2026-09-06T09:19:54.086+0000] {logging_mixin.py:190} INFO - [2026-09-06T09:19:54.086+0000] {dagbag.py:588} INFO - Filling up the DagBag from /home/airflow/.local/lib/python3.12/site-packages/airflow/example_dags/example_setup_teardown.py
[2026-09-06T09:19:54.094+0000] {processor.py:925} INFO - DAG(s) 'example_setup_teardown' retrieved from /home/airflow/.local/lib/python3.12/site-packages/airflow/example_dags/example_setup_teardown.py
[2026-09-06T09:19:54.128+0000] {logging_mixin.py:190} INFO - [2026-09-06T09:19:54.127+0000] {dag.py:3239} INFO - Sync 1 DAGs
[2026-09-06T09:19:54.152+0000] {logging_mixin.py:190} INFO - [2026-09-06T09:19:54.152+0000] {dag.py:4180} INFO - Setting next_dagrun for example_setup_teardown to None, run_after=None
[2026-09-06T09:19:54.174+0000] {processor.py:208} INFO - Processing /home/airflow/.local/lib/python3.12/site-packages/airflow/example_dags/example_setup_teardown.py took 0.097 seconds
[2026-09-06T09:20:26.438+0000] {processor.py:186} INFO - Started process (PID=3366) to work on /home/airflow/.local/lib/python3.12/site-packages/airflow/example_dags/example_setup_teardown.py
[2026-09-06T09:20:26.439+0000] {processor.py:914} INFO - Processing file /home/airflow/.local/lib/python3.12/site-packages/airflow/example_dags/example_setup_teardown.py for tasks to queue
[2026-09-06T09:20:26.441+0000] {logging_mixin.py:190} INFO - [2026-09-06T09:20:26.441+0000] {dagbag.py:588} INFO - Filling up the DagBag from /home/airflow/.local/lib/python3.12/site-packages/airflow/example_dags/example_setup_teardown.py
[2026-09-06T09:20:26.448+0000] {processor.py:925} INFO - DAG(s) 'example_setup_teardown' retrieved from /home/airflow/.local/lib/python3.12/site-packages/airflow/example_dags/example_setup_teardown.py
[2026-09-06T09:20:26.464+0000] {logging_mixin.py:190} INFO - [2026-09-06T09:20:26.463+0000] {dag.py:3239} INFO - Sync 1 DAGs
[2026-09-06T09:20:26.474+0000] {logging_mixin.py:190} INFO - [2026-09-06T09:20:26.474+0000] {dag.py:4180} INFO - Setting next_dagrun for example_setup_teardown to None, run_after=None
[2026-09-06T09:20:26.489+0000] {processor.py:208} INFO - Processing /home/airflow/.local/lib/python3.12/site-packages/airflow/example_dags/example_setup_teardown.py took 0.056 seconds
[2026-09-06T09:20:56.787+0000] {processor.py:186} INFO - Started process (PID=3430) to work on /home/airflow/.local/lib/python3.12/site-packages/airflow/example_dags/example_setup_teardown.py
[2026-09-06T09:20:56.788+0000] {processor.py:914} INFO - Processing file /home/airflow/.local/lib/python3.12/site-packages/airflow/example_dags/example_setup_teardown.py for tasks to queue
[2026-09-06T09:20:56.790+0000] {logging_mixin.py:190} INFO - [2026-09-06T09:20:56.790+0000] {dagbag.py:588} INFO - Filling up the DagBag from /home/airflow/.local/lib/python3.12/site-packages/airflow/example_dags/example_setup_teardown.py
[2026-09-06T09:20:56.801+0000] {processor.py:925} INFO - DAG(s) 'example_setup_teardown' retrieved from /home/airflow/.local/lib/python3.12/site-packages/airflow/example_dags/example_setup_teardown.py
[2026-09-06T09:20:56.816+0000] {logging_mixin.py:190} INFO - [2026-09-06T09:20:56.816+0000] {dag.py:3239} INFO - Sync 1 DAGs
[2026-09-06T09:20:56.826+0000] {logging_mixin.py:190} INFO - [2026-09-06T09:20:56.826+0000] {dag.py:4180} INFO - Setting next_dagrun for example_setup_teardown to None, run_after=None
[2026-09-06T09:20:56.840+0000] {processor.py:208} INFO - Processing /home/airflow/.local/lib/python3.12/site-packages/airflow/example_dags/example_setup_teardown.py took 0.057 seconds
[2026-09-06T09:21:27.049+0000] {processor.py:186} INFO - Started process (PID=3494) to work on /home/airflow/.local/lib/python3.12/site-packages/airflow/example_dags/example_setup_teardown.py
[2026-09-06T09:21:27.051+0000] {processor.py:914} INFO - Processing file /home/airflow/.local/lib/python3.12/site-packages/airflow/example_dags/example_setup_teardown.py for tasks to queue
[2026-09-06T09:21:27.053+0000] {logging_mixin.py:190} INFO - [2026-09-06T09:21:27.053+0000] {dagbag.py:588} INFO - Filling up the DagBag from /home/airflow/.local/lib/python3.12/site-packages/airflow/example_dags/example_setup_teardown.py
[2026-09-06T09:21:27.061+0000] {processor.py:925} INFO - DAG(s) 'example_setup_teardown' retrieved from /home/airflow/.local/lib/python3.12/site-packages/airflow/example_dags/example_setup_teardown.py
[2026-09-06T09:21:27.081+0000] {logging_mixin.py:190} INFO - [2026-09-06T09:21:27.080+0000] {dag.py:3239} INFO - Sync 1 DAGs
[2026-09-06T09:21:27.092+0000] {logging_mixin.py:190} INFO - [2026-09-06T09:21:27.092+0000] {dag.py:4180} INFO - Setting next_dagrun for example_setup_teardown to None, run_after=None
[2026-09-06T09:21:27.108+0000] {processor.py:208} INFO - Processing /home/airflow/.local/lib/python3.12/site-packages/airflow/example_dags/example_setup_teardown.py took 0.066 seconds
[2026-09-06T09:21:58.362+0000] {processor.py:186} INFO - Started process (PID=3558) to work on /home/airflow/.local/lib/python3.12/site-packages/airflow/example_dags/example_setup_teardown.py
[2026-09-06T09:21:58.363+0000] {processor.py:914} INFO - Processing file /home/airflow/.local/lib/python3.12/site-packages/airflow/example_dags/example_setup_teardown.py for tasks to queue
[2026-09-06T09:21:58.366+0000] {logging_mixin.py:190} INFO - [2026-09-06T09:21:58.365+0000] {dagbag.py:588} INFO - Filling up the DagBag from /home/airflow/.local/lib/python3.12/site-packages/airflow/example_dags/example_setup_teardown.py
[2026-09-06T09:21:58.373+0000] {processor.py:925} INFO - DAG(s) 'example_setup_teardown' retrieved from /home/airflow/.local/lib/python3.12/site-packages/airflow/example_dags/example_setup_teardown.py
[2026-09-06T09:21:58.391+0000] {logging_mixin.py:190} INFO - [2026-09-06T09:21:58.390+0000] {dag.py:3239} INFO - Sync 1 DAGs
[2026-09-06T09:21:58.404+0000] {logging_mixin.py:190} INFO - [2026-09-06T09:21:58.404+0000] {dag.py:4180} INFO - Setting next_dagrun for example_setup_teardown to None, run_after=None
[2026-09-06T09:21:58.420+0000] {processor.py:208} INFO - Processing /home/airflow/.local/lib/python3.12/site-packages/airflow/example_dags/example_setup_teardown.py took 0.062 seconds
[2026-09-06T09:22:29.420+0000] {processor.py:186} INFO - Started process (PID=3624) to work on /home/airflow/.local/lib/python3.12/site-packages/airflow/example_dags/example_setup_teardown.py
[2026-09-06T09:22:29.422+0000] {processor.py:914} INFO - Processing file /home/airflow/.local/lib/python3.12/site-packages/airflow/example_dags/example_setup_teardown.py for tasks to queue
[2026-09-06T09:22:29.424+0000] {logging_mixin.py:190} INFO - [2026-09-06T09:22:29.424+0000] {dagbag.py:588} INFO - Filling up the DagBag from /home/airflow/.local/lib/python3.12/site-packages/airflow/example_dags/example_setup_teardown.py
[2026-09-06T09:22:29.431+0000] {processor.py:925} INFO - DAG(s) 'example_setup_teardown' retrieved from /home/airflow/.local/lib/python3.12/site-packages/airflow/example_dags/example_setup_teardown.py
[2026-09-06T09:22:29.448+0000] {logging_mixin.py:190} INFO - [2026-09-06T09:22:29.448+0000] {dag.py:3239} INFO - Sync 1 DAGs
[2026-09-06T09:22:29.461+0000] {logging_mixin.py:190} INFO - [2026-09-06T09:22:29.460+0000] {dag.py:4180} INFO - Setting next_dagrun for example_setup_teardown to None, run_after=None
[2026-09-06T09:22:29.475+0000] {processor.py:208} INFO - Processing /home/airflow/.local/lib/python3.12/site-packages/airflow/example_dags/example_setup_teardown.py took 0.060 seconds
[2026-09-06T09:23:00.456+0000] {processor.py:186} INFO - Started process (PID=3694) to work on /home/airflow/.local/lib/python3.12/site-packages/airflow/example_dags/example_setup_teardown.py
[2026-09-06T09:23:00.457+0000] {processor.py:914} INFO - Processing file /home/airflow/.local/lib/python3.12/site-packages/airflow/example_dags/example_setup_teardown.py for tasks to queue
[2026-09-06T09:23:00.459+0000] {logging_mixin.py:190} INFO - [2026-09-06T09:23:00.459+0000] {dagbag.py:588} INFO - Filling up the DagBag from /home/airflow/.local/lib/python3.12/site-packages/airflow/example_dags/example_setup_teardown.py
[2026-09-06T09:23:00.467+0000] {processor.py:925} INFO - DAG(s) 'example_setup_teardown' retrieved from /home/airflow/.local/lib/python3.12/site-packages/airflow/example_dags/example_setup_teardown.py
[2026-09-06T09:23:00.483+0000] {logging_mixin.py:190} INFO - [2026-09-06T09:23:00.483+0000] {dag.py:3239} INFO - Sync 1 DAGs
[2026-09-06T09:23:00.494+0000] {logging_mixin.py:190} INFO - [2026-09-06T09:23:00.494+0000] {dag.py:4180} INFO - Setting next_dagrun for example_setup_teardown to None, run_after=None
[2026-09-06T09:23:00.509+0000] {processor.py:208} INFO - Processing /home/airflow/.local/lib/python3.12/site-packages/airflow/example_dags/example_setup_teardown.py took 0.058 seconds
[2026-09-06T09:23:31.408+0000] {processor.py:186} INFO - Started process (PID=3760) to work on /home/airflow/.local/lib/python3.12/site-packages/airflow/example_dags/example_setup_teardown.py
[2026-09-06T09:23:31.409+0000] {processor.py:914} INFO - Processing file /home/airflow/.local/lib/python3.12/site-packages/airflow/example_dags/example_setup_teardown.py for tasks to queue
[2026-09-06T09:23:31.412+0000] {logging_mixin.py:190} INFO - [2026-09-06T09:23:31.411+0000] {dagbag.py:588} INFO - Filling up the DagBag from /home/airflow/.local/lib/python3.12/site-packages/airflow/example_dags/example_setup_teardown.py
[2026-09-06T09:23:31.418+0000] {processor.py:925} INFO - DAG(s) 'example_setup_teardown' retrieved from /home/airflow/.local/lib/python3.12/site-packages/airflow/example_dags/example_setup_teardown.py
[2026-09-06T09:23:31.437+0000] {logging_mixin.py:190} INFO - [2026-09-06T09:23:31.436+0000] {dag.py:3239} INFO - Sync 1 DAGs
[2026-09-06T09:23:31.450+0000] {logging_mixin.py:190} INFO - [2026-09-06T09:23:31.450+0000] {dag.py:4180} INFO - Setting next_dagrun for example_setup_teardown to None, run_after=None
[2026-09-06T09:23:31.465+0000] {processor.py:208} INFO - Processing /home/airflow/.local/lib/python3.12/site-packages/airflow/example_dags/example_setup_teardown.py took 0.062 seconds
[2026-09-06T09:24:02.594+0000] {processor.py:186} INFO - Started process (PID=3824) to work on /home/airflow/.local/lib/python3.12/site-packages/airflow/example_dags/example_setup_teardown.py
[2026-09-06T09:24:02.596+0000] {processor.py:914} INFO - Processing file /home/airflow/.local/lib/python3.12/site-packages/airflow/example_dags/example_setup_teardown.py for tasks to queue
[2026-09-06T09:24:02.601+0000] {logging_mixin.py:190} INFO - [2026-09-06T09:24:02.601+0000] {dagbag.py:588} INFO - Filling up the DagBag from /home/airflow/.local/lib/python3.12/site-packages/airflow/example_dags/example_setup_teardown.py
[2026-09-06T09:24:02.612+0000] {processor.py:925} INFO - DAG(s) 'example_setup_teardown' retrieved from /home/airflow/.local/lib/python3.12/site-packages/airflow/example_dags/example_setup_teardown.py
[2026-09-06T09:24:02.646+0000] {logging_mixin.py:190} INFO - [2026-09-06T09:24:02.646+0000] {dag.py:3239} INFO - Sync 1 DAGs
[2026-09-06T09:24:02.672+0000] {logging_mixin.py:190} INFO - [2026-09-06T09:24:02.672+0000] {dag.py:4180} INFO - Setting next_dagrun for example_setup_teardown to None, run_after=None
[2026-09-06T09:24:02.691+0000] {processor.py:208} INFO - Processing /home/airflow/.local/lib/python3.12/site-packages/airflow/example_dags/example_setup_teardown.py took 0.104 seconds
[2026-09-06T09:24:33.785+0000] {processor.py:186} INFO - Started process (PID=3888) to work on /home/airflow/.local/lib/python3.12/site-packages/airflow/example_dags/example_setup_teardown.py
[2026-09-06T09:24:33.786+0000] {processor.py:914} INFO - Processing file /home/airflow/.local/lib/python3.12/site-packages/airflow/example_dags/example_setup_teardown.py for tasks to queue
[2026-09-06T09:24:33.788+0000] {logging_mixin.py:190} INFO - [2026-09-06T09:24:33.788+0000] {dagbag.py:588} INFO - Filling up the DagBag from /home/airflow/.local/lib/python3.12/site-packages/airflow/example_dags/example_setup_teardown.py
[2026-09-06T09:24:33.794+0000] {processor.py:925} INFO - DAG(s) 'example_setup_teardown' retrieved from /home/airflow/.local/lib/python3.12/site-packages/airflow/example_dags/example_setup_teardown.py
[2026-09-06T09:24:33.813+0000] {logging_mixin.py:190} INFO - [2026-09-06T09:24:33.813+0000] {dag.py:3239} INFO - Sync 1 DAGs
[2026-09-06T09:24:33.825+0000] {logging_mixin.py:190} INFO - [2026-09-06T09:24:33.824+0000] {dag.py:4180} INFO - Setting next_dagrun for example_setup_teardown to None, run_after=None
[2026-09-06T09:24:33.840+0000] {processor.py:208} INFO - Processing /home/airflow/.local/lib/python3.12/site-packages/airflow/example_dags/example_setup_teardown.py took 0.059 seconds
[2026-09-06T09:25:04.635+0000] {processor.py:186} INFO - Started process (PID=3952) to work on /home/airflow/.local/lib/python3.12/site-packages/airflow/example_dags/example_setup_teardown.py
[2026-09-06T09:25:04.636+0000] {processor.py:914} INFO - Processing file /home/airflow/.local/lib/python3.12/site-packages/airflow/example_dags/example_setup_teardown.py for tasks to queue
[2026-09-06T09:25:04.638+0000] {logging_mixin.py:190} INFO - [2026-09-06T09:25:04.637+0000] {dagbag.py:588} INFO - Filling up the DagBag from /home/airflow/.local/lib/python3.12/site-packages/airflow/example_dags/example_setup_teardown.py
[2026-09-06T09:25:04.644+0000] {processor.py:925} INFO - DAG(s) 'example_setup_teardown' retrieved from /home/airflow/.local/lib/python3.12/site-packages/airflow/example_dags/example_setup_teardown.py
[2026-09-06T09:25:04.660+0000] {logging_mixin.py:190} INFO - [2026-09-06T09:25:04.660+0000] {dag.py:3239} INFO - Sync 1 DAGs
[2026-09-06T09:25:04.671+0000] {logging_mixin.py:190} INFO - [2026-09-06T09:25:04.670+0000] {dag.py:4180} INFO - Setting next_dagrun for example_setup_teardown to None, run_after=None
[2026-09-06T09:25:04.684+0000] {processor.py:208} INFO - Processing /home/airflow/.local/lib/python3.12/site-packages/airflow/example_dags/example_setup_teardown.py took 0.054 seconds
[2026-09-06T09:25:36.034+0000] {processor.py:186} INFO - Started process (PID=4016) to work on /home/airflow/.local/lib/python3.12/site-packages/airflow/example_dags/example_setup_teardown.py
[2026-09-06T09:25:36.035+0000] {processor.py:914} INFO - Processing file /home/airflow/.local/lib/python3.12/site-packages/airflow/example_dags/example_setup_teardown.py for tasks to queue
[2026-09-06T09:25:36.037+0000] {logging_mixin.py:190} INFO - [2026-09-06T09:25:36.037+0000] {dagbag.py:588} INFO - Filling up the DagBag from /home/airflow/.local/lib/python3.12/site-packages/airflow/example_dags/example_setup_teardown.py
[2026-09-06T09:25:36.044+0000] {processor.py:925} INFO - DAG(s) 'example_setup_teardown' retrieved from /home/airflow/.local/lib/python3.12/site-packages/airflow/example_dags/example_setup_teardown.py
[2026-09-06T09:25:36.062+0000] {logging_mixin.py:190} INFO - [2026-09-06T09:25:36.062+0000] {dag.py:3239} INFO - Sync 1 DAGs
[2026-09-06T09:25:36.081+0000] {logging_mixin.py:190} INFO - [2026-09-06T09:25:36.080+0000] {dag.py:4180} INFO - Setting next_dagrun for example_setup_teardown to None, run_after=None
[2026-09-06T09:25:36.103+0000] {processor.py:208} INFO - Processing /home/airflow/.local/lib/python3.12/site-packages/airflow/example_dags/example_setup_teardown.py took 0.074 seconds
[2026-09-06T09:26:06.603+0000] {processor.py:186} INFO - Started process (PID=4080) to work on /home/airflow/.local/lib/python3.12/site-packages/airflow/example_dags/example_setup_teardown.py
[2026-09-06T09:26:06.604+0000] {processor.py:914} INFO - Processing file /home/airflow/.local/lib/python3.12/site-packages/airflow/example_dags/example_setup_teardown.py for tasks to queue
[2026-09-06T09:26:06.606+0000] {logging_mixin.py:190} INFO - [2026-09-06T09:26:06.606+0000] {dagbag.py:588} INFO - Filling up the DagBag from /home/airflow/.local/lib/python3.12/site-packages/airflow/example_dags/example_setup_teardown.py
[2026-09-06T09:26:06.614+0000] {processor.py:925} INFO - DAG(s) 'example_setup_teardown' retrieved from /home/airflow/.local/lib/python3.12/site-packages/airflow/example_dags/example_setup_teardown.py
[2026-09-06T09:26:06.632+0000] {logging_mixin.py:190} INFO - [2026-09-06T09:26:06.631+0000] {dag.py:3239} INFO - Sync 1 DAGs
[2026-09-06T09:26:06.645+0000] {logging_mixin.py:190} INFO - [2026-09-06T09:26:06.644+0000] {dag.py:4180} INFO - Setting next_dagrun for example_setup_teardown to None, run_after=None
[2026-09-06T09:26:06.664+0000] {processor.py:208} INFO - Processing /home/airflow/.local/lib/python3.12/site-packages/airflow/example_dags/example_setup_teardown.py took 0.067 seconds
[2026-09-06T09:26:36.935+0000] {processor.py:186} INFO - Started process (PID=4144) to work on /home/airflow/.local/lib/python3.12/site-packages/airflow/example_dags/example_setup_teardown.py
[2026-09-06T09:26:36.936+0000] {processor.py:914} INFO - Processing file /home/airflow/.local/lib/python3.12/site-packages/airflow/example_dags/example_setup_teardown.py for tasks to queue
[2026-09-06T09:26:36.939+0000] {logging_mixin.py:190} INFO - [2026-09-06T09:26:36.938+0000] {dagbag.py:588} INFO - Filling up the DagBag from /home/airflow/.local/lib/python3.12/site-packages/airflow/example_dags/example_setup_teardown.py
[2026-09-06T09:26:36.945+0000] {processor.py:925} INFO - DAG(s) 'example_setup_teardown' retrieved from /home/airflow/.local/lib/python3.12/site-packages/airflow/example_dags/example_setup_teardown.py
[2026-09-06T09:26:36.961+0000] {logging_mixin.py:190} INFO - [2026-09-06T09:26:36.961+0000] {dag.py:3239} INFO - Sync 1 DAGs
[2026-09-06T09:26:36.972+0000] {logging_mixin.py:190} INFO - [2026-09-06T09:26:36.971+0000] {dag.py:4180} INFO - Setting next_dagrun for example_setup_teardown to None, run_after=None
[2026-09-06T09:26:36.985+0000] {processor.py:208} INFO - Processing /home/airflow/.local/lib/python3.12/site-packages/airflow/example_dags/example_setup_teardown.py took 0.054 seconds
[2026-09-06T09:27:07.149+0000] {processor.py:186} INFO - Started process (PID=4209) to work on /home/airflow/.local/lib/python3.12/site-packages/airflow/example_dags/example_setup_teardown.py
[2026-09-06T09:27:07.150+0000] {processor.py:914} INFO - Processing file /home/airflow/.local/lib/python3.12/site-packages/airflow/example_dags/example_setup_teardown.py for tasks to queue
[2026-09-06T09:27:07.152+0000] {logging_mixin.py:190} INFO - [2026-09-06T09:27:07.152+0000] {dagbag.py:588} INFO - Filling up the DagBag from /home/airflow/.local/lib/python3.12/site-packages/airflow/example_dags/example_setup_teardown.py
[2026-09-06T09:27:07.159+0000] {processor.py:925} INFO - DAG(s) 'example_setup_teardown' retrieved from /home/airflow/.local/lib/python3.12/site-packages/airflow/example_dags/example_setup_teardown.py
[2026-09-06T09:27:07.175+0000] {logging_mixin.py:190} INFO - [2026-09-06T09:27:07.175+0000] {dag.py:3239} INFO - Sync 1 DAGs
[2026-09-06T09:27:07.185+0000] {logging_mixin.py:190} INFO - [2026-09-06T09:27:07.185+0000] {dag.py:4180} INFO - Setting next_dagrun for example_setup_teardown to None, run_after=None
[2026-09-06T09:27:07.200+0000] {processor.py:208} INFO - Processing /home/airflow/.local/lib/python3.12/site-packages/airflow/example_dags/example_setup_teardown.py took 0.055 seconds
[2026-09-06T09:27:37.711+0000] {processor.py:186} INFO - Started process (PID=4273) to work on /home/airflow/.local/lib/python3.12/site-packages/airflow/example_dags/example_setup_teardown.py
[2026-09-06T09:27:37.712+0000] {processor.py:914} INFO - Processing file /home/airflow/.local/lib/python3.12/site-packages/airflow/example_dags/example_setup_teardown.py for tasks to queue
[2026-09-06T09:27:37.715+0000] {logging_mixin.py:190} INFO - [2026-09-06T09:27:37.714+0000] {dagbag.py:588} INFO - Filling up the DagBag from /home/airflow/.local/lib/python3.12/site-packages/airflow/example_dags/example_setup_teardown.py
[2026-09-06T09:27:37.722+0000] {processor.py:925} INFO - DAG(s) 'example_setup_teardown' retrieved from /home/airflow/.local/lib/python3.12/site-packages/airflow/example_dags/example_setup_teardown.py
[2026-09-06T09:27:37.739+0000] {logging_mixin.py:190} INFO - [2026-09-06T09:27:37.739+0000] {dag.py:3239} INFO - Sync 1 DAGs
[2026-09-06T09:27:37.755+0000] {logging_mixin.py:190} INFO - [2026-09-06T09:27:37.754+0000] {dag.py:4180} INFO - Setting next_dagrun for example_setup_teardown to None, run_after=None
[2026-09-06T09:27:37.770+0000] {processor.py:208} INFO - Processing /home/airflow/.local/lib/python3.12/site-packages/airflow/example_dags/example_setup_teardown.py took 0.063 seconds
[2026-09-06T09:28:08.232+0000] {processor.py:186} INFO - Started process (PID=4337) to work on /home/airflow/.local/lib/python3.12/site-packages/airflow/example_dags/example_setup_teardown.py
[2026-09-06T09:28:08.233+0000] {processor.py:914} INFO - Processing file /home/airflow/.local/lib/python3.12/site-packages/airflow/example_dags/example_setup_teardown.py for tasks to queue
[2026-09-06T09:28:08.235+0000] {logging_mixin.py:190} INFO - [2026-09-06T09:28:08.234+0000] {dagbag.py:588} INFO - Filling up the DagBag from /home/airflow/.local/lib/python3.12/site-packages/airflow/example_dags/example_setup_teardown.py
[2026-09-06T09:28:08.241+0000] {processor.py:925} INFO - DAG(s) 'example_setup_teardown' retrieved from /home/airflow/.local/lib/python3.12/site-packages/airflow/example_dags/example_setup_teardown.py
[2026-09-06T09:28:08.260+0000] {logging_mixin.py:190} INFO - [2026-09-06T09:28:08.259+0000] {dag.py:3239} INFO - Sync 1 DAGs
[2026-09-06T09:28:08.272+0000] {logging_mixin.py:190} INFO - [2026-09-06T09:28:08.272+0000] {dag.py:4180} INFO - Setting next_dagrun for example_setup_teardown to None, run_after=None
[2026-09-06T09:28:08.291+0000] {processor.py:208} INFO - Processing /home/airflow/.local/lib/python3.12/site-packages/airflow/example_dags/example_setup_teardown.py took 0.064 seconds
[2026-09-06T09:28:38.811+0000] {processor.py:186} INFO - Started process (PID=4401) to work on /home/airflow/.local/lib/python3.12/site-packages/airflow/example_dags/example_setup_teardown.py
[2026-09-06T09:28:38.812+0000] {processor.py:914} INFO - Processing file /home/airflow/.local/lib/python3.12/site-packages/airflow/example_dags/example_setup_teardown.py for tasks to queue
[2026-09-06T09:28:38.814+0000] {logging_mixin.py:190} INFO - [2026-09-06T09:28:38.814+0000] {dagbag.py:588} INFO - Filling up the DagBag from /home/airflow/.local/lib/python3.12/site-packages/airflow/example_dags/example_setup_teardown.py
[2026-09-06T09:28:38.821+0000] {processor.py:925} INFO - DAG(s) 'example_setup_teardown' retrieved from /home/airflow/.local/lib/python3.12/site-packages/airflow/example_dags/example_setup_teardown.py
[2026-09-06T09:28:38.837+0000] {logging_mixin.py:190} INFO - [2026-09-06T09:28:38.837+0000] {dag.py:3239} INFO - Sync 1 DAGs
[2026-09-06T09:28:38.849+0000] {logging_mixin.py:190} INFO - [2026-09-06T09:28:38.849+0000] {dag.py:4180} INFO - Setting next_dagrun for example_setup_teardown to None, run_after=None
[2026-09-06T09:28:38.863+0000] {processor.py:208} INFO - Processing /home/airflow/.local/lib/python3.12/site-packages/airflow/example_dags/example_setup_teardown.py took 0.057 seconds
[2026-09-06T09:29:09.305+0000] {processor.py:186} INFO - Started process (PID=4465) to work on /home/airflow/.local/lib/python3.12/site-packages/airflow/example_dags/example_setup_teardown.py
[2026-09-06T09:29:09.306+0000] {processor.py:914} INFO - Processing file /home/airflow/.local/lib/python3.12/site-packages/airflow/example_dags/example_setup_teardown.py for tasks to queue
[2026-09-06T09:29:09.309+0000] {logging_mixin.py:190} INFO - [2026-09-06T09:29:09.308+0000] {dagbag.py:588} INFO - Filling up the DagBag from /home/airflow/.local/lib/python3.12/site-packages/airflow/example_dags/example_setup_teardown.py
[2026-09-06T09:29:09.318+0000] {processor.py:925} INFO - DAG(s) 'example_setup_teardown' retrieved from /home/airflow/.local/lib/python3.12/site-packages/airflow/example_dags/example_setup_teardown.py
[2026-09-06T09:29:09.337+0000] {logging_mixin.py:190} INFO - [2026-09-06T09:29:09.337+0000] {dag.py:3239} INFO - Sync 1 DAGs
[2026-09-06T09:29:09.350+0000] {logging_mixin.py:190} INFO - [2026-09-06T09:29:09.350+0000] {dag.py:4180} INFO - Setting next_dagrun for example_setup_teardown to None, run_after=None
[2026-09-06T09:29:09.367+0000] {processor.py:208} INFO - Processing /home/airflow/.local/lib/python3.12/site-packages/airflow/example_dags/example_setup_teardown.py took 0.068 seconds
[2026-09-06T09:29:40.293+0000] {processor.py:186} INFO - Started process (PID=4529) to work on /home/airflow/.local/lib/python3.12/site-packages/airflow/example_dags/example_setup_teardown.py
[2026-09-06T09:29:40.294+0000] {processor.py:914} INFO - Processing file /home/airflow/.local/lib/python3.12/site-packages/airflow/example_dags/example_setup_teardown.py for tasks to queue
[2026-09-06T09:29:40.297+0000] {logging_mixin.py:190} INFO - [2026-09-06T09:29:40.296+0000] {dagbag.py:588} INFO - Filling up the DagBag from /home/airflow/.local/lib/python3.12/site-packages/airflow/example_dags/example_setup_teardown.py
[2026-09-06T09:29:40.304+0000] {processor.py:925} INFO - DAG(s) 'example_setup_teardown' retrieved from /home/airflow/.local/lib/python3.12/site-packages/airflow/example_dags/example_setup_teardown.py
[2026-09-06T09:29:40.321+0000] {logging_mixin.py:190} INFO - [2026-09-06T09:29:40.321+0000] {dag.py:3239} INFO - Sync 1 DAGs
[2026-09-06T09:29:40.334+0000] {logging_mixin.py:190} INFO - [2026-09-06T09:29:40.333+0000] {dag.py:4180} INFO - Setting next_dagrun for example_setup_teardown to None, run_after=None
[2026-09-06T09:29:40.350+0000] {processor.py:208} INFO - Processing /home/airflow/.local/lib/python3.12/site-packages/airflow/example_dags/example_setup_teardown.py took 0.062 seconds
[2026-09-06T09:30:10.478+0000] {processor.py:186} INFO - Started process (PID=4592) to work on /home/airflow/.local/lib/python3.12/site-packages/airflow/example_dags/example_setup_teardown.py
[2026-09-06T09:30:10.479+0000] {processor.py:914} INFO - Processing file /home/airflow/.local/lib/python3.12/site-packages/airflow/example_dags/example_setup_teardown.py for tasks to queue
[2026-09-06T09:30:10.481+0000] {logging_mixin.py:190} INFO - [2026-09-06T09:30:10.481+0000] {dagbag.py:588} INFO - Filling up the DagBag from /home/airflow/.local/lib/python3.12/site-packages/airflow/example_dags/example_setup_teardown.py
[2026-09-06T09:30:10.488+0000] {processor.py:925} INFO - DAG(s) 'example_setup_teardown' retrieved from /home/airflow/.local/lib/python3.12/site-packages/airflow/example_dags/example_setup_teardown.py
[2026-09-06T09:30:10.505+0000] {logging_mixin.py:190} INFO - [2026-09-06T09:30:10.505+0000] {dag.py:3239} INFO - Sync 1 DAGs
[2026-09-06T09:30:10.518+0000] {logging_mixin.py:190} INFO - [2026-09-06T09:30:10.517+0000] {dag.py:4180} INFO - Setting next_dagrun for example_setup_teardown to None, run_after=None
[2026-09-06T09:30:10.534+0000] {processor.py:208} INFO - Processing /home/airflow/.local/lib/python3.12/site-packages/airflow/example_dags/example_setup_teardown.py took 0.060 seconds
[2026-09-06T09:30:41.233+0000] {processor.py:186} INFO - Started process (PID=4656) to work on /home/airflow/.local/lib/python3.12/site-packages/airflow/example_dags/example_setup_teardown.py
[2026-09-06T09:30:41.235+0000] {processor.py:914} INFO - Processing file /home/airflow/.local/lib/python3.12/site-packages/airflow/example_dags/example_setup_teardown.py for tasks to queue
[2026-09-06T09:30:41.237+0000] {logging_mixin.py:190} INFO - [2026-09-06T09:30:41.237+0000] {dagbag.py:588} INFO - Filling up the DagBag from /home/airflow/.local/lib/python3.12/site-packages/airflow/example_dags/example_setup_teardown.py
[2026-09-06T09:30:41.244+0000] {processor.py:925} INFO - DAG(s) 'example_setup_teardown' retrieved from /home/airflow/.local/lib/python3.12/site-packages/airflow/example_dags/example_setup_teardown.py
[2026-09-06T09:30:41.264+0000] {logging_mixin.py:190} INFO - [2026-09-06T09:30:41.263+0000] {dag.py:3239} INFO - Sync 1 DAGs
[2026-09-06T09:30:41.276+0000] {logging_mixin.py:190} INFO - [2026-09-06T09:30:41.276+0000] {dag.py:4180} INFO - Setting next_dagrun for example_setup_teardown to None, run_after=None
[2026-09-06T09:30:41.292+0000] {processor.py:208} INFO - Processing /home/airflow/.local/lib/python3.12/site-packages/airflow/example_dags/example_setup_teardown.py took 0.063 seconds
[2026-09-06T09:31:11.606+0000] {processor.py:186} INFO - Started process (PID=4720) to work on /home/airflow/.local/lib/python3.12/site-packages/airflow/example_dags/example_setup_teardown.py
[2026-09-06T09:31:11.607+0000] {processor.py:914} INFO - Processing file /home/airflow/.local/lib/python3.12/site-packages/airflow/example_dags/example_setup_teardown.py for tasks to queue
[2026-09-06T09:31:11.609+0000] {logging_mixin.py:190} INFO - [2026-09-06T09:31:11.609+0000] {dagbag.py:588} INFO - Filling up the DagBag from /home/airflow/.local/lib/python3.12/site-packages/airflow/example_dags/example_setup_teardown.py
[2026-09-06T09:31:11.616+0000] {processor.py:925} INFO - DAG(s) 'example_setup_teardown' retrieved from /home/airflow/.local/lib/python3.12/site-packages/airflow/example_dags/example_setup_teardown.py
[2026-09-06T09:31:11.632+0000] {logging_mixin.py:190} INFO - [2026-09-06T09:31:11.632+0000] {dag.py:3239} INFO - Sync 1 DAGs
[2026-09-06T09:31:11.643+0000] {logging_mixin.py:190} INFO - [2026-09-06T09:31:11.643+0000] {dag.py:4180} INFO - Setting next_dagrun for example_setup_teardown to None, run_after=None
[2026-09-06T09:31:11.657+0000] {processor.py:208} INFO - Processing /home/airflow/.local/lib/python3.12/site-packages/airflow/example_dags/example_setup_teardown.py took 0.055 seconds
[2026-09-06T09:31:42.092+0000] {processor.py:186} INFO - Started process (PID=4784) to work on /home/airflow/.local/lib/python3.12/site-packages/airflow/example_dags/example_setup_teardown.py
[2026-09-06T09:31:42.093+0000] {processor.py:914} INFO - Processing file /home/airflow/.local/lib/python3.12/site-packages/airflow/example_dags/example_setup_teardown.py for tasks to queue
[2026-09-06T09:31:42.095+0000] {logging_mixin.py:190} INFO - [2026-09-06T09:31:42.095+0000] {dagbag.py:588} INFO - Filling up the DagBag from /home/airflow/.local/lib/python3.12/site-packages/airflow/example_dags/example_setup_teardown.py
[2026-09-06T09:31:42.102+0000] {processor.py:925} INFO - DAG(s) 'example_setup_teardown' retrieved from /home/airflow/.local/lib/python3.12/site-packages/airflow/example_dags/example_setup_teardown.py
[2026-09-06T09:31:42.118+0000] {logging_mixin.py:190} INFO - [2026-09-06T09:31:42.117+0000] {dag.py:3239} INFO - Sync 1 DAGs
[2026-09-06T09:31:42.128+0000] {logging_mixin.py:190} INFO - [2026-09-06T09:31:42.128+0000] {dag.py:4180} INFO - Setting next_dagrun for example_setup_teardown to None, run_after=None
[2026-09-06T09:31:42.142+0000] {processor.py:208} INFO - Processing /home/airflow/.local/lib/python3.12/site-packages/airflow/example_dags/example_setup_teardown.py took 0.054 seconds
[2026-09-06T09:32:12.806+0000] {processor.py:186} INFO - Started process (PID=4848) to work on /home/airflow/.local/lib/python3.12/site-packages/airflow/example_dags/example_setup_teardown.py
[2026-09-06T09:32:12.808+0000] {processor.py:914} INFO - Processing file /home/airflow/.local/lib/python3.12/site-packages/airflow/example_dags/example_setup_teardown.py for tasks to queue
[2026-09-06T09:32:12.810+0000] {logging_mixin.py:190} INFO - [2026-09-06T09:32:12.810+0000] {dagbag.py:588} INFO - Filling up the DagBag from /home/airflow/.local/lib/python3.12/site-packages/airflow/example_dags/example_setup_teardown.py
[2026-09-06T09:32:12.818+0000] {processor.py:925} INFO - DAG(s) 'example_setup_teardown' retrieved from /home/airflow/.local/lib/python3.12/site-packages/airflow/example_dags/example_setup_teardown.py
[2026-09-06T09:32:12.835+0000] {logging_mixin.py:190} INFO - [2026-09-06T09:32:12.835+0000] {dag.py:3239} INFO - Sync 1 DAGs
[2026-09-06T09:32:12.846+0000] {logging_mixin.py:190} INFO - [2026-09-06T09:32:12.846+0000] {dag.py:4180} INFO - Setting next_dagrun for example_setup_teardown to None, run_after=None
[2026-09-06T09:32:12.860+0000] {processor.py:208} INFO - Processing /home/airflow/.local/lib/python3.12/site-packages/airflow/example_dags/example_setup_teardown.py took 0.059 seconds
[2026-09-06T09:32:43.738+0000] {processor.py:186} INFO - Started process (PID=4912) to work on /home/airflow/.local/lib/python3.12/site-packages/airflow/example_dags/example_setup_teardown.py
[2026-09-06T09:32:43.739+0000] {processor.py:914} INFO - Processing file /home/airflow/.local/lib/python3.12/site-packages/airflow/example_dags/example_setup_teardown.py for tasks to queue
[2026-09-06T09:32:43.742+0000] {logging_mixin.py:190} INFO - [2026-09-06T09:32:43.741+0000] {dagbag.py:588} INFO - Filling up the DagBag from /home/airflow/.local/lib/python3.12/site-packages/airflow/example_dags/example_setup_teardown.py
[2026-09-06T09:32:43.751+0000] {processor.py:925} INFO - DAG(s) 'example_setup_teardown' retrieved from /home/airflow/.local/lib/python3.12/site-packages/airflow/example_dags/example_setup_teardown.py
[2026-09-06T09:32:43.774+0000] {logging_mixin.py:190} INFO - [2026-09-06T09:32:43.774+0000] {dag.py:3239} INFO - Sync 1 DAGs
[2026-09-06T09:32:43.791+0000] {logging_mixin.py:190} INFO - [2026-09-06T09:32:43.790+0000] {dag.py:4180} INFO - Setting next_dagrun for example_setup_teardown to None, run_after=None
[2026-09-06T09:32:43.813+0000] {processor.py:208} INFO - Processing /home/airflow/.local/lib/python3.12/site-packages/airflow/example_dags/example_setup_teardown.py took 0.081 seconds
[2026-09-06T09:33:14.169+0000] {processor.py:186} INFO - Started process (PID=4976) to work on /home/airflow/.local/lib/python3.12/site-packages/airflow/example_dags/example_setup_teardown.py
[2026-09-06T09:33:14.170+0000] {processor.py:914} INFO - Processing file /home/airflow/.local/lib/python3.12/site-packages/airflow/example_dags/example_setup_teardown.py for tasks to queue
[2026-09-06T09:33:14.172+0000] {logging_mixin.py:190} INFO - [2026-09-06T09:33:14.172+0000] {dagbag.py:588} INFO - Filling up the DagBag from /home/airflow/.local/lib/python3.12/site-packages/airflow/example_dags/example_setup_teardown.py
[2026-09-06T09:33:14.179+0000] {processor.py:925} INFO - DAG(s) 'example_setup_teardown' retrieved from /home/airflow/.local/lib/python3.12/site-packages/airflow/example_dags/example_setup_teardown.py
[2026-09-06T09:33:14.196+0000] {logging_mixin.py:190} INFO - [2026-09-06T09:33:14.196+0000] {dag.py:3239} INFO - Sync 1 DAGs
[2026-09-06T09:33:14.207+0000] {logging_mixin.py:190} INFO - [2026-09-06T09:33:14.207+0000] {dag.py:4180} INFO - Setting next_dagrun for example_setup_teardown to None, run_after=None
[2026-09-06T09:33:14.223+0000] {processor.py:208} INFO - Processing /home/airflow/.local/lib/python3.12/site-packages/airflow/example_dags/example_setup_teardown.py took 0.058 seconds
[2026-09-06T09:33:44.946+0000] {processor.py:186} INFO - Started process (PID=5039) to work on /home/airflow/.local/lib/python3.12/site-packages/airflow/example_dags/example_setup_teardown.py
[2026-09-06T09:33:44.947+0000] {processor.py:914} INFO - Processing file /home/airflow/.local/lib/python3.12/site-packages/airflow/example_dags/example_setup_teardown.py for tasks to queue
[2026-09-06T09:33:44.949+0000] {logging_mixin.py:190} INFO - [2026-09-06T09:33:44.949+0000] {dagbag.py:588} INFO - Filling up the DagBag from /home/airflow/.local/lib/python3.12/site-packages/airflow/example_dags/example_setup_teardown.py
[2026-09-06T09:33:44.956+0000] {processor.py:925} INFO - DAG(s) 'example_setup_teardown' retrieved from /home/airflow/.local/lib/python3.12/site-packages/airflow/example_dags/example_setup_teardown.py
[2026-09-06T09:33:44.973+0000] {logging_mixin.py:190} INFO - [2026-09-06T09:33:44.973+0000] {dag.py:3239} INFO - Sync 1 DAGs
[2026-09-06T09:33:44.985+0000] {logging_mixin.py:190} INFO - [2026-09-06T09:33:44.985+0000] {dag.py:4180} INFO - Setting next_dagrun for example_setup_teardown to None, run_after=None
[2026-09-06T09:33:44.999+0000] {processor.py:208} INFO - Processing /home/airflow/.local/lib/python3.12/site-packages/airflow/example_dags/example_setup_teardown.py took 0.057 seconds
[2026-09-06T09:34:15.240+0000] {processor.py:186} INFO - Started process (PID=5103) to work on /home/airflow/.local/lib/python3.12/site-packages/airflow/example_dags/example_setup_teardown.py
[2026-09-06T09:34:15.241+0000] {processor.py:914} INFO - Processing file /home/airflow/.local/lib/python3.12/site-packages/airflow/example_dags/example_setup_teardown.py for tasks to queue
[2026-09-06T09:34:15.244+0000] {logging_mixin.py:190} INFO - [2026-09-06T09:34:15.243+0000] {dagbag.py:588} INFO - Filling up the DagBag from /home/airflow/.local/lib/python3.12/site-packages/airflow/example_dags/example_setup_teardown.py
[2026-09-06T09:34:15.251+0000] {processor.py:925} INFO - DAG(s) 'example_setup_teardown' retrieved from /home/airflow/.local/lib/python3.12/site-packages/airflow/example_dags/example_setup_teardown.py
[2026-09-06T09:34:15.268+0000] {logging_mixin.py:190} INFO - [2026-09-06T09:34:15.268+0000] {dag.py:3239} INFO - Sync 1 DAGs
[2026-09-06T09:34:15.280+0000] {logging_mixin.py:190} INFO - [2026-09-06T09:34:15.280+0000] {dag.py:4180} INFO - Setting next_dagrun for example_setup_teardown to None, run_after=None
[2026-09-06T09:34:15.295+0000] {processor.py:208} INFO - Processing /home/airflow/.local/lib/python3.12/site-packages/airflow/example_dags/example_setup_teardown.py took 0.060 seconds
[2026-09-06T09:34:45.992+0000] {processor.py:186} INFO - Started process (PID=5167) to work on /home/airflow/.local/lib/python3.12/site-packages/airflow/example_dags/example_setup_teardown.py
[2026-09-06T09:34:45.993+0000] {processor.py:914} INFO - Processing file /home/airflow/.local/lib/python3.12/site-packages/airflow/example_dags/example_setup_teardown.py for tasks to queue
[2026-09-06T09:34:45.995+0000] {logging_mixin.py:190} INFO - [2026-09-06T09:34:45.995+0000] {dagbag.py:588} INFO - Filling up the DagBag from /home/airflow/.local/lib/python3.12/site-packages/airflow/example_dags/example_setup_teardown.py
[2026-09-06T09:34:46.002+0000] {processor.py:925} INFO - DAG(s) 'example_setup_teardown' retrieved from /home/airflow/.local/lib/python3.12/site-packages/airflow/example_dags/example_setup_teardown.py
[2026-09-06T09:34:46.018+0000] {logging_mixin.py:190} INFO - [2026-09-06T09:34:46.018+0000] {dag.py:3239} INFO - Sync 1 DAGs
[2026-09-06T09:34:46.029+0000] {logging_mixin.py:190} INFO - [2026-09-06T09:34:46.029+0000] {dag.py:4180} INFO - Setting next_dagrun for example_setup_teardown to None, run_after=None
[2026-09-06T09:34:46.043+0000] {processor.py:208} INFO - Processing /home/airflow/.local/lib/python3.12/site-packages/airflow/example_dags/example_setup_teardown.py took 0.056 seconds
[2026-09-06T09:35:16.356+0000] {processor.py:186} INFO - Started process (PID=5231) to work on /home/airflow/.local/lib/python3.12/site-packages/airflow/example_dags/example_setup_teardown.py
[2026-09-06T09:35:16.357+0000] {processor.py:914} INFO - Processing file /home/airflow/.local/lib/python3.12/site-packages/airflow/example_dags/example_setup_teardown.py for tasks to queue
[2026-09-06T09:35:16.360+0000] {logging_mixin.py:190} INFO - [2026-09-06T09:35:16.359+0000] {dagbag.py:588} INFO - Filling up the DagBag from /home/airflow/.local/lib/python3.12/site-packages/airflow/example_dags/example_setup_teardown.py
[2026-09-06T09:35:16.369+0000] {processor.py:925} INFO - DAG(s) 'example_setup_teardown' retrieved from /home/airflow/.local/lib/python3.12/site-packages/airflow/example_dags/example_setup_teardown.py
[2026-09-06T09:35:16.390+0000] {logging_mixin.py:190} INFO - [2026-09-06T09:35:16.390+0000] {dag.py:3239} INFO - Sync 1 DAGs
[2026-09-06T09:35:16.404+0000] {logging_mixin.py:190} INFO - [2026-09-06T09:35:16.404+0000] {dag.py:4180} INFO - Setting next_dagrun for example_setup_teardown to None, run_after=None
[2026-09-06T09:35:16.421+0000] {processor.py:208} INFO - Processing /home/airflow/.local/lib/python3.12/site-packages/airflow/example_dags/example_setup_teardown.py took 0.072 seconds
[2026-09-06T09:35:46.663+0000] {processor.py:186} INFO - Started process (PID=5295) to work on /home/airflow/.local/lib/python3.12/site-packages/airflow/example_dags/example_setup_teardown.py
[2026-09-06T09:35:46.665+0000] {processor.py:914} INFO - Processing file /home/airflow/.local/lib/python3.12/site-packages/airflow/example_dags/example_setup_teardown.py for tasks to queue
[2026-09-06T09:35:46.667+0000] {logging_mixin.py:190} INFO - [2026-09-06T09:35:46.667+0000] {dagbag.py:588} INFO - Filling up the DagBag from /home/airflow/.local/lib/python3.12/site-packages/airflow/example_dags/example_setup_teardown.py
[2026-09-06T09:35:46.674+0000] {processor.py:925} INFO - DAG(s) 'example_setup_teardown' retrieved from /home/airflow/.local/lib/python3.12/site-packages/airflow/example_dags/example_setup_teardown.py
[2026-09-06T09:35:46.689+0000] {logging_mixin.py:190} INFO - [2026-09-06T09:35:46.689+0000] {dag.py:3239} INFO - Sync 1 DAGs
[2026-09-06T09:35:46.702+0000] {logging_mixin.py:190} INFO - [2026-09-06T09:35:46.701+0000] {dag.py:4180} INFO - Setting next_dagrun for example_setup_teardown to None, run_after=None
[2026-09-06T09:35:46.724+0000] {processor.py:208} INFO - Processing /home/airflow/.local/lib/python3.12/site-packages/airflow/example_dags/example_setup_teardown.py took 0.066 seconds
[2026-09-06T09:36:17.268+0000] {processor.py:186} INFO - Started process (PID=5359) to work on /home/airflow/.local/lib/python3.12/site-packages/airflow/example_dags/example_setup_teardown.py
[2026-09-06T09:36:17.269+0000] {processor.py:914} INFO - Processing file /home/airflow/.local/lib/python3.12/site-packages/airflow/example_dags/example_setup_teardown.py for tasks to queue
[2026-09-06T09:36:17.272+0000] {logging_mixin.py:190} INFO - [2026-09-06T09:36:17.271+0000] {dagbag.py:588} INFO - Filling up the DagBag from /home/airflow/.local/lib/python3.12/site-packages/airflow/example_dags/example_setup_teardown.py
[2026-09-06T09:36:17.279+0000] {processor.py:925} INFO - DAG(s) 'example_setup_teardown' retrieved from /home/airflow/.local/lib/python3.12/site-packages/airflow/example_dags/example_setup_teardown.py
[2026-09-06T09:36:17.297+0000] {logging_mixin.py:190} INFO - [2026-09-06T09:36:17.296+0000] {dag.py:3239} INFO - Sync 1 DAGs
[2026-09-06T09:36:17.308+0000] {logging_mixin.py:190} INFO - [2026-09-06T09:36:17.308+0000] {dag.py:4180} INFO - Setting next_dagrun for example_setup_teardown to None, run_after=None
[2026-09-06T09:36:17.323+0000] {processor.py:208} INFO - Processing /home/airflow/.local/lib/python3.12/site-packages/airflow/example_dags/example_setup_teardown.py took 0.060 seconds
[2026-09-06T09:36:47.463+0000] {processor.py:186} INFO - Started process (PID=5423) to work on /home/airflow/.local/lib/python3.12/site-packages/airflow/example_dags/example_setup_teardown.py
[2026-09-06T09:36:47.464+0000] {processor.py:914} INFO - Processing file /home/airflow/.local/lib/python3.12/site-packages/airflow/example_dags/example_setup_teardown.py for tasks to queue
[2026-09-06T09:36:47.466+0000] {logging_mixin.py:190} INFO - [2026-09-06T09:36:47.466+0000] {dagbag.py:588} INFO - Filling up the DagBag from /home/airflow/.local/lib/python3.12/site-packages/airflow/example_dags/example_setup_teardown.py
[2026-09-06T09:36:47.473+0000] {processor.py:925} INFO - DAG(s) 'example_setup_teardown' retrieved from /home/airflow/.local/lib/python3.12/site-packages/airflow/example_dags/example_setup_teardown.py
[2026-09-06T09:36:47.489+0000] {logging_mixin.py:190} INFO - [2026-09-06T09:36:47.489+0000] {dag.py:3239} INFO - Sync 1 DAGs
[2026-09-06T09:36:47.499+0000] {logging_mixin.py:190} INFO - [2026-09-06T09:36:47.499+0000] {dag.py:4180} INFO - Setting next_dagrun for example_setup_teardown to None, run_after=None
[2026-09-06T09:36:47.513+0000] {processor.py:208} INFO - Processing /home/airflow/.local/lib/python3.12/site-packages/airflow/example_dags/example_setup_teardown.py took 0.054 seconds
[2026-09-06T09:37:18.431+0000] {processor.py:186} INFO - Started process (PID=5487) to work on /home/airflow/.local/lib/python3.12/site-packages/airflow/example_dags/example_setup_teardown.py
[2026-09-06T09:37:18.432+0000] {processor.py:914} INFO - Processing file /home/airflow/.local/lib/python3.12/site-packages/airflow/example_dags/example_setup_teardown.py for tasks to queue
[2026-09-06T09:37:18.435+0000] {logging_mixin.py:190} INFO - [2026-09-06T09:37:18.435+0000] {dagbag.py:588} INFO - Filling up the DagBag from /home/airflow/.local/lib/python3.12/site-packages/airflow/example_dags/example_setup_teardown.py
[2026-09-06T09:37:18.443+0000] {processor.py:925} INFO - DAG(s) 'example_setup_teardown' retrieved from /home/airflow/.local/lib/python3.12/site-packages/airflow/example_dags/example_setup_teardown.py
[2026-09-06T09:37:18.462+0000] {logging_mixin.py:190} INFO - [2026-09-06T09:37:18.462+0000] {dag.py:3239} INFO - Sync 1 DAGs
[2026-09-06T09:37:18.474+0000] {logging_mixin.py:190} INFO - [2026-09-06T09:37:18.474+0000] {dag.py:4180} INFO - Setting next_dagrun for example_setup_teardown to None, run_after=None
[2026-09-06T09:37:18.489+0000] {processor.py:208} INFO - Processing /home/airflow/.local/lib/python3.12/site-packages/airflow/example_dags/example_setup_teardown.py took 0.064 seconds
[2026-09-06T09:37:48.616+0000] {processor.py:186} INFO - Started process (PID=5551) to work on /home/airflow/.local/lib/python3.12/site-packages/airflow/example_dags/example_setup_teardown.py
[2026-09-06T09:37:48.617+0000] {processor.py:914} INFO - Processing file /home/airflow/.local/lib/python3.12/site-packages/airflow/example_dags/example_setup_teardown.py for tasks to queue
[2026-09-06T09:37:48.619+0000] {logging_mixin.py:190} INFO - [2026-09-06T09:37:48.619+0000] {dagbag.py:588} INFO - Filling up the DagBag from /home/airflow/.local/lib/python3.12/site-packages/airflow/example_dags/example_setup_teardown.py
[2026-09-06T09:37:48.626+0000] {processor.py:925} INFO - DAG(s) 'example_setup_teardown' retrieved from /home/airflow/.local/lib/python3.12/site-packages/airflow/example_dags/example_setup_teardown.py
[2026-09-06T09:37:48.641+0000] {logging_mixin.py:190} INFO - [2026-09-06T09:37:48.641+0000] {dag.py:3239} INFO - Sync 1 DAGs
[2026-09-06T09:37:48.651+0000] {logging_mixin.py:190} INFO - [2026-09-06T09:37:48.651+0000] {dag.py:4180} INFO - Setting next_dagrun for example_setup_teardown to None, run_after=None
[2026-09-06T09:37:48.665+0000] {processor.py:208} INFO - Processing /home/airflow/.local/lib/python3.12/site-packages/airflow/example_dags/example_setup_teardown.py took 0.054 seconds
[2026-09-06T09:38:19.020+0000] {processor.py:186} INFO - Started process (PID=5615) to work on /home/airflow/.local/lib/python3.12/site-packages/airflow/example_dags/example_setup_teardown.py
[2026-09-06T09:38:19.022+0000] {processor.py:914} INFO - Processing file /home/airflow/.local/lib/python3.12/site-packages/airflow/example_dags/example_setup_teardown.py for tasks to queue
[2026-09-06T09:38:19.024+0000] {logging_mixin.py:190} INFO - [2026-09-06T09:38:19.024+0000] {dagbag.py:588} INFO - Filling up the DagBag from /home/airflow/.local/lib/python3.12/site-packages/airflow/example_dags/example_setup_teardown.py
[2026-09-06T09:38:19.033+0000] {processor.py:925} INFO - DAG(s) 'example_setup_teardown' retrieved from /home/airflow/.local/lib/python3.12/site-packages/airflow/example_dags/example_setup_teardown.py
[2026-09-06T09:38:19.051+0000] {logging_mixin.py:190} INFO - [2026-09-06T09:38:19.051+0000] {dag.py:3239} INFO - Sync 1 DAGs
[2026-09-06T09:38:19.065+0000] {logging_mixin.py:190} INFO - [2026-09-06T09:38:19.064+0000] {dag.py:4180} INFO - Setting next_dagrun for example_setup_teardown to None, run_after=None
[2026-09-06T09:38:19.082+0000] {processor.py:208} INFO - Processing /home/airflow/.local/lib/python3.12/site-packages/airflow/example_dags/example_setup_teardown.py took 0.068 seconds
[2026-09-06T09:38:49.553+0000] {processor.py:186} INFO - Started process (PID=5679) to work on /home/airflow/.local/lib/python3.12/site-packages/airflow/example_dags/example_setup_teardown.py
[2026-09-06T09:38:49.554+0000] {processor.py:914} INFO - Processing file /home/airflow/.local/lib/python3.12/site-packages/airflow/example_dags/example_setup_teardown.py for tasks to queue
[2026-09-06T09:38:49.556+0000] {logging_mixin.py:190} INFO - [2026-09-06T09:38:49.555+0000] {dagbag.py:588} INFO - Filling up the DagBag from /home/airflow/.local/lib/python3.12/site-packages/airflow/example_dags/example_setup_teardown.py
[2026-09-06T09:38:49.562+0000] {processor.py:925} INFO - DAG(s) 'example_setup_teardown' retrieved from /home/airflow/.local/lib/python3.12/site-packages/airflow/example_dags/example_setup_teardown.py
[2026-09-06T09:38:49.578+0000] {logging_mixin.py:190} INFO - [2026-09-06T09:38:49.578+0000] {dag.py:3239} INFO - Sync 1 DAGs
[2026-09-06T09:38:49.588+0000] {logging_mixin.py:190} INFO - [2026-09-06T09:38:49.588+0000] {dag.py:4180} INFO - Setting next_dagrun for example_setup_teardown to None, run_after=None
[2026-09-06T09:38:49.601+0000] {processor.py:208} INFO - Processing /home/airflow/.local/lib/python3.12/site-packages/airflow/example_dags/example_setup_teardown.py took 0.053 seconds
[2026-09-06T09:39:20.322+0000] {processor.py:186} INFO - Started process (PID=5743) to work on /home/airflow/.local/lib/python3.12/site-packages/airflow/example_dags/example_setup_teardown.py
[2026-09-06T09:39:20.324+0000] {processor.py:914} INFO - Processing file /home/airflow/.local/lib/python3.12/site-packages/airflow/example_dags/example_setup_teardown.py for tasks to queue
[2026-09-06T09:39:20.326+0000] {logging_mixin.py:190} INFO - [2026-09-06T09:39:20.326+0000] {dagbag.py:588} INFO - Filling up the DagBag from /home/airflow/.local/lib/python3.12/site-packages/airflow/example_dags/example_setup_teardown.py
[2026-09-06T09:39:20.335+0000] {processor.py:925} INFO - DAG(s) 'example_setup_teardown' retrieved from /home/airflow/.local/lib/python3.12/site-packages/airflow/example_dags/example_setup_teardown.py
[2026-09-06T09:39:20.353+0000] {logging_mixin.py:190} INFO - [2026-09-06T09:39:20.353+0000] {dag.py:3239} INFO - Sync 1 DAGs
[2026-09-06T09:39:20.369+0000] {logging_mixin.py:190} INFO - [2026-09-06T09:39:20.369+0000] {dag.py:4180} INFO - Setting next_dagrun for example_setup_teardown to None, run_after=None
[2026-09-06T09:39:20.385+0000] {processor.py:208} INFO - Processing /home/airflow/.local/lib/python3.12/site-packages/airflow/example_dags/example_setup_teardown.py took 0.069 seconds
[2026-09-06T09:39:50.583+0000] {processor.py:186} INFO - Started process (PID=5807) to work on /home/airflow/.local/lib/python3.12/site-packages/airflow/example_dags/example_setup_teardown.py
[2026-09-06T09:39:50.584+0000] {processor.py:914} INFO - Processing file /home/airflow/.local/lib/python3.12/site-packages/airflow/example_dags/example_setup_teardown.py for tasks to queue
[2026-09-06T09:39:50.586+0000] {logging_mixin.py:190} INFO - [2026-09-06T09:39:50.586+0000] {dagbag.py:588} INFO - Filling up the DagBag from /home/airflow/.local/lib/python3.12/site-packages/airflow/example_dags/example_setup_teardown.py
[2026-09-06T09:39:50.593+0000] {processor.py:925} INFO - DAG(s) 'example_setup_teardown' retrieved from /home/airflow/.local/lib/python3.12/site-packages/airflow/example_dags/example_setup_teardown.py
[2026-09-06T09:39:50.615+0000] {logging_mixin.py:190} INFO - [2026-09-06T09:39:50.615+0000] {dag.py:3239} INFO - Sync 1 DAGs
[2026-09-06T09:39:50.626+0000] {logging_mixin.py:190} INFO - [2026-09-06T09:39:50.626+0000] {dag.py:4180} INFO - Setting next_dagrun for example_setup_teardown to None, run_after=None
[2026-09-06T09:39:50.639+0000] {processor.py:208} INFO - Processing /home/airflow/.local/lib/python3.12/site-packages/airflow/example_dags/example_setup_teardown.py took 0.062 seconds
[2026-09-06T09:40:21.039+0000] {processor.py:186} INFO - Started process (PID=5871) to work on /home/airflow/.local/lib/python3.12/site-packages/airflow/example_dags/example_setup_teardown.py
[2026-09-06T09:40:21.041+0000] {processor.py:914} INFO - Processing file /home/airflow/.local/lib/python3.12/site-packages/airflow/example_dags/example_setup_teardown.py for tasks to queue
[2026-09-06T09:40:21.043+0000] {logging_mixin.py:190} INFO - [2026-09-06T09:40:21.043+0000] {dagbag.py:588} INFO - Filling up the DagBag from /home/airflow/.local/lib/python3.12/site-packages/airflow/example_dags/example_setup_teardown.py
[2026-09-06T09:40:21.052+0000] {processor.py:925} INFO - DAG(s) 'example_setup_teardown' retrieved from /home/airflow/.local/lib/python3.12/site-packages/airflow/example_dags/example_setup_teardown.py
[2026-09-06T09:40:21.071+0000] {logging_mixin.py:190} INFO - [2026-09-06T09:40:21.071+0000] {dag.py:3239} INFO - Sync 1 DAGs
[2026-09-06T09:40:21.084+0000] {logging_mixin.py:190} INFO - [2026-09-06T09:40:21.084+0000] {dag.py:4180} INFO - Setting next_dagrun for example_setup_teardown to None, run_after=None
[2026-09-06T09:40:21.101+0000] {processor.py:208} INFO - Processing /home/airflow/.local/lib/python3.12/site-packages/airflow/example_dags/example_setup_teardown.py took 0.068 seconds
[2026-09-06T09:40:51.168+0000] {processor.py:186} INFO - Started process (PID=5935) to work on /home/airflow/.local/lib/python3.12/site-packages/airflow/example_dags/example_setup_teardown.py
[2026-09-06T09:40:51.169+0000] {processor.py:914} INFO - Processing file /home/airflow/.local/lib/python3.12/site-packages/airflow/example_dags/example_setup_teardown.py for tasks to queue
[2026-09-06T09:40:51.171+0000] {logging_mixin.py:190} INFO - [2026-09-06T09:40:51.171+0000] {dagbag.py:588} INFO - Filling up the DagBag from /home/airflow/.local/lib/python3.12/site-packages/airflow/example_dags/example_setup_teardown.py
[2026-09-06T09:40:51.178+0000] {processor.py:925} INFO - DAG(s) 'example_setup_teardown' retrieved from /home/airflow/.local/lib/python3.12/site-packages/airflow/example_dags/example_setup_teardown.py
[2026-09-06T09:40:51.196+0000] {logging_mixin.py:190} INFO - [2026-09-06T09:40:51.196+0000] {dag.py:3239} INFO - Sync 1 DAGs
[2026-09-06T09:40:51.208+0000] {logging_mixin.py:190} INFO - [2026-09-06T09:40:51.208+0000] {dag.py:4180} INFO - Setting next_dagrun for example_setup_teardown to None, run_after=None
[2026-09-06T09:40:51.223+0000] {processor.py:208} INFO - Processing /home/airflow/.local/lib/python3.12/site-packages/airflow/example_dags/example_setup_teardown.py took 0.060 seconds
[2026-09-06T09:41:21.580+0000] {processor.py:186} INFO - Started process (PID=5999) to work on /home/airflow/.local/lib/python3.12/site-packages/airflow/example_dags/example_setup_teardown.py
[2026-09-06T09:41:21.581+0000] {processor.py:914} INFO - Processing file /home/airflow/.local/lib/python3.12/site-packages/airflow/example_dags/example_setup_teardown.py for tasks to queue
[2026-09-06T09:41:21.583+0000] {logging_mixin.py:190} INFO - [2026-09-06T09:41:21.583+0000] {dagbag.py:588} INFO - Filling up the DagBag from /home/airflow/.local/lib/python3.12/site-packages/airflow/example_dags/example_setup_teardown.py
[2026-09-06T09:41:21.590+0000] {processor.py:925} INFO - DAG(s) 'example_setup_teardown' retrieved from /home/airflow/.local/lib/python3.12/site-packages/airflow/example_dags/example_setup_teardown.py
[2026-09-06T09:41:21.608+0000] {logging_mixin.py:190} INFO - [2026-09-06T09:41:21.608+0000] {dag.py:3239} INFO - Sync 1 DAGs
[2026-09-06T09:41:21.620+0000] {logging_mixin.py:190} INFO - [2026-09-06T09:41:21.619+0000] {dag.py:4180} INFO - Setting next_dagrun for example_setup_teardown to None, run_after=None
[2026-09-06T09:41:21.634+0000] {processor.py:208} INFO - Processing /home/airflow/.local/lib/python3.12/site-packages/airflow/example_dags/example_setup_teardown.py took 0.060 seconds
[2026-09-06T09:41:52.282+0000] {processor.py:186} INFO - Started process (PID=6063) to work on /home/airflow/.local/lib/python3.12/site-packages/airflow/example_dags/example_setup_teardown.py
[2026-09-06T09:41:52.283+0000] {processor.py:914} INFO - Processing file /home/airflow/.local/lib/python3.12/site-packages/airflow/example_dags/example_setup_teardown.py for tasks to queue
[2026-09-06T09:41:52.286+0000] {logging_mixin.py:190} INFO - [2026-09-06T09:41:52.285+0000] {dagbag.py:588} INFO - Filling up the DagBag from /home/airflow/.local/lib/python3.12/site-packages/airflow/example_dags/example_setup_teardown.py
[2026-09-06T09:41:52.292+0000] {processor.py:925} INFO - DAG(s) 'example_setup_teardown' retrieved from /home/airflow/.local/lib/python3.12/site-packages/airflow/example_dags/example_setup_teardown.py
[2026-09-06T09:41:52.310+0000] {logging_mixin.py:190} INFO - [2026-09-06T09:41:52.310+0000] {dag.py:3239} INFO - Sync 1 DAGs
[2026-09-06T09:41:52.321+0000] {logging_mixin.py:190} INFO - [2026-09-06T09:41:52.321+0000] {dag.py:4180} INFO - Setting next_dagrun for example_setup_teardown to None, run_after=None
[2026-09-06T09:41:52.335+0000] {processor.py:208} INFO - Processing /home/airflow/.local/lib/python3.12/site-packages/airflow/example_dags/example_setup_teardown.py took 0.058 seconds
