[2026-09-06T08:53:57.103+0000] {processor.py:186} INFO - Started process (PID=71) to work on /home/airflow/.local/lib/python3.12/site-packages/airflow/example_dags/example_outlet_event_extra.py
[2026-09-06T08:53:57.104+0000] {processor.py:914} INFO - Processing file /home/airflow/.local/lib/python3.12/site-packages/airflow/example_dags/example_outlet_event_extra.py for tasks to queue
[2026-09-06T08:53:57.107+0000] {logging_mixin.py:190} INFO - [2026-09-06T08:53:57.107+0000] {dagbag.py:588} INFO - Filling up the DagBag from /home/airflow/.local/lib/python3.12/site-packages/airflow/example_dags/example_outlet_event_extra.py
[2026-09-06T08:53:58.450+0000] {processor.py:925} INFO - DAG(s) 'dataset_with_extra_by_yield', 'dataset_with_extra_by_context', 'dataset_with_extra_from_classic_operator' retrieved from /home/airflow/.local/lib/python3.12/site-packages/airflow/example_dags/example_outlet_event_extra.py
[2026-09-06T08:53:58.604+0000] {logging_mixin.py:190} INFO - [2026-09-06T08:53:58.603+0000] {override.py:1911} INFO - Created Permission View: can edit on DAG:dataset_with_extra_by_yield
[2026-09-06T08:53:58.619+0000] {logging_mixin.py:190} INFO - [2026-09-06T08:53:58.619+0000] {override.py:1911} INFO - Created Permission View: can delete on DAG:dataset_with_extra_by_yield
[2026-09-06T08:53:58.628+0000] {logging_mixin.py:190} INFO - [2026-09-06T08:53:58.628+0000] {override.py:1911} INFO - Created Permission View: can read on DAG:dataset_with_extra_by_yield
[2026-09-06T08:53:58.639+0000] {logging_mixin.py:190} INFO - [2026-09-06T08:53:58.638+0000] {override.py:1911} INFO - Created Permission View: can create on DAG Run:dataset_with_extra_by_yield
[2026-09-06T08:53:58.647+0000] {logging_mixin.py:190} INFO - [2026-09-06T08:53:58.647+0000] {override.py:1911} INFO - Created Permission View: can delete on DAG Run:dataset_with_extra_by_yield
[2026-09-06T08:53:58.655+0000] {logging_mixin.py:190} INFO - [2026-09-06T08:53:58.655+0000] {override.py:1911} INFO - Created Permission View: can read on DAG Run:dataset_with_extra_by_yield
[2026-09-06T08:53:58.664+0000] {logging_mixin.py:190} INFO - [2026-09-06T08:53:58.664+0000] {override.py:1911} INFO - Created Permission View: menu access on DAG Run:dataset_with_extra_by_yield
[2026-09-06T08:53:58.693+0000] {logging_mixin.py:190} INFO - [2026-09-06T08:53:58.693+0000] {override.py:1911} INFO - Created Permission View: can edit on DAG:dataset_with_extra_by_context
[2026-09-06T08:53:58.706+0000] {logging_mixin.py:190} INFO - [2026-09-06T08:53:58.706+0000] {override.py:1911} INFO - Created Permission View: can delete on DAG:dataset_with_extra_by_context
[2026-09-06T08:53:58.717+0000] {logging_mixin.py:190} INFO - [2026-09-06T08:53:58.716+0000] {override.py:1911} INFO - Created Permission View: can read on DAG:dataset_with_extra_by_context
[2026-09-06T08:53:58.728+0000] {logging_mixin.py:190} INFO - [2026-09-06T08:53:58.728+0000] {override.py:1911} INFO - Created Permission View: can create on DAG Run:dataset_with_extra_by_context
[2026-09-06T08:53:58.736+0000] {logging_mixin.py:190} INFO - [2026-09-06T08:53:58.736+0000] {override.py:1911} INFO - Created Permission View: can delete on DAG Run:dataset_with_extra_by_context
[2026-09-06T08:53:58.742+0000] {logging_mixin.py:190} INFO - [2026-09-06T08:53:58.742+0000] {override.py:1911} INFO - Created Permission View: can read on DAG Run:dataset_with_extra_by_context
[2026-09-06T08:53:58.748+0000] {logging_mixin.py:190} INFO - [2026-09-06T08:53:58.748+0000] {override.py:1911} INFO - Created Permission View: menu access on DAG Run:dataset_with_extra_by_context
[2026-09-06T08:53:58.763+0000] {logging_mixin.py:190} INFO - [2026-09-06T08:53:58.763+0000] {override.py:1911} INFO - Created Permission View: can edit on DAG:dataset_with_extra_from_classic_operator
[2026-09-06T08:53:58.771+0000] {logging_mixin.py:190} INFO - [2026-09-06T08:53:58.770+0000] {override.py:1911} INFO - Created Permission View: can delete on DAG:dataset_with_extra_from_classic_operator
[2026-09-06T08:53:58.778+0000] {logging_mixin.py:190} INFO - [2026-09-06T08:53:58.777+0000] {override.py:1911} INFO - Created Permission View: can read on DAG:dataset_with_extra_from_classic_operator
[2026-09-06T08:53:58.788+0000] {logging_mixin.py:190} INFO - [2026-09-06T08:53:58.788+0000] {override.py:1911} INFO - Created Permission View: can create on DAG Run:dataset_with_extra_from_classic_operator
[2026-09-06T08:53:58.796+0000] {logging_mixin.py:190} INFO - [2026-09-06T08:53:58.795+0000] {override.py:1911} INFO - Created Permission View: can delete on DAG Run:dataset_with_extra_from_classic_operator
[2026-09-06T08:53:58.803+0000] {logging_mixin.py:190} INFO - [2026-09-06T08:53:58.802+0000] {override.py:1911} INFO - Created Permission View: can read on DAG Run:dataset_with_extra_from_classic_operator
[2026-09-06T08:53:58.809+0000] {logging_mixin.py:190} INFO - [2026-09-06T08:53:58.808+0000] {override.py:1911} INFO - Created Permission View: menu access on DAG Run:dataset_with_extra_from_classic_operator
[2026-09-06T08:53:58.809+0000] {logging_mixin.py:190} INFO - [2026-09-06T08:53:58.809+0000] {dag.py:3239} INFO - Sync 3 DAGs
[2026-09-06T08:53:58.824+0000] {logging_mixin.py:190} INFO - [2026-09-06T08:53:58.823+0000] {dag.py:3262} INFO - Creating ORM DAG for dataset_with_extra_from_classic_operator
[2026-09-06T08:53:58.825+0000] {logging_mixin.py:190} INFO - [2026-09-06T08:53:58.825+0000] {dag.py:3262} INFO - Creating ORM DAG for dataset_with_extra_by_context
[2026-09-06T08:53:58.826+0000] {logging_mixin.py:190} INFO - [2026-09-06T08:53:58.825+0000] {dag.py:3262} INFO - Creating ORM DAG for dataset_with_extra_by_yield
[2026-09-06T08:53:58.834+0000] {logging_mixin.py:190} INFO - [2026-09-06T08:53:58.833+0000] {dag.py:4180} INFO - Setting next_dagrun for dataset_with_extra_by_context to 2026-09-05 00:00:00+00:00, run_after=2026-09-06 00:00:00+00:00
[2026-09-06T08:53:58.835+0000] {logging_mixin.py:190} INFO - [2026-09-06T08:53:58.835+0000] {dag.py:4180} INFO - Setting next_dagrun for dataset_with_extra_by_yield to 2026-09-05 00:00:00+00:00, run_after=2026-09-06 00:00:00+00:00
[2026-09-06T08:53:58.837+0000] {logging_mixin.py:190} INFO - [2026-09-06T08:53:58.837+0000] {dag.py:4180} INFO - Setting next_dagrun for dataset_with_extra_from_classic_operator to 2026-09-05 00:00:00+00:00, run_after=2026-09-06 00:00:00+00:00
[2026-09-06T08:53:58.856+0000] {processor.py:208} INFO - Processing /home/airflow/.local/lib/python3.12/site-packages/airflow/example_dags/example_outlet_event_extra.py took 1.760 seconds
[2026-09-06T08:54:29.358+0000] {processor.py:186} INFO - Started process (PID=140) to work on /home/airflow/.local/lib/python3.12/site-packages/airflow/example_dags/example_outlet_event_extra.py
[2026-09-06T08:54:29.359+0000] {processor.py:914} INFO - Processing file /home/airflow/.local/lib/python3.12/site-packages/airflow/example_dags/example_outlet_event_extra.py for tasks to queue
[2026-09-06T08:54:29.361+0000] {logging_mixin.py:190} INFO - [2026-09-06T08:54:29.361+0000] {dagbag.py:588} INFO - Filling up the DagBag from /home/airflow/.local/lib/python3.12/site-packages/airflow/example_dags/example_outlet_event_extra.py
[2026-09-06T08:54:29.921+0000] {processor.py:925} INFO - DAG(s) 'dataset_with_extra_by_yield', 'dataset_with_extra_by_context', 'dataset_with_extra_from_classic_operator' retrieved from /home/airflow/.local/lib/python3.12/site-packages/airflow/example_dags/example_outlet_event_extra.py
[2026-09-06T08:54:29.942+0000] {logging_mixin.py:190} INFO - [2026-09-06T08:54:29.942+0000] {dag.py:3239} INFO - Sync 3 DAGs
[2026-09-06T08:54:29.960+0000] {logging_mixin.py:190} INFO - [2026-09-06T08:54:29.960+0000] {dag.py:4180} INFO - Setting next_dagrun for dataset_with_extra_by_context to 2026-09-05 00:00:00+00:00, run_after=2026-09-06 00:00:00+00:00
[2026-09-06T08:54:29.964+0000] {logging_mixin.py:190} INFO - [2026-09-06T08:54:29.964+0000] {dag.py:4180} INFO - Setting next_dagrun for dataset_with_extra_by_yield to 2026-09-05 00:00:00+00:00, run_after=2026-09-06 00:00:00+00:00
[2026-09-06T08:54:29.966+0000] {logging_mixin.py:190} INFO - [2026-09-06T08:54:29.966+0000] {dag.py:4180} INFO - Setting next_dagrun for dataset_with_extra_from_classic_operator to 2026-09-05 00:00:00+00:00, run_after=2026-09-06 00:00:00+00:00
[2026-09-06T08:54:29.981+0000] {processor.py:208} INFO - Processing /home/airflow/.local/lib/python3.12/site-packages/airflow/example_dags/example_outlet_event_extra.py took 0.630 seconds
[2026-09-06T08:55:00.294+0000] {processor.py:186} INFO - Started process (PID=203) to work on /home/airflow/.local/lib/python3.12/site-packages/airflow/example_dags/example_outlet_event_extra.py
[2026-09-06T08:55:00.295+0000] {processor.py:914} INFO - Processing file /home/airflow/.local/lib/python3.12/site-packages/airflow/example_dags/example_outlet_event_extra.py for tasks to queue
[2026-09-06T08:55:00.298+0000] {logging_mixin.py:190} INFO - [2026-09-06T08:55:00.297+0000] {dagbag.py:588} INFO - Filling up the DagBag from /home/airflow/.local/lib/python3.12/site-packages/airflow/example_dags/example_outlet_event_extra.py
[2026-09-06T08:55:00.852+0000] {processor.py:925} INFO - DAG(s) 'dataset_with_extra_by_yield', 'dataset_with_extra_by_context', 'dataset_with_extra_from_classic_operator' retrieved from /home/airflow/.local/lib/python3.12/site-packages/airflow/example_dags/example_outlet_event_extra.py
[2026-09-06T08:55:00.874+0000] {logging_mixin.py:190} INFO - [2026-09-06T08:55:00.874+0000] {dag.py:3239} INFO - Sync 3 DAGs
[2026-09-06T08:55:00.893+0000] {logging_mixin.py:190} INFO - [2026-09-06T08:55:00.893+0000] {dag.py:4180} INFO - Setting next_dagrun for dataset_with_extra_by_context to 2026-09-05 00:00:00+00:00, run_after=2026-09-06 00:00:00+00:00
[2026-09-06T08:55:00.897+0000] {logging_mixin.py:190} INFO - [2026-09-06T08:55:00.897+0000] {dag.py:4180} INFO - Setting next_dagrun for dataset_with_extra_by_yield to 2026-09-05 00:00:00+00:00, run_after=2026-09-06 00:00:00+00:00
[2026-09-06T08:55:00.899+0000] {logging_mixin.py:190} INFO - [2026-09-06T08:55:00.899+0000] {dag.py:4180} INFO - Setting next_dagrun for dataset_with_extra_from_classic_operator to 2026-09-05 00:00:00+00:00, run_after=2026-09-06 00:00:00+00:00
[2026-09-06T08:55:00.917+0000] {processor.py:208} INFO - Processing /home/airflow/.local/lib/python3.12/site-packages/airflow/example_dags/example_outlet_event_extra.py took 0.628 seconds
[2026-09-06T08:55:31.082+0000] {processor.py:186} INFO - Started process (PID=266) to work on /home/airflow/.local/lib/python3.12/site-packages/airflow/example_dags/example_outlet_event_extra.py
[2026-09-06T08:55:31.083+0000] {processor.py:914} INFO - Processing file /home/airflow/.local/lib/python3.12/site-packages/airflow/example_dags/example_outlet_event_extra.py for tasks to queue
[2026-09-06T08:55:31.085+0000] {logging_mixin.py:190} INFO - [2026-09-06T08:55:31.085+0000] {dagbag.py:588} INFO - Filling up the DagBag from /home/airflow/.local/lib/python3.12/site-packages/airflow/example_dags/example_outlet_event_extra.py
[2026-09-06T08:55:31.582+0000] {processor.py:925} INFO - DAG(s) 'dataset_with_extra_from_classic_operator', 'dataset_with_extra_by_yield', 'dataset_with_extra_by_context' retrieved from /home/airflow/.local/lib/python3.12/site-packages/airflow/example_dags/example_outlet_event_extra.py
[2026-09-06T08:55:31.603+0000] {logging_mixin.py:190} INFO - [2026-09-06T08:55:31.603+0000] {dag.py:3239} INFO - Sync 3 DAGs
[2026-09-06T08:55:31.622+0000] {logging_mixin.py:190} INFO - [2026-09-06T08:55:31.622+0000] {dag.py:4180} INFO - Setting next_dagrun for dataset_with_extra_by_context to 2026-09-05 00:00:00+00:00, run_after=2026-09-06 00:00:00+00:00
[2026-09-06T08:55:31.626+0000] {logging_mixin.py:190} INFO - [2026-09-06T08:55:31.626+0000] {dag.py:4180} INFO - Setting next_dagrun for dataset_with_extra_by_yield to 2026-09-05 00:00:00+00:00, run_after=2026-09-06 00:00:00+00:00
[2026-09-06T08:55:31.632+0000] {logging_mixin.py:190} INFO - [2026-09-06T08:55:31.631+0000] {dag.py:4180} INFO - Setting next_dagrun for dataset_with_extra_from_classic_operator to 2026-09-05 00:00:00+00:00, run_after=2026-09-06 00:00:00+00:00
[2026-09-06T08:55:31.655+0000] {processor.py:208} INFO - Processing /home/airflow/.local/lib/python3.12/site-packages/airflow/example_dags/example_outlet_event_extra.py took 0.577 seconds
[2026-09-06T08:56:02.278+0000] {processor.py:186} INFO - Started process (PID=329) to work on /home/airflow/.local/lib/python3.12/site-packages/airflow/example_dags/example_outlet_event_extra.py
[2026-09-06T08:56:02.279+0000] {processor.py:914} INFO - Processing file /home/airflow/.local/lib/python3.12/site-packages/airflow/example_dags/example_outlet_event_extra.py for tasks to queue
[2026-09-06T08:56:02.282+0000] {logging_mixin.py:190} INFO - [2026-09-06T08:56:02.281+0000] {dagbag.py:588} INFO - Filling up the DagBag from /home/airflow/.local/lib/python3.12/site-packages/airflow/example_dags/example_outlet_event_extra.py
[2026-09-06T08:56:02.801+0000] {processor.py:925} INFO - DAG(s) 'dataset_with_extra_from_classic_operator', 'dataset_with_extra_by_yield', 'dataset_with_extra_by_context' retrieved from /home/airflow/.local/lib/python3.12/site-packages/airflow/example_dags/example_outlet_event_extra.py
[2026-09-06T08:56:02.822+0000] {logging_mixin.py:190} INFO - [2026-09-06T08:56:02.821+0000] {dag.py:3239} INFO - Sync 3 DAGs
[2026-09-06T08:56:02.843+0000] {logging_mixin.py:190} INFO - [2026-09-06T08:56:02.843+0000] {dag.py:4180} INFO - Setting next_dagrun for dataset_with_extra_by_context to 2026-09-05 00:00:00+00:00, run_after=2026-09-06 00:00:00+00:00
[2026-09-06T08:56:02.848+0000] {logging_mixin.py:190} INFO - [2026-09-06T08:56:02.847+0000] {dag.py:4180} INFO - Setting next_dagrun for dataset_with_extra_by_yield to 2026-09-05 00:00:00+00:00, run_after=2026-09-06 00:00:00+00:00
[2026-09-06T08:56:02.850+0000] {logging_mixin.py:190} INFO - [2026-09-06T08:56:02.850+0000] {dag.py:4180} INFO - Setting next_dagrun for dataset_with_extra_from_classic_operator to 2026-09-05 00:00:00+00:00, run_after=2026-09-06 00:00:00+00:00
[2026-09-06T08:56:02.866+0000] {processor.py:208} INFO - Processing /home/airflow/.local/lib/python3.12/site-packages/airflow/example_dags/example_outlet_event_extra.py took 0.593 seconds
[2026-09-06T08:56:32.983+0000] {processor.py:186} INFO - Started process (PID=392) to work on /home/airflow/.local/lib/python3.12/site-packages/airflow/example_dags/example_outlet_event_extra.py
[2026-09-06T08:56:32.984+0000] {processor.py:914} INFO - Processing file /home/airflow/.local/lib/python3.12/site-packages/airflow/example_dags/example_outlet_event_extra.py for tasks to queue
[2026-09-06T08:56:32.987+0000] {logging_mixin.py:190} INFO - [2026-09-06T08:56:32.987+0000] {dagbag.py:588} INFO - Filling up the DagBag from /home/airflow/.local/lib/python3.12/site-packages/airflow/example_dags/example_outlet_event_extra.py
[2026-09-06T08:56:33.604+0000] {processor.py:925} INFO - DAG(s) 'dataset_with_extra_by_yield', 'dataset_with_extra_from_classic_operator', 'dataset_with_extra_by_context' retrieved from /home/airflow/.local/lib/python3.12/site-packages/airflow/example_dags/example_outlet_event_extra.py
[2026-09-06T08:56:33.622+0000] {logging_mixin.py:190} INFO - [2026-09-06T08:56:33.622+0000] {dag.py:3239} INFO - Sync 3 DAGs
[2026-09-06T08:56:33.642+0000] {logging_mixin.py:190} INFO - [2026-09-06T08:56:33.641+0000] {dag.py:4180} INFO - Setting next_dagrun for dataset_with_extra_by_context to 2026-09-05 00:00:00+00:00, run_after=2026-09-06 00:00:00+00:00
[2026-09-06T08:56:33.648+0000] {logging_mixin.py:190} INFO - [2026-09-06T08:56:33.648+0000] {dag.py:4180} INFO - Setting next_dagrun for dataset_with_extra_by_yield to 2026-09-05 00:00:00+00:00, run_after=2026-09-06 00:00:00+00:00
[2026-09-06T08:56:33.650+0000] {logging_mixin.py:190} INFO - [2026-09-06T08:56:33.650+0000] {dag.py:4180} INFO - Setting next_dagrun for dataset_with_extra_from_classic_operator to 2026-09-05 00:00:00+00:00, run_after=2026-09-06 00:00:00+00:00
[2026-09-06T08:56:33.670+0000] {processor.py:208} INFO - Processing /home/airflow/.local/lib/python3.12/site-packages/airflow/example_dags/example_outlet_event_extra.py took 0.695 seconds
[2026-09-06T08:57:04.135+0000] {processor.py:186} INFO - Started process (PID=455) to work on /home/airflow/.local/lib/python3.12/site-packages/airflow/example_dags/example_outlet_event_extra.py
[2026-09-06T08:57:04.136+0000] {processor.py:914} INFO - Processing file /home/airflow/.local/lib/python3.12/site-packages/airflow/example_dags/example_outlet_event_extra.py for tasks to queue
[2026-09-06T08:57:04.138+0000] {logging_mixin.py:190} INFO - [2026-09-06T08:57:04.138+0000] {dagbag.py:588} INFO - Filling up the DagBag from /home/airflow/.local/lib/python3.12/site-packages/airflow/example_dags/example_outlet_event_extra.py
[2026-09-06T08:57:04.627+0000] {processor.py:925} INFO - DAG(s) 'dataset_with_extra_from_classic_operator', 'dataset_with_extra_by_context', 'dataset_with_extra_by_yield' retrieved from /home/airflow/.local/lib/python3.12/site-packages/airflow/example_dags/example_outlet_event_extra.py
[2026-09-06T08:57:04.644+0000] {logging_mixin.py:190} INFO - [2026-09-06T08:57:04.644+0000] {dag.py:3239} INFO - Sync 3 DAGs
[2026-09-06T08:57:04.660+0000] {logging_mixin.py:190} INFO - [2026-09-06T08:57:04.659+0000] {dag.py:4180} INFO - Setting next_dagrun for dataset_with_extra_by_context to 2026-09-05 00:00:00+00:00, run_after=2026-09-06 00:00:00+00:00
[2026-09-06T08:57:04.663+0000] {logging_mixin.py:190} INFO - [2026-09-06T08:57:04.663+0000] {dag.py:4180} INFO - Setting next_dagrun for dataset_with_extra_by_yield to 2026-09-05 00:00:00+00:00, run_after=2026-09-06 00:00:00+00:00
[2026-09-06T08:57:04.665+0000] {logging_mixin.py:190} INFO - [2026-09-06T08:57:04.665+0000] {dag.py:4180} INFO - Setting next_dagrun for dataset_with_extra_from_classic_operator to 2026-09-05 00:00:00+00:00, run_after=2026-09-06 00:00:00+00:00
[2026-09-06T08:57:04.681+0000] {processor.py:208} INFO - Processing /home/airflow/.local/lib/python3.12/site-packages/airflow/example_dags/example_outlet_event_extra.py took 0.550 seconds
[2026-09-06T08:57:34.793+0000] {processor.py:186} INFO - Started process (PID=518) to work on /home/airflow/.local/lib/python3.12/site-packages/airflow/example_dags/example_outlet_event_extra.py
[2026-09-06T08:57:34.794+0000] {processor.py:914} INFO - Processing file /home/airflow/.local/lib/python3.12/site-packages/airflow/example_dags/example_outlet_event_extra.py for tasks to queue
[2026-09-06T08:57:34.797+0000] {logging_mixin.py:190} INFO - [2026-09-06T08:57:34.796+0000] {dagbag.py:588} INFO - Filling up the DagBag from /home/airflow/.local/lib/python3.12/site-packages/airflow/example_dags/example_outlet_event_extra.py
[2026-09-06T08:57:35.310+0000] {processor.py:925} INFO - DAG(s) 'dataset_with_extra_by_yield', 'dataset_with_extra_from_classic_operator', 'dataset_with_extra_by_context' retrieved from /home/airflow/.local/lib/python3.12/site-packages/airflow/example_dags/example_outlet_event_extra.py
[2026-09-06T08:57:35.336+0000] {logging_mixin.py:190} INFO - [2026-09-06T08:57:35.335+0000] {dag.py:3239} INFO - Sync 3 DAGs
[2026-09-06T08:57:35.354+0000] {logging_mixin.py:190} INFO - [2026-09-06T08:57:35.354+0000] {dag.py:4180} INFO - Setting next_dagrun for dataset_with_extra_by_context to 2026-09-05 00:00:00+00:00, run_after=2026-09-06 00:00:00+00:00
[2026-09-06T08:57:35.358+0000] {logging_mixin.py:190} INFO - [2026-09-06T08:57:35.358+0000] {dag.py:4180} INFO - Setting next_dagrun for dataset_with_extra_by_yield to 2026-09-05 00:00:00+00:00, run_after=2026-09-06 00:00:00+00:00
[2026-09-06T08:57:35.360+0000] {logging_mixin.py:190} INFO - [2026-09-06T08:57:35.360+0000] {dag.py:4180} INFO - Setting next_dagrun for dataset_with_extra_from_classic_operator to 2026-09-05 00:00:00+00:00, run_after=2026-09-06 00:00:00+00:00
[2026-09-06T08:57:35.377+0000] {processor.py:208} INFO - Processing /home/airflow/.local/lib/python3.12/site-packages/airflow/example_dags/example_outlet_event_extra.py took 0.588 seconds
[2026-09-06T08:58:06.030+0000] {processor.py:186} INFO - Started process (PID=581) to work on /home/airflow/.local/lib/python3.12/site-packages/airflow/example_dags/example_outlet_event_extra.py
[2026-09-06T08:58:06.031+0000] {processor.py:914} INFO - Processing file /home/airflow/.local/lib/python3.12/site-packages/airflow/example_dags/example_outlet_event_extra.py for tasks to queue
[2026-09-06T08:58:06.033+0000] {logging_mixin.py:190} INFO - [2026-09-06T08:58:06.033+0000] {dagbag.py:588} INFO - Filling up the DagBag from /home/airflow/.local/lib/python3.12/site-packages/airflow/example_dags/example_outlet_event_extra.py
[2026-09-06T08:58:06.527+0000] {processor.py:925} INFO - DAG(s) 'dataset_with_extra_from_classic_operator', 'dataset_with_extra_by_context', 'dataset_with_extra_by_yield' retrieved from /home/airflow/.local/lib/python3.12/site-packages/airflow/example_dags/example_outlet_event_extra.py
[2026-09-06T08:58:06.547+0000] {logging_mixin.py:190} INFO - [2026-09-06T08:58:06.546+0000] {dag.py:3239} INFO - Sync 3 DAGs
[2026-09-06T08:58:06.565+0000] {logging_mixin.py:190} INFO - [2026-09-06T08:58:06.564+0000] {dag.py:4180} INFO - Setting next_dagrun for dataset_with_extra_by_context to 2026-09-05 00:00:00+00:00, run_after=2026-09-06 00:00:00+00:00
[2026-09-06T08:58:06.569+0000] {logging_mixin.py:190} INFO - [2026-09-06T08:58:06.569+0000] {dag.py:4180} INFO - Setting next_dagrun for dataset_with_extra_by_yield to 2026-09-05 00:00:00+00:00, run_after=2026-09-06 00:00:00+00:00
[2026-09-06T08:58:06.571+0000] {logging_mixin.py:190} INFO - [2026-09-06T08:58:06.571+0000] {dag.py:4180} INFO - Setting next_dagrun for dataset_with_extra_from_classic_operator to 2026-09-05 00:00:00+00:00, run_after=2026-09-06 00:00:00+00:00
[2026-09-06T08:58:06.589+0000] {processor.py:208} INFO - Processing /home/airflow/.local/lib/python3.12/site-packages/airflow/example_dags/example_outlet_event_extra.py took 0.563 seconds
[2026-09-06T08:58:37.487+0000] {processor.py:186} INFO - Started process (PID=644) to work on /home/airflow/.local/lib/python3.12/site-packages/airflow/example_dags/example_outlet_event_extra.py
[2026-09-06T08:58:37.488+0000] {processor.py:914} INFO - Processing file /home/airflow/.local/lib/python3.12/site-packages/airflow/example_dags/example_outlet_event_extra.py for tasks to queue
[2026-09-06T08:58:37.490+0000] {logging_mixin.py:190} INFO - [2026-09-06T08:58:37.490+0000] {dagbag.py:588} INFO - Filling up the DagBag from /home/airflow/.local/lib/python3.12/site-packages/airflow/example_dags/example_outlet_event_extra.py
[2026-09-06T08:58:38.002+0000] {processor.py:925} INFO - DAG(s) 'dataset_with_extra_by_yield', 'dataset_with_extra_by_context', 'dataset_with_extra_from_classic_operator' retrieved from /home/airflow/.local/lib/python3.12/site-packages/airflow/example_dags/example_outlet_event_extra.py
[2026-09-06T08:58:38.021+0000] {logging_mixin.py:190} INFO - [2026-09-06T08:58:38.020+0000] {dag.py:3239} INFO - Sync 3 DAGs
[2026-09-06T08:58:38.040+0000] {logging_mixin.py:190} INFO - [2026-09-06T08:58:38.040+0000] {dag.py:4180} INFO - Setting next_dagrun for dataset_with_extra_by_context to 2026-09-05 00:00:00+00:00, run_after=2026-09-06 00:00:00+00:00
[2026-09-06T08:58:38.045+0000] {logging_mixin.py:190} INFO - [2026-09-06T08:58:38.044+0000] {dag.py:4180} INFO - Setting next_dagrun for dataset_with_extra_by_yield to 2026-09-05 00:00:00+00:00, run_after=2026-09-06 00:00:00+00:00
[2026-09-06T08:58:38.047+0000] {logging_mixin.py:190} INFO - [2026-09-06T08:58:38.046+0000] {dag.py:4180} INFO - Setting next_dagrun for dataset_with_extra_from_classic_operator to 2026-09-05 00:00:00+00:00, run_after=2026-09-06 00:00:00+00:00
[2026-09-06T08:58:38.066+0000] {processor.py:208} INFO - Processing /home/airflow/.local/lib/python3.12/site-packages/airflow/example_dags/example_outlet_event_extra.py took 0.583 seconds
[2026-09-06T08:59:08.900+0000] {processor.py:186} INFO - Started process (PID=708) to work on /home/airflow/.local/lib/python3.12/site-packages/airflow/example_dags/example_outlet_event_extra.py
[2026-09-06T08:59:08.901+0000] {processor.py:914} INFO - Processing file /home/airflow/.local/lib/python3.12/site-packages/airflow/example_dags/example_outlet_event_extra.py for tasks to queue
[2026-09-06T08:59:08.902+0000] {logging_mixin.py:190} INFO - [2026-09-06T08:59:08.902+0000] {dagbag.py:588} INFO - Filling up the DagBag from /home/airflow/.local/lib/python3.12/site-packages/airflow/example_dags/example_outlet_event_extra.py
[2026-09-06T08:59:09.409+0000] {processor.py:925} INFO - DAG(s) 'dataset_with_extra_by_yield', 'dataset_with_extra_by_context', 'dataset_with_extra_from_classic_operator' retrieved from /home/airflow/.local/lib/python3.12/site-packages/airflow/example_dags/example_outlet_event_extra.py
[2026-09-06T08:59:09.430+0000] {logging_mixin.py:190} INFO - [2026-09-06T08:59:09.429+0000] {dag.py:3239} INFO - Sync 3 DAGs
[2026-09-06T08:59:09.453+0000] {logging_mixin.py:190} INFO - [2026-09-06T08:59:09.452+0000] {dag.py:4180} INFO - Setting next_dagrun for dataset_with_extra_by_context to 2026-09-05 00:00:00+00:00, run_after=2026-09-06 00:00:00+00:00
[2026-09-06T08:59:09.457+0000] {logging_mixin.py:190} INFO - [2026-09-06T08:59:09.457+0000] {dag.py:4180} INFO - Setting next_dagrun for dataset_with_extra_by_yield to 2026-09-05 00:00:00+00:00, run_after=2026-09-06 00:00:00+00:00
[2026-09-06T08:59:09.460+0000] {logging_mixin.py:190} INFO - [2026-09-06T08:59:09.460+0000] {dag.py:4180} INFO - Setting next_dagrun for dataset_with_extra_from_classic_operator to 2026-09-05 00:00:00+00:00, run_after=2026-09-06 00:00:00+00:00
[2026-09-06T08:59:09.480+0000] {processor.py:208} INFO - Processing /home/airflow/.local/lib/python3.12/site-packages/airflow/example_dags/example_outlet_event_extra.py took 0.585 seconds
[2026-09-06T08:59:40.258+0000] {processor.py:186} INFO - Started process (PID=772) to work on /home/airflow/.local/lib/python3.12/site-packages/airflow/example_dags/example_outlet_event_extra.py
[2026-09-06T08:59:40.259+0000] {processor.py:914} INFO - Processing file /home/airflow/.local/lib/python3.12/site-packages/airflow/example_dags/example_outlet_event_extra.py for tasks to queue
[2026-09-06T08:59:40.261+0000] {logging_mixin.py:190} INFO - [2026-09-06T08:59:40.260+0000] {dagbag.py:588} INFO - Filling up the DagBag from /home/airflow/.local/lib/python3.12/site-packages/airflow/example_dags/example_outlet_event_extra.py
[2026-09-06T08:59:40.767+0000] {processor.py:925} INFO - DAG(s) 'dataset_with_extra_by_yield', 'dataset_with_extra_from_classic_operator', 'dataset_with_extra_by_context' retrieved from /home/airflow/.local/lib/python3.12/site-packages/airflow/example_dags/example_outlet_event_extra.py
[2026-09-06T08:59:40.785+0000] {logging_mixin.py:190} INFO - [2026-09-06T08:59:40.785+0000] {dag.py:3239} INFO - Sync 3 DAGs
[2026-09-06T08:59:40.804+0000] {logging_mixin.py:190} INFO - [2026-09-06T08:59:40.804+0000] {dag.py:4180} INFO - Setting next_dagrun for dataset_with_extra_by_context to 2026-09-05 00:00:00+00:00, run_after=2026-09-06 00:00:00+00:00
[2026-09-06T08:59:40.808+0000] {logging_mixin.py:190} INFO - [2026-09-06T08:59:40.808+0000] {dag.py:4180} INFO - Setting next_dagrun for dataset_with_extra_by_yield to 2026-09-05 00:00:00+00:00, run_after=2026-09-06 00:00:00+00:00
[2026-09-06T08:59:40.810+0000] {logging_mixin.py:190} INFO - [2026-09-06T08:59:40.810+0000] {dag.py:4180} INFO - Setting next_dagrun for dataset_with_extra_from_classic_operator to 2026-09-05 00:00:00+00:00, run_after=2026-09-06 00:00:00+00:00
[2026-09-06T08:59:40.827+0000] {processor.py:208} INFO - Processing /home/airflow/.local/lib/python3.12/site-packages/airflow/example_dags/example_outlet_event_extra.py took 0.574 seconds
[2026-09-06T09:00:11.612+0000] {processor.py:186} INFO - Started process (PID=836) to work on /home/airflow/.local/lib/python3.12/site-packages/airflow/example_dags/example_outlet_event_extra.py
[2026-09-06T09:00:11.613+0000] {processor.py:914} INFO - Processing file /home/airflow/.local/lib/python3.12/site-packages/airflow/example_dags/example_outlet_event_extra.py for tasks to queue
[2026-09-06T09:00:11.615+0000] {logging_mixin.py:190} INFO - [2026-09-06T09:00:11.614+0000] {dagbag.py:588} INFO - Filling up the DagBag from /home/airflow/.local/lib/python3.12/site-packages/airflow/example_dags/example_outlet_event_extra.py
[2026-09-06T09:00:12.093+0000] {processor.py:925} INFO - DAG(s) 'dataset_with_extra_from_classic_operator', 'dataset_with_extra_by_context', 'dataset_with_extra_by_yield' retrieved from /home/airflow/.local/lib/python3.12/site-packages/airflow/example_dags/example_outlet_event_extra.py
[2026-09-06T09:00:12.110+0000] {logging_mixin.py:190} INFO - [2026-09-06T09:00:12.109+0000] {dag.py:3239} INFO - Sync 3 DAGs
[2026-09-06T09:00:12.128+0000] {logging_mixin.py:190} INFO - [2026-09-06T09:00:12.127+0000] {dag.py:4180} INFO - Setting next_dagrun for dataset_with_extra_by_context to 2026-09-05 00:00:00+00:00, run_after=2026-09-06 00:00:00+00:00
[2026-09-06T09:00:12.132+0000] {logging_mixin.py:190} INFO - [2026-09-06T09:00:12.132+0000] {dag.py:4180} INFO - Setting next_dagrun for dataset_with_extra_by_yield to 2026-09-05 00:00:00+00:00, run_after=2026-09-06 00:00:00+00:00
[2026-09-06T09:00:12.134+0000] {logging_mixin.py:190} INFO - [2026-09-06T09:00:12.134+0000] {dag.py:4180} INFO - Setting next_dagrun for dataset_with_extra_from_classic_operator to 2026-09-05 00:00:00+00:00, run_after=2026-09-06 00:00:00+00:00
[2026-09-06T09:00:12.152+0000] {processor.py:208} INFO - Processing /home/airflow/.local/lib/python3.12/site-packages/airflow/example_dags/example_outlet_event_extra.py took 0.544 seconds
[2026-09-06T09:00:42.930+0000] {processor.py:186} INFO - Started process (PID=900) to work on /home/airflow/.local/lib/python3.12/site-packages/airflow/example_dags/example_outlet_event_extra.py
[2026-09-06T09:00:42.931+0000] {processor.py:914} INFO - Processing file /home/airflow/.local/lib/python3.12/site-packages/airflow/example_dags/example_outlet_event_extra.py for tasks to queue
[2026-09-06T09:00:42.933+0000] {logging_mixin.py:190} INFO - [2026-09-06T09:00:42.933+0000] {dagbag.py:588} INFO - Filling up the DagBag from /home/airflow/.local/lib/python3.12/site-packages/airflow/example_dags/example_outlet_event_extra.py
[2026-09-06T09:00:43.452+0000] {processor.py:925} INFO - DAG(s) 'dataset_with_extra_by_yield', 'dataset_with_extra_from_classic_operator', 'dataset_with_extra_by_context' retrieved from /home/airflow/.local/lib/python3.12/site-packages/airflow/example_dags/example_outlet_event_extra.py
[2026-09-06T09:00:43.472+0000] {logging_mixin.py:190} INFO - [2026-09-06T09:00:43.471+0000] {dag.py:3239} INFO - Sync 3 DAGs
[2026-09-06T09:00:43.490+0000] {logging_mixin.py:190} INFO - [2026-09-06T09:00:43.490+0000] {dag.py:4180} INFO - Setting next_dagrun for dataset_with_extra_by_context to 2026-09-05 00:00:00+00:00, run_after=2026-09-06 00:00:00+00:00
[2026-09-06T09:00:43.494+0000] {logging_mixin.py:190} INFO - [2026-09-06T09:00:43.493+0000] {dag.py:4180} INFO - Setting next_dagrun for dataset_with_extra_by_yield to 2026-09-05 00:00:00+00:00, run_after=2026-09-06 00:00:00+00:00
[2026-09-06T09:00:43.496+0000] {logging_mixin.py:190} INFO - [2026-09-06T09:00:43.496+0000] {dag.py:4180} INFO - Setting next_dagrun for dataset_with_extra_from_classic_operator to 2026-09-05 00:00:00+00:00, run_after=2026-09-06 00:00:00+00:00
[2026-09-06T09:00:43.512+0000] {processor.py:208} INFO - Processing /home/airflow/.local/lib/python3.12/site-packages/airflow/example_dags/example_outlet_event_extra.py took 0.585 seconds
[2026-09-06T09:01:13.655+0000] {processor.py:186} INFO - Started process (PID=964) to work on /home/airflow/.local/lib/python3.12/site-packages/airflow/example_dags/example_outlet_event_extra.py
[2026-09-06T09:01:13.656+0000] {processor.py:914} INFO - Processing file /home/airflow/.local/lib/python3.12/site-packages/airflow/example_dags/example_outlet_event_extra.py for tasks to queue
[2026-09-06T09:01:13.658+0000] {logging_mixin.py:190} INFO - [2026-09-06T09:01:13.658+0000] {dagbag.py:588} INFO - Filling up the DagBag from /home/airflow/.local/lib/python3.12/site-packages/airflow/example_dags/example_outlet_event_extra.py
[2026-09-06T09:01:14.165+0000] {processor.py:925} INFO - DAG(s) 'dataset_with_extra_by_context', 'dataset_with_extra_from_classic_operator', 'dataset_with_extra_by_yield' retrieved from /home/airflow/.local/lib/python3.12/site-packages/airflow/example_dags/example_outlet_event_extra.py
[2026-09-06T09:01:14.183+0000] {logging_mixin.py:190} INFO - [2026-09-06T09:01:14.183+0000] {dag.py:3239} INFO - Sync 3 DAGs
[2026-09-06T09:01:14.203+0000] {logging_mixin.py:190} INFO - [2026-09-06T09:01:14.203+0000] {dag.py:4180} INFO - Setting next_dagrun for dataset_with_extra_by_context to 2026-09-05 00:00:00+00:00, run_after=2026-09-06 00:00:00+00:00
[2026-09-06T09:01:14.207+0000] {logging_mixin.py:190} INFO - [2026-09-06T09:01:14.207+0000] {dag.py:4180} INFO - Setting next_dagrun for dataset_with_extra_by_yield to 2026-09-05 00:00:00+00:00, run_after=2026-09-06 00:00:00+00:00
[2026-09-06T09:01:14.209+0000] {logging_mixin.py:190} INFO - [2026-09-06T09:01:14.209+0000] {dag.py:4180} INFO - Setting next_dagrun for dataset_with_extra_from_classic_operator to 2026-09-05 00:00:00+00:00, run_after=2026-09-06 00:00:00+00:00
[2026-09-06T09:01:14.225+0000] {processor.py:208} INFO - Processing /home/airflow/.local/lib/python3.12/site-packages/airflow/example_dags/example_outlet_event_extra.py took 0.575 seconds
[2026-09-06T09:01:44.292+0000] {processor.py:186} INFO - Started process (PID=1028) to work on /home/airflow/.local/lib/python3.12/site-packages/airflow/example_dags/example_outlet_event_extra.py
[2026-09-06T09:01:44.293+0000] {processor.py:914} INFO - Processing file /home/airflow/.local/lib/python3.12/site-packages/airflow/example_dags/example_outlet_event_extra.py for tasks to queue
[2026-09-06T09:01:44.295+0000] {logging_mixin.py:190} INFO - [2026-09-06T09:01:44.295+0000] {dagbag.py:588} INFO - Filling up the DagBag from /home/airflow/.local/lib/python3.12/site-packages/airflow/example_dags/example_outlet_event_extra.py
[2026-09-06T09:01:44.792+0000] {processor.py:925} INFO - DAG(s) 'dataset_with_extra_by_context', 'dataset_with_extra_from_classic_operator', 'dataset_with_extra_by_yield' retrieved from /home/airflow/.local/lib/python3.12/site-packages/airflow/example_dags/example_outlet_event_extra.py
[2026-09-06T09:01:44.811+0000] {logging_mixin.py:190} INFO - [2026-09-06T09:01:44.810+0000] {dag.py:3239} INFO - Sync 3 DAGs
[2026-09-06T09:01:44.830+0000] {logging_mixin.py:190} INFO - [2026-09-06T09:01:44.830+0000] {dag.py:4180} INFO - Setting next_dagrun for dataset_with_extra_by_context to 2026-09-05 00:00:00+00:00, run_after=2026-09-06 00:00:00+00:00
[2026-09-06T09:01:44.834+0000] {logging_mixin.py:190} INFO - [2026-09-06T09:01:44.834+0000] {dag.py:4180} INFO - Setting next_dagrun for dataset_with_extra_by_yield to 2026-09-05 00:00:00+00:00, run_after=2026-09-06 00:00:00+00:00
[2026-09-06T09:01:44.836+0000] {logging_mixin.py:190} INFO - [2026-09-06T09:01:44.836+0000] {dag.py:4180} INFO - Setting next_dagrun for dataset_with_extra_from_classic_operator to 2026-09-05 00:00:00+00:00, run_after=2026-09-06 00:00:00+00:00
[2026-09-06T09:01:44.851+0000] {processor.py:208} INFO - Processing /home/airflow/.local/lib/python3.12/site-packages/airflow/example_dags/example_outlet_event_extra.py took 0.564 seconds
[2026-09-06T09:02:14.937+0000] {processor.py:186} INFO - Started process (PID=1091) to work on /home/airflow/.local/lib/python3.12/site-packages/airflow/example_dags/example_outlet_event_extra.py
[2026-09-06T09:02:14.938+0000] {processor.py:914} INFO - Processing file /home/airflow/.local/lib/python3.12/site-packages/airflow/example_dags/example_outlet_event_extra.py for tasks to queue
[2026-09-06T09:02:14.940+0000] {logging_mixin.py:190} INFO - [2026-09-06T09:02:14.940+0000] {dagbag.py:588} INFO - Filling up the DagBag from /home/airflow/.local/lib/python3.12/site-packages/airflow/example_dags/example_outlet_event_extra.py
[2026-09-06T09:02:15.423+0000] {processor.py:925} INFO - DAG(s) 'dataset_with_extra_by_context', 'dataset_with_extra_from_classic_operator', 'dataset_with_extra_by_yield' retrieved from /home/airflow/.local/lib/python3.12/site-packages/airflow/example_dags/example_outlet_event_extra.py
[2026-09-06T09:02:15.440+0000] {logging_mixin.py:190} INFO - [2026-09-06T09:02:15.440+0000] {dag.py:3239} INFO - Sync 3 DAGs
[2026-09-06T09:02:15.458+0000] {logging_mixin.py:190} INFO - [2026-09-06T09:02:15.458+0000] {dag.py:4180} INFO - Setting next_dagrun for dataset_with_extra_by_context to 2026-09-05 00:00:00+00:00, run_after=2026-09-06 00:00:00+00:00
[2026-09-06T09:02:15.462+0000] {logging_mixin.py:190} INFO - [2026-09-06T09:02:15.462+0000] {dag.py:4180} INFO - Setting next_dagrun for dataset_with_extra_by_yield to 2026-09-05 00:00:00+00:00, run_after=2026-09-06 00:00:00+00:00
[2026-09-06T09:02:15.464+0000] {logging_mixin.py:190} INFO - [2026-09-06T09:02:15.464+0000] {dag.py:4180} INFO - Setting next_dagrun for dataset_with_extra_from_classic_operator to 2026-09-05 00:00:00+00:00, run_after=2026-09-06 00:00:00+00:00
[2026-09-06T09:02:15.480+0000] {processor.py:208} INFO - Processing /home/airflow/.local/lib/python3.12/site-packages/airflow/example_dags/example_outlet_event_extra.py took 0.548 seconds
[2026-09-06T09:02:46.214+0000] {processor.py:186} INFO - Started process (PID=1156) to work on /home/airflow/.local/lib/python3.12/site-packages/airflow/example_dags/example_outlet_event_extra.py
[2026-09-06T09:02:46.216+0000] {processor.py:914} INFO - Processing file /home/airflow/.local/lib/python3.12/site-packages/airflow/example_dags/example_outlet_event_extra.py for tasks to queue
[2026-09-06T09:02:46.218+0000] {logging_mixin.py:190} INFO - [2026-09-06T09:02:46.218+0000] {dagbag.py:588} INFO - Filling up the DagBag from /home/airflow/.local/lib/python3.12/site-packages/airflow/example_dags/example_outlet_event_extra.py
[2026-09-06T09:02:46.785+0000] {processor.py:925} INFO - DAG(s) 'dataset_with_extra_by_yield', 'dataset_with_extra_by_context', 'dataset_with_extra_from_classic_operator' retrieved from /home/airflow/.local/lib/python3.12/site-packages/airflow/example_dags/example_outlet_event_extra.py
[2026-09-06T09:02:46.806+0000] {logging_mixin.py:190} INFO - [2026-09-06T09:02:46.805+0000] {dag.py:3239} INFO - Sync 3 DAGs
[2026-09-06T09:02:46.825+0000] {logging_mixin.py:190} INFO - [2026-09-06T09:02:46.825+0000] {dag.py:4180} INFO - Setting next_dagrun for dataset_with_extra_by_context to 2026-09-05 00:00:00+00:00, run_after=2026-09-06 00:00:00+00:00
[2026-09-06T09:02:46.829+0000] {logging_mixin.py:190} INFO - [2026-09-06T09:02:46.829+0000] {dag.py:4180} INFO - Setting next_dagrun for dataset_with_extra_by_yield to 2026-09-05 00:00:00+00:00, run_after=2026-09-06 00:00:00+00:00
[2026-09-06T09:02:46.832+0000] {logging_mixin.py:190} INFO - [2026-09-06T09:02:46.831+0000] {dag.py:4180} INFO - Setting next_dagrun for dataset_with_extra_from_classic_operator to 2026-09-05 00:00:00+00:00, run_after=2026-09-06 00:00:00+00:00
[2026-09-06T09:02:46.850+0000] {processor.py:208} INFO - Processing /home/airflow/.local/lib/python3.12/site-packages/airflow/example_dags/example_outlet_event_extra.py took 0.641 seconds
[2026-09-06T09:03:17.054+0000] {processor.py:186} INFO - Started process (PID=1220) to work on /home/airflow/.local/lib/python3.12/site-packages/airflow/example_dags/example_outlet_event_extra.py
[2026-09-06T09:03:17.055+0000] {processor.py:914} INFO - Processing file /home/airflow/.local/lib/python3.12/site-packages/airflow/example_dags/example_outlet_event_extra.py for tasks to queue
[2026-09-06T09:03:17.057+0000] {logging_mixin.py:190} INFO - [2026-09-06T09:03:17.057+0000] {dagbag.py:588} INFO - Filling up the DagBag from /home/airflow/.local/lib/python3.12/site-packages/airflow/example_dags/example_outlet_event_extra.py
[2026-09-06T09:03:17.639+0000] {processor.py:925} INFO - DAG(s) 'dataset_with_extra_from_classic_operator', 'dataset_with_extra_by_context', 'dataset_with_extra_by_yield' retrieved from /home/airflow/.local/lib/python3.12/site-packages/airflow/example_dags/example_outlet_event_extra.py
[2026-09-06T09:03:17.661+0000] {logging_mixin.py:190} INFO - [2026-09-06T09:03:17.660+0000] {dag.py:3239} INFO - Sync 3 DAGs
[2026-09-06T09:03:17.682+0000] {logging_mixin.py:190} INFO - [2026-09-06T09:03:17.682+0000] {dag.py:4180} INFO - Setting next_dagrun for dataset_with_extra_by_context to 2026-09-05 00:00:00+00:00, run_after=2026-09-06 00:00:00+00:00
[2026-09-06T09:03:17.687+0000] {logging_mixin.py:190} INFO - [2026-09-06T09:03:17.687+0000] {dag.py:4180} INFO - Setting next_dagrun for dataset_with_extra_by_yield to 2026-09-05 00:00:00+00:00, run_after=2026-09-06 00:00:00+00:00
[2026-09-06T09:03:17.689+0000] {logging_mixin.py:190} INFO - [2026-09-06T09:03:17.689+0000] {dag.py:4180} INFO - Setting next_dagrun for dataset_with_extra_from_classic_operator to 2026-09-05 00:00:00+00:00, run_after=2026-09-06 00:00:00+00:00
[2026-09-06T09:03:17.708+0000] {processor.py:208} INFO - Processing /home/airflow/.local/lib/python3.12/site-packages/airflow/example_dags/example_outlet_event_extra.py took 0.660 seconds
[2026-09-06T09:03:48.397+0000] {processor.py:186} INFO - Started process (PID=1284) to work on /home/airflow/.local/lib/python3.12/site-packages/airflow/example_dags/example_outlet_event_extra.py
[2026-09-06T09:03:48.398+0000] {processor.py:914} INFO - Processing file /home/airflow/.local/lib/python3.12/site-packages/airflow/example_dags/example_outlet_event_extra.py for tasks to queue
[2026-09-06T09:03:48.401+0000] {logging_mixin.py:190} INFO - [2026-09-06T09:03:48.400+0000] {dagbag.py:588} INFO - Filling up the DagBag from /home/airflow/.local/lib/python3.12/site-packages/airflow/example_dags/example_outlet_event_extra.py
[2026-09-06T09:03:48.928+0000] {processor.py:925} INFO - DAG(s) 'dataset_with_extra_by_context', 'dataset_with_extra_by_yield', 'dataset_with_extra_from_classic_operator' retrieved from /home/airflow/.local/lib/python3.12/site-packages/airflow/example_dags/example_outlet_event_extra.py
[2026-09-06T09:03:48.948+0000] {logging_mixin.py:190} INFO - [2026-09-06T09:03:48.947+0000] {dag.py:3239} INFO - Sync 3 DAGs
[2026-09-06T09:03:48.968+0000] {logging_mixin.py:190} INFO - [2026-09-06T09:03:48.968+0000] {dag.py:4180} INFO - Setting next_dagrun for dataset_with_extra_by_context to 2026-09-05 00:00:00+00:00, run_after=2026-09-06 00:00:00+00:00
[2026-09-06T09:03:48.972+0000] {logging_mixin.py:190} INFO - [2026-09-06T09:03:48.972+0000] {dag.py:4180} INFO - Setting next_dagrun for dataset_with_extra_by_yield to 2026-09-05 00:00:00+00:00, run_after=2026-09-06 00:00:00+00:00
[2026-09-06T09:03:48.974+0000] {logging_mixin.py:190} INFO - [2026-09-06T09:03:48.974+0000] {dag.py:4180} INFO - Setting next_dagrun for dataset_with_extra_from_classic_operator to 2026-09-05 00:00:00+00:00, run_after=2026-09-06 00:00:00+00:00
[2026-09-06T09:03:49.001+0000] {processor.py:208} INFO - Processing /home/airflow/.local/lib/python3.12/site-packages/airflow/example_dags/example_outlet_event_extra.py took 0.609 seconds
[2026-09-06T09:04:19.507+0000] {processor.py:186} INFO - Started process (PID=1348) to work on /home/airflow/.local/lib/python3.12/site-packages/airflow/example_dags/example_outlet_event_extra.py
[2026-09-06T09:04:19.508+0000] {processor.py:914} INFO - Processing file /home/airflow/.local/lib/python3.12/site-packages/airflow/example_dags/example_outlet_event_extra.py for tasks to queue
[2026-09-06T09:04:19.510+0000] {logging_mixin.py:190} INFO - [2026-09-06T09:04:19.510+0000] {dagbag.py:588} INFO - Filling up the DagBag from /home/airflow/.local/lib/python3.12/site-packages/airflow/example_dags/example_outlet_event_extra.py
[2026-09-06T09:04:19.998+0000] {processor.py:925} INFO - DAG(s) 'dataset_with_extra_by_context', 'dataset_with_extra_from_classic_operator', 'dataset_with_extra_by_yield' retrieved from /home/airflow/.local/lib/python3.12/site-packages/airflow/example_dags/example_outlet_event_extra.py
[2026-09-06T09:04:20.017+0000] {logging_mixin.py:190} INFO - [2026-09-06T09:04:20.016+0000] {dag.py:3239} INFO - Sync 3 DAGs
[2026-09-06T09:04:20.034+0000] {logging_mixin.py:190} INFO - [2026-09-06T09:04:20.034+0000] {dag.py:4180} INFO - Setting next_dagrun for dataset_with_extra_by_context to 2026-09-05 00:00:00+00:00, run_after=2026-09-06 00:00:00+00:00
[2026-09-06T09:04:20.038+0000] {logging_mixin.py:190} INFO - [2026-09-06T09:04:20.038+0000] {dag.py:4180} INFO - Setting next_dagrun for dataset_with_extra_by_yield to 2026-09-05 00:00:00+00:00, run_after=2026-09-06 00:00:00+00:00
[2026-09-06T09:04:20.040+0000] {logging_mixin.py:190} INFO - [2026-09-06T09:04:20.040+0000] {dag.py:4180} INFO - Setting next_dagrun for dataset_with_extra_from_classic_operator to 2026-09-05 00:00:00+00:00, run_after=2026-09-06 00:00:00+00:00
[2026-09-06T09:04:20.062+0000] {processor.py:208} INFO - Processing /home/airflow/.local/lib/python3.12/site-packages/airflow/example_dags/example_outlet_event_extra.py took 0.559 seconds
[2026-09-06T09:04:50.969+0000] {processor.py:186} INFO - Started process (PID=1412) to work on /home/airflow/.local/lib/python3.12/site-packages/airflow/example_dags/example_outlet_event_extra.py
[2026-09-06T09:04:50.970+0000] {processor.py:914} INFO - Processing file /home/airflow/.local/lib/python3.12/site-packages/airflow/example_dags/example_outlet_event_extra.py for tasks to queue
[2026-09-06T09:04:50.972+0000] {logging_mixin.py:190} INFO - [2026-09-06T09:04:50.972+0000] {dagbag.py:588} INFO - Filling up the DagBag from /home/airflow/.local/lib/python3.12/site-packages/airflow/example_dags/example_outlet_event_extra.py
[2026-09-06T09:04:51.477+0000] {processor.py:925} INFO - DAG(s) 'dataset_with_extra_by_yield', 'dataset_with_extra_by_context', 'dataset_with_extra_from_classic_operator' retrieved from /home/airflow/.local/lib/python3.12/site-packages/airflow/example_dags/example_outlet_event_extra.py
[2026-09-06T09:04:51.497+0000] {logging_mixin.py:190} INFO - [2026-09-06T09:04:51.497+0000] {dag.py:3239} INFO - Sync 3 DAGs
[2026-09-06T09:04:51.515+0000] {logging_mixin.py:190} INFO - [2026-09-06T09:04:51.514+0000] {dag.py:4180} INFO - Setting next_dagrun for dataset_with_extra_by_context to 2026-09-05 00:00:00+00:00, run_after=2026-09-06 00:00:00+00:00
[2026-09-06T09:04:51.518+0000] {logging_mixin.py:190} INFO - [2026-09-06T09:04:51.518+0000] {dag.py:4180} INFO - Setting next_dagrun for dataset_with_extra_by_yield to 2026-09-05 00:00:00+00:00, run_after=2026-09-06 00:00:00+00:00
[2026-09-06T09:04:51.520+0000] {logging_mixin.py:190} INFO - [2026-09-06T09:04:51.520+0000] {dag.py:4180} INFO - Setting next_dagrun for dataset_with_extra_from_classic_operator to 2026-09-05 00:00:00+00:00, run_after=2026-09-06 00:00:00+00:00
[2026-09-06T09:04:51.536+0000] {processor.py:208} INFO - Processing /home/airflow/.local/lib/python3.12/site-packages/airflow/example_dags/example_outlet_event_extra.py took 0.572 seconds
[2026-09-06T09:05:22.185+0000] {processor.py:186} INFO - Started process (PID=1476) to work on /home/airflow/.local/lib/python3.12/site-packages/airflow/example_dags/example_outlet_event_extra.py
[2026-09-06T09:05:22.186+0000] {processor.py:914} INFO - Processing file /home/airflow/.local/lib/python3.12/site-packages/airflow/example_dags/example_outlet_event_extra.py for tasks to queue
[2026-09-06T09:05:22.188+0000] {logging_mixin.py:190} INFO - [2026-09-06T09:05:22.188+0000] {dagbag.py:588} INFO - Filling up the DagBag from /home/airflow/.local/lib/python3.12/site-packages/airflow/example_dags/example_outlet_event_extra.py
[2026-09-06T09:05:22.671+0000] {processor.py:925} INFO - DAG(s) 'dataset_with_extra_by_context', 'dataset_with_extra_by_yield', 'dataset_with_extra_from_classic_operator' retrieved from /home/airflow/.local/lib/python3.12/site-packages/airflow/example_dags/example_outlet_event_extra.py
[2026-09-06T09:05:22.690+0000] {logging_mixin.py:190} INFO - [2026-09-06T09:05:22.690+0000] {dag.py:3239} INFO - Sync 3 DAGs
[2026-09-06T09:05:22.708+0000] {logging_mixin.py:190} INFO - [2026-09-06T09:05:22.708+0000] {dag.py:4180} INFO - Setting next_dagrun for dataset_with_extra_by_context to 2026-09-05 00:00:00+00:00, run_after=2026-09-06 00:00:00+00:00
[2026-09-06T09:05:22.712+0000] {logging_mixin.py:190} INFO - [2026-09-06T09:05:22.711+0000] {dag.py:4180} INFO - Setting next_dagrun for dataset_with_extra_by_yield to 2026-09-05 00:00:00+00:00, run_after=2026-09-06 00:00:00+00:00
[2026-09-06T09:05:22.714+0000] {logging_mixin.py:190} INFO - [2026-09-06T09:05:22.714+0000] {dag.py:4180} INFO - Setting next_dagrun for dataset_with_extra_from_classic_operator to 2026-09-05 00:00:00+00:00, run_after=2026-09-06 00:00:00+00:00
[2026-09-06T09:05:22.729+0000] {processor.py:208} INFO - Processing /home/airflow/.local/lib/python3.12/site-packages/airflow/example_dags/example_outlet_event_extra.py took 0.550 seconds
[2026-09-06T09:05:52.795+0000] {processor.py:186} INFO - Started process (PID=1540) to work on /home/airflow/.local/lib/python3.12/site-packages/airflow/example_dags/example_outlet_event_extra.py
[2026-09-06T09:05:52.796+0000] {processor.py:914} INFO - Processing file /home/airflow/.local/lib/python3.12/site-packages/airflow/example_dags/example_outlet_event_extra.py for tasks to queue
[2026-09-06T09:05:52.798+0000] {logging_mixin.py:190} INFO - [2026-09-06T09:05:52.797+0000] {dagbag.py:588} INFO - Filling up the DagBag from /home/airflow/.local/lib/python3.12/site-packages/airflow/example_dags/example_outlet_event_extra.py
[2026-09-06T09:05:53.271+0000] {processor.py:925} INFO - DAG(s) 'dataset_with_extra_by_context', 'dataset_with_extra_from_classic_operator', 'dataset_with_extra_by_yield' retrieved from /home/airflow/.local/lib/python3.12/site-packages/airflow/example_dags/example_outlet_event_extra.py
[2026-09-06T09:05:53.288+0000] {logging_mixin.py:190} INFO - [2026-09-06T09:05:53.287+0000] {dag.py:3239} INFO - Sync 3 DAGs
[2026-09-06T09:05:53.306+0000] {logging_mixin.py:190} INFO - [2026-09-06T09:05:53.306+0000] {dag.py:4180} INFO - Setting next_dagrun for dataset_with_extra_by_context to 2026-09-05 00:00:00+00:00, run_after=2026-09-06 00:00:00+00:00
[2026-09-06T09:05:53.310+0000] {logging_mixin.py:190} INFO - [2026-09-06T09:05:53.310+0000] {dag.py:4180} INFO - Setting next_dagrun for dataset_with_extra_by_yield to 2026-09-05 00:00:00+00:00, run_after=2026-09-06 00:00:00+00:00
[2026-09-06T09:05:53.313+0000] {logging_mixin.py:190} INFO - [2026-09-06T09:05:53.312+0000] {dag.py:4180} INFO - Setting next_dagrun for dataset_with_extra_from_classic_operator to 2026-09-05 00:00:00+00:00, run_after=2026-09-06 00:00:00+00:00
[2026-09-06T09:05:53.330+0000] {processor.py:208} INFO - Processing /home/airflow/.local/lib/python3.12/site-packages/airflow/example_dags/example_outlet_event_extra.py took 0.539 seconds
[2026-09-06T09:06:23.464+0000] {processor.py:186} INFO - Started process (PID=1604) to work on /home/airflow/.local/lib/python3.12/site-packages/airflow/example_dags/example_outlet_event_extra.py
[2026-09-06T09:06:23.465+0000] {processor.py:914} INFO - Processing file /home/airflow/.local/lib/python3.12/site-packages/airflow/example_dags/example_outlet_event_extra.py for tasks to queue
[2026-09-06T09:06:23.467+0000] {logging_mixin.py:190} INFO - [2026-09-06T09:06:23.466+0000] {dagbag.py:588} INFO - Filling up the DagBag from /home/airflow/.local/lib/python3.12/site-packages/airflow/example_dags/example_outlet_event_extra.py
[2026-09-06T09:06:23.984+0000] {processor.py:925} INFO - DAG(s) 'dataset_with_extra_by_context', 'dataset_with_extra_by_yield', 'dataset_with_extra_from_classic_operator' retrieved from /home/airflow/.local/lib/python3.12/site-packages/airflow/example_dags/example_outlet_event_extra.py
[2026-09-06T09:06:24.000+0000] {logging_mixin.py:190} INFO - [2026-09-06T09:06:24.000+0000] {dag.py:3239} INFO - Sync 3 DAGs
[2026-09-06T09:06:24.017+0000] {logging_mixin.py:190} INFO - [2026-09-06T09:06:24.017+0000] {dag.py:4180} INFO - Setting next_dagrun for dataset_with_extra_by_context to 2026-09-05 00:00:00+00:00, run_after=2026-09-06 00:00:00+00:00
[2026-09-06T09:06:24.021+0000] {logging_mixin.py:190} INFO - [2026-09-06T09:06:24.021+0000] {dag.py:4180} INFO - Setting next_dagrun for dataset_with_extra_by_yield to 2026-09-05 00:00:00+00:00, run_after=2026-09-06 00:00:00+00:00
[2026-09-06T09:06:24.023+0000] {logging_mixin.py:190} INFO - [2026-09-06T09:06:24.023+0000] {dag.py:4180} INFO - Setting next_dagrun for dataset_with_extra_from_classic_operator to 2026-09-05 00:00:00+00:00, run_after=2026-09-06 00:00:00+00:00
[2026-09-06T09:06:24.038+0000] {processor.py:208} INFO - Processing /home/airflow/.local/lib/python3.12/site-packages/airflow/example_dags/example_outlet_event_extra.py took 0.579 seconds
[2026-09-06T09:06:54.434+0000] {processor.py:186} INFO - Started process (PID=1668) to work on /home/airflow/.local/lib/python3.12/site-packages/airflow/example_dags/example_outlet_event_extra.py
[2026-09-06T09:06:54.435+0000] {processor.py:914} INFO - Processing file /home/airflow/.local/lib/python3.12/site-packages/airflow/example_dags/example_outlet_event_extra.py for tasks to queue
[2026-09-06T09:06:54.437+0000] {logging_mixin.py:190} INFO - [2026-09-06T09:06:54.437+0000] {dagbag.py:588} INFO - Filling up the DagBag from /home/airflow/.local/lib/python3.12/site-packages/airflow/example_dags/example_outlet_event_extra.py
[2026-09-06T09:06:54.971+0000] {processor.py:925} INFO - DAG(s) 'dataset_with_extra_by_context', 'dataset_with_extra_from_classic_operator', 'dataset_with_extra_by_yield' retrieved from /home/airflow/.local/lib/python3.12/site-packages/airflow/example_dags/example_outlet_event_extra.py
[2026-09-06T09:06:54.989+0000] {logging_mixin.py:190} INFO - [2026-09-06T09:06:54.989+0000] {dag.py:3239} INFO - Sync 3 DAGs
[2026-09-06T09:06:55.007+0000] {logging_mixin.py:190} INFO - [2026-09-06T09:06:55.007+0000] {dag.py:4180} INFO - Setting next_dagrun for dataset_with_extra_by_context to 2026-09-05 00:00:00+00:00, run_after=2026-09-06 00:00:00+00:00
[2026-09-06T09:06:55.011+0000] {logging_mixin.py:190} INFO - [2026-09-06T09:06:55.011+0000] {dag.py:4180} INFO - Setting next_dagrun for dataset_with_extra_by_yield to 2026-09-05 00:00:00+00:00, run_after=2026-09-06 00:00:00+00:00
[2026-09-06T09:06:55.013+0000] {logging_mixin.py:190} INFO - [2026-09-06T09:06:55.013+0000] {dag.py:4180} INFO - Setting next_dagrun for dataset_with_extra_from_classic_operator to 2026-09-05 00:00:00+00:00, run_after=2026-09-06 00:00:00+00:00
[2026-09-06T09:06:55.029+0000] {processor.py:208} INFO - Processing /home/airflow/.local/lib/python3.12/site-packages/airflow/example_dags/example_outlet_event_extra.py took 0.601 seconds
[2026-09-06T09:07:25.361+0000] {processor.py:186} INFO - Started process (PID=1732) to work on /home/airflow/.local/lib/python3.12/site-packages/airflow/example_dags/example_outlet_event_extra.py
[2026-09-06T09:07:25.362+0000] {processor.py:914} INFO - Processing file /home/airflow/.local/lib/python3.12/site-packages/airflow/example_dags/example_outlet_event_extra.py for tasks to queue
[2026-09-06T09:07:25.364+0000] {logging_mixin.py:190} INFO - [2026-09-06T09:07:25.364+0000] {dagbag.py:588} INFO - Filling up the DagBag from /home/airflow/.local/lib/python3.12/site-packages/airflow/example_dags/example_outlet_event_extra.py
[2026-09-06T09:07:25.889+0000] {processor.py:925} INFO - DAG(s) 'dataset_with_extra_by_yield', 'dataset_with_extra_from_classic_operator', 'dataset_with_extra_by_context' retrieved from /home/airflow/.local/lib/python3.12/site-packages/airflow/example_dags/example_outlet_event_extra.py
[2026-09-06T09:07:25.908+0000] {logging_mixin.py:190} INFO - [2026-09-06T09:07:25.908+0000] {dag.py:3239} INFO - Sync 3 DAGs
[2026-09-06T09:07:25.926+0000] {logging_mixin.py:190} INFO - [2026-09-06T09:07:25.926+0000] {dag.py:4180} INFO - Setting next_dagrun for dataset_with_extra_by_context to 2026-09-05 00:00:00+00:00, run_after=2026-09-06 00:00:00+00:00
[2026-09-06T09:07:25.930+0000] {logging_mixin.py:190} INFO - [2026-09-06T09:07:25.930+0000] {dag.py:4180} INFO - Setting next_dagrun for dataset_with_extra_by_yield to 2026-09-05 00:00:00+00:00, run_after=2026-09-06 00:00:00+00:00
[2026-09-06T09:07:25.934+0000] {logging_mixin.py:190} INFO - [2026-09-06T09:07:25.934+0000] {dag.py:4180} INFO - Setting next_dagrun for dataset_with_extra_from_classic_operator to 2026-09-05 00:00:00+00:00, run_after=2026-09-06 00:00:00+00:00
[2026-09-06T09:07:25.951+0000] {processor.py:208} INFO - Processing /home/airflow/.local/lib/python3.12/site-packages/airflow/example_dags/example_outlet_event_extra.py took 0.594 seconds
[2026-09-06T09:07:56.289+0000] {processor.py:186} INFO - Started process (PID=1796) to work on /home/airflow/.local/lib/python3.12/site-packages/airflow/example_dags/example_outlet_event_extra.py
[2026-09-06T09:07:56.290+0000] {processor.py:914} INFO - Processing file /home/airflow/.local/lib/python3.12/site-packages/airflow/example_dags/example_outlet_event_extra.py for tasks to queue
[2026-09-06T09:07:56.292+0000] {logging_mixin.py:190} INFO - [2026-09-06T09:07:56.292+0000] {dagbag.py:588} INFO - Filling up the DagBag from /home/airflow/.local/lib/python3.12/site-packages/airflow/example_dags/example_outlet_event_extra.py
[2026-09-06T09:07:56.738+0000] {processor.py:925} INFO - DAG(s) 'dataset_with_extra_by_yield', 'dataset_with_extra_by_context', 'dataset_with_extra_from_classic_operator' retrieved from /home/airflow/.local/lib/python3.12/site-packages/airflow/example_dags/example_outlet_event_extra.py
[2026-09-06T09:07:56.754+0000] {logging_mixin.py:190} INFO - [2026-09-06T09:07:56.753+0000] {dag.py:3239} INFO - Sync 3 DAGs
[2026-09-06T09:07:56.769+0000] {logging_mixin.py:190} INFO - [2026-09-06T09:07:56.769+0000] {dag.py:4180} INFO - Setting next_dagrun for dataset_with_extra_by_context to 2026-09-05 00:00:00+00:00, run_after=2026-09-06 00:00:00+00:00
[2026-09-06T09:07:56.773+0000] {logging_mixin.py:190} INFO - [2026-09-06T09:07:56.772+0000] {dag.py:4180} INFO - Setting next_dagrun for dataset_with_extra_by_yield to 2026-09-05 00:00:00+00:00, run_after=2026-09-06 00:00:00+00:00
[2026-09-06T09:07:56.775+0000] {logging_mixin.py:190} INFO - [2026-09-06T09:07:56.774+0000] {dag.py:4180} INFO - Setting next_dagrun for dataset_with_extra_from_classic_operator to 2026-09-05 00:00:00+00:00, run_after=2026-09-06 00:00:00+00:00
[2026-09-06T09:07:56.791+0000] {processor.py:208} INFO - Processing /home/airflow/.local/lib/python3.12/site-packages/airflow/example_dags/example_outlet_event_extra.py took 0.507 seconds
[2026-09-06T09:08:26.941+0000] {processor.py:186} INFO - Started process (PID=1860) to work on /home/airflow/.local/lib/python3.12/site-packages/airflow/example_dags/example_outlet_event_extra.py
[2026-09-06T09:08:26.942+0000] {processor.py:914} INFO - Processing file /home/airflow/.local/lib/python3.12/site-packages/airflow/example_dags/example_outlet_event_extra.py for tasks to queue
[2026-09-06T09:08:26.944+0000] {logging_mixin.py:190} INFO - [2026-09-06T09:08:26.943+0000] {dagbag.py:588} INFO - Filling up the DagBag from /home/airflow/.local/lib/python3.12/site-packages/airflow/example_dags/example_outlet_event_extra.py
[2026-09-06T09:08:27.411+0000] {processor.py:925} INFO - DAG(s) 'dataset_with_extra_by_yield', 'dataset_with_extra_from_classic_operator', 'dataset_with_extra_by_context' retrieved from /home/airflow/.local/lib/python3.12/site-packages/airflow/example_dags/example_outlet_event_extra.py
[2026-09-06T09:08:27.428+0000] {logging_mixin.py:190} INFO - [2026-09-06T09:08:27.428+0000] {dag.py:3239} INFO - Sync 3 DAGs
[2026-09-06T09:08:27.446+0000] {logging_mixin.py:190} INFO - [2026-09-06T09:08:27.446+0000] {dag.py:4180} INFO - Setting next_dagrun for dataset_with_extra_by_context to 2026-09-05 00:00:00+00:00, run_after=2026-09-06 00:00:00+00:00
[2026-09-06T09:08:27.449+0000] {logging_mixin.py:190} INFO - [2026-09-06T09:08:27.449+0000] {dag.py:4180} INFO - Setting next_dagrun for dataset_with_extra_by_yield to 2026-09-05 00:00:00+00:00, run_after=2026-09-06 00:00:00+00:00
[2026-09-06T09:08:27.451+0000] {logging_mixin.py:190} INFO - [2026-09-06T09:08:27.451+0000] {dag.py:4180} INFO - Setting next_dagrun for dataset_with_extra_from_classic_operator to 2026-09-05 00:00:00+00:00, run_after=2026-09-06 00:00:00+00:00
[2026-09-06T09:08:27.466+0000] {processor.py:208} INFO - Processing /home/airflow/.local/lib/python3.12/site-packages/airflow/example_dags/example_outlet_event_extra.py took 0.530 seconds
[2026-09-06T09:08:57.651+0000] {processor.py:186} INFO - Started process (PID=1924) to work on /home/airflow/.local/lib/python3.12/site-packages/airflow/example_dags/example_outlet_event_extra.py
[2026-09-06T09:08:57.652+0000] {processor.py:914} INFO - Processing file /home/airflow/.local/lib/python3.12/site-packages/airflow/example_dags/example_outlet_event_extra.py for tasks to queue
[2026-09-06T09:08:57.654+0000] {logging_mixin.py:190} INFO - [2026-09-06T09:08:57.654+0000] {dagbag.py:588} INFO - Filling up the DagBag from /home/airflow/.local/lib/python3.12/site-packages/airflow/example_dags/example_outlet_event_extra.py
[2026-09-06T09:08:58.155+0000] {processor.py:925} INFO - DAG(s) 'dataset_with_extra_by_yield', 'dataset_with_extra_from_classic_operator', 'dataset_with_extra_by_context' retrieved from /home/airflow/.local/lib/python3.12/site-packages/airflow/example_dags/example_outlet_event_extra.py
[2026-09-06T09:08:58.174+0000] {logging_mixin.py:190} INFO - [2026-09-06T09:08:58.174+0000] {dag.py:3239} INFO - Sync 3 DAGs
[2026-09-06T09:08:58.192+0000] {logging_mixin.py:190} INFO - [2026-09-06T09:08:58.191+0000] {dag.py:4180} INFO - Setting next_dagrun for dataset_with_extra_by_context to 2026-09-05 00:00:00+00:00, run_after=2026-09-06 00:00:00+00:00
[2026-09-06T09:08:58.195+0000] {logging_mixin.py:190} INFO - [2026-09-06T09:08:58.195+0000] {dag.py:4180} INFO - Setting next_dagrun for dataset_with_extra_by_yield to 2026-09-05 00:00:00+00:00, run_after=2026-09-06 00:00:00+00:00
[2026-09-06T09:08:58.198+0000] {logging_mixin.py:190} INFO - [2026-09-06T09:08:58.197+0000] {dag.py:4180} INFO - Setting next_dagrun for dataset_with_extra_from_classic_operator to 2026-09-05 00:00:00+00:00, run_after=2026-09-06 00:00:00+00:00
[2026-09-06T09:08:58.213+0000] {processor.py:208} INFO - Processing /home/airflow/.local/lib/python3.12/site-packages/airflow/example_dags/example_outlet_event_extra.py took 0.566 seconds
[2026-09-06T09:09:28.372+0000] {processor.py:186} INFO - Started process (PID=1988) to work on /home/airflow/.local/lib/python3.12/site-packages/airflow/example_dags/example_outlet_event_extra.py
[2026-09-06T09:09:28.373+0000] {processor.py:914} INFO - Processing file /home/airflow/.local/lib/python3.12/site-packages/airflow/example_dags/example_outlet_event_extra.py for tasks to queue
[2026-09-06T09:09:28.375+0000] {logging_mixin.py:190} INFO - [2026-09-06T09:09:28.375+0000] {dagbag.py:588} INFO - Filling up the DagBag from /home/airflow/.local/lib/python3.12/site-packages/airflow/example_dags/example_outlet_event_extra.py
[2026-09-06T09:09:28.870+0000] {processor.py:925} INFO - DAG(s) 'dataset_with_extra_from_classic_operator', 'dataset_with_extra_by_yield', 'dataset_with_extra_by_context' retrieved from /home/airflow/.local/lib/python3.12/site-packages/airflow/example_dags/example_outlet_event_extra.py
[2026-09-06T09:09:28.890+0000] {logging_mixin.py:190} INFO - [2026-09-06T09:09:28.889+0000] {dag.py:3239} INFO - Sync 3 DAGs
[2026-09-06T09:09:28.908+0000] {logging_mixin.py:190} INFO - [2026-09-06T09:09:28.908+0000] {dag.py:4180} INFO - Setting next_dagrun for dataset_with_extra_by_context to 2026-09-05 00:00:00+00:00, run_after=2026-09-06 00:00:00+00:00
[2026-09-06T09:09:28.912+0000] {logging_mixin.py:190} INFO - [2026-09-06T09:09:28.912+0000] {dag.py:4180} INFO - Setting next_dagrun for dataset_with_extra_by_yield to 2026-09-05 00:00:00+00:00, run_after=2026-09-06 00:00:00+00:00
[2026-09-06T09:09:28.914+0000] {logging_mixin.py:190} INFO - [2026-09-06T09:09:28.914+0000] {dag.py:4180} INFO - Setting next_dagrun for dataset_with_extra_from_classic_operator to 2026-09-05 00:00:00+00:00, run_after=2026-09-06 00:00:00+00:00
[2026-09-06T09:09:28.931+0000] {processor.py:208} INFO - Processing /home/airflow/.local/lib/python3.12/site-packages/airflow/example_dags/example_outlet_event_extra.py took 0.564 seconds
[2026-09-06T09:09:59.574+0000] {processor.py:186} INFO - Started process (PID=2058) to work on /home/airflow/.local/lib/python3.12/site-packages/airflow/example_dags/example_outlet_event_extra.py
[2026-09-06T09:09:59.575+0000] {processor.py:914} INFO - Processing file /home/airflow/.local/lib/python3.12/site-packages/airflow/example_dags/example_outlet_event_extra.py for tasks to queue
[2026-09-06T09:09:59.577+0000] {logging_mixin.py:190} INFO - [2026-09-06T09:09:59.577+0000] {dagbag.py:588} INFO - Filling up the DagBag from /home/airflow/.local/lib/python3.12/site-packages/airflow/example_dags/example_outlet_event_extra.py
[2026-09-06T09:10:00.117+0000] {processor.py:925} INFO - DAG(s) 'dataset_with_extra_by_context', 'dataset_with_extra_from_classic_operator', 'dataset_with_extra_by_yield' retrieved from /home/airflow/.local/lib/python3.12/site-packages/airflow/example_dags/example_outlet_event_extra.py
[2026-09-06T09:10:00.137+0000] {logging_mixin.py:190} INFO - [2026-09-06T09:10:00.137+0000] {dag.py:3239} INFO - Sync 3 DAGs
[2026-09-06T09:10:00.158+0000] {logging_mixin.py:190} INFO - [2026-09-06T09:10:00.158+0000] {dag.py:4180} INFO - Setting next_dagrun for dataset_with_extra_by_context to 2026-09-05 00:00:00+00:00, run_after=2026-09-06 00:00:00+00:00
[2026-09-06T09:10:00.162+0000] {logging_mixin.py:190} INFO - [2026-09-06T09:10:00.162+0000] {dag.py:4180} INFO - Setting next_dagrun for dataset_with_extra_by_yield to 2026-09-05 00:00:00+00:00, run_after=2026-09-06 00:00:00+00:00
[2026-09-06T09:10:00.164+0000] {logging_mixin.py:190} INFO - [2026-09-06T09:10:00.164+0000] {dag.py:4180} INFO - Setting next_dagrun for dataset_with_extra_from_classic_operator to 2026-09-05 00:00:00+00:00, run_after=2026-09-06 00:00:00+00:00
[2026-09-06T09:10:00.188+0000] {processor.py:208} INFO - Processing /home/airflow/.local/lib/python3.12/site-packages/airflow/example_dags/example_outlet_event_extra.py took 0.620 seconds
[2026-09-06T09:10:31.196+0000] {processor.py:186} INFO - Started process (PID=2122) to work on /home/airflow/.local/lib/python3.12/site-packages/airflow/example_dags/example_outlet_event_extra.py
[2026-09-06T09:10:31.197+0000] {processor.py:914} INFO - Processing file /home/airflow/.local/lib/python3.12/site-packages/airflow/example_dags/example_outlet_event_extra.py for tasks to queue
[2026-09-06T09:10:31.200+0000] {logging_mixin.py:190} INFO - [2026-09-06T09:10:31.200+0000] {dagbag.py:588} INFO - Filling up the DagBag from /home/airflow/.local/lib/python3.12/site-packages/airflow/example_dags/example_outlet_event_extra.py
[2026-09-06T09:10:31.694+0000] {processor.py:925} INFO - DAG(s) 'dataset_with_extra_from_classic_operator', 'dataset_with_extra_by_context', 'dataset_with_extra_by_yield' retrieved from /home/airflow/.local/lib/python3.12/site-packages/airflow/example_dags/example_outlet_event_extra.py
[2026-09-06T09:10:31.713+0000] {logging_mixin.py:190} INFO - [2026-09-06T09:10:31.713+0000] {dag.py:3239} INFO - Sync 3 DAGs
[2026-09-06T09:10:31.733+0000] {logging_mixin.py:190} INFO - [2026-09-06T09:10:31.733+0000] {dag.py:4180} INFO - Setting next_dagrun for dataset_with_extra_by_context to 2026-09-05 00:00:00+00:00, run_after=2026-09-06 00:00:00+00:00
[2026-09-06T09:10:31.736+0000] {logging_mixin.py:190} INFO - [2026-09-06T09:10:31.736+0000] {dag.py:4180} INFO - Setting next_dagrun for dataset_with_extra_by_yield to 2026-09-05 00:00:00+00:00, run_after=2026-09-06 00:00:00+00:00
[2026-09-06T09:10:31.739+0000] {logging_mixin.py:190} INFO - [2026-09-06T09:10:31.739+0000] {dag.py:4180} INFO - Setting next_dagrun for dataset_with_extra_from_classic_operator to 2026-09-05 00:00:00+00:00, run_after=2026-09-06 00:00:00+00:00
[2026-09-06T09:10:31.754+0000] {processor.py:208} INFO - Processing /home/airflow/.local/lib/python3.12/site-packages/airflow/example_dags/example_outlet_event_extra.py took 0.562 seconds
[2026-09-06T09:11:02.460+0000] {processor.py:186} INFO - Started process (PID=2186) to work on /home/airflow/.local/lib/python3.12/site-packages/airflow/example_dags/example_outlet_event_extra.py
[2026-09-06T09:11:02.461+0000] {processor.py:914} INFO - Processing file /home/airflow/.local/lib/python3.12/site-packages/airflow/example_dags/example_outlet_event_extra.py for tasks to queue
[2026-09-06T09:11:02.463+0000] {logging_mixin.py:190} INFO - [2026-09-06T09:11:02.463+0000] {dagbag.py:588} INFO - Filling up the DagBag from /home/airflow/.local/lib/python3.12/site-packages/airflow/example_dags/example_outlet_event_extra.py
[2026-09-06T09:11:02.974+0000] {processor.py:925} INFO - DAG(s) 'dataset_with_extra_from_classic_operator', 'dataset_with_extra_by_context', 'dataset_with_extra_by_yield' retrieved from /home/airflow/.local/lib/python3.12/site-packages/airflow/example_dags/example_outlet_event_extra.py
[2026-09-06T09:11:02.992+0000] {logging_mixin.py:190} INFO - [2026-09-06T09:11:02.992+0000] {dag.py:3239} INFO - Sync 3 DAGs
[2026-09-06T09:11:03.010+0000] {logging_mixin.py:190} INFO - [2026-09-06T09:11:03.010+0000] {dag.py:4180} INFO - Setting next_dagrun for dataset_with_extra_by_context to 2026-09-05 00:00:00+00:00, run_after=2026-09-06 00:00:00+00:00
[2026-09-06T09:11:03.015+0000] {logging_mixin.py:190} INFO - [2026-09-06T09:11:03.014+0000] {dag.py:4180} INFO - Setting next_dagrun for dataset_with_extra_by_yield to 2026-09-05 00:00:00+00:00, run_after=2026-09-06 00:00:00+00:00
[2026-09-06T09:11:03.019+0000] {logging_mixin.py:190} INFO - [2026-09-06T09:11:03.018+0000] {dag.py:4180} INFO - Setting next_dagrun for dataset_with_extra_from_classic_operator to 2026-09-05 00:00:00+00:00, run_after=2026-09-06 00:00:00+00:00
[2026-09-06T09:11:03.035+0000] {processor.py:208} INFO - Processing /home/airflow/.local/lib/python3.12/site-packages/airflow/example_dags/example_outlet_event_extra.py took 0.580 seconds
[2026-09-06T09:11:33.716+0000] {processor.py:186} INFO - Started process (PID=2250) to work on /home/airflow/.local/lib/python3.12/site-packages/airflow/example_dags/example_outlet_event_extra.py
[2026-09-06T09:11:33.717+0000] {processor.py:914} INFO - Processing file /home/airflow/.local/lib/python3.12/site-packages/airflow/example_dags/example_outlet_event_extra.py for tasks to queue
[2026-09-06T09:11:33.719+0000] {logging_mixin.py:190} INFO - [2026-09-06T09:11:33.719+0000] {dagbag.py:588} INFO - Filling up the DagBag from /home/airflow/.local/lib/python3.12/site-packages/airflow/example_dags/example_outlet_event_extra.py
[2026-09-06T09:11:34.241+0000] {processor.py:925} INFO - DAG(s) 'dataset_with_extra_from_classic_operator', 'dataset_with_extra_by_context', 'dataset_with_extra_by_yield' retrieved from /home/airflow/.local/lib/python3.12/site-packages/airflow/example_dags/example_outlet_event_extra.py
[2026-09-06T09:11:34.258+0000] {logging_mixin.py:190} INFO - [2026-09-06T09:11:34.258+0000] {dag.py:3239} INFO - Sync 3 DAGs
[2026-09-06T09:11:34.276+0000] {logging_mixin.py:190} INFO - [2026-09-06T09:11:34.276+0000] {dag.py:4180} INFO - Setting next_dagrun for dataset_with_extra_by_context to 2026-09-05 00:00:00+00:00, run_after=2026-09-06 00:00:00+00:00
[2026-09-06T09:11:34.280+0000] {logging_mixin.py:190} INFO - [2026-09-06T09:11:34.280+0000] {dag.py:4180} INFO - Setting next_dagrun for dataset_with_extra_by_yield to 2026-09-05 00:00:00+00:00, run_after=2026-09-06 00:00:00+00:00
[2026-09-06T09:11:34.282+0000] {logging_mixin.py:190} INFO - [2026-09-06T09:11:34.282+0000] {dag.py:4180} INFO - Setting next_dagrun for dataset_with_extra_from_classic_operator to 2026-09-05 00:00:00+00:00, run_after=2026-09-06 00:00:00+00:00
[2026-09-06T09:11:34.297+0000] {processor.py:208} INFO - Processing /home/airflow/.local/lib/python3.12/site-packages/airflow/example_dags/example_outlet_event_extra.py took 0.585 seconds
[2026-09-06T09:12:04.918+0000] {processor.py:186} INFO - Started process (PID=2314) to work on /home/airflow/.local/lib/python3.12/site-packages/airflow/example_dags/example_outlet_event_extra.py
[2026-09-06T09:12:04.919+0000] {processor.py:914} INFO - Processing file /home/airflow/.local/lib/python3.12/site-packages/airflow/example_dags/example_outlet_event_extra.py for tasks to queue
[2026-09-06T09:12:04.921+0000] {logging_mixin.py:190} INFO - [2026-09-06T09:12:04.921+0000] {dagbag.py:588} INFO - Filling up the DagBag from /home/airflow/.local/lib/python3.12/site-packages/airflow/example_dags/example_outlet_event_extra.py
[2026-09-06T09:12:05.397+0000] {processor.py:925} INFO - DAG(s) 'dataset_with_extra_by_yield', 'dataset_with_extra_from_classic_operator', 'dataset_with_extra_by_context' retrieved from /home/airflow/.local/lib/python3.12/site-packages/airflow/example_dags/example_outlet_event_extra.py
[2026-09-06T09:12:05.416+0000] {logging_mixin.py:190} INFO - [2026-09-06T09:12:05.416+0000] {dag.py:3239} INFO - Sync 3 DAGs
[2026-09-06T09:12:05.434+0000] {logging_mixin.py:190} INFO - [2026-09-06T09:12:05.433+0000] {dag.py:4180} INFO - Setting next_dagrun for dataset_with_extra_by_context to 2026-09-05 00:00:00+00:00, run_after=2026-09-06 00:00:00+00:00
[2026-09-06T09:12:05.438+0000] {logging_mixin.py:190} INFO - [2026-09-06T09:12:05.437+0000] {dag.py:4180} INFO - Setting next_dagrun for dataset_with_extra_by_yield to 2026-09-05 00:00:00+00:00, run_after=2026-09-06 00:00:00+00:00
[2026-09-06T09:12:05.440+0000] {logging_mixin.py:190} INFO - [2026-09-06T09:12:05.439+0000] {dag.py:4180} INFO - Setting next_dagrun for dataset_with_extra_from_classic_operator to 2026-09-05 00:00:00+00:00, run_after=2026-09-06 00:00:00+00:00
[2026-09-06T09:12:05.459+0000] {processor.py:208} INFO - Processing /home/airflow/.local/lib/python3.12/site-packages/airflow/example_dags/example_outlet_event_extra.py took 0.544 seconds
[2026-09-06T09:12:36.344+0000] {processor.py:186} INFO - Started process (PID=2378) to work on /home/airflow/.local/lib/python3.12/site-packages/airflow/example_dags/example_outlet_event_extra.py
[2026-09-06T09:12:36.345+0000] {processor.py:914} INFO - Processing file /home/airflow/.local/lib/python3.12/site-packages/airflow/example_dags/example_outlet_event_extra.py for tasks to queue
[2026-09-06T09:12:36.347+0000] {logging_mixin.py:190} INFO - [2026-09-06T09:12:36.347+0000] {dagbag.py:588} INFO - Filling up the DagBag from /home/airflow/.local/lib/python3.12/site-packages/airflow/example_dags/example_outlet_event_extra.py
[2026-09-06T09:12:36.858+0000] {processor.py:925} INFO - DAG(s) 'dataset_with_extra_by_context', 'dataset_with_extra_by_yield', 'dataset_with_extra_from_classic_operator' retrieved from /home/airflow/.local/lib/python3.12/site-packages/airflow/example_dags/example_outlet_event_extra.py
[2026-09-06T09:12:36.875+0000] {logging_mixin.py:190} INFO - [2026-09-06T09:12:36.875+0000] {dag.py:3239} INFO - Sync 3 DAGs
[2026-09-06T09:12:36.893+0000] {logging_mixin.py:190} INFO - [2026-09-06T09:12:36.893+0000] {dag.py:4180} INFO - Setting next_dagrun for dataset_with_extra_by_context to 2026-09-05 00:00:00+00:00, run_after=2026-09-06 00:00:00+00:00
[2026-09-06T09:12:36.897+0000] {logging_mixin.py:190} INFO - [2026-09-06T09:12:36.897+0000] {dag.py:4180} INFO - Setting next_dagrun for dataset_with_extra_by_yield to 2026-09-05 00:00:00+00:00, run_after=2026-09-06 00:00:00+00:00
[2026-09-06T09:12:36.899+0000] {logging_mixin.py:190} INFO - [2026-09-06T09:12:36.899+0000] {dag.py:4180} INFO - Setting next_dagrun for dataset_with_extra_from_classic_operator to 2026-09-05 00:00:00+00:00, run_after=2026-09-06 00:00:00+00:00
[2026-09-06T09:12:36.916+0000] {processor.py:208} INFO - Processing /home/airflow/.local/lib/python3.12/site-packages/airflow/example_dags/example_outlet_event_extra.py took 0.577 seconds
[2026-09-06T09:13:07.615+0000] {processor.py:186} INFO - Started process (PID=2442) to work on /home/airflow/.local/lib/python3.12/site-packages/airflow/example_dags/example_outlet_event_extra.py
[2026-09-06T09:13:07.616+0000] {processor.py:914} INFO - Processing file /home/airflow/.local/lib/python3.12/site-packages/airflow/example_dags/example_outlet_event_extra.py for tasks to queue
[2026-09-06T09:13:07.618+0000] {logging_mixin.py:190} INFO - [2026-09-06T09:13:07.618+0000] {dagbag.py:588} INFO - Filling up the DagBag from /home/airflow/.local/lib/python3.12/site-packages/airflow/example_dags/example_outlet_event_extra.py
[2026-09-06T09:13:08.165+0000] {processor.py:925} INFO - DAG(s) 'dataset_with_extra_by_context', 'dataset_with_extra_from_classic_operator', 'dataset_with_extra_by_yield' retrieved from /home/airflow/.local/lib/python3.12/site-packages/airflow/example_dags/example_outlet_event_extra.py
[2026-09-06T09:13:08.188+0000] {logging_mixin.py:190} INFO - [2026-09-06T09:13:08.187+0000] {dag.py:3239} INFO - Sync 3 DAGs
[2026-09-06T09:13:08.209+0000] {logging_mixin.py:190} INFO - [2026-09-06T09:13:08.209+0000] {dag.py:4180} INFO - Setting next_dagrun for dataset_with_extra_by_context to 2026-09-05 00:00:00+00:00, run_after=2026-09-06 00:00:00+00:00
[2026-09-06T09:13:08.214+0000] {logging_mixin.py:190} INFO - [2026-09-06T09:13:08.213+0000] {dag.py:4180} INFO - Setting next_dagrun for dataset_with_extra_by_yield to 2026-09-05 00:00:00+00:00, run_after=2026-09-06 00:00:00+00:00
[2026-09-06T09:13:08.216+0000] {logging_mixin.py:190} INFO - [2026-09-06T09:13:08.216+0000] {dag.py:4180} INFO - Setting next_dagrun for dataset_with_extra_from_classic_operator to 2026-09-05 00:00:00+00:00, run_after=2026-09-06 00:00:00+00:00
[2026-09-06T09:13:08.233+0000] {processor.py:208} INFO - Processing /home/airflow/.local/lib/python3.12/site-packages/airflow/example_dags/example_outlet_event_extra.py took 0.623 seconds
[2026-09-06T09:13:38.864+0000] {processor.py:186} INFO - Started process (PID=2506) to work on /home/airflow/.local/lib/python3.12/site-packages/airflow/example_dags/example_outlet_event_extra.py
[2026-09-06T09:13:38.865+0000] {processor.py:914} INFO - Processing file /home/airflow/.local/lib/python3.12/site-packages/airflow/example_dags/example_outlet_event_extra.py for tasks to queue
[2026-09-06T09:13:38.867+0000] {logging_mixin.py:190} INFO - [2026-09-06T09:13:38.866+0000] {dagbag.py:588} INFO - Filling up the DagBag from /home/airflow/.local/lib/python3.12/site-packages/airflow/example_dags/example_outlet_event_extra.py
[2026-09-06T09:13:39.363+0000] {processor.py:925} INFO - DAG(s) 'dataset_with_extra_by_context', 'dataset_with_extra_from_classic_operator', 'dataset_with_extra_by_yield' retrieved from /home/airflow/.local/lib/python3.12/site-packages/airflow/example_dags/example_outlet_event_extra.py
[2026-09-06T09:13:39.381+0000] {logging_mixin.py:190} INFO - [2026-09-06T09:13:39.381+0000] {dag.py:3239} INFO - Sync 3 DAGs
[2026-09-06T09:13:39.398+0000] {logging_mixin.py:190} INFO - [2026-09-06T09:13:39.398+0000] {dag.py:4180} INFO - Setting next_dagrun for dataset_with_extra_by_context to 2026-09-05 00:00:00+00:00, run_after=2026-09-06 00:00:00+00:00
[2026-09-06T09:13:39.402+0000] {logging_mixin.py:190} INFO - [2026-09-06T09:13:39.401+0000] {dag.py:4180} INFO - Setting next_dagrun for dataset_with_extra_by_yield to 2026-09-05 00:00:00+00:00, run_after=2026-09-06 00:00:00+00:00
[2026-09-06T09:13:39.403+0000] {logging_mixin.py:190} INFO - [2026-09-06T09:13:39.403+0000] {dag.py:4180} INFO - Setting next_dagrun for dataset_with_extra_from_classic_operator to 2026-09-05 00:00:00+00:00, run_after=2026-09-06 00:00:00+00:00
[2026-09-06T09:13:39.418+0000] {processor.py:208} INFO - Processing /home/airflow/.local/lib/python3.12/site-packages/airflow/example_dags/example_outlet_event_extra.py took 0.559 seconds
[2026-09-06T09:14:10.270+0000] {processor.py:186} INFO - Started process (PID=2570) to work on /home/airflow/.local/lib/python3.12/site-packages/airflow/example_dags/example_outlet_event_extra.py
[2026-09-06T09:14:10.271+0000] {processor.py:914} INFO - Processing file /home/airflow/.local/lib/python3.12/site-packages/airflow/example_dags/example_outlet_event_extra.py for tasks to queue
[2026-09-06T09:14:10.273+0000] {logging_mixin.py:190} INFO - [2026-09-06T09:14:10.272+0000] {dagbag.py:588} INFO - Filling up the DagBag from /home/airflow/.local/lib/python3.12/site-packages/airflow/example_dags/example_outlet_event_extra.py
[2026-09-06T09:14:10.751+0000] {processor.py:925} INFO - DAG(s) 'dataset_with_extra_by_context', 'dataset_with_extra_from_classic_operator', 'dataset_with_extra_by_yield' retrieved from /home/airflow/.local/lib/python3.12/site-packages/airflow/example_dags/example_outlet_event_extra.py
[2026-09-06T09:14:10.768+0000] {logging_mixin.py:190} INFO - [2026-09-06T09:14:10.768+0000] {dag.py:3239} INFO - Sync 3 DAGs
[2026-09-06T09:14:10.786+0000] {logging_mixin.py:190} INFO - [2026-09-06T09:14:10.785+0000] {dag.py:4180} INFO - Setting next_dagrun for dataset_with_extra_by_context to 2026-09-05 00:00:00+00:00, run_after=2026-09-06 00:00:00+00:00
[2026-09-06T09:14:10.789+0000] {logging_mixin.py:190} INFO - [2026-09-06T09:14:10.789+0000] {dag.py:4180} INFO - Setting next_dagrun for dataset_with_extra_by_yield to 2026-09-05 00:00:00+00:00, run_after=2026-09-06 00:00:00+00:00
[2026-09-06T09:14:10.791+0000] {logging_mixin.py:190} INFO - [2026-09-06T09:14:10.791+0000] {dag.py:4180} INFO - Setting next_dagrun for dataset_with_extra_from_classic_operator to 2026-09-05 00:00:00+00:00, run_after=2026-09-06 00:00:00+00:00
[2026-09-06T09:14:10.807+0000] {processor.py:208} INFO - Processing /home/airflow/.local/lib/python3.12/site-packages/airflow/example_dags/example_outlet_event_extra.py took 0.542 seconds
[2026-09-06T09:14:41.376+0000] {processor.py:186} INFO - Started process (PID=2634) to work on /home/airflow/.local/lib/python3.12/site-packages/airflow/example_dags/example_outlet_event_extra.py
[2026-09-06T09:14:41.377+0000] {processor.py:914} INFO - Processing file /home/airflow/.local/lib/python3.12/site-packages/airflow/example_dags/example_outlet_event_extra.py for tasks to queue
[2026-09-06T09:14:41.379+0000] {logging_mixin.py:190} INFO - [2026-09-06T09:14:41.379+0000] {dagbag.py:588} INFO - Filling up the DagBag from /home/airflow/.local/lib/python3.12/site-packages/airflow/example_dags/example_outlet_event_extra.py
[2026-09-06T09:14:41.900+0000] {processor.py:925} INFO - DAG(s) 'dataset_with_extra_by_yield', 'dataset_with_extra_from_classic_operator', 'dataset_with_extra_by_context' retrieved from /home/airflow/.local/lib/python3.12/site-packages/airflow/example_dags/example_outlet_event_extra.py
[2026-09-06T09:14:41.919+0000] {logging_mixin.py:190} INFO - [2026-09-06T09:14:41.918+0000] {dag.py:3239} INFO - Sync 3 DAGs
[2026-09-06T09:14:41.939+0000] {logging_mixin.py:190} INFO - [2026-09-06T09:14:41.938+0000] {dag.py:4180} INFO - Setting next_dagrun for dataset_with_extra_by_context to 2026-09-05 00:00:00+00:00, run_after=2026-09-06 00:00:00+00:00
[2026-09-06T09:14:41.943+0000] {logging_mixin.py:190} INFO - [2026-09-06T09:14:41.942+0000] {dag.py:4180} INFO - Setting next_dagrun for dataset_with_extra_by_yield to 2026-09-05 00:00:00+00:00, run_after=2026-09-06 00:00:00+00:00
[2026-09-06T09:14:41.945+0000] {logging_mixin.py:190} INFO - [2026-09-06T09:14:41.944+0000] {dag.py:4180} INFO - Setting next_dagrun for dataset_with_extra_from_classic_operator to 2026-09-05 00:00:00+00:00, run_after=2026-09-06 00:00:00+00:00
[2026-09-06T09:14:41.961+0000] {processor.py:208} INFO - Processing /home/airflow/.local/lib/python3.12/site-packages/airflow/example_dags/example_outlet_event_extra.py took 0.589 seconds
[2026-09-06T09:15:12.573+0000] {processor.py:186} INFO - Started process (PID=2698) to work on /home/airflow/.local/lib/python3.12/site-packages/airflow/example_dags/example_outlet_event_extra.py
[2026-09-06T09:15:12.573+0000] {processor.py:914} INFO - Processing file /home/airflow/.local/lib/python3.12/site-packages/airflow/example_dags/example_outlet_event_extra.py for tasks to queue
[2026-09-06T09:15:12.576+0000] {logging_mixin.py:190} INFO - [2026-09-06T09:15:12.576+0000] {dagbag.py:588} INFO - Filling up the DagBag from /home/airflow/.local/lib/python3.12/site-packages/airflow/example_dags/example_outlet_event_extra.py
[2026-09-06T09:15:13.037+0000] {processor.py:925} INFO - DAG(s) 'dataset_with_extra_by_context', 'dataset_with_extra_from_classic_operator', 'dataset_with_extra_by_yield' retrieved from /home/airflow/.local/lib/python3.12/site-packages/airflow/example_dags/example_outlet_event_extra.py
[2026-09-06T09:15:13.056+0000] {logging_mixin.py:190} INFO - [2026-09-06T09:15:13.056+0000] {dag.py:3239} INFO - Sync 3 DAGs
[2026-09-06T09:15:13.076+0000] {logging_mixin.py:190} INFO - [2026-09-06T09:15:13.076+0000] {dag.py:4180} INFO - Setting next_dagrun for dataset_with_extra_by_context to 2026-09-05 00:00:00+00:00, run_after=2026-09-06 00:00:00+00:00
[2026-09-06T09:15:13.080+0000] {logging_mixin.py:190} INFO - [2026-09-06T09:15:13.080+0000] {dag.py:4180} INFO - Setting next_dagrun for dataset_with_extra_by_yield to 2026-09-05 00:00:00+00:00, run_after=2026-09-06 00:00:00+00:00
[2026-09-06T09:15:13.083+0000] {logging_mixin.py:190} INFO - [2026-09-06T09:15:13.083+0000] {dag.py:4180} INFO - Setting next_dagrun for dataset_with_extra_from_classic_operator to 2026-09-05 00:00:00+00:00, run_after=2026-09-06 00:00:00+00:00
[2026-09-06T09:15:13.102+0000] {processor.py:208} INFO - Processing /home/airflow/.local/lib/python3.12/site-packages/airflow/example_dags/example_outlet_event_extra.py took 0.534 seconds
[2026-09-06T09:15:43.261+0000] {processor.py:186} INFO - Started process (PID=2763) to work on /home/airflow/.local/lib/python3.12/site-packages/airflow/example_dags/example_outlet_event_extra.py
[2026-09-06T09:15:43.262+0000] {processor.py:914} INFO - Processing file /home/airflow/.local/lib/python3.12/site-packages/airflow/example_dags/example_outlet_event_extra.py for tasks to queue
[2026-09-06T09:15:43.263+0000] {logging_mixin.py:190} INFO - [2026-09-06T09:15:43.263+0000] {dagbag.py:588} INFO - Filling up the DagBag from /home/airflow/.local/lib/python3.12/site-packages/airflow/example_dags/example_outlet_event_extra.py
[2026-09-06T09:15:43.728+0000] {processor.py:925} INFO - DAG(s) 'dataset_with_extra_from_classic_operator', 'dataset_with_extra_by_yield', 'dataset_with_extra_by_context' retrieved from /home/airflow/.local/lib/python3.12/site-packages/airflow/example_dags/example_outlet_event_extra.py
[2026-09-06T09:15:43.748+0000] {logging_mixin.py:190} INFO - [2026-09-06T09:15:43.748+0000] {dag.py:3239} INFO - Sync 3 DAGs
[2026-09-06T09:15:43.771+0000] {logging_mixin.py:190} INFO - [2026-09-06T09:15:43.771+0000] {dag.py:4180} INFO - Setting next_dagrun for dataset_with_extra_by_context to 2026-09-05 00:00:00+00:00, run_after=2026-09-06 00:00:00+00:00
[2026-09-06T09:15:43.778+0000] {logging_mixin.py:190} INFO - [2026-09-06T09:15:43.778+0000] {dag.py:4180} INFO - Setting next_dagrun for dataset_with_extra_by_yield to 2026-09-05 00:00:00+00:00, run_after=2026-09-06 00:00:00+00:00
[2026-09-06T09:15:43.781+0000] {logging_mixin.py:190} INFO - [2026-09-06T09:15:43.781+0000] {dag.py:4180} INFO - Setting next_dagrun for dataset_with_extra_from_classic_operator to 2026-09-05 00:00:00+00:00, run_after=2026-09-06 00:00:00+00:00
[2026-09-06T09:15:43.816+0000] {processor.py:208} INFO - Processing /home/airflow/.local/lib/python3.12/site-packages/airflow/example_dags/example_outlet_event_extra.py took 0.559 seconds
[2026-09-06T09:16:14.054+0000] {processor.py:186} INFO - Started process (PID=2827) to work on /home/airflow/.local/lib/python3.12/site-packages/airflow/example_dags/example_outlet_event_extra.py
[2026-09-06T09:16:14.056+0000] {processor.py:914} INFO - Processing file /home/airflow/.local/lib/python3.12/site-packages/airflow/example_dags/example_outlet_event_extra.py for tasks to queue
[2026-09-06T09:16:14.060+0000] {logging_mixin.py:190} INFO - [2026-09-06T09:16:14.060+0000] {dagbag.py:588} INFO - Filling up the DagBag from /home/airflow/.local/lib/python3.12/site-packages/airflow/example_dags/example_outlet_event_extra.py
[2026-09-06T09:16:14.603+0000] {processor.py:925} INFO - DAG(s) 'dataset_with_extra_by_context', 'dataset_with_extra_by_yield', 'dataset_with_extra_from_classic_operator' retrieved from /home/airflow/.local/lib/python3.12/site-packages/airflow/example_dags/example_outlet_event_extra.py
[2026-09-06T09:16:14.621+0000] {logging_mixin.py:190} INFO - [2026-09-06T09:16:14.621+0000] {dag.py:3239} INFO - Sync 3 DAGs
[2026-09-06T09:16:14.638+0000] {logging_mixin.py:190} INFO - [2026-09-06T09:16:14.638+0000] {dag.py:4180} INFO - Setting next_dagrun for dataset_with_extra_by_context to 2026-09-05 00:00:00+00:00, run_after=2026-09-06 00:00:00+00:00
[2026-09-06T09:16:14.642+0000] {logging_mixin.py:190} INFO - [2026-09-06T09:16:14.641+0000] {dag.py:4180} INFO - Setting next_dagrun for dataset_with_extra_by_yield to 2026-09-05 00:00:00+00:00, run_after=2026-09-06 00:00:00+00:00
[2026-09-06T09:16:14.644+0000] {logging_mixin.py:190} INFO - [2026-09-06T09:16:14.644+0000] {dag.py:4180} INFO - Setting next_dagrun for dataset_with_extra_from_classic_operator to 2026-09-05 00:00:00+00:00, run_after=2026-09-06 00:00:00+00:00
[2026-09-06T09:16:14.659+0000] {processor.py:208} INFO - Processing /home/airflow/.local/lib/python3.12/site-packages/airflow/example_dags/example_outlet_event_extra.py took 0.614 seconds
[2026-09-06T09:16:44.779+0000] {processor.py:186} INFO - Started process (PID=2891) to work on /home/airflow/.local/lib/python3.12/site-packages/airflow/example_dags/example_outlet_event_extra.py
[2026-09-06T09:16:44.780+0000] {processor.py:914} INFO - Processing file /home/airflow/.local/lib/python3.12/site-packages/airflow/example_dags/example_outlet_event_extra.py for tasks to queue
[2026-09-06T09:16:44.783+0000] {logging_mixin.py:190} INFO - [2026-09-06T09:16:44.783+0000] {dagbag.py:588} INFO - Filling up the DagBag from /home/airflow/.local/lib/python3.12/site-packages/airflow/example_dags/example_outlet_event_extra.py
[2026-09-06T09:16:45.310+0000] {processor.py:925} INFO - DAG(s) 'dataset_with_extra_by_yield', 'dataset_with_extra_by_context', 'dataset_with_extra_from_classic_operator' retrieved from /home/airflow/.local/lib/python3.12/site-packages/airflow/example_dags/example_outlet_event_extra.py
[2026-09-06T09:16:45.332+0000] {logging_mixin.py:190} INFO - [2026-09-06T09:16:45.331+0000] {dag.py:3239} INFO - Sync 3 DAGs
[2026-09-06T09:16:45.356+0000] {logging_mixin.py:190} INFO - [2026-09-06T09:16:45.356+0000] {dag.py:4180} INFO - Setting next_dagrun for dataset_with_extra_by_context to 2026-09-05 00:00:00+00:00, run_after=2026-09-06 00:00:00+00:00
[2026-09-06T09:16:45.360+0000] {logging_mixin.py:190} INFO - [2026-09-06T09:16:45.360+0000] {dag.py:4180} INFO - Setting next_dagrun for dataset_with_extra_by_yield to 2026-09-05 00:00:00+00:00, run_after=2026-09-06 00:00:00+00:00
[2026-09-06T09:16:45.363+0000] {logging_mixin.py:190} INFO - [2026-09-06T09:16:45.363+0000] {dag.py:4180} INFO - Setting next_dagrun for dataset_with_extra_from_classic_operator to 2026-09-05 00:00:00+00:00, run_after=2026-09-06 00:00:00+00:00
[2026-09-06T09:16:45.383+0000] {processor.py:208} INFO - Processing /home/airflow/.local/lib/python3.12/site-packages/airflow/example_dags/example_outlet_event_extra.py took 0.609 seconds
[2026-09-06T09:17:15.805+0000] {processor.py:186} INFO - Started process (PID=2956) to work on /home/airflow/.local/lib/python3.12/site-packages/airflow/example_dags/example_outlet_event_extra.py
[2026-09-06T09:17:15.806+0000] {processor.py:914} INFO - Processing file /home/airflow/.local/lib/python3.12/site-packages/airflow/example_dags/example_outlet_event_extra.py for tasks to queue
[2026-09-06T09:17:15.808+0000] {logging_mixin.py:190} INFO - [2026-09-06T09:17:15.808+0000] {dagbag.py:588} INFO - Filling up the DagBag from /home/airflow/.local/lib/python3.12/site-packages/airflow/example_dags/example_outlet_event_extra.py
[2026-09-06T09:17:16.288+0000] {processor.py:925} INFO - DAG(s) 'dataset_with_extra_by_context', 'dataset_with_extra_by_yield', 'dataset_with_extra_from_classic_operator' retrieved from /home/airflow/.local/lib/python3.12/site-packages/airflow/example_dags/example_outlet_event_extra.py
[2026-09-06T09:17:16.305+0000] {logging_mixin.py:190} INFO - [2026-09-06T09:17:16.305+0000] {dag.py:3239} INFO - Sync 3 DAGs
[2026-09-06T09:17:16.325+0000] {logging_mixin.py:190} INFO - [2026-09-06T09:17:16.325+0000] {dag.py:4180} INFO - Setting next_dagrun for dataset_with_extra_by_context to 2026-09-05 00:00:00+00:00, run_after=2026-09-06 00:00:00+00:00
[2026-09-06T09:17:16.330+0000] {logging_mixin.py:190} INFO - [2026-09-06T09:17:16.330+0000] {dag.py:4180} INFO - Setting next_dagrun for dataset_with_extra_by_yield to 2026-09-05 00:00:00+00:00, run_after=2026-09-06 00:00:00+00:00
[2026-09-06T09:17:16.332+0000] {logging_mixin.py:190} INFO - [2026-09-06T09:17:16.332+0000] {dag.py:4180} INFO - Setting next_dagrun for dataset_with_extra_from_classic_operator to 2026-09-05 00:00:00+00:00, run_after=2026-09-06 00:00:00+00:00
[2026-09-06T09:17:16.348+0000] {processor.py:208} INFO - Processing /home/airflow/.local/lib/python3.12/site-packages/airflow/example_dags/example_outlet_event_extra.py took 0.548 seconds
[2026-09-06T09:17:46.402+0000] {processor.py:186} INFO - Started process (PID=3020) to work on /home/airflow/.local/lib/python3.12/site-packages/airflow/example_dags/example_outlet_event_extra.py
[2026-09-06T09:17:46.403+0000] {processor.py:914} INFO - Processing file /home/airflow/.local/lib/python3.12/site-packages/airflow/example_dags/example_outlet_event_extra.py for tasks to queue
[2026-09-06T09:17:46.405+0000] {logging_mixin.py:190} INFO - [2026-09-06T09:17:46.405+0000] {dagbag.py:588} INFO - Filling up the DagBag from /home/airflow/.local/lib/python3.12/site-packages/airflow/example_dags/example_outlet_event_extra.py
[2026-09-06T09:17:46.889+0000] {processor.py:925} INFO - DAG(s) 'dataset_with_extra_by_yield', 'dataset_with_extra_from_classic_operator', 'dataset_with_extra_by_context' retrieved from /home/airflow/.local/lib/python3.12/site-packages/airflow/example_dags/example_outlet_event_extra.py
[2026-09-06T09:17:46.907+0000] {logging_mixin.py:190} INFO - [2026-09-06T09:17:46.907+0000] {dag.py:3239} INFO - Sync 3 DAGs
[2026-09-06T09:17:46.926+0000] {logging_mixin.py:190} INFO - [2026-09-06T09:17:46.926+0000] {dag.py:4180} INFO - Setting next_dagrun for dataset_with_extra_by_context to 2026-09-05 00:00:00+00:00, run_after=2026-09-06 00:00:00+00:00
[2026-09-06T09:17:46.929+0000] {logging_mixin.py:190} INFO - [2026-09-06T09:17:46.929+0000] {dag.py:4180} INFO - Setting next_dagrun for dataset_with_extra_by_yield to 2026-09-05 00:00:00+00:00, run_after=2026-09-06 00:00:00+00:00
[2026-09-06T09:17:46.931+0000] {logging_mixin.py:190} INFO - [2026-09-06T09:17:46.931+0000] {dag.py:4180} INFO - Setting next_dagrun for dataset_with_extra_from_classic_operator to 2026-09-05 00:00:00+00:00, run_after=2026-09-06 00:00:00+00:00
[2026-09-06T09:17:46.947+0000] {processor.py:208} INFO - Processing /home/airflow/.local/lib/python3.12/site-packages/airflow/example_dags/example_outlet_event_extra.py took 0.549 seconds
[2026-09-06T09:18:17.658+0000] {processor.py:186} INFO - Started process (PID=3084) to work on /home/airflow/.local/lib/python3.12/site-packages/airflow/example_dags/example_outlet_event_extra.py
[2026-09-06T09:18:17.659+0000] {processor.py:914} INFO - Processing file /home/airflow/.local/lib/python3.12/site-packages/airflow/example_dags/example_outlet_event_extra.py for tasks to queue
[2026-09-06T09:18:17.662+0000] {logging_mixin.py:190} INFO - [2026-09-06T09:18:17.662+0000] {dagbag.py:588} INFO - Filling up the DagBag from /home/airflow/.local/lib/python3.12/site-packages/airflow/example_dags/example_outlet_event_extra.py
[2026-09-06T09:18:18.162+0000] {processor.py:925} INFO - DAG(s) 'dataset_with_extra_by_yield', 'dataset_with_extra_from_classic_operator', 'dataset_with_extra_by_context' retrieved from /home/airflow/.local/lib/python3.12/site-packages/airflow/example_dags/example_outlet_event_extra.py
[2026-09-06T09:18:18.184+0000] {logging_mixin.py:190} INFO - [2026-09-06T09:18:18.183+0000] {dag.py:3239} INFO - Sync 3 DAGs
[2026-09-06T09:18:18.205+0000] {logging_mixin.py:190} INFO - [2026-09-06T09:18:18.205+0000] {dag.py:4180} INFO - Setting next_dagrun for dataset_with_extra_by_context to 2026-09-05 00:00:00+00:00, run_after=2026-09-06 00:00:00+00:00
[2026-09-06T09:18:18.210+0000] {logging_mixin.py:190} INFO - [2026-09-06T09:18:18.209+0000] {dag.py:4180} INFO - Setting next_dagrun for dataset_with_extra_by_yield to 2026-09-05 00:00:00+00:00, run_after=2026-09-06 00:00:00+00:00
[2026-09-06T09:18:18.214+0000] {logging_mixin.py:190} INFO - [2026-09-06T09:18:18.214+0000] {dag.py:4180} INFO - Setting next_dagrun for dataset_with_extra_from_classic_operator to 2026-09-05 00:00:00+00:00, run_after=2026-09-06 00:00:00+00:00
[2026-09-06T09:18:18.231+0000] {processor.py:208} INFO - Processing /home/airflow/.local/lib/python3.12/site-packages/airflow/example_dags/example_outlet_event_extra.py took 0.579 seconds
[2026-09-06T09:18:48.949+0000] {processor.py:186} INFO - Started process (PID=3148) to work on /home/airflow/.local/lib/python3.12/site-packages/airflow/example_dags/example_outlet_event_extra.py
[2026-09-06T09:18:48.950+0000] {processor.py:914} INFO - Processing file /home/airflow/.local/lib/python3.12/site-packages/airflow/example_dags/example_outlet_event_extra.py for tasks to queue
[2026-09-06T09:18:48.952+0000] {logging_mixin.py:190} INFO - [2026-09-06T09:18:48.952+0000] {dagbag.py:588} INFO - Filling up the DagBag from /home/airflow/.local/lib/python3.12/site-packages/airflow/example_dags/example_outlet_event_extra.py
[2026-09-06T09:18:49.507+0000] {processor.py:925} INFO - DAG(s) 'dataset_with_extra_by_yield', 'dataset_with_extra_by_context', 'dataset_with_extra_from_classic_operator' retrieved from /home/airflow/.local/lib/python3.12/site-packages/airflow/example_dags/example_outlet_event_extra.py
[2026-09-06T09:18:49.527+0000] {logging_mixin.py:190} INFO - [2026-09-06T09:18:49.527+0000] {dag.py:3239} INFO - Sync 3 DAGs
[2026-09-06T09:18:49.548+0000] {logging_mixin.py:190} INFO - [2026-09-06T09:18:49.547+0000] {dag.py:4180} INFO - Setting next_dagrun for dataset_with_extra_by_context to 2026-09-05 00:00:00+00:00, run_after=2026-09-06 00:00:00+00:00
[2026-09-06T09:18:49.552+0000] {logging_mixin.py:190} INFO - [2026-09-06T09:18:49.552+0000] {dag.py:4180} INFO - Setting next_dagrun for dataset_with_extra_by_yield to 2026-09-05 00:00:00+00:00, run_after=2026-09-06 00:00:00+00:00
[2026-09-06T09:18:49.554+0000] {logging_mixin.py:190} INFO - [2026-09-06T09:18:49.554+0000] {dag.py:4180} INFO - Setting next_dagrun for dataset_with_extra_from_classic_operator to 2026-09-05 00:00:00+00:00, run_after=2026-09-06 00:00:00+00:00
[2026-09-06T09:18:49.571+0000] {processor.py:208} INFO - Processing /home/airflow/.local/lib/python3.12/site-packages/airflow/example_dags/example_outlet_event_extra.py took 0.627 seconds
[2026-09-06T09:19:19.622+0000] {processor.py:186} INFO - Started process (PID=3212) to work on /home/airflow/.local/lib/python3.12/site-packages/airflow/example_dags/example_outlet_event_extra.py
[2026-09-06T09:19:19.623+0000] {processor.py:914} INFO - Processing file /home/airflow/.local/lib/python3.12/site-packages/airflow/example_dags/example_outlet_event_extra.py for tasks to queue
[2026-09-06T09:19:19.625+0000] {logging_mixin.py:190} INFO - [2026-09-06T09:19:19.625+0000] {dagbag.py:588} INFO - Filling up the DagBag from /home/airflow/.local/lib/python3.12/site-packages/airflow/example_dags/example_outlet_event_extra.py
[2026-09-06T09:19:20.120+0000] {processor.py:925} INFO - DAG(s) 'dataset_with_extra_by_yield', 'dataset_with_extra_by_context', 'dataset_with_extra_from_classic_operator' retrieved from /home/airflow/.local/lib/python3.12/site-packages/airflow/example_dags/example_outlet_event_extra.py
[2026-09-06T09:19:20.139+0000] {logging_mixin.py:190} INFO - [2026-09-06T09:19:20.139+0000] {dag.py:3239} INFO - Sync 3 DAGs
[2026-09-06T09:19:20.157+0000] {logging_mixin.py:190} INFO - [2026-09-06T09:19:20.157+0000] {dag.py:4180} INFO - Setting next_dagrun for dataset_with_extra_by_context to 2026-09-05 00:00:00+00:00, run_after=2026-09-06 00:00:00+00:00
[2026-09-06T09:19:20.161+0000] {logging_mixin.py:190} INFO - [2026-09-06T09:19:20.161+0000] {dag.py:4180} INFO - Setting next_dagrun for dataset_with_extra_by_yield to 2026-09-05 00:00:00+00:00, run_after=2026-09-06 00:00:00+00:00
[2026-09-06T09:19:20.163+0000] {logging_mixin.py:190} INFO - [2026-09-06T09:19:20.163+0000] {dag.py:4180} INFO - Setting next_dagrun for dataset_with_extra_from_classic_operator to 2026-09-05 00:00:00+00:00, run_after=2026-09-06 00:00:00+00:00
[2026-09-06T09:19:20.182+0000] {processor.py:208} INFO - Processing /home/airflow/.local/lib/python3.12/site-packages/airflow/example_dags/example_outlet_event_extra.py took 0.565 seconds
[2026-09-06T09:19:51.612+0000] {processor.py:186} INFO - Started process (PID=3278) to work on /home/airflow/.local/lib/python3.12/site-packages/airflow/example_dags/example_outlet_event_extra.py
[2026-09-06T09:19:51.613+0000] {processor.py:914} INFO - Processing file /home/airflow/.local/lib/python3.12/site-packages/airflow/example_dags/example_outlet_event_extra.py for tasks to queue
[2026-09-06T09:19:51.615+0000] {logging_mixin.py:190} INFO - [2026-09-06T09:19:51.615+0000] {dagbag.py:588} INFO - Filling up the DagBag from /home/airflow/.local/lib/python3.12/site-packages/airflow/example_dags/example_outlet_event_extra.py
[2026-09-06T09:19:52.110+0000] {processor.py:925} INFO - DAG(s) 'dataset_with_extra_from_classic_operator', 'dataset_with_extra_by_yield', 'dataset_with_extra_by_context' retrieved from /home/airflow/.local/lib/python3.12/site-packages/airflow/example_dags/example_outlet_event_extra.py
[2026-09-06T09:19:52.128+0000] {logging_mixin.py:190} INFO - [2026-09-06T09:19:52.128+0000] {dag.py:3239} INFO - Sync 3 DAGs
[2026-09-06T09:19:52.146+0000] {logging_mixin.py:190} INFO - [2026-09-06T09:19:52.146+0000] {dag.py:4180} INFO - Setting next_dagrun for dataset_with_extra_by_context to 2026-09-05 00:00:00+00:00, run_after=2026-09-06 00:00:00+00:00
[2026-09-06T09:19:52.149+0000] {logging_mixin.py:190} INFO - [2026-09-06T09:19:52.149+0000] {dag.py:4180} INFO - Setting next_dagrun for dataset_with_extra_by_yield to 2026-09-05 00:00:00+00:00, run_after=2026-09-06 00:00:00+00:00
[2026-09-06T09:19:52.151+0000] {logging_mixin.py:190} INFO - [2026-09-06T09:19:52.151+0000] {dag.py:4180} INFO - Setting next_dagrun for dataset_with_extra_from_classic_operator to 2026-09-05 00:00:00+00:00, run_after=2026-09-06 00:00:00+00:00
[2026-09-06T09:19:52.167+0000] {processor.py:208} INFO - Processing /home/airflow/.local/lib/python3.12/site-packages/airflow/example_dags/example_outlet_event_extra.py took 0.560 seconds
[2026-09-06T09:20:22.818+0000] {processor.py:186} INFO - Started process (PID=3344) to work on /home/airflow/.local/lib/python3.12/site-packages/airflow/example_dags/example_outlet_event_extra.py
[2026-09-06T09:20:22.820+0000] {processor.py:914} INFO - Processing file /home/airflow/.local/lib/python3.12/site-packages/airflow/example_dags/example_outlet_event_extra.py for tasks to queue
[2026-09-06T09:20:22.822+0000] {logging_mixin.py:190} INFO - [2026-09-06T09:20:22.822+0000] {dagbag.py:588} INFO - Filling up the DagBag from /home/airflow/.local/lib/python3.12/site-packages/airflow/example_dags/example_outlet_event_extra.py
[2026-09-06T09:20:23.323+0000] {processor.py:925} INFO - DAG(s) 'dataset_with_extra_by_context', 'dataset_with_extra_from_classic_operator', 'dataset_with_extra_by_yield' retrieved from /home/airflow/.local/lib/python3.12/site-packages/airflow/example_dags/example_outlet_event_extra.py
[2026-09-06T09:20:23.342+0000] {logging_mixin.py:190} INFO - [2026-09-06T09:20:23.342+0000] {dag.py:3239} INFO - Sync 3 DAGs
[2026-09-06T09:20:23.362+0000] {logging_mixin.py:190} INFO - [2026-09-06T09:20:23.361+0000] {dag.py:4180} INFO - Setting next_dagrun for dataset_with_extra_by_context to 2026-09-05 00:00:00+00:00, run_after=2026-09-06 00:00:00+00:00
[2026-09-06T09:20:23.366+0000] {logging_mixin.py:190} INFO - [2026-09-06T09:20:23.366+0000] {dag.py:4180} INFO - Setting next_dagrun for dataset_with_extra_by_yield to 2026-09-05 00:00:00+00:00, run_after=2026-09-06 00:00:00+00:00
[2026-09-06T09:20:23.369+0000] {logging_mixin.py:190} INFO - [2026-09-06T09:20:23.368+0000] {dag.py:4180} INFO - Setting next_dagrun for dataset_with_extra_from_classic_operator to 2026-09-05 00:00:00+00:00, run_after=2026-09-06 00:00:00+00:00
[2026-09-06T09:20:23.384+0000] {processor.py:208} INFO - Processing /home/airflow/.local/lib/python3.12/site-packages/airflow/example_dags/example_outlet_event_extra.py took 0.572 seconds
[2026-09-06T09:20:53.951+0000] {processor.py:186} INFO - Started process (PID=3408) to work on /home/airflow/.local/lib/python3.12/site-packages/airflow/example_dags/example_outlet_event_extra.py
[2026-09-06T09:20:53.952+0000] {processor.py:914} INFO - Processing file /home/airflow/.local/lib/python3.12/site-packages/airflow/example_dags/example_outlet_event_extra.py for tasks to queue
[2026-09-06T09:20:53.954+0000] {logging_mixin.py:190} INFO - [2026-09-06T09:20:53.954+0000] {dagbag.py:588} INFO - Filling up the DagBag from /home/airflow/.local/lib/python3.12/site-packages/airflow/example_dags/example_outlet_event_extra.py
[2026-09-06T09:20:54.371+0000] {processor.py:925} INFO - DAG(s) 'dataset_with_extra_by_yield', 'dataset_with_extra_from_classic_operator', 'dataset_with_extra_by_context' retrieved from /home/airflow/.local/lib/python3.12/site-packages/airflow/example_dags/example_outlet_event_extra.py
[2026-09-06T09:20:54.398+0000] {logging_mixin.py:190} INFO - [2026-09-06T09:20:54.397+0000] {dag.py:3239} INFO - Sync 3 DAGs
[2026-09-06T09:20:54.421+0000] {logging_mixin.py:190} INFO - [2026-09-06T09:20:54.421+0000] {dag.py:4180} INFO - Setting next_dagrun for dataset_with_extra_by_context to 2026-09-05 00:00:00+00:00, run_after=2026-09-06 00:00:00+00:00
[2026-09-06T09:20:54.426+0000] {logging_mixin.py:190} INFO - [2026-09-06T09:20:54.426+0000] {dag.py:4180} INFO - Setting next_dagrun for dataset_with_extra_by_yield to 2026-09-05 00:00:00+00:00, run_after=2026-09-06 00:00:00+00:00
[2026-09-06T09:20:54.430+0000] {logging_mixin.py:190} INFO - [2026-09-06T09:20:54.430+0000] {dag.py:4180} INFO - Setting next_dagrun for dataset_with_extra_from_classic_operator to 2026-09-05 00:00:00+00:00, run_after=2026-09-06 00:00:00+00:00
[2026-09-06T09:20:54.449+0000] {processor.py:208} INFO - Processing /home/airflow/.local/lib/python3.12/site-packages/airflow/example_dags/example_outlet_event_extra.py took 0.504 seconds
[2026-09-06T09:21:25.841+0000] {processor.py:186} INFO - Started process (PID=3474) to work on /home/airflow/.local/lib/python3.12/site-packages/airflow/example_dags/example_outlet_event_extra.py
[2026-09-06T09:21:25.843+0000] {processor.py:914} INFO - Processing file /home/airflow/.local/lib/python3.12/site-packages/airflow/example_dags/example_outlet_event_extra.py for tasks to queue
[2026-09-06T09:21:25.845+0000] {logging_mixin.py:190} INFO - [2026-09-06T09:21:25.845+0000] {dagbag.py:588} INFO - Filling up the DagBag from /home/airflow/.local/lib/python3.12/site-packages/airflow/example_dags/example_outlet_event_extra.py
[2026-09-06T09:21:26.174+0000] {processor.py:925} INFO - DAG(s) 'dataset_with_extra_by_context', 'dataset_with_extra_by_yield', 'dataset_with_extra_from_classic_operator' retrieved from /home/airflow/.local/lib/python3.12/site-packages/airflow/example_dags/example_outlet_event_extra.py
[2026-09-06T09:21:26.199+0000] {logging_mixin.py:190} INFO - [2026-09-06T09:21:26.198+0000] {dag.py:3239} INFO - Sync 3 DAGs
[2026-09-06T09:21:26.231+0000] {logging_mixin.py:190} INFO - [2026-09-06T09:21:26.231+0000] {dag.py:4180} INFO - Setting next_dagrun for dataset_with_extra_by_context to 2026-09-05 00:00:00+00:00, run_after=2026-09-06 00:00:00+00:00
[2026-09-06T09:21:26.236+0000] {logging_mixin.py:190} INFO - [2026-09-06T09:21:26.236+0000] {dag.py:4180} INFO - Setting next_dagrun for dataset_with_extra_by_yield to 2026-09-05 00:00:00+00:00, run_after=2026-09-06 00:00:00+00:00
[2026-09-06T09:21:26.241+0000] {logging_mixin.py:190} INFO - [2026-09-06T09:21:26.241+0000] {dag.py:4180} INFO - Setting next_dagrun for dataset_with_extra_from_classic_operator to 2026-09-05 00:00:00+00:00, run_after=2026-09-06 00:00:00+00:00
[2026-09-06T09:21:26.264+0000] {processor.py:208} INFO - Processing /home/airflow/.local/lib/python3.12/site-packages/airflow/example_dags/example_outlet_event_extra.py took 0.430 seconds
[2026-09-06T09:21:56.941+0000] {processor.py:186} INFO - Started process (PID=3541) to work on /home/airflow/.local/lib/python3.12/site-packages/airflow/example_dags/example_outlet_event_extra.py
[2026-09-06T09:21:56.942+0000] {processor.py:914} INFO - Processing file /home/airflow/.local/lib/python3.12/site-packages/airflow/example_dags/example_outlet_event_extra.py for tasks to queue
[2026-09-06T09:21:56.944+0000] {logging_mixin.py:190} INFO - [2026-09-06T09:21:56.944+0000] {dagbag.py:588} INFO - Filling up the DagBag from /home/airflow/.local/lib/python3.12/site-packages/airflow/example_dags/example_outlet_event_extra.py
[2026-09-06T09:21:57.272+0000] {processor.py:925} INFO - DAG(s) 'dataset_with_extra_by_context', 'dataset_with_extra_from_classic_operator', 'dataset_with_extra_by_yield' retrieved from /home/airflow/.local/lib/python3.12/site-packages/airflow/example_dags/example_outlet_event_extra.py
[2026-09-06T09:21:57.295+0000] {logging_mixin.py:190} INFO - [2026-09-06T09:21:57.295+0000] {dag.py:3239} INFO - Sync 3 DAGs
[2026-09-06T09:21:57.319+0000] {logging_mixin.py:190} INFO - [2026-09-06T09:21:57.319+0000] {dag.py:4180} INFO - Setting next_dagrun for dataset_with_extra_by_context to 2026-09-05 00:00:00+00:00, run_after=2026-09-06 00:00:00+00:00
[2026-09-06T09:21:57.323+0000] {logging_mixin.py:190} INFO - [2026-09-06T09:21:57.323+0000] {dag.py:4180} INFO - Setting next_dagrun for dataset_with_extra_by_yield to 2026-09-05 00:00:00+00:00, run_after=2026-09-06 00:00:00+00:00
[2026-09-06T09:21:57.325+0000] {logging_mixin.py:190} INFO - [2026-09-06T09:21:57.325+0000] {dag.py:4180} INFO - Setting next_dagrun for dataset_with_extra_from_classic_operator to 2026-09-05 00:00:00+00:00, run_after=2026-09-06 00:00:00+00:00
[2026-09-06T09:21:57.343+0000] {processor.py:208} INFO - Processing /home/airflow/.local/lib/python3.12/site-packages/airflow/example_dags/example_outlet_event_extra.py took 0.408 seconds
[2026-09-06T09:22:27.894+0000] {processor.py:186} INFO - Started process (PID=3605) to work on /home/airflow/.local/lib/python3.12/site-packages/airflow/example_dags/example_outlet_event_extra.py
[2026-09-06T09:22:27.895+0000] {processor.py:914} INFO - Processing file /home/airflow/.local/lib/python3.12/site-packages/airflow/example_dags/example_outlet_event_extra.py for tasks to queue
[2026-09-06T09:22:27.897+0000] {logging_mixin.py:190} INFO - [2026-09-06T09:22:27.897+0000] {dagbag.py:588} INFO - Filling up the DagBag from /home/airflow/.local/lib/python3.12/site-packages/airflow/example_dags/example_outlet_event_extra.py
[2026-09-06T09:22:28.191+0000] {processor.py:925} INFO - DAG(s) 'dataset_with_extra_by_yield', 'dataset_with_extra_from_classic_operator', 'dataset_with_extra_by_context' retrieved from /home/airflow/.local/lib/python3.12/site-packages/airflow/example_dags/example_outlet_event_extra.py
[2026-09-06T09:22:28.211+0000] {logging_mixin.py:190} INFO - [2026-09-06T09:22:28.211+0000] {dag.py:3239} INFO - Sync 3 DAGs
[2026-09-06T09:22:28.231+0000] {logging_mixin.py:190} INFO - [2026-09-06T09:22:28.231+0000] {dag.py:4180} INFO - Setting next_dagrun for dataset_with_extra_by_context to 2026-09-05 00:00:00+00:00, run_after=2026-09-06 00:00:00+00:00
[2026-09-06T09:22:28.235+0000] {logging_mixin.py:190} INFO - [2026-09-06T09:22:28.235+0000] {dag.py:4180} INFO - Setting next_dagrun for dataset_with_extra_by_yield to 2026-09-05 00:00:00+00:00, run_after=2026-09-06 00:00:00+00:00
[2026-09-06T09:22:28.237+0000] {logging_mixin.py:190} INFO - [2026-09-06T09:22:28.237+0000] {dag.py:4180} INFO - Setting next_dagrun for dataset_with_extra_from_classic_operator to 2026-09-05 00:00:00+00:00, run_after=2026-09-06 00:00:00+00:00
[2026-09-06T09:22:28.255+0000] {processor.py:208} INFO - Processing /home/airflow/.local/lib/python3.12/site-packages/airflow/example_dags/example_outlet_event_extra.py took 0.365 seconds
[2026-09-06T09:22:58.912+0000] {processor.py:186} INFO - Started process (PID=3669) to work on /home/airflow/.local/lib/python3.12/site-packages/airflow/example_dags/example_outlet_event_extra.py
[2026-09-06T09:22:58.913+0000] {processor.py:914} INFO - Processing file /home/airflow/.local/lib/python3.12/site-packages/airflow/example_dags/example_outlet_event_extra.py for tasks to queue
[2026-09-06T09:22:58.915+0000] {logging_mixin.py:190} INFO - [2026-09-06T09:22:58.915+0000] {dagbag.py:588} INFO - Filling up the DagBag from /home/airflow/.local/lib/python3.12/site-packages/airflow/example_dags/example_outlet_event_extra.py
[2026-09-06T09:22:59.219+0000] {processor.py:925} INFO - DAG(s) 'dataset_with_extra_by_yield', 'dataset_with_extra_by_context', 'dataset_with_extra_from_classic_operator' retrieved from /home/airflow/.local/lib/python3.12/site-packages/airflow/example_dags/example_outlet_event_extra.py
[2026-09-06T09:22:59.241+0000] {logging_mixin.py:190} INFO - [2026-09-06T09:22:59.240+0000] {dag.py:3239} INFO - Sync 3 DAGs
[2026-09-06T09:22:59.260+0000] {logging_mixin.py:190} INFO - [2026-09-06T09:22:59.259+0000] {dag.py:4180} INFO - Setting next_dagrun for dataset_with_extra_by_context to 2026-09-05 00:00:00+00:00, run_after=2026-09-06 00:00:00+00:00
[2026-09-06T09:22:59.263+0000] {logging_mixin.py:190} INFO - [2026-09-06T09:22:59.263+0000] {dag.py:4180} INFO - Setting next_dagrun for dataset_with_extra_by_yield to 2026-09-05 00:00:00+00:00, run_after=2026-09-06 00:00:00+00:00
[2026-09-06T09:22:59.265+0000] {logging_mixin.py:190} INFO - [2026-09-06T09:22:59.265+0000] {dag.py:4180} INFO - Setting next_dagrun for dataset_with_extra_from_classic_operator to 2026-09-05 00:00:00+00:00, run_after=2026-09-06 00:00:00+00:00
[2026-09-06T09:22:59.281+0000] {processor.py:208} INFO - Processing /home/airflow/.local/lib/python3.12/site-packages/airflow/example_dags/example_outlet_event_extra.py took 0.374 seconds
[2026-09-06T09:23:30.155+0000] {processor.py:186} INFO - Started process (PID=3741) to work on /home/airflow/.local/lib/python3.12/site-packages/airflow/example_dags/example_outlet_event_extra.py
[2026-09-06T09:23:30.156+0000] {processor.py:914} INFO - Processing file /home/airflow/.local/lib/python3.12/site-packages/airflow/example_dags/example_outlet_event_extra.py for tasks to queue
[2026-09-06T09:23:30.158+0000] {logging_mixin.py:190} INFO - [2026-09-06T09:23:30.158+0000] {dagbag.py:588} INFO - Filling up the DagBag from /home/airflow/.local/lib/python3.12/site-packages/airflow/example_dags/example_outlet_event_extra.py
[2026-09-06T09:23:30.477+0000] {processor.py:925} INFO - DAG(s) 'dataset_with_extra_from_classic_operator', 'dataset_with_extra_by_context', 'dataset_with_extra_by_yield' retrieved from /home/airflow/.local/lib/python3.12/site-packages/airflow/example_dags/example_outlet_event_extra.py
[2026-09-06T09:23:30.498+0000] {logging_mixin.py:190} INFO - [2026-09-06T09:23:30.498+0000] {dag.py:3239} INFO - Sync 3 DAGs
[2026-09-06T09:23:30.519+0000] {logging_mixin.py:190} INFO - [2026-09-06T09:23:30.518+0000] {dag.py:4180} INFO - Setting next_dagrun for dataset_with_extra_by_context to 2026-09-05 00:00:00+00:00, run_after=2026-09-06 00:00:00+00:00
[2026-09-06T09:23:30.523+0000] {logging_mixin.py:190} INFO - [2026-09-06T09:23:30.523+0000] {dag.py:4180} INFO - Setting next_dagrun for dataset_with_extra_by_yield to 2026-09-05 00:00:00+00:00, run_after=2026-09-06 00:00:00+00:00
[2026-09-06T09:23:30.526+0000] {logging_mixin.py:190} INFO - [2026-09-06T09:23:30.526+0000] {dag.py:4180} INFO - Setting next_dagrun for dataset_with_extra_from_classic_operator to 2026-09-05 00:00:00+00:00, run_after=2026-09-06 00:00:00+00:00
[2026-09-06T09:23:30.543+0000] {processor.py:208} INFO - Processing /home/airflow/.local/lib/python3.12/site-packages/airflow/example_dags/example_outlet_event_extra.py took 0.392 seconds
[2026-09-06T09:24:00.987+0000] {processor.py:186} INFO - Started process (PID=3805) to work on /home/airflow/.local/lib/python3.12/site-packages/airflow/example_dags/example_outlet_event_extra.py
[2026-09-06T09:24:00.988+0000] {processor.py:914} INFO - Processing file /home/airflow/.local/lib/python3.12/site-packages/airflow/example_dags/example_outlet_event_extra.py for tasks to queue
[2026-09-06T09:24:00.990+0000] {logging_mixin.py:190} INFO - [2026-09-06T09:24:00.990+0000] {dagbag.py:588} INFO - Filling up the DagBag from /home/airflow/.local/lib/python3.12/site-packages/airflow/example_dags/example_outlet_event_extra.py
[2026-09-06T09:24:01.277+0000] {processor.py:925} INFO - DAG(s) 'dataset_with_extra_by_context', 'dataset_with_extra_by_yield', 'dataset_with_extra_from_classic_operator' retrieved from /home/airflow/.local/lib/python3.12/site-packages/airflow/example_dags/example_outlet_event_extra.py
[2026-09-06T09:24:01.296+0000] {logging_mixin.py:190} INFO - [2026-09-06T09:24:01.296+0000] {dag.py:3239} INFO - Sync 3 DAGs
[2026-09-06T09:24:01.316+0000] {logging_mixin.py:190} INFO - [2026-09-06T09:24:01.316+0000] {dag.py:4180} INFO - Setting next_dagrun for dataset_with_extra_by_context to 2026-09-05 00:00:00+00:00, run_after=2026-09-06 00:00:00+00:00
[2026-09-06T09:24:01.320+0000] {logging_mixin.py:190} INFO - [2026-09-06T09:24:01.320+0000] {dag.py:4180} INFO - Setting next_dagrun for dataset_with_extra_by_yield to 2026-09-05 00:00:00+00:00, run_after=2026-09-06 00:00:00+00:00
[2026-09-06T09:24:01.322+0000] {logging_mixin.py:190} INFO - [2026-09-06T09:24:01.322+0000] {dag.py:4180} INFO - Setting next_dagrun for dataset_with_extra_from_classic_operator to 2026-09-05 00:00:00+00:00, run_after=2026-09-06 00:00:00+00:00
[2026-09-06T09:24:01.338+0000] {processor.py:208} INFO - Processing /home/airflow/.local/lib/python3.12/site-packages/airflow/example_dags/example_outlet_event_extra.py took 0.356 seconds
[2026-09-06T09:24:32.283+0000] {processor.py:186} INFO - Started process (PID=3871) to work on /home/airflow/.local/lib/python3.12/site-packages/airflow/example_dags/example_outlet_event_extra.py
[2026-09-06T09:24:32.285+0000] {processor.py:914} INFO - Processing file /home/airflow/.local/lib/python3.12/site-packages/airflow/example_dags/example_outlet_event_extra.py for tasks to queue
[2026-09-06T09:24:32.288+0000] {logging_mixin.py:190} INFO - [2026-09-06T09:24:32.288+0000] {dagbag.py:588} INFO - Filling up the DagBag from /home/airflow/.local/lib/python3.12/site-packages/airflow/example_dags/example_outlet_event_extra.py
[2026-09-06T09:24:32.629+0000] {processor.py:925} INFO - DAG(s) 'dataset_with_extra_from_classic_operator', 'dataset_with_extra_by_context', 'dataset_with_extra_by_yield' retrieved from /home/airflow/.local/lib/python3.12/site-packages/airflow/example_dags/example_outlet_event_extra.py
[2026-09-06T09:24:32.649+0000] {logging_mixin.py:190} INFO - [2026-09-06T09:24:32.649+0000] {dag.py:3239} INFO - Sync 3 DAGs
[2026-09-06T09:24:32.672+0000] {logging_mixin.py:190} INFO - [2026-09-06T09:24:32.671+0000] {dag.py:4180} INFO - Setting next_dagrun for dataset_with_extra_by_context to 2026-09-05 00:00:00+00:00, run_after=2026-09-06 00:00:00+00:00
[2026-09-06T09:24:32.676+0000] {logging_mixin.py:190} INFO - [2026-09-06T09:24:32.676+0000] {dag.py:4180} INFO - Setting next_dagrun for dataset_with_extra_by_yield to 2026-09-05 00:00:00+00:00, run_after=2026-09-06 00:00:00+00:00
[2026-09-06T09:24:32.678+0000] {logging_mixin.py:190} INFO - [2026-09-06T09:24:32.678+0000] {dag.py:4180} INFO - Setting next_dagrun for dataset_with_extra_from_classic_operator to 2026-09-05 00:00:00+00:00, run_after=2026-09-06 00:00:00+00:00
[2026-09-06T09:24:32.698+0000] {processor.py:208} INFO - Processing /home/airflow/.local/lib/python3.12/site-packages/airflow/example_dags/example_outlet_event_extra.py took 0.421 seconds
[2026-09-06T09:25:03.330+0000] {processor.py:186} INFO - Started process (PID=3935) to work on /home/airflow/.local/lib/python3.12/site-packages/airflow/example_dags/example_outlet_event_extra.py
[2026-09-06T09:25:03.331+0000] {processor.py:914} INFO - Processing file /home/airflow/.local/lib/python3.12/site-packages/airflow/example_dags/example_outlet_event_extra.py for tasks to queue
[2026-09-06T09:25:03.334+0000] {logging_mixin.py:190} INFO - [2026-09-06T09:25:03.333+0000] {dagbag.py:588} INFO - Filling up the DagBag from /home/airflow/.local/lib/python3.12/site-packages/airflow/example_dags/example_outlet_event_extra.py
[2026-09-06T09:25:03.658+0000] {processor.py:925} INFO - DAG(s) 'dataset_with_extra_by_context', 'dataset_with_extra_by_yield', 'dataset_with_extra_from_classic_operator' retrieved from /home/airflow/.local/lib/python3.12/site-packages/airflow/example_dags/example_outlet_event_extra.py
[2026-09-06T09:25:03.692+0000] {logging_mixin.py:190} INFO - [2026-09-06T09:25:03.692+0000] {dag.py:3239} INFO - Sync 3 DAGs
[2026-09-06T09:25:03.723+0000] {logging_mixin.py:190} INFO - [2026-09-06T09:25:03.723+0000] {dag.py:4180} INFO - Setting next_dagrun for dataset_with_extra_by_context to 2026-09-05 00:00:00+00:00, run_after=2026-09-06 00:00:00+00:00
[2026-09-06T09:25:03.729+0000] {logging_mixin.py:190} INFO - [2026-09-06T09:25:03.729+0000] {dag.py:4180} INFO - Setting next_dagrun for dataset_with_extra_by_yield to 2026-09-05 00:00:00+00:00, run_after=2026-09-06 00:00:00+00:00
[2026-09-06T09:25:03.732+0000] {logging_mixin.py:190} INFO - [2026-09-06T09:25:03.732+0000] {dag.py:4180} INFO - Setting next_dagrun for dataset_with_extra_from_classic_operator to 2026-09-05 00:00:00+00:00, run_after=2026-09-06 00:00:00+00:00
[2026-09-06T09:25:03.756+0000] {processor.py:208} INFO - Processing /home/airflow/.local/lib/python3.12/site-packages/airflow/example_dags/example_outlet_event_extra.py took 0.430 seconds
[2026-09-06T09:25:34.525+0000] {processor.py:186} INFO - Started process (PID=3999) to work on /home/airflow/.local/lib/python3.12/site-packages/airflow/example_dags/example_outlet_event_extra.py
[2026-09-06T09:25:34.526+0000] {processor.py:914} INFO - Processing file /home/airflow/.local/lib/python3.12/site-packages/airflow/example_dags/example_outlet_event_extra.py for tasks to queue
[2026-09-06T09:25:34.528+0000] {logging_mixin.py:190} INFO - [2026-09-06T09:25:34.528+0000] {dagbag.py:588} INFO - Filling up the DagBag from /home/airflow/.local/lib/python3.12/site-packages/airflow/example_dags/example_outlet_event_extra.py
[2026-09-06T09:25:34.878+0000] {processor.py:925} INFO - DAG(s) 'dataset_with_extra_by_context', 'dataset_with_extra_from_classic_operator', 'dataset_with_extra_by_yield' retrieved from /home/airflow/.local/lib/python3.12/site-packages/airflow/example_dags/example_outlet_event_extra.py
[2026-09-06T09:25:34.900+0000] {logging_mixin.py:190} INFO - [2026-09-06T09:25:34.900+0000] {dag.py:3239} INFO - Sync 3 DAGs
[2026-09-06T09:25:34.922+0000] {logging_mixin.py:190} INFO - [2026-09-06T09:25:34.922+0000] {dag.py:4180} INFO - Setting next_dagrun for dataset_with_extra_by_context to 2026-09-05 00:00:00+00:00, run_after=2026-09-06 00:00:00+00:00
[2026-09-06T09:25:34.926+0000] {logging_mixin.py:190} INFO - [2026-09-06T09:25:34.926+0000] {dag.py:4180} INFO - Setting next_dagrun for dataset_with_extra_by_yield to 2026-09-05 00:00:00+00:00, run_after=2026-09-06 00:00:00+00:00
[2026-09-06T09:25:34.928+0000] {logging_mixin.py:190} INFO - [2026-09-06T09:25:34.928+0000] {dag.py:4180} INFO - Setting next_dagrun for dataset_with_extra_from_classic_operator to 2026-09-05 00:00:00+00:00, run_after=2026-09-06 00:00:00+00:00
[2026-09-06T09:25:34.947+0000] {processor.py:208} INFO - Processing /home/airflow/.local/lib/python3.12/site-packages/airflow/example_dags/example_outlet_event_extra.py took 0.426 seconds
[2026-09-06T09:26:05.381+0000] {processor.py:186} INFO - Started process (PID=4063) to work on /home/airflow/.local/lib/python3.12/site-packages/airflow/example_dags/example_outlet_event_extra.py
[2026-09-06T09:26:05.383+0000] {processor.py:914} INFO - Processing file /home/airflow/.local/lib/python3.12/site-packages/airflow/example_dags/example_outlet_event_extra.py for tasks to queue
[2026-09-06T09:26:05.385+0000] {logging_mixin.py:190} INFO - [2026-09-06T09:26:05.385+0000] {dagbag.py:588} INFO - Filling up the DagBag from /home/airflow/.local/lib/python3.12/site-packages/airflow/example_dags/example_outlet_event_extra.py
[2026-09-06T09:26:05.709+0000] {processor.py:925} INFO - DAG(s) 'dataset_with_extra_by_context', 'dataset_with_extra_from_classic_operator', 'dataset_with_extra_by_yield' retrieved from /home/airflow/.local/lib/python3.12/site-packages/airflow/example_dags/example_outlet_event_extra.py
[2026-09-06T09:26:05.733+0000] {logging_mixin.py:190} INFO - [2026-09-06T09:26:05.733+0000] {dag.py:3239} INFO - Sync 3 DAGs
[2026-09-06T09:26:05.754+0000] {logging_mixin.py:190} INFO - [2026-09-06T09:26:05.754+0000] {dag.py:4180} INFO - Setting next_dagrun for dataset_with_extra_by_context to 2026-09-05 00:00:00+00:00, run_after=2026-09-06 00:00:00+00:00
[2026-09-06T09:26:05.758+0000] {logging_mixin.py:190} INFO - [2026-09-06T09:26:05.757+0000] {dag.py:4180} INFO - Setting next_dagrun for dataset_with_extra_by_yield to 2026-09-05 00:00:00+00:00, run_after=2026-09-06 00:00:00+00:00
[2026-09-06T09:26:05.760+0000] {logging_mixin.py:190} INFO - [2026-09-06T09:26:05.759+0000] {dag.py:4180} INFO - Setting next_dagrun for dataset_with_extra_from_classic_operator to 2026-09-05 00:00:00+00:00, run_after=2026-09-06 00:00:00+00:00
[2026-09-06T09:26:05.776+0000] {processor.py:208} INFO - Processing /home/airflow/.local/lib/python3.12/site-packages/airflow/example_dags/example_outlet_event_extra.py took 0.401 seconds
[2026-09-06T09:26:35.945+0000] {processor.py:186} INFO - Started process (PID=4131) to work on /home/airflow/.local/lib/python3.12/site-packages/airflow/example_dags/example_outlet_event_extra.py
[2026-09-06T09:26:35.946+0000] {processor.py:914} INFO - Processing file /home/airflow/.local/lib/python3.12/site-packages/airflow/example_dags/example_outlet_event_extra.py for tasks to queue
[2026-09-06T09:26:35.948+0000] {logging_mixin.py:190} INFO - [2026-09-06T09:26:35.948+0000] {dagbag.py:588} INFO - Filling up the DagBag from /home/airflow/.local/lib/python3.12/site-packages/airflow/example_dags/example_outlet_event_extra.py
[2026-09-06T09:26:36.255+0000] {processor.py:925} INFO - DAG(s) 'dataset_with_extra_by_context', 'dataset_with_extra_from_classic_operator', 'dataset_with_extra_by_yield' retrieved from /home/airflow/.local/lib/python3.12/site-packages/airflow/example_dags/example_outlet_event_extra.py
[2026-09-06T09:26:36.276+0000] {logging_mixin.py:190} INFO - [2026-09-06T09:26:36.276+0000] {dag.py:3239} INFO - Sync 3 DAGs
[2026-09-06T09:26:36.296+0000] {logging_mixin.py:190} INFO - [2026-09-06T09:26:36.296+0000] {dag.py:4180} INFO - Setting next_dagrun for dataset_with_extra_by_context to 2026-09-05 00:00:00+00:00, run_after=2026-09-06 00:00:00+00:00
[2026-09-06T09:26:36.300+0000] {logging_mixin.py:190} INFO - [2026-09-06T09:26:36.300+0000] {dag.py:4180} INFO - Setting next_dagrun for dataset_with_extra_by_yield to 2026-09-05 00:00:00+00:00, run_after=2026-09-06 00:00:00+00:00
[2026-09-06T09:26:36.302+0000] {logging_mixin.py:190} INFO - [2026-09-06T09:26:36.302+0000] {dag.py:4180} INFO - Setting next_dagrun for dataset_with_extra_from_classic_operator to 2026-09-05 00:00:00+00:00, run_after=2026-09-06 00:00:00+00:00
[2026-09-06T09:26:36.317+0000] {processor.py:208} INFO - Processing /home/airflow/.local/lib/python3.12/site-packages/airflow/example_dags/example_outlet_event_extra.py took 0.377 seconds
[2026-09-06T09:27:06.404+0000] {processor.py:186} INFO - Started process (PID=4199) to work on /home/airflow/.local/lib/python3.12/site-packages/airflow/example_dags/example_outlet_event_extra.py
[2026-09-06T09:27:06.406+0000] {processor.py:914} INFO - Processing file /home/airflow/.local/lib/python3.12/site-packages/airflow/example_dags/example_outlet_event_extra.py for tasks to queue
[2026-09-06T09:27:06.410+0000] {logging_mixin.py:190} INFO - [2026-09-06T09:27:06.409+0000] {dagbag.py:588} INFO - Filling up the DagBag from /home/airflow/.local/lib/python3.12/site-packages/airflow/example_dags/example_outlet_event_extra.py
[2026-09-06T09:27:06.734+0000] {processor.py:925} INFO - DAG(s) 'dataset_with_extra_by_context', 'dataset_with_extra_by_yield', 'dataset_with_extra_from_classic_operator' retrieved from /home/airflow/.local/lib/python3.12/site-packages/airflow/example_dags/example_outlet_event_extra.py
[2026-09-06T09:27:06.755+0000] {logging_mixin.py:190} INFO - [2026-09-06T09:27:06.755+0000] {dag.py:3239} INFO - Sync 3 DAGs
[2026-09-06T09:27:06.778+0000] {logging_mixin.py:190} INFO - [2026-09-06T09:27:06.778+0000] {dag.py:4180} INFO - Setting next_dagrun for dataset_with_extra_by_context to 2026-09-05 00:00:00+00:00, run_after=2026-09-06 00:00:00+00:00
[2026-09-06T09:27:06.783+0000] {logging_mixin.py:190} INFO - [2026-09-06T09:27:06.783+0000] {dag.py:4180} INFO - Setting next_dagrun for dataset_with_extra_by_yield to 2026-09-05 00:00:00+00:00, run_after=2026-09-06 00:00:00+00:00
[2026-09-06T09:27:06.785+0000] {logging_mixin.py:190} INFO - [2026-09-06T09:27:06.785+0000] {dag.py:4180} INFO - Setting next_dagrun for dataset_with_extra_from_classic_operator to 2026-09-05 00:00:00+00:00, run_after=2026-09-06 00:00:00+00:00
[2026-09-06T09:27:06.807+0000] {processor.py:208} INFO - Processing /home/airflow/.local/lib/python3.12/site-packages/airflow/example_dags/example_outlet_event_extra.py took 0.412 seconds
