[2026-09-06T08:54:03.869+0000] {processor.py:186} INFO - Started process (PID=106) to work on /home/airflow/.local/lib/python3.12/site-packages/airflow/example_dags/example_short_circuit_operator.py
[2026-09-06T08:54:03.870+0000] {processor.py:914} INFO - Processing file /home/airflow/.local/lib/python3.12/site-packages/airflow/example_dags/example_short_circuit_operator.py for tasks to queue
[2026-09-06T08:54:03.872+0000] {logging_mixin.py:190} INFO - [2026-09-06T08:54:03.872+0000] {dagbag.py:588} INFO - Filling up the DagBag from /home/airflow/.local/lib/python3.12/site-packages/airflow/example_dags/example_short_circuit_operator.py
[2026-09-06T08:54:03.880+0000] {processor.py:925} INFO - DAG(s) 'example_short_circuit_operator' retrieved from /home/airflow/.local/lib/python3.12/site-packages/airflow/example_dags/example_short_circuit_operator.py
[2026-09-06T08:54:03.973+0000] {logging_mixin.py:190} INFO - [2026-09-06T08:54:03.972+0000] {override.py:1911} INFO - Created Permission View: can edit on DAG:example_short_circuit_operator
[2026-09-06T08:54:03.982+0000] {logging_mixin.py:190} INFO - [2026-09-06T08:54:03.982+0000] {override.py:1911} INFO - Created Permission View: can delete on DAG:example_short_circuit_operator
[2026-09-06T08:54:03.989+0000] {logging_mixin.py:190} INFO - [2026-09-06T08:54:03.988+0000] {override.py:1911} INFO - Created Permission View: can read on DAG:example_short_circuit_operator
[2026-09-06T08:54:03.999+0000] {logging_mixin.py:190} INFO - [2026-09-06T08:54:03.998+0000] {override.py:1911} INFO - Created Permission View: can create on DAG Run:example_short_circuit_operator
[2026-09-06T08:54:04.005+0000] {logging_mixin.py:190} INFO - [2026-09-06T08:54:04.005+0000] {override.py:1911} INFO - Created Permission View: can delete on DAG Run:example_short_circuit_operator
[2026-09-06T08:54:04.011+0000] {logging_mixin.py:190} INFO - [2026-09-06T08:54:04.011+0000] {override.py:1911} INFO - Created Permission View: can read on DAG Run:example_short_circuit_operator
[2026-09-06T08:54:04.017+0000] {logging_mixin.py:190} INFO - [2026-09-06T08:54:04.017+0000] {override.py:1911} INFO - Created Permission View: menu access on DAG Run:example_short_circuit_operator
[2026-09-06T08:54:04.018+0000] {logging_mixin.py:190} INFO - [2026-09-06T08:54:04.018+0000] {dag.py:3239} INFO - Sync 1 DAGs
[2026-09-06T08:54:04.027+0000] {logging_mixin.py:190} INFO - [2026-09-06T08:54:04.026+0000] {dag.py:3262} INFO - Creating ORM DAG for example_short_circuit_operator
[2026-09-06T08:54:04.029+0000] {logging_mixin.py:190} INFO - [2026-09-06T08:54:04.029+0000] {dag.py:4180} INFO - Setting next_dagrun for example_short_circuit_operator to None, run_after=None
[2026-09-06T08:54:04.041+0000] {processor.py:208} INFO - Processing /home/airflow/.local/lib/python3.12/site-packages/airflow/example_dags/example_short_circuit_operator.py took 0.177 seconds
[2026-09-06T08:54:34.114+0000] {processor.py:186} INFO - Started process (PID=168) to work on /home/airflow/.local/lib/python3.12/site-packages/airflow/example_dags/example_short_circuit_operator.py
[2026-09-06T08:54:34.115+0000] {processor.py:914} INFO - Processing file /home/airflow/.local/lib/python3.12/site-packages/airflow/example_dags/example_short_circuit_operator.py for tasks to queue
[2026-09-06T08:54:34.117+0000] {logging_mixin.py:190} INFO - [2026-09-06T08:54:34.117+0000] {dagbag.py:588} INFO - Filling up the DagBag from /home/airflow/.local/lib/python3.12/site-packages/airflow/example_dags/example_short_circuit_operator.py
[2026-09-06T08:54:34.124+0000] {processor.py:925} INFO - DAG(s) 'example_short_circuit_operator' retrieved from /home/airflow/.local/lib/python3.12/site-packages/airflow/example_dags/example_short_circuit_operator.py
[2026-09-06T08:54:34.142+0000] {logging_mixin.py:190} INFO - [2026-09-06T08:54:34.142+0000] {dag.py:3239} INFO - Sync 1 DAGs
[2026-09-06T08:54:34.153+0000] {logging_mixin.py:190} INFO - [2026-09-06T08:54:34.153+0000] {dag.py:4180} INFO - Setting next_dagrun for example_short_circuit_operator to None, run_after=None
[2026-09-06T08:54:34.168+0000] {processor.py:208} INFO - Processing /home/airflow/.local/lib/python3.12/site-packages/airflow/example_dags/example_short_circuit_operator.py took 0.059 seconds
[2026-09-06T08:55:04.868+0000] {processor.py:186} INFO - Started process (PID=231) to work on /home/airflow/.local/lib/python3.12/site-packages/airflow/example_dags/example_short_circuit_operator.py
[2026-09-06T08:55:04.869+0000] {processor.py:914} INFO - Processing file /home/airflow/.local/lib/python3.12/site-packages/airflow/example_dags/example_short_circuit_operator.py for tasks to queue
[2026-09-06T08:55:04.871+0000] {logging_mixin.py:190} INFO - [2026-09-06T08:55:04.871+0000] {dagbag.py:588} INFO - Filling up the DagBag from /home/airflow/.local/lib/python3.12/site-packages/airflow/example_dags/example_short_circuit_operator.py
[2026-09-06T08:55:04.879+0000] {processor.py:925} INFO - DAG(s) 'example_short_circuit_operator' retrieved from /home/airflow/.local/lib/python3.12/site-packages/airflow/example_dags/example_short_circuit_operator.py
[2026-09-06T08:55:04.900+0000] {logging_mixin.py:190} INFO - [2026-09-06T08:55:04.900+0000] {dag.py:3239} INFO - Sync 1 DAGs
[2026-09-06T08:55:04.913+0000] {logging_mixin.py:190} INFO - [2026-09-06T08:55:04.913+0000] {dag.py:4180} INFO - Setting next_dagrun for example_short_circuit_operator to None, run_after=None
[2026-09-06T08:55:04.930+0000] {processor.py:208} INFO - Processing /home/airflow/.local/lib/python3.12/site-packages/airflow/example_dags/example_short_circuit_operator.py took 0.067 seconds
[2026-09-06T08:55:35.351+0000] {processor.py:186} INFO - Started process (PID=294) to work on /home/airflow/.local/lib/python3.12/site-packages/airflow/example_dags/example_short_circuit_operator.py
[2026-09-06T08:55:35.352+0000] {processor.py:914} INFO - Processing file /home/airflow/.local/lib/python3.12/site-packages/airflow/example_dags/example_short_circuit_operator.py for tasks to queue
[2026-09-06T08:55:35.354+0000] {logging_mixin.py:190} INFO - [2026-09-06T08:55:35.354+0000] {dagbag.py:588} INFO - Filling up the DagBag from /home/airflow/.local/lib/python3.12/site-packages/airflow/example_dags/example_short_circuit_operator.py
[2026-09-06T08:55:35.362+0000] {processor.py:925} INFO - DAG(s) 'example_short_circuit_operator' retrieved from /home/airflow/.local/lib/python3.12/site-packages/airflow/example_dags/example_short_circuit_operator.py
[2026-09-06T08:55:35.382+0000] {logging_mixin.py:190} INFO - [2026-09-06T08:55:35.382+0000] {dag.py:3239} INFO - Sync 1 DAGs
[2026-09-06T08:55:35.393+0000] {logging_mixin.py:190} INFO - [2026-09-06T08:55:35.393+0000] {dag.py:4180} INFO - Setting next_dagrun for example_short_circuit_operator to None, run_after=None
[2026-09-06T08:55:35.408+0000] {processor.py:208} INFO - Processing /home/airflow/.local/lib/python3.12/site-packages/airflow/example_dags/example_short_circuit_operator.py took 0.062 seconds
[2026-09-06T08:56:05.912+0000] {processor.py:186} INFO - Started process (PID=357) to work on /home/airflow/.local/lib/python3.12/site-packages/airflow/example_dags/example_short_circuit_operator.py
[2026-09-06T08:56:05.913+0000] {processor.py:914} INFO - Processing file /home/airflow/.local/lib/python3.12/site-packages/airflow/example_dags/example_short_circuit_operator.py for tasks to queue
[2026-09-06T08:56:05.915+0000] {logging_mixin.py:190} INFO - [2026-09-06T08:56:05.915+0000] {dagbag.py:588} INFO - Filling up the DagBag from /home/airflow/.local/lib/python3.12/site-packages/airflow/example_dags/example_short_circuit_operator.py
[2026-09-06T08:56:05.922+0000] {processor.py:925} INFO - DAG(s) 'example_short_circuit_operator' retrieved from /home/airflow/.local/lib/python3.12/site-packages/airflow/example_dags/example_short_circuit_operator.py
[2026-09-06T08:56:05.940+0000] {logging_mixin.py:190} INFO - [2026-09-06T08:56:05.940+0000] {dag.py:3239} INFO - Sync 1 DAGs
[2026-09-06T08:56:05.951+0000] {logging_mixin.py:190} INFO - [2026-09-06T08:56:05.951+0000] {dag.py:4180} INFO - Setting next_dagrun for example_short_circuit_operator to None, run_after=None
[2026-09-06T08:56:05.966+0000] {processor.py:208} INFO - Processing /home/airflow/.local/lib/python3.12/site-packages/airflow/example_dags/example_short_circuit_operator.py took 0.058 seconds
[2026-09-06T08:56:36.601+0000] {processor.py:186} INFO - Started process (PID=420) to work on /home/airflow/.local/lib/python3.12/site-packages/airflow/example_dags/example_short_circuit_operator.py
[2026-09-06T08:56:36.602+0000] {processor.py:914} INFO - Processing file /home/airflow/.local/lib/python3.12/site-packages/airflow/example_dags/example_short_circuit_operator.py for tasks to queue
[2026-09-06T08:56:36.605+0000] {logging_mixin.py:190} INFO - [2026-09-06T08:56:36.604+0000] {dagbag.py:588} INFO - Filling up the DagBag from /home/airflow/.local/lib/python3.12/site-packages/airflow/example_dags/example_short_circuit_operator.py
[2026-09-06T08:56:36.613+0000] {processor.py:925} INFO - DAG(s) 'example_short_circuit_operator' retrieved from /home/airflow/.local/lib/python3.12/site-packages/airflow/example_dags/example_short_circuit_operator.py
[2026-09-06T08:56:36.637+0000] {logging_mixin.py:190} INFO - [2026-09-06T08:56:36.637+0000] {dag.py:3239} INFO - Sync 1 DAGs
[2026-09-06T08:56:36.653+0000] {logging_mixin.py:190} INFO - [2026-09-06T08:56:36.653+0000] {dag.py:4180} INFO - Setting next_dagrun for example_short_circuit_operator to None, run_after=None
[2026-09-06T08:56:36.675+0000] {processor.py:208} INFO - Processing /home/airflow/.local/lib/python3.12/site-packages/airflow/example_dags/example_short_circuit_operator.py took 0.080 seconds
[2026-09-06T08:57:07.625+0000] {processor.py:186} INFO - Started process (PID=483) to work on /home/airflow/.local/lib/python3.12/site-packages/airflow/example_dags/example_short_circuit_operator.py
[2026-09-06T08:57:07.626+0000] {processor.py:914} INFO - Processing file /home/airflow/.local/lib/python3.12/site-packages/airflow/example_dags/example_short_circuit_operator.py for tasks to queue
[2026-09-06T08:57:07.628+0000] {logging_mixin.py:190} INFO - [2026-09-06T08:57:07.628+0000] {dagbag.py:588} INFO - Filling up the DagBag from /home/airflow/.local/lib/python3.12/site-packages/airflow/example_dags/example_short_circuit_operator.py
[2026-09-06T08:57:07.635+0000] {processor.py:925} INFO - DAG(s) 'example_short_circuit_operator' retrieved from /home/airflow/.local/lib/python3.12/site-packages/airflow/example_dags/example_short_circuit_operator.py
[2026-09-06T08:57:07.655+0000] {logging_mixin.py:190} INFO - [2026-09-06T08:57:07.655+0000] {dag.py:3239} INFO - Sync 1 DAGs
[2026-09-06T08:57:07.670+0000] {logging_mixin.py:190} INFO - [2026-09-06T08:57:07.670+0000] {dag.py:4180} INFO - Setting next_dagrun for example_short_circuit_operator to None, run_after=None
[2026-09-06T08:57:07.686+0000] {processor.py:208} INFO - Processing /home/airflow/.local/lib/python3.12/site-packages/airflow/example_dags/example_short_circuit_operator.py took 0.065 seconds
[2026-09-06T08:57:38.270+0000] {processor.py:186} INFO - Started process (PID=546) to work on /home/airflow/.local/lib/python3.12/site-packages/airflow/example_dags/example_short_circuit_operator.py
[2026-09-06T08:57:38.271+0000] {processor.py:914} INFO - Processing file /home/airflow/.local/lib/python3.12/site-packages/airflow/example_dags/example_short_circuit_operator.py for tasks to queue
[2026-09-06T08:57:38.273+0000] {logging_mixin.py:190} INFO - [2026-09-06T08:57:38.273+0000] {dagbag.py:588} INFO - Filling up the DagBag from /home/airflow/.local/lib/python3.12/site-packages/airflow/example_dags/example_short_circuit_operator.py
[2026-09-06T08:57:38.280+0000] {processor.py:925} INFO - DAG(s) 'example_short_circuit_operator' retrieved from /home/airflow/.local/lib/python3.12/site-packages/airflow/example_dags/example_short_circuit_operator.py
[2026-09-06T08:57:38.312+0000] {logging_mixin.py:190} INFO - [2026-09-06T08:57:38.311+0000] {dag.py:3239} INFO - Sync 1 DAGs
[2026-09-06T08:57:38.330+0000] {logging_mixin.py:190} INFO - [2026-09-06T08:57:38.330+0000] {dag.py:4180} INFO - Setting next_dagrun for example_short_circuit_operator to None, run_after=None
[2026-09-06T08:57:38.348+0000] {processor.py:208} INFO - Processing /home/airflow/.local/lib/python3.12/site-packages/airflow/example_dags/example_short_circuit_operator.py took 0.083 seconds
[2026-09-06T08:58:09.284+0000] {processor.py:186} INFO - Started process (PID=609) to work on /home/airflow/.local/lib/python3.12/site-packages/airflow/example_dags/example_short_circuit_operator.py
[2026-09-06T08:58:09.286+0000] {processor.py:914} INFO - Processing file /home/airflow/.local/lib/python3.12/site-packages/airflow/example_dags/example_short_circuit_operator.py for tasks to queue
[2026-09-06T08:58:09.288+0000] {logging_mixin.py:190} INFO - [2026-09-06T08:58:09.288+0000] {dagbag.py:588} INFO - Filling up the DagBag from /home/airflow/.local/lib/python3.12/site-packages/airflow/example_dags/example_short_circuit_operator.py
[2026-09-06T08:58:09.296+0000] {processor.py:925} INFO - DAG(s) 'example_short_circuit_operator' retrieved from /home/airflow/.local/lib/python3.12/site-packages/airflow/example_dags/example_short_circuit_operator.py
[2026-09-06T08:58:09.316+0000] {logging_mixin.py:190} INFO - [2026-09-06T08:58:09.316+0000] {dag.py:3239} INFO - Sync 1 DAGs
[2026-09-06T08:58:09.331+0000] {logging_mixin.py:190} INFO - [2026-09-06T08:58:09.331+0000] {dag.py:4180} INFO - Setting next_dagrun for example_short_circuit_operator to None, run_after=None
[2026-09-06T08:58:09.348+0000] {processor.py:208} INFO - Processing /home/airflow/.local/lib/python3.12/site-packages/airflow/example_dags/example_short_circuit_operator.py took 0.069 seconds
[2026-09-06T08:58:40.197+0000] {processor.py:186} INFO - Started process (PID=672) to work on /home/airflow/.local/lib/python3.12/site-packages/airflow/example_dags/example_short_circuit_operator.py
[2026-09-06T08:58:40.199+0000] {processor.py:914} INFO - Processing file /home/airflow/.local/lib/python3.12/site-packages/airflow/example_dags/example_short_circuit_operator.py for tasks to queue
[2026-09-06T08:58:40.202+0000] {logging_mixin.py:190} INFO - [2026-09-06T08:58:40.201+0000] {dagbag.py:588} INFO - Filling up the DagBag from /home/airflow/.local/lib/python3.12/site-packages/airflow/example_dags/example_short_circuit_operator.py
[2026-09-06T08:58:40.210+0000] {processor.py:925} INFO - DAG(s) 'example_short_circuit_operator' retrieved from /home/airflow/.local/lib/python3.12/site-packages/airflow/example_dags/example_short_circuit_operator.py
[2026-09-06T08:58:40.233+0000] {logging_mixin.py:190} INFO - [2026-09-06T08:58:40.233+0000] {dag.py:3239} INFO - Sync 1 DAGs
[2026-09-06T08:58:40.246+0000] {logging_mixin.py:190} INFO - [2026-09-06T08:58:40.246+0000] {dag.py:4180} INFO - Setting next_dagrun for example_short_circuit_operator to None, run_after=None
[2026-09-06T08:58:40.265+0000] {processor.py:208} INFO - Processing /home/airflow/.local/lib/python3.12/site-packages/airflow/example_dags/example_short_circuit_operator.py took 0.075 seconds
[2026-09-06T08:59:11.615+0000] {processor.py:186} INFO - Started process (PID=735) to work on /home/airflow/.local/lib/python3.12/site-packages/airflow/example_dags/example_short_circuit_operator.py
[2026-09-06T08:59:11.616+0000] {processor.py:914} INFO - Processing file /home/airflow/.local/lib/python3.12/site-packages/airflow/example_dags/example_short_circuit_operator.py for tasks to queue
[2026-09-06T08:59:11.619+0000] {logging_mixin.py:190} INFO - [2026-09-06T08:59:11.618+0000] {dagbag.py:588} INFO - Filling up the DagBag from /home/airflow/.local/lib/python3.12/site-packages/airflow/example_dags/example_short_circuit_operator.py
[2026-09-06T08:59:11.627+0000] {processor.py:925} INFO - DAG(s) 'example_short_circuit_operator' retrieved from /home/airflow/.local/lib/python3.12/site-packages/airflow/example_dags/example_short_circuit_operator.py
[2026-09-06T08:59:11.646+0000] {logging_mixin.py:190} INFO - [2026-09-06T08:59:11.645+0000] {dag.py:3239} INFO - Sync 1 DAGs
[2026-09-06T08:59:11.658+0000] {logging_mixin.py:190} INFO - [2026-09-06T08:59:11.658+0000] {dag.py:4180} INFO - Setting next_dagrun for example_short_circuit_operator to None, run_after=None
[2026-09-06T08:59:11.679+0000] {processor.py:208} INFO - Processing /home/airflow/.local/lib/python3.12/site-packages/airflow/example_dags/example_short_circuit_operator.py took 0.068 seconds
[2026-09-06T08:59:42.366+0000] {processor.py:186} INFO - Started process (PID=799) to work on /home/airflow/.local/lib/python3.12/site-packages/airflow/example_dags/example_short_circuit_operator.py
[2026-09-06T08:59:42.367+0000] {processor.py:914} INFO - Processing file /home/airflow/.local/lib/python3.12/site-packages/airflow/example_dags/example_short_circuit_operator.py for tasks to queue
[2026-09-06T08:59:42.369+0000] {logging_mixin.py:190} INFO - [2026-09-06T08:59:42.369+0000] {dagbag.py:588} INFO - Filling up the DagBag from /home/airflow/.local/lib/python3.12/site-packages/airflow/example_dags/example_short_circuit_operator.py
[2026-09-06T08:59:42.379+0000] {processor.py:925} INFO - DAG(s) 'example_short_circuit_operator' retrieved from /home/airflow/.local/lib/python3.12/site-packages/airflow/example_dags/example_short_circuit_operator.py
[2026-09-06T08:59:42.398+0000] {logging_mixin.py:190} INFO - [2026-09-06T08:59:42.397+0000] {dag.py:3239} INFO - Sync 1 DAGs
[2026-09-06T08:59:42.409+0000] {logging_mixin.py:190} INFO - [2026-09-06T08:59:42.408+0000] {dag.py:4180} INFO - Setting next_dagrun for example_short_circuit_operator to None, run_after=None
[2026-09-06T08:59:42.425+0000] {processor.py:208} INFO - Processing /home/airflow/.local/lib/python3.12/site-packages/airflow/example_dags/example_short_circuit_operator.py took 0.065 seconds
[2026-09-06T09:00:13.636+0000] {processor.py:186} INFO - Started process (PID=863) to work on /home/airflow/.local/lib/python3.12/site-packages/airflow/example_dags/example_short_circuit_operator.py
[2026-09-06T09:00:13.638+0000] {processor.py:914} INFO - Processing file /home/airflow/.local/lib/python3.12/site-packages/airflow/example_dags/example_short_circuit_operator.py for tasks to queue
[2026-09-06T09:00:13.640+0000] {logging_mixin.py:190} INFO - [2026-09-06T09:00:13.639+0000] {dagbag.py:588} INFO - Filling up the DagBag from /home/airflow/.local/lib/python3.12/site-packages/airflow/example_dags/example_short_circuit_operator.py
[2026-09-06T09:00:13.647+0000] {processor.py:925} INFO - DAG(s) 'example_short_circuit_operator' retrieved from /home/airflow/.local/lib/python3.12/site-packages/airflow/example_dags/example_short_circuit_operator.py
[2026-09-06T09:00:13.667+0000] {logging_mixin.py:190} INFO - [2026-09-06T09:00:13.667+0000] {dag.py:3239} INFO - Sync 1 DAGs
[2026-09-06T09:00:13.680+0000] {logging_mixin.py:190} INFO - [2026-09-06T09:00:13.680+0000] {dag.py:4180} INFO - Setting next_dagrun for example_short_circuit_operator to None, run_after=None
[2026-09-06T09:00:13.695+0000] {processor.py:208} INFO - Processing /home/airflow/.local/lib/python3.12/site-packages/airflow/example_dags/example_short_circuit_operator.py took 0.063 seconds
[2026-09-06T09:00:45.599+0000] {processor.py:186} INFO - Started process (PID=927) to work on /home/airflow/.local/lib/python3.12/site-packages/airflow/example_dags/example_short_circuit_operator.py
[2026-09-06T09:00:45.600+0000] {processor.py:914} INFO - Processing file /home/airflow/.local/lib/python3.12/site-packages/airflow/example_dags/example_short_circuit_operator.py for tasks to queue
[2026-09-06T09:00:45.602+0000] {logging_mixin.py:190} INFO - [2026-09-06T09:00:45.602+0000] {dagbag.py:588} INFO - Filling up the DagBag from /home/airflow/.local/lib/python3.12/site-packages/airflow/example_dags/example_short_circuit_operator.py
[2026-09-06T09:00:45.610+0000] {processor.py:925} INFO - DAG(s) 'example_short_circuit_operator' retrieved from /home/airflow/.local/lib/python3.12/site-packages/airflow/example_dags/example_short_circuit_operator.py
[2026-09-06T09:00:45.628+0000] {logging_mixin.py:190} INFO - [2026-09-06T09:00:45.628+0000] {dag.py:3239} INFO - Sync 1 DAGs
[2026-09-06T09:00:45.640+0000] {logging_mixin.py:190} INFO - [2026-09-06T09:00:45.639+0000] {dag.py:4180} INFO - Setting next_dagrun for example_short_circuit_operator to None, run_after=None
[2026-09-06T09:00:45.655+0000] {processor.py:208} INFO - Processing /home/airflow/.local/lib/python3.12/site-packages/airflow/example_dags/example_short_circuit_operator.py took 0.062 seconds
[2026-09-06T09:01:16.241+0000] {processor.py:186} INFO - Started process (PID=991) to work on /home/airflow/.local/lib/python3.12/site-packages/airflow/example_dags/example_short_circuit_operator.py
[2026-09-06T09:01:16.242+0000] {processor.py:914} INFO - Processing file /home/airflow/.local/lib/python3.12/site-packages/airflow/example_dags/example_short_circuit_operator.py for tasks to queue
[2026-09-06T09:01:16.244+0000] {logging_mixin.py:190} INFO - [2026-09-06T09:01:16.244+0000] {dagbag.py:588} INFO - Filling up the DagBag from /home/airflow/.local/lib/python3.12/site-packages/airflow/example_dags/example_short_circuit_operator.py
[2026-09-06T09:01:16.252+0000] {processor.py:925} INFO - DAG(s) 'example_short_circuit_operator' retrieved from /home/airflow/.local/lib/python3.12/site-packages/airflow/example_dags/example_short_circuit_operator.py
[2026-09-06T09:01:16.272+0000] {logging_mixin.py:190} INFO - [2026-09-06T09:01:16.272+0000] {dag.py:3239} INFO - Sync 1 DAGs
[2026-09-06T09:01:16.285+0000] {logging_mixin.py:190} INFO - [2026-09-06T09:01:16.285+0000] {dag.py:4180} INFO - Setting next_dagrun for example_short_circuit_operator to None, run_after=None
[2026-09-06T09:01:16.308+0000] {processor.py:208} INFO - Processing /home/airflow/.local/lib/python3.12/site-packages/airflow/example_dags/example_short_circuit_operator.py took 0.072 seconds
[2026-09-06T09:01:47.465+0000] {processor.py:186} INFO - Started process (PID=1055) to work on /home/airflow/.local/lib/python3.12/site-packages/airflow/example_dags/example_short_circuit_operator.py
[2026-09-06T09:01:47.465+0000] {processor.py:914} INFO - Processing file /home/airflow/.local/lib/python3.12/site-packages/airflow/example_dags/example_short_circuit_operator.py for tasks to queue
[2026-09-06T09:01:47.467+0000] {logging_mixin.py:190} INFO - [2026-09-06T09:01:47.467+0000] {dagbag.py:588} INFO - Filling up the DagBag from /home/airflow/.local/lib/python3.12/site-packages/airflow/example_dags/example_short_circuit_operator.py
[2026-09-06T09:01:47.474+0000] {processor.py:925} INFO - DAG(s) 'example_short_circuit_operator' retrieved from /home/airflow/.local/lib/python3.12/site-packages/airflow/example_dags/example_short_circuit_operator.py
[2026-09-06T09:01:47.490+0000] {logging_mixin.py:190} INFO - [2026-09-06T09:01:47.489+0000] {dag.py:3239} INFO - Sync 1 DAGs
[2026-09-06T09:01:47.499+0000] {logging_mixin.py:190} INFO - [2026-09-06T09:01:47.499+0000] {dag.py:4180} INFO - Setting next_dagrun for example_short_circuit_operator to None, run_after=None
[2026-09-06T09:01:47.513+0000] {processor.py:208} INFO - Processing /home/airflow/.local/lib/python3.12/site-packages/airflow/example_dags/example_short_circuit_operator.py took 0.052 seconds
[2026-09-06T09:02:18.222+0000] {processor.py:186} INFO - Started process (PID=1119) to work on /home/airflow/.local/lib/python3.12/site-packages/airflow/example_dags/example_short_circuit_operator.py
[2026-09-06T09:02:18.223+0000] {processor.py:914} INFO - Processing file /home/airflow/.local/lib/python3.12/site-packages/airflow/example_dags/example_short_circuit_operator.py for tasks to queue
[2026-09-06T09:02:18.225+0000] {logging_mixin.py:190} INFO - [2026-09-06T09:02:18.225+0000] {dagbag.py:588} INFO - Filling up the DagBag from /home/airflow/.local/lib/python3.12/site-packages/airflow/example_dags/example_short_circuit_operator.py
[2026-09-06T09:02:18.232+0000] {processor.py:925} INFO - DAG(s) 'example_short_circuit_operator' retrieved from /home/airflow/.local/lib/python3.12/site-packages/airflow/example_dags/example_short_circuit_operator.py
[2026-09-06T09:02:18.249+0000] {logging_mixin.py:190} INFO - [2026-09-06T09:02:18.249+0000] {dag.py:3239} INFO - Sync 1 DAGs
[2026-09-06T09:02:18.260+0000] {logging_mixin.py:190} INFO - [2026-09-06T09:02:18.260+0000] {dag.py:4180} INFO - Setting next_dagrun for example_short_circuit_operator to None, run_after=None
[2026-09-06T09:02:18.277+0000] {processor.py:208} INFO - Processing /home/airflow/.local/lib/python3.12/site-packages/airflow/example_dags/example_short_circuit_operator.py took 0.062 seconds
[2026-09-06T09:02:49.201+0000] {processor.py:186} INFO - Started process (PID=1183) to work on /home/airflow/.local/lib/python3.12/site-packages/airflow/example_dags/example_short_circuit_operator.py
[2026-09-06T09:02:49.203+0000] {processor.py:914} INFO - Processing file /home/airflow/.local/lib/python3.12/site-packages/airflow/example_dags/example_short_circuit_operator.py for tasks to queue
[2026-09-06T09:02:49.205+0000] {logging_mixin.py:190} INFO - [2026-09-06T09:02:49.205+0000] {dagbag.py:588} INFO - Filling up the DagBag from /home/airflow/.local/lib/python3.12/site-packages/airflow/example_dags/example_short_circuit_operator.py
[2026-09-06T09:02:49.212+0000] {processor.py:925} INFO - DAG(s) 'example_short_circuit_operator' retrieved from /home/airflow/.local/lib/python3.12/site-packages/airflow/example_dags/example_short_circuit_operator.py
[2026-09-06T09:02:49.232+0000] {logging_mixin.py:190} INFO - [2026-09-06T09:02:49.231+0000] {dag.py:3239} INFO - Sync 1 DAGs
[2026-09-06T09:02:49.243+0000] {logging_mixin.py:190} INFO - [2026-09-06T09:02:49.243+0000] {dag.py:4180} INFO - Setting next_dagrun for example_short_circuit_operator to None, run_after=None
[2026-09-06T09:02:49.279+0000] {processor.py:208} INFO - Processing /home/airflow/.local/lib/python3.12/site-packages/airflow/example_dags/example_short_circuit_operator.py took 0.082 seconds
[2026-09-06T09:03:19.984+0000] {processor.py:186} INFO - Started process (PID=1247) to work on /home/airflow/.local/lib/python3.12/site-packages/airflow/example_dags/example_short_circuit_operator.py
[2026-09-06T09:03:19.986+0000] {processor.py:914} INFO - Processing file /home/airflow/.local/lib/python3.12/site-packages/airflow/example_dags/example_short_circuit_operator.py for tasks to queue
[2026-09-06T09:03:19.988+0000] {logging_mixin.py:190} INFO - [2026-09-06T09:03:19.988+0000] {dagbag.py:588} INFO - Filling up the DagBag from /home/airflow/.local/lib/python3.12/site-packages/airflow/example_dags/example_short_circuit_operator.py
[2026-09-06T09:03:19.995+0000] {processor.py:925} INFO - DAG(s) 'example_short_circuit_operator' retrieved from /home/airflow/.local/lib/python3.12/site-packages/airflow/example_dags/example_short_circuit_operator.py
[2026-09-06T09:03:20.015+0000] {logging_mixin.py:190} INFO - [2026-09-06T09:03:20.014+0000] {dag.py:3239} INFO - Sync 1 DAGs
[2026-09-06T09:03:20.028+0000] {logging_mixin.py:190} INFO - [2026-09-06T09:03:20.027+0000] {dag.py:4180} INFO - Setting next_dagrun for example_short_circuit_operator to None, run_after=None
[2026-09-06T09:03:20.052+0000] {processor.py:208} INFO - Processing /home/airflow/.local/lib/python3.12/site-packages/airflow/example_dags/example_short_circuit_operator.py took 0.072 seconds
[2026-09-06T09:03:50.871+0000] {processor.py:186} INFO - Started process (PID=1311) to work on /home/airflow/.local/lib/python3.12/site-packages/airflow/example_dags/example_short_circuit_operator.py
[2026-09-06T09:03:50.872+0000] {processor.py:914} INFO - Processing file /home/airflow/.local/lib/python3.12/site-packages/airflow/example_dags/example_short_circuit_operator.py for tasks to queue
[2026-09-06T09:03:50.875+0000] {logging_mixin.py:190} INFO - [2026-09-06T09:03:50.874+0000] {dagbag.py:588} INFO - Filling up the DagBag from /home/airflow/.local/lib/python3.12/site-packages/airflow/example_dags/example_short_circuit_operator.py
[2026-09-06T09:03:50.882+0000] {processor.py:925} INFO - DAG(s) 'example_short_circuit_operator' retrieved from /home/airflow/.local/lib/python3.12/site-packages/airflow/example_dags/example_short_circuit_operator.py
[2026-09-06T09:03:50.902+0000] {logging_mixin.py:190} INFO - [2026-09-06T09:03:50.902+0000] {dag.py:3239} INFO - Sync 1 DAGs
[2026-09-06T09:03:50.912+0000] {logging_mixin.py:190} INFO - [2026-09-06T09:03:50.912+0000] {dag.py:4180} INFO - Setting next_dagrun for example_short_circuit_operator to None, run_after=None
[2026-09-06T09:03:50.936+0000] {processor.py:208} INFO - Processing /home/airflow/.local/lib/python3.12/site-packages/airflow/example_dags/example_short_circuit_operator.py took 0.070 seconds
[2026-09-06T09:04:21.804+0000] {processor.py:186} INFO - Started process (PID=1375) to work on /home/airflow/.local/lib/python3.12/site-packages/airflow/example_dags/example_short_circuit_operator.py
[2026-09-06T09:04:21.805+0000] {processor.py:914} INFO - Processing file /home/airflow/.local/lib/python3.12/site-packages/airflow/example_dags/example_short_circuit_operator.py for tasks to queue
[2026-09-06T09:04:21.807+0000] {logging_mixin.py:190} INFO - [2026-09-06T09:04:21.806+0000] {dagbag.py:588} INFO - Filling up the DagBag from /home/airflow/.local/lib/python3.12/site-packages/airflow/example_dags/example_short_circuit_operator.py
[2026-09-06T09:04:21.814+0000] {processor.py:925} INFO - DAG(s) 'example_short_circuit_operator' retrieved from /home/airflow/.local/lib/python3.12/site-packages/airflow/example_dags/example_short_circuit_operator.py
[2026-09-06T09:04:21.831+0000] {logging_mixin.py:190} INFO - [2026-09-06T09:04:21.831+0000] {dag.py:3239} INFO - Sync 1 DAGs
[2026-09-06T09:04:21.842+0000] {logging_mixin.py:190} INFO - [2026-09-06T09:04:21.842+0000] {dag.py:4180} INFO - Setting next_dagrun for example_short_circuit_operator to None, run_after=None
[2026-09-06T09:04:21.858+0000] {processor.py:208} INFO - Processing /home/airflow/.local/lib/python3.12/site-packages/airflow/example_dags/example_short_circuit_operator.py took 0.059 seconds
[2026-09-06T09:04:53.124+0000] {processor.py:186} INFO - Started process (PID=1439) to work on /home/airflow/.local/lib/python3.12/site-packages/airflow/example_dags/example_short_circuit_operator.py
[2026-09-06T09:04:53.125+0000] {processor.py:914} INFO - Processing file /home/airflow/.local/lib/python3.12/site-packages/airflow/example_dags/example_short_circuit_operator.py for tasks to queue
[2026-09-06T09:04:53.127+0000] {logging_mixin.py:190} INFO - [2026-09-06T09:04:53.127+0000] {dagbag.py:588} INFO - Filling up the DagBag from /home/airflow/.local/lib/python3.12/site-packages/airflow/example_dags/example_short_circuit_operator.py
[2026-09-06T09:04:53.134+0000] {processor.py:925} INFO - DAG(s) 'example_short_circuit_operator' retrieved from /home/airflow/.local/lib/python3.12/site-packages/airflow/example_dags/example_short_circuit_operator.py
[2026-09-06T09:04:53.151+0000] {logging_mixin.py:190} INFO - [2026-09-06T09:04:53.151+0000] {dag.py:3239} INFO - Sync 1 DAGs
[2026-09-06T09:04:53.162+0000] {logging_mixin.py:190} INFO - [2026-09-06T09:04:53.162+0000] {dag.py:4180} INFO - Setting next_dagrun for example_short_circuit_operator to None, run_after=None
[2026-09-06T09:04:53.177+0000] {processor.py:208} INFO - Processing /home/airflow/.local/lib/python3.12/site-packages/airflow/example_dags/example_short_circuit_operator.py took 0.058 seconds
[2026-09-06T09:05:24.105+0000] {processor.py:186} INFO - Started process (PID=1503) to work on /home/airflow/.local/lib/python3.12/site-packages/airflow/example_dags/example_short_circuit_operator.py
[2026-09-06T09:05:24.105+0000] {processor.py:914} INFO - Processing file /home/airflow/.local/lib/python3.12/site-packages/airflow/example_dags/example_short_circuit_operator.py for tasks to queue
[2026-09-06T09:05:24.107+0000] {logging_mixin.py:190} INFO - [2026-09-06T09:05:24.107+0000] {dagbag.py:588} INFO - Filling up the DagBag from /home/airflow/.local/lib/python3.12/site-packages/airflow/example_dags/example_short_circuit_operator.py
[2026-09-06T09:05:24.113+0000] {processor.py:925} INFO - DAG(s) 'example_short_circuit_operator' retrieved from /home/airflow/.local/lib/python3.12/site-packages/airflow/example_dags/example_short_circuit_operator.py
[2026-09-06T09:05:24.130+0000] {logging_mixin.py:190} INFO - [2026-09-06T09:05:24.130+0000] {dag.py:3239} INFO - Sync 1 DAGs
[2026-09-06T09:05:24.141+0000] {logging_mixin.py:190} INFO - [2026-09-06T09:05:24.140+0000] {dag.py:4180} INFO - Setting next_dagrun for example_short_circuit_operator to None, run_after=None
[2026-09-06T09:05:24.155+0000] {processor.py:208} INFO - Processing /home/airflow/.local/lib/python3.12/site-packages/airflow/example_dags/example_short_circuit_operator.py took 0.055 seconds
[2026-09-06T09:05:54.984+0000] {processor.py:186} INFO - Started process (PID=1567) to work on /home/airflow/.local/lib/python3.12/site-packages/airflow/example_dags/example_short_circuit_operator.py
[2026-09-06T09:05:54.985+0000] {processor.py:914} INFO - Processing file /home/airflow/.local/lib/python3.12/site-packages/airflow/example_dags/example_short_circuit_operator.py for tasks to queue
[2026-09-06T09:05:54.988+0000] {logging_mixin.py:190} INFO - [2026-09-06T09:05:54.987+0000] {dagbag.py:588} INFO - Filling up the DagBag from /home/airflow/.local/lib/python3.12/site-packages/airflow/example_dags/example_short_circuit_operator.py
[2026-09-06T09:05:54.995+0000] {processor.py:925} INFO - DAG(s) 'example_short_circuit_operator' retrieved from /home/airflow/.local/lib/python3.12/site-packages/airflow/example_dags/example_short_circuit_operator.py
[2026-09-06T09:05:55.014+0000] {logging_mixin.py:190} INFO - [2026-09-06T09:05:55.014+0000] {dag.py:3239} INFO - Sync 1 DAGs
[2026-09-06T09:05:55.026+0000] {logging_mixin.py:190} INFO - [2026-09-06T09:05:55.026+0000] {dag.py:4180} INFO - Setting next_dagrun for example_short_circuit_operator to None, run_after=None
[2026-09-06T09:05:55.041+0000] {processor.py:208} INFO - Processing /home/airflow/.local/lib/python3.12/site-packages/airflow/example_dags/example_short_circuit_operator.py took 0.061 seconds
[2026-09-06T09:06:25.770+0000] {processor.py:186} INFO - Started process (PID=1631) to work on /home/airflow/.local/lib/python3.12/site-packages/airflow/example_dags/example_short_circuit_operator.py
[2026-09-06T09:06:25.771+0000] {processor.py:914} INFO - Processing file /home/airflow/.local/lib/python3.12/site-packages/airflow/example_dags/example_short_circuit_operator.py for tasks to queue
[2026-09-06T09:06:25.773+0000] {logging_mixin.py:190} INFO - [2026-09-06T09:06:25.772+0000] {dagbag.py:588} INFO - Filling up the DagBag from /home/airflow/.local/lib/python3.12/site-packages/airflow/example_dags/example_short_circuit_operator.py
[2026-09-06T09:06:25.781+0000] {processor.py:925} INFO - DAG(s) 'example_short_circuit_operator' retrieved from /home/airflow/.local/lib/python3.12/site-packages/airflow/example_dags/example_short_circuit_operator.py
[2026-09-06T09:06:25.800+0000] {logging_mixin.py:190} INFO - [2026-09-06T09:06:25.800+0000] {dag.py:3239} INFO - Sync 1 DAGs
[2026-09-06T09:06:25.812+0000] {logging_mixin.py:190} INFO - [2026-09-06T09:06:25.812+0000] {dag.py:4180} INFO - Setting next_dagrun for example_short_circuit_operator to None, run_after=None
[2026-09-06T09:06:25.829+0000] {processor.py:208} INFO - Processing /home/airflow/.local/lib/python3.12/site-packages/airflow/example_dags/example_short_circuit_operator.py took 0.064 seconds
[2026-09-06T09:06:56.583+0000] {processor.py:186} INFO - Started process (PID=1695) to work on /home/airflow/.local/lib/python3.12/site-packages/airflow/example_dags/example_short_circuit_operator.py
[2026-09-06T09:06:56.584+0000] {processor.py:914} INFO - Processing file /home/airflow/.local/lib/python3.12/site-packages/airflow/example_dags/example_short_circuit_operator.py for tasks to queue
[2026-09-06T09:06:56.587+0000] {logging_mixin.py:190} INFO - [2026-09-06T09:06:56.587+0000] {dagbag.py:588} INFO - Filling up the DagBag from /home/airflow/.local/lib/python3.12/site-packages/airflow/example_dags/example_short_circuit_operator.py
[2026-09-06T09:06:56.597+0000] {processor.py:925} INFO - DAG(s) 'example_short_circuit_operator' retrieved from /home/airflow/.local/lib/python3.12/site-packages/airflow/example_dags/example_short_circuit_operator.py
[2026-09-06T09:06:56.621+0000] {logging_mixin.py:190} INFO - [2026-09-06T09:06:56.621+0000] {dag.py:3239} INFO - Sync 1 DAGs
[2026-09-06T09:06:56.635+0000] {logging_mixin.py:190} INFO - [2026-09-06T09:06:56.635+0000] {dag.py:4180} INFO - Setting next_dagrun for example_short_circuit_operator to None, run_after=None
[2026-09-06T09:06:56.655+0000] {processor.py:208} INFO - Processing /home/airflow/.local/lib/python3.12/site-packages/airflow/example_dags/example_short_circuit_operator.py took 0.078 seconds
[2026-09-06T09:07:27.631+0000] {processor.py:186} INFO - Started process (PID=1759) to work on /home/airflow/.local/lib/python3.12/site-packages/airflow/example_dags/example_short_circuit_operator.py
[2026-09-06T09:07:27.632+0000] {processor.py:914} INFO - Processing file /home/airflow/.local/lib/python3.12/site-packages/airflow/example_dags/example_short_circuit_operator.py for tasks to queue
[2026-09-06T09:07:27.634+0000] {logging_mixin.py:190} INFO - [2026-09-06T09:07:27.633+0000] {dagbag.py:588} INFO - Filling up the DagBag from /home/airflow/.local/lib/python3.12/site-packages/airflow/example_dags/example_short_circuit_operator.py
[2026-09-06T09:07:27.640+0000] {processor.py:925} INFO - DAG(s) 'example_short_circuit_operator' retrieved from /home/airflow/.local/lib/python3.12/site-packages/airflow/example_dags/example_short_circuit_operator.py
[2026-09-06T09:07:27.660+0000] {logging_mixin.py:190} INFO - [2026-09-06T09:07:27.660+0000] {dag.py:3239} INFO - Sync 1 DAGs
[2026-09-06T09:07:27.670+0000] {logging_mixin.py:190} INFO - [2026-09-06T09:07:27.670+0000] {dag.py:4180} INFO - Setting next_dagrun for example_short_circuit_operator to None, run_after=None
[2026-09-06T09:07:27.685+0000] {processor.py:208} INFO - Processing /home/airflow/.local/lib/python3.12/site-packages/airflow/example_dags/example_short_circuit_operator.py took 0.058 seconds
[2026-09-06T09:07:58.415+0000] {processor.py:186} INFO - Started process (PID=1829) to work on /home/airflow/.local/lib/python3.12/site-packages/airflow/example_dags/example_short_circuit_operator.py
[2026-09-06T09:07:58.416+0000] {processor.py:914} INFO - Processing file /home/airflow/.local/lib/python3.12/site-packages/airflow/example_dags/example_short_circuit_operator.py for tasks to queue
[2026-09-06T09:07:58.418+0000] {logging_mixin.py:190} INFO - [2026-09-06T09:07:58.418+0000] {dagbag.py:588} INFO - Filling up the DagBag from /home/airflow/.local/lib/python3.12/site-packages/airflow/example_dags/example_short_circuit_operator.py
[2026-09-06T09:07:58.426+0000] {processor.py:925} INFO - DAG(s) 'example_short_circuit_operator' retrieved from /home/airflow/.local/lib/python3.12/site-packages/airflow/example_dags/example_short_circuit_operator.py
[2026-09-06T09:07:58.445+0000] {logging_mixin.py:190} INFO - [2026-09-06T09:07:58.445+0000] {dag.py:3239} INFO - Sync 1 DAGs
[2026-09-06T09:07:58.455+0000] {logging_mixin.py:190} INFO - [2026-09-06T09:07:58.455+0000] {dag.py:4180} INFO - Setting next_dagrun for example_short_circuit_operator to None, run_after=None
[2026-09-06T09:07:58.471+0000] {processor.py:208} INFO - Processing /home/airflow/.local/lib/python3.12/site-packages/airflow/example_dags/example_short_circuit_operator.py took 0.064 seconds
[2026-09-06T09:08:29.182+0000] {processor.py:186} INFO - Started process (PID=1893) to work on /home/airflow/.local/lib/python3.12/site-packages/airflow/example_dags/example_short_circuit_operator.py
[2026-09-06T09:08:29.183+0000] {processor.py:914} INFO - Processing file /home/airflow/.local/lib/python3.12/site-packages/airflow/example_dags/example_short_circuit_operator.py for tasks to queue
[2026-09-06T09:08:29.185+0000] {logging_mixin.py:190} INFO - [2026-09-06T09:08:29.184+0000] {dagbag.py:588} INFO - Filling up the DagBag from /home/airflow/.local/lib/python3.12/site-packages/airflow/example_dags/example_short_circuit_operator.py
[2026-09-06T09:08:29.191+0000] {processor.py:925} INFO - DAG(s) 'example_short_circuit_operator' retrieved from /home/airflow/.local/lib/python3.12/site-packages/airflow/example_dags/example_short_circuit_operator.py
[2026-09-06T09:08:29.209+0000] {logging_mixin.py:190} INFO - [2026-09-06T09:08:29.209+0000] {dag.py:3239} INFO - Sync 1 DAGs
[2026-09-06T09:08:29.220+0000] {logging_mixin.py:190} INFO - [2026-09-06T09:08:29.220+0000] {dag.py:4180} INFO - Setting next_dagrun for example_short_circuit_operator to None, run_after=None
[2026-09-06T09:08:29.235+0000] {processor.py:208} INFO - Processing /home/airflow/.local/lib/python3.12/site-packages/airflow/example_dags/example_short_circuit_operator.py took 0.058 seconds
[2026-09-06T09:08:59.869+0000] {processor.py:186} INFO - Started process (PID=1957) to work on /home/airflow/.local/lib/python3.12/site-packages/airflow/example_dags/example_short_circuit_operator.py
[2026-09-06T09:08:59.871+0000] {processor.py:914} INFO - Processing file /home/airflow/.local/lib/python3.12/site-packages/airflow/example_dags/example_short_circuit_operator.py for tasks to queue
[2026-09-06T09:08:59.873+0000] {logging_mixin.py:190} INFO - [2026-09-06T09:08:59.873+0000] {dagbag.py:588} INFO - Filling up the DagBag from /home/airflow/.local/lib/python3.12/site-packages/airflow/example_dags/example_short_circuit_operator.py
[2026-09-06T09:08:59.881+0000] {processor.py:925} INFO - DAG(s) 'example_short_circuit_operator' retrieved from /home/airflow/.local/lib/python3.12/site-packages/airflow/example_dags/example_short_circuit_operator.py
[2026-09-06T09:08:59.898+0000] {logging_mixin.py:190} INFO - [2026-09-06T09:08:59.897+0000] {dag.py:3239} INFO - Sync 1 DAGs
[2026-09-06T09:08:59.908+0000] {logging_mixin.py:190} INFO - [2026-09-06T09:08:59.908+0000] {dag.py:4180} INFO - Setting next_dagrun for example_short_circuit_operator to None, run_after=None
[2026-09-06T09:08:59.922+0000] {processor.py:208} INFO - Processing /home/airflow/.local/lib/python3.12/site-packages/airflow/example_dags/example_short_circuit_operator.py took 0.057 seconds
[2026-09-06T09:09:30.549+0000] {processor.py:186} INFO - Started process (PID=2021) to work on /home/airflow/.local/lib/python3.12/site-packages/airflow/example_dags/example_short_circuit_operator.py
[2026-09-06T09:09:30.550+0000] {processor.py:914} INFO - Processing file /home/airflow/.local/lib/python3.12/site-packages/airflow/example_dags/example_short_circuit_operator.py for tasks to queue
[2026-09-06T09:09:30.552+0000] {logging_mixin.py:190} INFO - [2026-09-06T09:09:30.552+0000] {dagbag.py:588} INFO - Filling up the DagBag from /home/airflow/.local/lib/python3.12/site-packages/airflow/example_dags/example_short_circuit_operator.py
[2026-09-06T09:09:30.560+0000] {processor.py:925} INFO - DAG(s) 'example_short_circuit_operator' retrieved from /home/airflow/.local/lib/python3.12/site-packages/airflow/example_dags/example_short_circuit_operator.py
[2026-09-06T09:09:30.577+0000] {logging_mixin.py:190} INFO - [2026-09-06T09:09:30.577+0000] {dag.py:3239} INFO - Sync 1 DAGs
[2026-09-06T09:09:30.588+0000] {logging_mixin.py:190} INFO - [2026-09-06T09:09:30.588+0000] {dag.py:4180} INFO - Setting next_dagrun for example_short_circuit_operator to None, run_after=None
[2026-09-06T09:09:30.602+0000] {processor.py:208} INFO - Processing /home/airflow/.local/lib/python3.12/site-packages/airflow/example_dags/example_short_circuit_operator.py took 0.057 seconds
[2026-09-06T09:10:02.020+0000] {processor.py:186} INFO - Started process (PID=2085) to work on /home/airflow/.local/lib/python3.12/site-packages/airflow/example_dags/example_short_circuit_operator.py
[2026-09-06T09:10:02.021+0000] {processor.py:914} INFO - Processing file /home/airflow/.local/lib/python3.12/site-packages/airflow/example_dags/example_short_circuit_operator.py for tasks to queue
[2026-09-06T09:10:02.024+0000] {logging_mixin.py:190} INFO - [2026-09-06T09:10:02.023+0000] {dagbag.py:588} INFO - Filling up the DagBag from /home/airflow/.local/lib/python3.12/site-packages/airflow/example_dags/example_short_circuit_operator.py
[2026-09-06T09:10:02.031+0000] {processor.py:925} INFO - DAG(s) 'example_short_circuit_operator' retrieved from /home/airflow/.local/lib/python3.12/site-packages/airflow/example_dags/example_short_circuit_operator.py
[2026-09-06T09:10:02.049+0000] {logging_mixin.py:190} INFO - [2026-09-06T09:10:02.049+0000] {dag.py:3239} INFO - Sync 1 DAGs
[2026-09-06T09:10:02.064+0000] {logging_mixin.py:190} INFO - [2026-09-06T09:10:02.064+0000] {dag.py:4180} INFO - Setting next_dagrun for example_short_circuit_operator to None, run_after=None
[2026-09-06T09:10:02.082+0000] {processor.py:208} INFO - Processing /home/airflow/.local/lib/python3.12/site-packages/airflow/example_dags/example_short_circuit_operator.py took 0.067 seconds
[2026-09-06T09:10:33.533+0000] {processor.py:186} INFO - Started process (PID=2149) to work on /home/airflow/.local/lib/python3.12/site-packages/airflow/example_dags/example_short_circuit_operator.py
[2026-09-06T09:10:33.534+0000] {processor.py:914} INFO - Processing file /home/airflow/.local/lib/python3.12/site-packages/airflow/example_dags/example_short_circuit_operator.py for tasks to queue
[2026-09-06T09:10:33.536+0000] {logging_mixin.py:190} INFO - [2026-09-06T09:10:33.536+0000] {dagbag.py:588} INFO - Filling up the DagBag from /home/airflow/.local/lib/python3.12/site-packages/airflow/example_dags/example_short_circuit_operator.py
[2026-09-06T09:10:33.544+0000] {processor.py:925} INFO - DAG(s) 'example_short_circuit_operator' retrieved from /home/airflow/.local/lib/python3.12/site-packages/airflow/example_dags/example_short_circuit_operator.py
[2026-09-06T09:10:33.563+0000] {logging_mixin.py:190} INFO - [2026-09-06T09:10:33.563+0000] {dag.py:3239} INFO - Sync 1 DAGs
[2026-09-06T09:10:33.574+0000] {logging_mixin.py:190} INFO - [2026-09-06T09:10:33.574+0000] {dag.py:4180} INFO - Setting next_dagrun for example_short_circuit_operator to None, run_after=None
[2026-09-06T09:10:33.588+0000] {processor.py:208} INFO - Processing /home/airflow/.local/lib/python3.12/site-packages/airflow/example_dags/example_short_circuit_operator.py took 0.060 seconds
[2026-09-06T09:11:05.312+0000] {processor.py:186} INFO - Started process (PID=2213) to work on /home/airflow/.local/lib/python3.12/site-packages/airflow/example_dags/example_short_circuit_operator.py
[2026-09-06T09:11:05.313+0000] {processor.py:914} INFO - Processing file /home/airflow/.local/lib/python3.12/site-packages/airflow/example_dags/example_short_circuit_operator.py for tasks to queue
[2026-09-06T09:11:05.315+0000] {logging_mixin.py:190} INFO - [2026-09-06T09:11:05.315+0000] {dagbag.py:588} INFO - Filling up the DagBag from /home/airflow/.local/lib/python3.12/site-packages/airflow/example_dags/example_short_circuit_operator.py
[2026-09-06T09:11:05.322+0000] {processor.py:925} INFO - DAG(s) 'example_short_circuit_operator' retrieved from /home/airflow/.local/lib/python3.12/site-packages/airflow/example_dags/example_short_circuit_operator.py
[2026-09-06T09:11:05.340+0000] {logging_mixin.py:190} INFO - [2026-09-06T09:11:05.340+0000] {dag.py:3239} INFO - Sync 1 DAGs
[2026-09-06T09:11:05.351+0000] {logging_mixin.py:190} INFO - [2026-09-06T09:11:05.350+0000] {dag.py:4180} INFO - Setting next_dagrun for example_short_circuit_operator to None, run_after=None
[2026-09-06T09:11:05.365+0000] {processor.py:208} INFO - Processing /home/airflow/.local/lib/python3.12/site-packages/airflow/example_dags/example_short_circuit_operator.py took 0.058 seconds
[2026-09-06T09:11:36.115+0000] {processor.py:186} INFO - Started process (PID=2277) to work on /home/airflow/.local/lib/python3.12/site-packages/airflow/example_dags/example_short_circuit_operator.py
[2026-09-06T09:11:36.116+0000] {processor.py:914} INFO - Processing file /home/airflow/.local/lib/python3.12/site-packages/airflow/example_dags/example_short_circuit_operator.py for tasks to queue
[2026-09-06T09:11:36.119+0000] {logging_mixin.py:190} INFO - [2026-09-06T09:11:36.118+0000] {dagbag.py:588} INFO - Filling up the DagBag from /home/airflow/.local/lib/python3.12/site-packages/airflow/example_dags/example_short_circuit_operator.py
[2026-09-06T09:11:36.126+0000] {processor.py:925} INFO - DAG(s) 'example_short_circuit_operator' retrieved from /home/airflow/.local/lib/python3.12/site-packages/airflow/example_dags/example_short_circuit_operator.py
[2026-09-06T09:11:36.144+0000] {logging_mixin.py:190} INFO - [2026-09-06T09:11:36.144+0000] {dag.py:3239} INFO - Sync 1 DAGs
[2026-09-06T09:11:36.157+0000] {logging_mixin.py:190} INFO - [2026-09-06T09:11:36.157+0000] {dag.py:4180} INFO - Setting next_dagrun for example_short_circuit_operator to None, run_after=None
[2026-09-06T09:11:36.175+0000] {processor.py:208} INFO - Processing /home/airflow/.local/lib/python3.12/site-packages/airflow/example_dags/example_short_circuit_operator.py took 0.064 seconds
[2026-09-06T09:12:08.162+0000] {processor.py:186} INFO - Started process (PID=2342) to work on /home/airflow/.local/lib/python3.12/site-packages/airflow/example_dags/example_short_circuit_operator.py
[2026-09-06T09:12:08.163+0000] {processor.py:914} INFO - Processing file /home/airflow/.local/lib/python3.12/site-packages/airflow/example_dags/example_short_circuit_operator.py for tasks to queue
[2026-09-06T09:12:08.165+0000] {logging_mixin.py:190} INFO - [2026-09-06T09:12:08.165+0000] {dagbag.py:588} INFO - Filling up the DagBag from /home/airflow/.local/lib/python3.12/site-packages/airflow/example_dags/example_short_circuit_operator.py
[2026-09-06T09:12:08.172+0000] {processor.py:925} INFO - DAG(s) 'example_short_circuit_operator' retrieved from /home/airflow/.local/lib/python3.12/site-packages/airflow/example_dags/example_short_circuit_operator.py
[2026-09-06T09:12:08.190+0000] {logging_mixin.py:190} INFO - [2026-09-06T09:12:08.190+0000] {dag.py:3239} INFO - Sync 1 DAGs
[2026-09-06T09:12:08.200+0000] {logging_mixin.py:190} INFO - [2026-09-06T09:12:08.200+0000] {dag.py:4180} INFO - Setting next_dagrun for example_short_circuit_operator to None, run_after=None
[2026-09-06T09:12:08.215+0000] {processor.py:208} INFO - Processing /home/airflow/.local/lib/python3.12/site-packages/airflow/example_dags/example_short_circuit_operator.py took 0.057 seconds
[2026-09-06T09:12:39.158+0000] {processor.py:186} INFO - Started process (PID=2406) to work on /home/airflow/.local/lib/python3.12/site-packages/airflow/example_dags/example_short_circuit_operator.py
[2026-09-06T09:12:39.159+0000] {processor.py:914} INFO - Processing file /home/airflow/.local/lib/python3.12/site-packages/airflow/example_dags/example_short_circuit_operator.py for tasks to queue
[2026-09-06T09:12:39.161+0000] {logging_mixin.py:190} INFO - [2026-09-06T09:12:39.161+0000] {dagbag.py:588} INFO - Filling up the DagBag from /home/airflow/.local/lib/python3.12/site-packages/airflow/example_dags/example_short_circuit_operator.py
[2026-09-06T09:12:39.169+0000] {processor.py:925} INFO - DAG(s) 'example_short_circuit_operator' retrieved from /home/airflow/.local/lib/python3.12/site-packages/airflow/example_dags/example_short_circuit_operator.py
[2026-09-06T09:12:39.188+0000] {logging_mixin.py:190} INFO - [2026-09-06T09:12:39.187+0000] {dag.py:3239} INFO - Sync 1 DAGs
[2026-09-06T09:12:39.199+0000] {logging_mixin.py:190} INFO - [2026-09-06T09:12:39.199+0000] {dag.py:4180} INFO - Setting next_dagrun for example_short_circuit_operator to None, run_after=None
[2026-09-06T09:12:39.214+0000] {processor.py:208} INFO - Processing /home/airflow/.local/lib/python3.12/site-packages/airflow/example_dags/example_short_circuit_operator.py took 0.061 seconds
[2026-09-06T09:13:10.703+0000] {processor.py:186} INFO - Started process (PID=2471) to work on /home/airflow/.local/lib/python3.12/site-packages/airflow/example_dags/example_short_circuit_operator.py
[2026-09-06T09:13:10.704+0000] {processor.py:914} INFO - Processing file /home/airflow/.local/lib/python3.12/site-packages/airflow/example_dags/example_short_circuit_operator.py for tasks to queue
[2026-09-06T09:13:10.706+0000] {logging_mixin.py:190} INFO - [2026-09-06T09:13:10.705+0000] {dagbag.py:588} INFO - Filling up the DagBag from /home/airflow/.local/lib/python3.12/site-packages/airflow/example_dags/example_short_circuit_operator.py
[2026-09-06T09:13:10.713+0000] {processor.py:925} INFO - DAG(s) 'example_short_circuit_operator' retrieved from /home/airflow/.local/lib/python3.12/site-packages/airflow/example_dags/example_short_circuit_operator.py
[2026-09-06T09:13:10.731+0000] {logging_mixin.py:190} INFO - [2026-09-06T09:13:10.731+0000] {dag.py:3239} INFO - Sync 1 DAGs
[2026-09-06T09:13:10.742+0000] {logging_mixin.py:190} INFO - [2026-09-06T09:13:10.741+0000] {dag.py:4180} INFO - Setting next_dagrun for example_short_circuit_operator to None, run_after=None
[2026-09-06T09:13:10.757+0000] {processor.py:208} INFO - Processing /home/airflow/.local/lib/python3.12/site-packages/airflow/example_dags/example_short_circuit_operator.py took 0.059 seconds
[2026-09-06T09:13:41.380+0000] {processor.py:186} INFO - Started process (PID=2535) to work on /home/airflow/.local/lib/python3.12/site-packages/airflow/example_dags/example_short_circuit_operator.py
[2026-09-06T09:13:41.381+0000] {processor.py:914} INFO - Processing file /home/airflow/.local/lib/python3.12/site-packages/airflow/example_dags/example_short_circuit_operator.py for tasks to queue
[2026-09-06T09:13:41.383+0000] {logging_mixin.py:190} INFO - [2026-09-06T09:13:41.383+0000] {dagbag.py:588} INFO - Filling up the DagBag from /home/airflow/.local/lib/python3.12/site-packages/airflow/example_dags/example_short_circuit_operator.py
[2026-09-06T09:13:41.391+0000] {processor.py:925} INFO - DAG(s) 'example_short_circuit_operator' retrieved from /home/airflow/.local/lib/python3.12/site-packages/airflow/example_dags/example_short_circuit_operator.py
[2026-09-06T09:13:41.409+0000] {logging_mixin.py:190} INFO - [2026-09-06T09:13:41.409+0000] {dag.py:3239} INFO - Sync 1 DAGs
[2026-09-06T09:13:41.419+0000] {logging_mixin.py:190} INFO - [2026-09-06T09:13:41.419+0000] {dag.py:4180} INFO - Setting next_dagrun for example_short_circuit_operator to None, run_after=None
[2026-09-06T09:13:41.433+0000] {processor.py:208} INFO - Processing /home/airflow/.local/lib/python3.12/site-packages/airflow/example_dags/example_short_circuit_operator.py took 0.057 seconds
[2026-09-06T09:14:12.441+0000] {processor.py:186} INFO - Started process (PID=2598) to work on /home/airflow/.local/lib/python3.12/site-packages/airflow/example_dags/example_short_circuit_operator.py
[2026-09-06T09:14:12.442+0000] {processor.py:914} INFO - Processing file /home/airflow/.local/lib/python3.12/site-packages/airflow/example_dags/example_short_circuit_operator.py for tasks to queue
[2026-09-06T09:14:12.444+0000] {logging_mixin.py:190} INFO - [2026-09-06T09:14:12.444+0000] {dagbag.py:588} INFO - Filling up the DagBag from /home/airflow/.local/lib/python3.12/site-packages/airflow/example_dags/example_short_circuit_operator.py
[2026-09-06T09:14:12.451+0000] {processor.py:925} INFO - DAG(s) 'example_short_circuit_operator' retrieved from /home/airflow/.local/lib/python3.12/site-packages/airflow/example_dags/example_short_circuit_operator.py
[2026-09-06T09:14:12.467+0000] {logging_mixin.py:190} INFO - [2026-09-06T09:14:12.467+0000] {dag.py:3239} INFO - Sync 1 DAGs
[2026-09-06T09:14:12.477+0000] {logging_mixin.py:190} INFO - [2026-09-06T09:14:12.477+0000] {dag.py:4180} INFO - Setting next_dagrun for example_short_circuit_operator to None, run_after=None
[2026-09-06T09:14:12.495+0000] {processor.py:208} INFO - Processing /home/airflow/.local/lib/python3.12/site-packages/airflow/example_dags/example_short_circuit_operator.py took 0.058 seconds
[2026-09-06T09:14:43.892+0000] {processor.py:186} INFO - Started process (PID=2663) to work on /home/airflow/.local/lib/python3.12/site-packages/airflow/example_dags/example_short_circuit_operator.py
[2026-09-06T09:14:43.893+0000] {processor.py:914} INFO - Processing file /home/airflow/.local/lib/python3.12/site-packages/airflow/example_dags/example_short_circuit_operator.py for tasks to queue
[2026-09-06T09:14:43.895+0000] {logging_mixin.py:190} INFO - [2026-09-06T09:14:43.895+0000] {dagbag.py:588} INFO - Filling up the DagBag from /home/airflow/.local/lib/python3.12/site-packages/airflow/example_dags/example_short_circuit_operator.py
[2026-09-06T09:14:43.903+0000] {processor.py:925} INFO - DAG(s) 'example_short_circuit_operator' retrieved from /home/airflow/.local/lib/python3.12/site-packages/airflow/example_dags/example_short_circuit_operator.py
[2026-09-06T09:14:43.923+0000] {logging_mixin.py:190} INFO - [2026-09-06T09:14:43.922+0000] {dag.py:3239} INFO - Sync 1 DAGs
[2026-09-06T09:14:43.938+0000] {logging_mixin.py:190} INFO - [2026-09-06T09:14:43.938+0000] {dag.py:4180} INFO - Setting next_dagrun for example_short_circuit_operator to None, run_after=None
[2026-09-06T09:14:43.955+0000] {processor.py:208} INFO - Processing /home/airflow/.local/lib/python3.12/site-packages/airflow/example_dags/example_short_circuit_operator.py took 0.068 seconds
[2026-09-06T09:15:15.178+0000] {processor.py:186} INFO - Started process (PID=2727) to work on /home/airflow/.local/lib/python3.12/site-packages/airflow/example_dags/example_short_circuit_operator.py
[2026-09-06T09:15:15.179+0000] {processor.py:914} INFO - Processing file /home/airflow/.local/lib/python3.12/site-packages/airflow/example_dags/example_short_circuit_operator.py for tasks to queue
[2026-09-06T09:15:15.182+0000] {logging_mixin.py:190} INFO - [2026-09-06T09:15:15.181+0000] {dagbag.py:588} INFO - Filling up the DagBag from /home/airflow/.local/lib/python3.12/site-packages/airflow/example_dags/example_short_circuit_operator.py
[2026-09-06T09:15:15.189+0000] {processor.py:925} INFO - DAG(s) 'example_short_circuit_operator' retrieved from /home/airflow/.local/lib/python3.12/site-packages/airflow/example_dags/example_short_circuit_operator.py
[2026-09-06T09:15:15.207+0000] {logging_mixin.py:190} INFO - [2026-09-06T09:15:15.207+0000] {dag.py:3239} INFO - Sync 1 DAGs
[2026-09-06T09:15:15.219+0000] {logging_mixin.py:190} INFO - [2026-09-06T09:15:15.219+0000] {dag.py:4180} INFO - Setting next_dagrun for example_short_circuit_operator to None, run_after=None
[2026-09-06T09:15:15.234+0000] {processor.py:208} INFO - Processing /home/airflow/.local/lib/python3.12/site-packages/airflow/example_dags/example_short_circuit_operator.py took 0.060 seconds
[2026-09-06T09:15:46.066+0000] {processor.py:186} INFO - Started process (PID=2792) to work on /home/airflow/.local/lib/python3.12/site-packages/airflow/example_dags/example_short_circuit_operator.py
[2026-09-06T09:15:46.067+0000] {processor.py:914} INFO - Processing file /home/airflow/.local/lib/python3.12/site-packages/airflow/example_dags/example_short_circuit_operator.py for tasks to queue
[2026-09-06T09:15:46.069+0000] {logging_mixin.py:190} INFO - [2026-09-06T09:15:46.068+0000] {dagbag.py:588} INFO - Filling up the DagBag from /home/airflow/.local/lib/python3.12/site-packages/airflow/example_dags/example_short_circuit_operator.py
[2026-09-06T09:15:46.076+0000] {processor.py:925} INFO - DAG(s) 'example_short_circuit_operator' retrieved from /home/airflow/.local/lib/python3.12/site-packages/airflow/example_dags/example_short_circuit_operator.py
[2026-09-06T09:15:46.094+0000] {logging_mixin.py:190} INFO - [2026-09-06T09:15:46.094+0000] {dag.py:3239} INFO - Sync 1 DAGs
[2026-09-06T09:15:46.109+0000] {logging_mixin.py:190} INFO - [2026-09-06T09:15:46.109+0000] {dag.py:4180} INFO - Setting next_dagrun for example_short_circuit_operator to None, run_after=None
[2026-09-06T09:15:46.139+0000] {processor.py:208} INFO - Processing /home/airflow/.local/lib/python3.12/site-packages/airflow/example_dags/example_short_circuit_operator.py took 0.078 seconds
[2026-09-06T09:16:16.448+0000] {processor.py:186} INFO - Started process (PID=2856) to work on /home/airflow/.local/lib/python3.12/site-packages/airflow/example_dags/example_short_circuit_operator.py
[2026-09-06T09:16:16.449+0000] {processor.py:914} INFO - Processing file /home/airflow/.local/lib/python3.12/site-packages/airflow/example_dags/example_short_circuit_operator.py for tasks to queue
[2026-09-06T09:16:16.452+0000] {logging_mixin.py:190} INFO - [2026-09-06T09:16:16.452+0000] {dagbag.py:588} INFO - Filling up the DagBag from /home/airflow/.local/lib/python3.12/site-packages/airflow/example_dags/example_short_circuit_operator.py
[2026-09-06T09:16:16.460+0000] {processor.py:925} INFO - DAG(s) 'example_short_circuit_operator' retrieved from /home/airflow/.local/lib/python3.12/site-packages/airflow/example_dags/example_short_circuit_operator.py
[2026-09-06T09:16:16.477+0000] {logging_mixin.py:190} INFO - [2026-09-06T09:16:16.477+0000] {dag.py:3239} INFO - Sync 1 DAGs
[2026-09-06T09:16:16.488+0000] {logging_mixin.py:190} INFO - [2026-09-06T09:16:16.488+0000] {dag.py:4180} INFO - Setting next_dagrun for example_short_circuit_operator to None, run_after=None
[2026-09-06T09:16:16.503+0000] {processor.py:208} INFO - Processing /home/airflow/.local/lib/python3.12/site-packages/airflow/example_dags/example_short_circuit_operator.py took 0.059 seconds
[2026-09-06T09:16:48.858+0000] {processor.py:186} INFO - Started process (PID=2922) to work on /home/airflow/.local/lib/python3.12/site-packages/airflow/example_dags/example_short_circuit_operator.py
[2026-09-06T09:16:48.859+0000] {processor.py:914} INFO - Processing file /home/airflow/.local/lib/python3.12/site-packages/airflow/example_dags/example_short_circuit_operator.py for tasks to queue
[2026-09-06T09:16:48.861+0000] {logging_mixin.py:190} INFO - [2026-09-06T09:16:48.861+0000] {dagbag.py:588} INFO - Filling up the DagBag from /home/airflow/.local/lib/python3.12/site-packages/airflow/example_dags/example_short_circuit_operator.py
[2026-09-06T09:16:48.870+0000] {processor.py:925} INFO - DAG(s) 'example_short_circuit_operator' retrieved from /home/airflow/.local/lib/python3.12/site-packages/airflow/example_dags/example_short_circuit_operator.py
[2026-09-06T09:16:48.888+0000] {logging_mixin.py:190} INFO - [2026-09-06T09:16:48.887+0000] {dag.py:3239} INFO - Sync 1 DAGs
[2026-09-06T09:16:48.899+0000] {logging_mixin.py:190} INFO - [2026-09-06T09:16:48.898+0000] {dag.py:4180} INFO - Setting next_dagrun for example_short_circuit_operator to None, run_after=None
[2026-09-06T09:16:49.097+0000] {processor.py:208} INFO - Processing /home/airflow/.local/lib/python3.12/site-packages/airflow/example_dags/example_short_circuit_operator.py took 0.245 seconds
[2026-09-06T09:17:19.611+0000] {processor.py:186} INFO - Started process (PID=2986) to work on /home/airflow/.local/lib/python3.12/site-packages/airflow/example_dags/example_short_circuit_operator.py
[2026-09-06T09:17:19.612+0000] {processor.py:914} INFO - Processing file /home/airflow/.local/lib/python3.12/site-packages/airflow/example_dags/example_short_circuit_operator.py for tasks to queue
[2026-09-06T09:17:19.614+0000] {logging_mixin.py:190} INFO - [2026-09-06T09:17:19.614+0000] {dagbag.py:588} INFO - Filling up the DagBag from /home/airflow/.local/lib/python3.12/site-packages/airflow/example_dags/example_short_circuit_operator.py
[2026-09-06T09:17:19.621+0000] {processor.py:925} INFO - DAG(s) 'example_short_circuit_operator' retrieved from /home/airflow/.local/lib/python3.12/site-packages/airflow/example_dags/example_short_circuit_operator.py
[2026-09-06T09:17:19.639+0000] {logging_mixin.py:190} INFO - [2026-09-06T09:17:19.639+0000] {dag.py:3239} INFO - Sync 1 DAGs
[2026-09-06T09:17:19.650+0000] {logging_mixin.py:190} INFO - [2026-09-06T09:17:19.650+0000] {dag.py:4180} INFO - Setting next_dagrun for example_short_circuit_operator to None, run_after=None
[2026-09-06T09:17:19.665+0000] {processor.py:208} INFO - Processing /home/airflow/.local/lib/python3.12/site-packages/airflow/example_dags/example_short_circuit_operator.py took 0.058 seconds
[2026-09-06T09:17:50.204+0000] {processor.py:186} INFO - Started process (PID=3053) to work on /home/airflow/.local/lib/python3.12/site-packages/airflow/example_dags/example_short_circuit_operator.py
[2026-09-06T09:17:50.205+0000] {processor.py:914} INFO - Processing file /home/airflow/.local/lib/python3.12/site-packages/airflow/example_dags/example_short_circuit_operator.py for tasks to queue
[2026-09-06T09:17:50.207+0000] {logging_mixin.py:190} INFO - [2026-09-06T09:17:50.207+0000] {dagbag.py:588} INFO - Filling up the DagBag from /home/airflow/.local/lib/python3.12/site-packages/airflow/example_dags/example_short_circuit_operator.py
[2026-09-06T09:17:50.214+0000] {processor.py:925} INFO - DAG(s) 'example_short_circuit_operator' retrieved from /home/airflow/.local/lib/python3.12/site-packages/airflow/example_dags/example_short_circuit_operator.py
[2026-09-06T09:17:50.232+0000] {logging_mixin.py:190} INFO - [2026-09-06T09:17:50.232+0000] {dag.py:3239} INFO - Sync 1 DAGs
[2026-09-06T09:17:50.245+0000] {logging_mixin.py:190} INFO - [2026-09-06T09:17:50.245+0000] {dag.py:4180} INFO - Setting next_dagrun for example_short_circuit_operator to None, run_after=None
[2026-09-06T09:17:50.261+0000] {processor.py:208} INFO - Processing /home/airflow/.local/lib/python3.12/site-packages/airflow/example_dags/example_short_circuit_operator.py took 0.062 seconds
[2026-09-06T09:18:21.999+0000] {processor.py:186} INFO - Started process (PID=3119) to work on /home/airflow/.local/lib/python3.12/site-packages/airflow/example_dags/example_short_circuit_operator.py
[2026-09-06T09:18:22.000+0000] {processor.py:914} INFO - Processing file /home/airflow/.local/lib/python3.12/site-packages/airflow/example_dags/example_short_circuit_operator.py for tasks to queue
[2026-09-06T09:18:22.003+0000] {logging_mixin.py:190} INFO - [2026-09-06T09:18:22.002+0000] {dagbag.py:588} INFO - Filling up the DagBag from /home/airflow/.local/lib/python3.12/site-packages/airflow/example_dags/example_short_circuit_operator.py
[2026-09-06T09:18:22.010+0000] {processor.py:925} INFO - DAG(s) 'example_short_circuit_operator' retrieved from /home/airflow/.local/lib/python3.12/site-packages/airflow/example_dags/example_short_circuit_operator.py
[2026-09-06T09:18:22.026+0000] {logging_mixin.py:190} INFO - [2026-09-06T09:18:22.026+0000] {dag.py:3239} INFO - Sync 1 DAGs
[2026-09-06T09:18:22.036+0000] {logging_mixin.py:190} INFO - [2026-09-06T09:18:22.036+0000] {dag.py:4180} INFO - Setting next_dagrun for example_short_circuit_operator to None, run_after=None
[2026-09-06T09:18:22.051+0000] {processor.py:208} INFO - Processing /home/airflow/.local/lib/python3.12/site-packages/airflow/example_dags/example_short_circuit_operator.py took 0.057 seconds
[2026-09-06T09:18:54.802+0000] {processor.py:186} INFO - Started process (PID=3185) to work on /home/airflow/.local/lib/python3.12/site-packages/airflow/example_dags/example_short_circuit_operator.py
[2026-09-06T09:18:54.803+0000] {processor.py:914} INFO - Processing file /home/airflow/.local/lib/python3.12/site-packages/airflow/example_dags/example_short_circuit_operator.py for tasks to queue
[2026-09-06T09:18:54.805+0000] {logging_mixin.py:190} INFO - [2026-09-06T09:18:54.804+0000] {dagbag.py:588} INFO - Filling up the DagBag from /home/airflow/.local/lib/python3.12/site-packages/airflow/example_dags/example_short_circuit_operator.py
[2026-09-06T09:18:54.811+0000] {processor.py:925} INFO - DAG(s) 'example_short_circuit_operator' retrieved from /home/airflow/.local/lib/python3.12/site-packages/airflow/example_dags/example_short_circuit_operator.py
[2026-09-06T09:18:54.827+0000] {logging_mixin.py:190} INFO - [2026-09-06T09:18:54.827+0000] {dag.py:3239} INFO - Sync 1 DAGs
[2026-09-06T09:18:55.018+0000] {logging_mixin.py:190} INFO - [2026-09-06T09:18:55.017+0000] {dag.py:4180} INFO - Setting next_dagrun for example_short_circuit_operator to None, run_after=None
[2026-09-06T09:18:55.031+0000] {processor.py:208} INFO - Processing /home/airflow/.local/lib/python3.12/site-packages/airflow/example_dags/example_short_circuit_operator.py took 0.235 seconds
[2026-09-06T09:19:25.390+0000] {processor.py:186} INFO - Started process (PID=3249) to work on /home/airflow/.local/lib/python3.12/site-packages/airflow/example_dags/example_short_circuit_operator.py
[2026-09-06T09:19:25.391+0000] {processor.py:914} INFO - Processing file /home/airflow/.local/lib/python3.12/site-packages/airflow/example_dags/example_short_circuit_operator.py for tasks to queue
[2026-09-06T09:19:25.393+0000] {logging_mixin.py:190} INFO - [2026-09-06T09:19:25.393+0000] {dagbag.py:588} INFO - Filling up the DagBag from /home/airflow/.local/lib/python3.12/site-packages/airflow/example_dags/example_short_circuit_operator.py
[2026-09-06T09:19:25.401+0000] {processor.py:925} INFO - DAG(s) 'example_short_circuit_operator' retrieved from /home/airflow/.local/lib/python3.12/site-packages/airflow/example_dags/example_short_circuit_operator.py
[2026-09-06T09:19:25.421+0000] {logging_mixin.py:190} INFO - [2026-09-06T09:19:25.421+0000] {dag.py:3239} INFO - Sync 1 DAGs
[2026-09-06T09:19:25.433+0000] {logging_mixin.py:190} INFO - [2026-09-06T09:19:25.432+0000] {dag.py:4180} INFO - Setting next_dagrun for example_short_circuit_operator to None, run_after=None
[2026-09-06T09:19:25.631+0000] {processor.py:208} INFO - Processing /home/airflow/.local/lib/python3.12/site-packages/airflow/example_dags/example_short_circuit_operator.py took 0.247 seconds
[2026-09-06T09:19:56.587+0000] {processor.py:186} INFO - Started process (PID=3313) to work on /home/airflow/.local/lib/python3.12/site-packages/airflow/example_dags/example_short_circuit_operator.py
[2026-09-06T09:19:56.588+0000] {processor.py:914} INFO - Processing file /home/airflow/.local/lib/python3.12/site-packages/airflow/example_dags/example_short_circuit_operator.py for tasks to queue
[2026-09-06T09:19:56.590+0000] {logging_mixin.py:190} INFO - [2026-09-06T09:19:56.590+0000] {dagbag.py:588} INFO - Filling up the DagBag from /home/airflow/.local/lib/python3.12/site-packages/airflow/example_dags/example_short_circuit_operator.py
[2026-09-06T09:19:56.597+0000] {processor.py:925} INFO - DAG(s) 'example_short_circuit_operator' retrieved from /home/airflow/.local/lib/python3.12/site-packages/airflow/example_dags/example_short_circuit_operator.py
[2026-09-06T09:19:56.613+0000] {logging_mixin.py:190} INFO - [2026-09-06T09:19:56.613+0000] {dag.py:3239} INFO - Sync 1 DAGs
[2026-09-06T09:19:56.623+0000] {logging_mixin.py:190} INFO - [2026-09-06T09:19:56.623+0000] {dag.py:4180} INFO - Setting next_dagrun for example_short_circuit_operator to None, run_after=None
[2026-09-06T09:19:56.638+0000] {processor.py:208} INFO - Processing /home/airflow/.local/lib/python3.12/site-packages/airflow/example_dags/example_short_circuit_operator.py took 0.055 seconds
[2026-09-06T09:20:27.403+0000] {processor.py:186} INFO - Started process (PID=3377) to work on /home/airflow/.local/lib/python3.12/site-packages/airflow/example_dags/example_short_circuit_operator.py
[2026-09-06T09:20:27.404+0000] {processor.py:914} INFO - Processing file /home/airflow/.local/lib/python3.12/site-packages/airflow/example_dags/example_short_circuit_operator.py for tasks to queue
[2026-09-06T09:20:27.407+0000] {logging_mixin.py:190} INFO - [2026-09-06T09:20:27.406+0000] {dagbag.py:588} INFO - Filling up the DagBag from /home/airflow/.local/lib/python3.12/site-packages/airflow/example_dags/example_short_circuit_operator.py
[2026-09-06T09:20:27.415+0000] {processor.py:925} INFO - DAG(s) 'example_short_circuit_operator' retrieved from /home/airflow/.local/lib/python3.12/site-packages/airflow/example_dags/example_short_circuit_operator.py
[2026-09-06T09:20:27.434+0000] {logging_mixin.py:190} INFO - [2026-09-06T09:20:27.434+0000] {dag.py:3239} INFO - Sync 1 DAGs
[2026-09-06T09:20:27.445+0000] {logging_mixin.py:190} INFO - [2026-09-06T09:20:27.445+0000] {dag.py:4180} INFO - Setting next_dagrun for example_short_circuit_operator to None, run_after=None
[2026-09-06T09:20:27.462+0000] {processor.py:208} INFO - Processing /home/airflow/.local/lib/python3.12/site-packages/airflow/example_dags/example_short_circuit_operator.py took 0.064 seconds
[2026-09-06T09:20:58.940+0000] {processor.py:186} INFO - Started process (PID=3445) to work on /home/airflow/.local/lib/python3.12/site-packages/airflow/example_dags/example_short_circuit_operator.py
[2026-09-06T09:20:58.941+0000] {processor.py:914} INFO - Processing file /home/airflow/.local/lib/python3.12/site-packages/airflow/example_dags/example_short_circuit_operator.py for tasks to queue
[2026-09-06T09:20:58.943+0000] {logging_mixin.py:190} INFO - [2026-09-06T09:20:58.943+0000] {dagbag.py:588} INFO - Filling up the DagBag from /home/airflow/.local/lib/python3.12/site-packages/airflow/example_dags/example_short_circuit_operator.py
[2026-09-06T09:20:58.950+0000] {processor.py:925} INFO - DAG(s) 'example_short_circuit_operator' retrieved from /home/airflow/.local/lib/python3.12/site-packages/airflow/example_dags/example_short_circuit_operator.py
[2026-09-06T09:20:58.968+0000] {logging_mixin.py:190} INFO - [2026-09-06T09:20:58.968+0000] {dag.py:3239} INFO - Sync 1 DAGs
[2026-09-06T09:20:58.978+0000] {logging_mixin.py:190} INFO - [2026-09-06T09:20:58.978+0000] {dag.py:4180} INFO - Setting next_dagrun for example_short_circuit_operator to None, run_after=None
[2026-09-06T09:20:58.992+0000] {processor.py:208} INFO - Processing /home/airflow/.local/lib/python3.12/site-packages/airflow/example_dags/example_short_circuit_operator.py took 0.057 seconds
[2026-09-06T09:21:30.324+0000] {processor.py:186} INFO - Started process (PID=3515) to work on /home/airflow/.local/lib/python3.12/site-packages/airflow/example_dags/example_short_circuit_operator.py
[2026-09-06T09:21:30.325+0000] {processor.py:914} INFO - Processing file /home/airflow/.local/lib/python3.12/site-packages/airflow/example_dags/example_short_circuit_operator.py for tasks to queue
[2026-09-06T09:21:30.327+0000] {logging_mixin.py:190} INFO - [2026-09-06T09:21:30.327+0000] {dagbag.py:588} INFO - Filling up the DagBag from /home/airflow/.local/lib/python3.12/site-packages/airflow/example_dags/example_short_circuit_operator.py
[2026-09-06T09:21:30.336+0000] {processor.py:925} INFO - DAG(s) 'example_short_circuit_operator' retrieved from /home/airflow/.local/lib/python3.12/site-packages/airflow/example_dags/example_short_circuit_operator.py
[2026-09-06T09:21:30.355+0000] {logging_mixin.py:190} INFO - [2026-09-06T09:21:30.355+0000] {dag.py:3239} INFO - Sync 1 DAGs
[2026-09-06T09:21:30.366+0000] {logging_mixin.py:190} INFO - [2026-09-06T09:21:30.366+0000] {dag.py:4180} INFO - Setting next_dagrun for example_short_circuit_operator to None, run_after=None
[2026-09-06T09:21:30.379+0000] {processor.py:208} INFO - Processing /home/airflow/.local/lib/python3.12/site-packages/airflow/example_dags/example_short_circuit_operator.py took 0.061 seconds
[2026-09-06T09:22:01.413+0000] {processor.py:186} INFO - Started process (PID=3579) to work on /home/airflow/.local/lib/python3.12/site-packages/airflow/example_dags/example_short_circuit_operator.py
[2026-09-06T09:22:01.414+0000] {processor.py:914} INFO - Processing file /home/airflow/.local/lib/python3.12/site-packages/airflow/example_dags/example_short_circuit_operator.py for tasks to queue
[2026-09-06T09:22:01.416+0000] {logging_mixin.py:190} INFO - [2026-09-06T09:22:01.416+0000] {dagbag.py:588} INFO - Filling up the DagBag from /home/airflow/.local/lib/python3.12/site-packages/airflow/example_dags/example_short_circuit_operator.py
[2026-09-06T09:22:01.423+0000] {processor.py:925} INFO - DAG(s) 'example_short_circuit_operator' retrieved from /home/airflow/.local/lib/python3.12/site-packages/airflow/example_dags/example_short_circuit_operator.py
[2026-09-06T09:22:01.441+0000] {logging_mixin.py:190} INFO - [2026-09-06T09:22:01.441+0000] {dag.py:3239} INFO - Sync 1 DAGs
[2026-09-06T09:22:01.452+0000] {logging_mixin.py:190} INFO - [2026-09-06T09:22:01.452+0000] {dag.py:4180} INFO - Setting next_dagrun for example_short_circuit_operator to None, run_after=None
[2026-09-06T09:22:01.467+0000] {processor.py:208} INFO - Processing /home/airflow/.local/lib/python3.12/site-packages/airflow/example_dags/example_short_circuit_operator.py took 0.058 seconds
[2026-09-06T09:22:32.476+0000] {processor.py:186} INFO - Started process (PID=3643) to work on /home/airflow/.local/lib/python3.12/site-packages/airflow/example_dags/example_short_circuit_operator.py
[2026-09-06T09:22:32.477+0000] {processor.py:914} INFO - Processing file /home/airflow/.local/lib/python3.12/site-packages/airflow/example_dags/example_short_circuit_operator.py for tasks to queue
[2026-09-06T09:22:32.479+0000] {logging_mixin.py:190} INFO - [2026-09-06T09:22:32.478+0000] {dagbag.py:588} INFO - Filling up the DagBag from /home/airflow/.local/lib/python3.12/site-packages/airflow/example_dags/example_short_circuit_operator.py
[2026-09-06T09:22:32.485+0000] {processor.py:925} INFO - DAG(s) 'example_short_circuit_operator' retrieved from /home/airflow/.local/lib/python3.12/site-packages/airflow/example_dags/example_short_circuit_operator.py
[2026-09-06T09:22:32.502+0000] {logging_mixin.py:190} INFO - [2026-09-06T09:22:32.502+0000] {dag.py:3239} INFO - Sync 1 DAGs
[2026-09-06T09:22:32.513+0000] {logging_mixin.py:190} INFO - [2026-09-06T09:22:32.513+0000] {dag.py:4180} INFO - Setting next_dagrun for example_short_circuit_operator to None, run_after=None
[2026-09-06T09:22:32.527+0000] {processor.py:208} INFO - Processing /home/airflow/.local/lib/python3.12/site-packages/airflow/example_dags/example_short_circuit_operator.py took 0.056 seconds
[2026-09-06T09:23:03.488+0000] {processor.py:186} INFO - Started process (PID=3707) to work on /home/airflow/.local/lib/python3.12/site-packages/airflow/example_dags/example_short_circuit_operator.py
[2026-09-06T09:23:03.489+0000] {processor.py:914} INFO - Processing file /home/airflow/.local/lib/python3.12/site-packages/airflow/example_dags/example_short_circuit_operator.py for tasks to queue
[2026-09-06T09:23:03.491+0000] {logging_mixin.py:190} INFO - [2026-09-06T09:23:03.491+0000] {dagbag.py:588} INFO - Filling up the DagBag from /home/airflow/.local/lib/python3.12/site-packages/airflow/example_dags/example_short_circuit_operator.py
[2026-09-06T09:23:03.498+0000] {processor.py:925} INFO - DAG(s) 'example_short_circuit_operator' retrieved from /home/airflow/.local/lib/python3.12/site-packages/airflow/example_dags/example_short_circuit_operator.py
[2026-09-06T09:23:03.517+0000] {logging_mixin.py:190} INFO - [2026-09-06T09:23:03.516+0000] {dag.py:3239} INFO - Sync 1 DAGs
[2026-09-06T09:23:03.528+0000] {logging_mixin.py:190} INFO - [2026-09-06T09:23:03.527+0000] {dag.py:4180} INFO - Setting next_dagrun for example_short_circuit_operator to None, run_after=None
[2026-09-06T09:23:03.542+0000] {processor.py:208} INFO - Processing /home/airflow/.local/lib/python3.12/site-packages/airflow/example_dags/example_short_circuit_operator.py took 0.059 seconds
[2026-09-06T09:23:34.336+0000] {processor.py:186} INFO - Started process (PID=3771) to work on /home/airflow/.local/lib/python3.12/site-packages/airflow/example_dags/example_short_circuit_operator.py
[2026-09-06T09:23:34.337+0000] {processor.py:914} INFO - Processing file /home/airflow/.local/lib/python3.12/site-packages/airflow/example_dags/example_short_circuit_operator.py for tasks to queue
[2026-09-06T09:23:34.342+0000] {logging_mixin.py:190} INFO - [2026-09-06T09:23:34.341+0000] {dagbag.py:588} INFO - Filling up the DagBag from /home/airflow/.local/lib/python3.12/site-packages/airflow/example_dags/example_short_circuit_operator.py
[2026-09-06T09:23:34.352+0000] {processor.py:925} INFO - DAG(s) 'example_short_circuit_operator' retrieved from /home/airflow/.local/lib/python3.12/site-packages/airflow/example_dags/example_short_circuit_operator.py
[2026-09-06T09:23:34.373+0000] {logging_mixin.py:190} INFO - [2026-09-06T09:23:34.373+0000] {dag.py:3239} INFO - Sync 1 DAGs
[2026-09-06T09:23:34.385+0000] {logging_mixin.py:190} INFO - [2026-09-06T09:23:34.385+0000] {dag.py:4180} INFO - Setting next_dagrun for example_short_circuit_operator to None, run_after=None
[2026-09-06T09:23:34.402+0000] {processor.py:208} INFO - Processing /home/airflow/.local/lib/python3.12/site-packages/airflow/example_dags/example_short_circuit_operator.py took 0.075 seconds
[2026-09-06T09:24:05.520+0000] {processor.py:186} INFO - Started process (PID=3835) to work on /home/airflow/.local/lib/python3.12/site-packages/airflow/example_dags/example_short_circuit_operator.py
[2026-09-06T09:24:05.521+0000] {processor.py:914} INFO - Processing file /home/airflow/.local/lib/python3.12/site-packages/airflow/example_dags/example_short_circuit_operator.py for tasks to queue
[2026-09-06T09:24:05.524+0000] {logging_mixin.py:190} INFO - [2026-09-06T09:24:05.523+0000] {dagbag.py:588} INFO - Filling up the DagBag from /home/airflow/.local/lib/python3.12/site-packages/airflow/example_dags/example_short_circuit_operator.py
[2026-09-06T09:24:05.534+0000] {processor.py:925} INFO - DAG(s) 'example_short_circuit_operator' retrieved from /home/airflow/.local/lib/python3.12/site-packages/airflow/example_dags/example_short_circuit_operator.py
[2026-09-06T09:24:05.560+0000] {logging_mixin.py:190} INFO - [2026-09-06T09:24:05.560+0000] {dag.py:3239} INFO - Sync 1 DAGs
[2026-09-06T09:24:05.576+0000] {logging_mixin.py:190} INFO - [2026-09-06T09:24:05.575+0000] {dag.py:4180} INFO - Setting next_dagrun for example_short_circuit_operator to None, run_after=None
[2026-09-06T09:24:05.592+0000] {processor.py:208} INFO - Processing /home/airflow/.local/lib/python3.12/site-packages/airflow/example_dags/example_short_circuit_operator.py took 0.078 seconds
[2026-09-06T09:24:36.784+0000] {processor.py:186} INFO - Started process (PID=3899) to work on /home/airflow/.local/lib/python3.12/site-packages/airflow/example_dags/example_short_circuit_operator.py
[2026-09-06T09:24:36.785+0000] {processor.py:914} INFO - Processing file /home/airflow/.local/lib/python3.12/site-packages/airflow/example_dags/example_short_circuit_operator.py for tasks to queue
[2026-09-06T09:24:36.787+0000] {logging_mixin.py:190} INFO - [2026-09-06T09:24:36.787+0000] {dagbag.py:588} INFO - Filling up the DagBag from /home/airflow/.local/lib/python3.12/site-packages/airflow/example_dags/example_short_circuit_operator.py
[2026-09-06T09:24:36.794+0000] {processor.py:925} INFO - DAG(s) 'example_short_circuit_operator' retrieved from /home/airflow/.local/lib/python3.12/site-packages/airflow/example_dags/example_short_circuit_operator.py
[2026-09-06T09:24:36.810+0000] {logging_mixin.py:190} INFO - [2026-09-06T09:24:36.810+0000] {dag.py:3239} INFO - Sync 1 DAGs
[2026-09-06T09:24:36.820+0000] {logging_mixin.py:190} INFO - [2026-09-06T09:24:36.820+0000] {dag.py:4180} INFO - Setting next_dagrun for example_short_circuit_operator to None, run_after=None
[2026-09-06T09:24:36.839+0000] {processor.py:208} INFO - Processing /home/airflow/.local/lib/python3.12/site-packages/airflow/example_dags/example_short_circuit_operator.py took 0.060 seconds
[2026-09-06T09:25:07.911+0000] {processor.py:186} INFO - Started process (PID=3964) to work on /home/airflow/.local/lib/python3.12/site-packages/airflow/example_dags/example_short_circuit_operator.py
[2026-09-06T09:25:07.912+0000] {processor.py:914} INFO - Processing file /home/airflow/.local/lib/python3.12/site-packages/airflow/example_dags/example_short_circuit_operator.py for tasks to queue
[2026-09-06T09:25:07.914+0000] {logging_mixin.py:190} INFO - [2026-09-06T09:25:07.914+0000] {dagbag.py:588} INFO - Filling up the DagBag from /home/airflow/.local/lib/python3.12/site-packages/airflow/example_dags/example_short_circuit_operator.py
[2026-09-06T09:25:07.923+0000] {processor.py:925} INFO - DAG(s) 'example_short_circuit_operator' retrieved from /home/airflow/.local/lib/python3.12/site-packages/airflow/example_dags/example_short_circuit_operator.py
[2026-09-06T09:25:07.946+0000] {logging_mixin.py:190} INFO - [2026-09-06T09:25:07.946+0000] {dag.py:3239} INFO - Sync 1 DAGs
[2026-09-06T09:25:07.960+0000] {logging_mixin.py:190} INFO - [2026-09-06T09:25:07.960+0000] {dag.py:4180} INFO - Setting next_dagrun for example_short_circuit_operator to None, run_after=None
[2026-09-06T09:25:07.977+0000] {processor.py:208} INFO - Processing /home/airflow/.local/lib/python3.12/site-packages/airflow/example_dags/example_short_circuit_operator.py took 0.072 seconds
[2026-09-06T09:25:38.161+0000] {processor.py:186} INFO - Started process (PID=4027) to work on /home/airflow/.local/lib/python3.12/site-packages/airflow/example_dags/example_short_circuit_operator.py
[2026-09-06T09:25:38.167+0000] {processor.py:914} INFO - Processing file /home/airflow/.local/lib/python3.12/site-packages/airflow/example_dags/example_short_circuit_operator.py for tasks to queue
[2026-09-06T09:25:38.175+0000] {logging_mixin.py:190} INFO - [2026-09-06T09:25:38.174+0000] {dagbag.py:588} INFO - Filling up the DagBag from /home/airflow/.local/lib/python3.12/site-packages/airflow/example_dags/example_short_circuit_operator.py
[2026-09-06T09:25:38.190+0000] {processor.py:925} INFO - DAG(s) 'example_short_circuit_operator' retrieved from /home/airflow/.local/lib/python3.12/site-packages/airflow/example_dags/example_short_circuit_operator.py
[2026-09-06T09:25:38.219+0000] {logging_mixin.py:190} INFO - [2026-09-06T09:25:38.219+0000] {dag.py:3239} INFO - Sync 1 DAGs
[2026-09-06T09:25:38.236+0000] {logging_mixin.py:190} INFO - [2026-09-06T09:25:38.236+0000] {dag.py:4180} INFO - Setting next_dagrun for example_short_circuit_operator to None, run_after=None
[2026-09-06T09:25:38.256+0000] {processor.py:208} INFO - Processing /home/airflow/.local/lib/python3.12/site-packages/airflow/example_dags/example_short_circuit_operator.py took 0.103 seconds
[2026-09-06T09:26:08.550+0000] {processor.py:186} INFO - Started process (PID=4091) to work on /home/airflow/.local/lib/python3.12/site-packages/airflow/example_dags/example_short_circuit_operator.py
[2026-09-06T09:26:08.551+0000] {processor.py:914} INFO - Processing file /home/airflow/.local/lib/python3.12/site-packages/airflow/example_dags/example_short_circuit_operator.py for tasks to queue
[2026-09-06T09:26:08.554+0000] {logging_mixin.py:190} INFO - [2026-09-06T09:26:08.553+0000] {dagbag.py:588} INFO - Filling up the DagBag from /home/airflow/.local/lib/python3.12/site-packages/airflow/example_dags/example_short_circuit_operator.py
[2026-09-06T09:26:08.565+0000] {processor.py:925} INFO - DAG(s) 'example_short_circuit_operator' retrieved from /home/airflow/.local/lib/python3.12/site-packages/airflow/example_dags/example_short_circuit_operator.py
[2026-09-06T09:26:08.595+0000] {logging_mixin.py:190} INFO - [2026-09-06T09:26:08.594+0000] {dag.py:3239} INFO - Sync 1 DAGs
[2026-09-06T09:26:08.613+0000] {logging_mixin.py:190} INFO - [2026-09-06T09:26:08.612+0000] {dag.py:4180} INFO - Setting next_dagrun for example_short_circuit_operator to None, run_after=None
[2026-09-06T09:26:08.651+0000] {processor.py:208} INFO - Processing /home/airflow/.local/lib/python3.12/site-packages/airflow/example_dags/example_short_circuit_operator.py took 0.106 seconds
[2026-09-06T09:26:39.946+0000] {processor.py:186} INFO - Started process (PID=4155) to work on /home/airflow/.local/lib/python3.12/site-packages/airflow/example_dags/example_short_circuit_operator.py
[2026-09-06T09:26:39.947+0000] {processor.py:914} INFO - Processing file /home/airflow/.local/lib/python3.12/site-packages/airflow/example_dags/example_short_circuit_operator.py for tasks to queue
[2026-09-06T09:26:39.949+0000] {logging_mixin.py:190} INFO - [2026-09-06T09:26:39.949+0000] {dagbag.py:588} INFO - Filling up the DagBag from /home/airflow/.local/lib/python3.12/site-packages/airflow/example_dags/example_short_circuit_operator.py
[2026-09-06T09:26:39.956+0000] {processor.py:925} INFO - DAG(s) 'example_short_circuit_operator' retrieved from /home/airflow/.local/lib/python3.12/site-packages/airflow/example_dags/example_short_circuit_operator.py
[2026-09-06T09:26:39.978+0000] {logging_mixin.py:190} INFO - [2026-09-06T09:26:39.977+0000] {dag.py:3239} INFO - Sync 1 DAGs
[2026-09-06T09:26:39.991+0000] {logging_mixin.py:190} INFO - [2026-09-06T09:26:39.991+0000] {dag.py:4180} INFO - Setting next_dagrun for example_short_circuit_operator to None, run_after=None
[2026-09-06T09:26:40.012+0000] {processor.py:208} INFO - Processing /home/airflow/.local/lib/python3.12/site-packages/airflow/example_dags/example_short_circuit_operator.py took 0.070 seconds
[2026-09-06T09:27:11.067+0000] {processor.py:186} INFO - Started process (PID=4220) to work on /home/airflow/.local/lib/python3.12/site-packages/airflow/example_dags/example_short_circuit_operator.py
[2026-09-06T09:27:11.068+0000] {processor.py:914} INFO - Processing file /home/airflow/.local/lib/python3.12/site-packages/airflow/example_dags/example_short_circuit_operator.py for tasks to queue
[2026-09-06T09:27:11.070+0000] {logging_mixin.py:190} INFO - [2026-09-06T09:27:11.070+0000] {dagbag.py:588} INFO - Filling up the DagBag from /home/airflow/.local/lib/python3.12/site-packages/airflow/example_dags/example_short_circuit_operator.py
[2026-09-06T09:27:11.077+0000] {processor.py:925} INFO - DAG(s) 'example_short_circuit_operator' retrieved from /home/airflow/.local/lib/python3.12/site-packages/airflow/example_dags/example_short_circuit_operator.py
[2026-09-06T09:27:11.094+0000] {logging_mixin.py:190} INFO - [2026-09-06T09:27:11.094+0000] {dag.py:3239} INFO - Sync 1 DAGs
[2026-09-06T09:27:11.104+0000] {logging_mixin.py:190} INFO - [2026-09-06T09:27:11.104+0000] {dag.py:4180} INFO - Setting next_dagrun for example_short_circuit_operator to None, run_after=None
[2026-09-06T09:27:11.124+0000] {processor.py:208} INFO - Processing /home/airflow/.local/lib/python3.12/site-packages/airflow/example_dags/example_short_circuit_operator.py took 0.063 seconds
[2026-09-06T09:27:41.694+0000] {processor.py:186} INFO - Started process (PID=4284) to work on /home/airflow/.local/lib/python3.12/site-packages/airflow/example_dags/example_short_circuit_operator.py
[2026-09-06T09:27:41.696+0000] {processor.py:914} INFO - Processing file /home/airflow/.local/lib/python3.12/site-packages/airflow/example_dags/example_short_circuit_operator.py for tasks to queue
[2026-09-06T09:27:41.698+0000] {logging_mixin.py:190} INFO - [2026-09-06T09:27:41.698+0000] {dagbag.py:588} INFO - Filling up the DagBag from /home/airflow/.local/lib/python3.12/site-packages/airflow/example_dags/example_short_circuit_operator.py
[2026-09-06T09:27:41.707+0000] {processor.py:925} INFO - DAG(s) 'example_short_circuit_operator' retrieved from /home/airflow/.local/lib/python3.12/site-packages/airflow/example_dags/example_short_circuit_operator.py
[2026-09-06T09:27:41.729+0000] {logging_mixin.py:190} INFO - [2026-09-06T09:27:41.729+0000] {dag.py:3239} INFO - Sync 1 DAGs
[2026-09-06T09:27:41.743+0000] {logging_mixin.py:190} INFO - [2026-09-06T09:27:41.743+0000] {dag.py:4180} INFO - Setting next_dagrun for example_short_circuit_operator to None, run_after=None
[2026-09-06T09:27:41.762+0000] {processor.py:208} INFO - Processing /home/airflow/.local/lib/python3.12/site-packages/airflow/example_dags/example_short_circuit_operator.py took 0.073 seconds
[2026-09-06T09:28:12.383+0000] {processor.py:186} INFO - Started process (PID=4348) to work on /home/airflow/.local/lib/python3.12/site-packages/airflow/example_dags/example_short_circuit_operator.py
[2026-09-06T09:28:12.384+0000] {processor.py:914} INFO - Processing file /home/airflow/.local/lib/python3.12/site-packages/airflow/example_dags/example_short_circuit_operator.py for tasks to queue
[2026-09-06T09:28:12.386+0000] {logging_mixin.py:190} INFO - [2026-09-06T09:28:12.386+0000] {dagbag.py:588} INFO - Filling up the DagBag from /home/airflow/.local/lib/python3.12/site-packages/airflow/example_dags/example_short_circuit_operator.py
[2026-09-06T09:28:12.394+0000] {processor.py:925} INFO - DAG(s) 'example_short_circuit_operator' retrieved from /home/airflow/.local/lib/python3.12/site-packages/airflow/example_dags/example_short_circuit_operator.py
[2026-09-06T09:28:12.413+0000] {logging_mixin.py:190} INFO - [2026-09-06T09:28:12.413+0000] {dag.py:3239} INFO - Sync 1 DAGs
[2026-09-06T09:28:12.425+0000] {logging_mixin.py:190} INFO - [2026-09-06T09:28:12.425+0000] {dag.py:4180} INFO - Setting next_dagrun for example_short_circuit_operator to None, run_after=None
[2026-09-06T09:28:12.441+0000] {processor.py:208} INFO - Processing /home/airflow/.local/lib/python3.12/site-packages/airflow/example_dags/example_short_circuit_operator.py took 0.063 seconds
[2026-09-06T09:28:43.016+0000] {processor.py:186} INFO - Started process (PID=4412) to work on /home/airflow/.local/lib/python3.12/site-packages/airflow/example_dags/example_short_circuit_operator.py
[2026-09-06T09:28:43.017+0000] {processor.py:914} INFO - Processing file /home/airflow/.local/lib/python3.12/site-packages/airflow/example_dags/example_short_circuit_operator.py for tasks to queue
[2026-09-06T09:28:43.019+0000] {logging_mixin.py:190} INFO - [2026-09-06T09:28:43.019+0000] {dagbag.py:588} INFO - Filling up the DagBag from /home/airflow/.local/lib/python3.12/site-packages/airflow/example_dags/example_short_circuit_operator.py
[2026-09-06T09:28:43.026+0000] {processor.py:925} INFO - DAG(s) 'example_short_circuit_operator' retrieved from /home/airflow/.local/lib/python3.12/site-packages/airflow/example_dags/example_short_circuit_operator.py
[2026-09-06T09:28:43.045+0000] {logging_mixin.py:190} INFO - [2026-09-06T09:28:43.045+0000] {dag.py:3239} INFO - Sync 1 DAGs
[2026-09-06T09:28:43.057+0000] {logging_mixin.py:190} INFO - [2026-09-06T09:28:43.057+0000] {dag.py:4180} INFO - Setting next_dagrun for example_short_circuit_operator to None, run_after=None
[2026-09-06T09:28:43.073+0000] {processor.py:208} INFO - Processing /home/airflow/.local/lib/python3.12/site-packages/airflow/example_dags/example_short_circuit_operator.py took 0.062 seconds
[2026-09-06T09:29:13.418+0000] {processor.py:186} INFO - Started process (PID=4476) to work on /home/airflow/.local/lib/python3.12/site-packages/airflow/example_dags/example_short_circuit_operator.py
[2026-09-06T09:29:13.419+0000] {processor.py:914} INFO - Processing file /home/airflow/.local/lib/python3.12/site-packages/airflow/example_dags/example_short_circuit_operator.py for tasks to queue
[2026-09-06T09:29:13.422+0000] {logging_mixin.py:190} INFO - [2026-09-06T09:29:13.421+0000] {dagbag.py:588} INFO - Filling up the DagBag from /home/airflow/.local/lib/python3.12/site-packages/airflow/example_dags/example_short_circuit_operator.py
[2026-09-06T09:29:13.429+0000] {processor.py:925} INFO - DAG(s) 'example_short_circuit_operator' retrieved from /home/airflow/.local/lib/python3.12/site-packages/airflow/example_dags/example_short_circuit_operator.py
[2026-09-06T09:29:13.448+0000] {logging_mixin.py:190} INFO - [2026-09-06T09:29:13.448+0000] {dag.py:3239} INFO - Sync 1 DAGs
[2026-09-06T09:29:13.459+0000] {logging_mixin.py:190} INFO - [2026-09-06T09:29:13.459+0000] {dag.py:4180} INFO - Setting next_dagrun for example_short_circuit_operator to None, run_after=None
[2026-09-06T09:29:13.473+0000] {processor.py:208} INFO - Processing /home/airflow/.local/lib/python3.12/site-packages/airflow/example_dags/example_short_circuit_operator.py took 0.059 seconds
[2026-09-06T09:29:43.998+0000] {processor.py:186} INFO - Started process (PID=4540) to work on /home/airflow/.local/lib/python3.12/site-packages/airflow/example_dags/example_short_circuit_operator.py
[2026-09-06T09:29:43.999+0000] {processor.py:914} INFO - Processing file /home/airflow/.local/lib/python3.12/site-packages/airflow/example_dags/example_short_circuit_operator.py for tasks to queue
[2026-09-06T09:29:44.001+0000] {logging_mixin.py:190} INFO - [2026-09-06T09:29:44.001+0000] {dagbag.py:588} INFO - Filling up the DagBag from /home/airflow/.local/lib/python3.12/site-packages/airflow/example_dags/example_short_circuit_operator.py
[2026-09-06T09:29:44.008+0000] {processor.py:925} INFO - DAG(s) 'example_short_circuit_operator' retrieved from /home/airflow/.local/lib/python3.12/site-packages/airflow/example_dags/example_short_circuit_operator.py
[2026-09-06T09:29:44.028+0000] {logging_mixin.py:190} INFO - [2026-09-06T09:29:44.028+0000] {dag.py:3239} INFO - Sync 1 DAGs
[2026-09-06T09:29:44.039+0000] {logging_mixin.py:190} INFO - [2026-09-06T09:29:44.039+0000] {dag.py:4180} INFO - Setting next_dagrun for example_short_circuit_operator to None, run_after=None
[2026-09-06T09:29:44.054+0000] {processor.py:208} INFO - Processing /home/airflow/.local/lib/python3.12/site-packages/airflow/example_dags/example_short_circuit_operator.py took 0.061 seconds
[2026-09-06T09:30:14.289+0000] {processor.py:186} INFO - Started process (PID=4604) to work on /home/airflow/.local/lib/python3.12/site-packages/airflow/example_dags/example_short_circuit_operator.py
[2026-09-06T09:30:14.290+0000] {processor.py:914} INFO - Processing file /home/airflow/.local/lib/python3.12/site-packages/airflow/example_dags/example_short_circuit_operator.py for tasks to queue
[2026-09-06T09:30:14.292+0000] {logging_mixin.py:190} INFO - [2026-09-06T09:30:14.292+0000] {dagbag.py:588} INFO - Filling up the DagBag from /home/airflow/.local/lib/python3.12/site-packages/airflow/example_dags/example_short_circuit_operator.py
[2026-09-06T09:30:14.299+0000] {processor.py:925} INFO - DAG(s) 'example_short_circuit_operator' retrieved from /home/airflow/.local/lib/python3.12/site-packages/airflow/example_dags/example_short_circuit_operator.py
[2026-09-06T09:30:14.317+0000] {logging_mixin.py:190} INFO - [2026-09-06T09:30:14.317+0000] {dag.py:3239} INFO - Sync 1 DAGs
[2026-09-06T09:30:14.328+0000] {logging_mixin.py:190} INFO - [2026-09-06T09:30:14.328+0000] {dag.py:4180} INFO - Setting next_dagrun for example_short_circuit_operator to None, run_after=None
[2026-09-06T09:30:14.344+0000] {processor.py:208} INFO - Processing /home/airflow/.local/lib/python3.12/site-packages/airflow/example_dags/example_short_circuit_operator.py took 0.060 seconds
[2026-09-06T09:30:45.010+0000] {processor.py:186} INFO - Started process (PID=4667) to work on /home/airflow/.local/lib/python3.12/site-packages/airflow/example_dags/example_short_circuit_operator.py
[2026-09-06T09:30:45.011+0000] {processor.py:914} INFO - Processing file /home/airflow/.local/lib/python3.12/site-packages/airflow/example_dags/example_short_circuit_operator.py for tasks to queue
[2026-09-06T09:30:45.013+0000] {logging_mixin.py:190} INFO - [2026-09-06T09:30:45.013+0000] {dagbag.py:588} INFO - Filling up the DagBag from /home/airflow/.local/lib/python3.12/site-packages/airflow/example_dags/example_short_circuit_operator.py
[2026-09-06T09:30:45.021+0000] {processor.py:925} INFO - DAG(s) 'example_short_circuit_operator' retrieved from /home/airflow/.local/lib/python3.12/site-packages/airflow/example_dags/example_short_circuit_operator.py
[2026-09-06T09:30:45.040+0000] {logging_mixin.py:190} INFO - [2026-09-06T09:30:45.040+0000] {dag.py:3239} INFO - Sync 1 DAGs
[2026-09-06T09:30:45.054+0000] {logging_mixin.py:190} INFO - [2026-09-06T09:30:45.053+0000] {dag.py:4180} INFO - Setting next_dagrun for example_short_circuit_operator to None, run_after=None
[2026-09-06T09:30:45.075+0000] {processor.py:208} INFO - Processing /home/airflow/.local/lib/python3.12/site-packages/airflow/example_dags/example_short_circuit_operator.py took 0.071 seconds
[2026-09-06T09:31:15.446+0000] {processor.py:186} INFO - Started process (PID=4731) to work on /home/airflow/.local/lib/python3.12/site-packages/airflow/example_dags/example_short_circuit_operator.py
[2026-09-06T09:31:15.447+0000] {processor.py:914} INFO - Processing file /home/airflow/.local/lib/python3.12/site-packages/airflow/example_dags/example_short_circuit_operator.py for tasks to queue
[2026-09-06T09:31:15.450+0000] {logging_mixin.py:190} INFO - [2026-09-06T09:31:15.449+0000] {dagbag.py:588} INFO - Filling up the DagBag from /home/airflow/.local/lib/python3.12/site-packages/airflow/example_dags/example_short_circuit_operator.py
[2026-09-06T09:31:15.458+0000] {processor.py:925} INFO - DAG(s) 'example_short_circuit_operator' retrieved from /home/airflow/.local/lib/python3.12/site-packages/airflow/example_dags/example_short_circuit_operator.py
[2026-09-06T09:31:15.479+0000] {logging_mixin.py:190} INFO - [2026-09-06T09:31:15.479+0000] {dag.py:3239} INFO - Sync 1 DAGs
[2026-09-06T09:31:15.494+0000] {logging_mixin.py:190} INFO - [2026-09-06T09:31:15.494+0000] {dag.py:4180} INFO - Setting next_dagrun for example_short_circuit_operator to None, run_after=None
[2026-09-06T09:31:15.516+0000] {processor.py:208} INFO - Processing /home/airflow/.local/lib/python3.12/site-packages/airflow/example_dags/example_short_circuit_operator.py took 0.075 seconds
[2026-09-06T09:31:45.720+0000] {processor.py:186} INFO - Started process (PID=4795) to work on /home/airflow/.local/lib/python3.12/site-packages/airflow/example_dags/example_short_circuit_operator.py
[2026-09-06T09:31:45.721+0000] {processor.py:914} INFO - Processing file /home/airflow/.local/lib/python3.12/site-packages/airflow/example_dags/example_short_circuit_operator.py for tasks to queue
[2026-09-06T09:31:45.723+0000] {logging_mixin.py:190} INFO - [2026-09-06T09:31:45.723+0000] {dagbag.py:588} INFO - Filling up the DagBag from /home/airflow/.local/lib/python3.12/site-packages/airflow/example_dags/example_short_circuit_operator.py
[2026-09-06T09:31:45.730+0000] {processor.py:925} INFO - DAG(s) 'example_short_circuit_operator' retrieved from /home/airflow/.local/lib/python3.12/site-packages/airflow/example_dags/example_short_circuit_operator.py
[2026-09-06T09:31:45.748+0000] {logging_mixin.py:190} INFO - [2026-09-06T09:31:45.748+0000] {dag.py:3239} INFO - Sync 1 DAGs
[2026-09-06T09:31:45.760+0000] {logging_mixin.py:190} INFO - [2026-09-06T09:31:45.760+0000] {dag.py:4180} INFO - Setting next_dagrun for example_short_circuit_operator to None, run_after=None
[2026-09-06T09:31:45.775+0000] {processor.py:208} INFO - Processing /home/airflow/.local/lib/python3.12/site-packages/airflow/example_dags/example_short_circuit_operator.py took 0.060 seconds
[2026-09-06T09:32:16.099+0000] {processor.py:186} INFO - Started process (PID=4858) to work on /home/airflow/.local/lib/python3.12/site-packages/airflow/example_dags/example_short_circuit_operator.py
[2026-09-06T09:32:16.100+0000] {processor.py:914} INFO - Processing file /home/airflow/.local/lib/python3.12/site-packages/airflow/example_dags/example_short_circuit_operator.py for tasks to queue
[2026-09-06T09:32:16.103+0000] {logging_mixin.py:190} INFO - [2026-09-06T09:32:16.103+0000] {dagbag.py:588} INFO - Filling up the DagBag from /home/airflow/.local/lib/python3.12/site-packages/airflow/example_dags/example_short_circuit_operator.py
[2026-09-06T09:32:16.113+0000] {processor.py:925} INFO - DAG(s) 'example_short_circuit_operator' retrieved from /home/airflow/.local/lib/python3.12/site-packages/airflow/example_dags/example_short_circuit_operator.py
[2026-09-06T09:32:16.139+0000] {logging_mixin.py:190} INFO - [2026-09-06T09:32:16.139+0000] {dag.py:3239} INFO - Sync 1 DAGs
[2026-09-06T09:32:16.153+0000] {logging_mixin.py:190} INFO - [2026-09-06T09:32:16.153+0000] {dag.py:4180} INFO - Setting next_dagrun for example_short_circuit_operator to None, run_after=None
[2026-09-06T09:32:16.172+0000] {processor.py:208} INFO - Processing /home/airflow/.local/lib/python3.12/site-packages/airflow/example_dags/example_short_circuit_operator.py took 0.078 seconds
[2026-09-06T09:32:46.416+0000] {processor.py:186} INFO - Started process (PID=4922) to work on /home/airflow/.local/lib/python3.12/site-packages/airflow/example_dags/example_short_circuit_operator.py
[2026-09-06T09:32:46.417+0000] {processor.py:914} INFO - Processing file /home/airflow/.local/lib/python3.12/site-packages/airflow/example_dags/example_short_circuit_operator.py for tasks to queue
[2026-09-06T09:32:46.419+0000] {logging_mixin.py:190} INFO - [2026-09-06T09:32:46.419+0000] {dagbag.py:588} INFO - Filling up the DagBag from /home/airflow/.local/lib/python3.12/site-packages/airflow/example_dags/example_short_circuit_operator.py
[2026-09-06T09:32:46.427+0000] {processor.py:925} INFO - DAG(s) 'example_short_circuit_operator' retrieved from /home/airflow/.local/lib/python3.12/site-packages/airflow/example_dags/example_short_circuit_operator.py
[2026-09-06T09:32:46.448+0000] {logging_mixin.py:190} INFO - [2026-09-06T09:32:46.448+0000] {dag.py:3239} INFO - Sync 1 DAGs
[2026-09-06T09:32:46.463+0000] {logging_mixin.py:190} INFO - [2026-09-06T09:32:46.462+0000] {dag.py:4180} INFO - Setting next_dagrun for example_short_circuit_operator to None, run_after=None
[2026-09-06T09:32:46.480+0000] {processor.py:208} INFO - Processing /home/airflow/.local/lib/python3.12/site-packages/airflow/example_dags/example_short_circuit_operator.py took 0.069 seconds
[2026-09-06T09:33:16.898+0000] {processor.py:186} INFO - Started process (PID=4986) to work on /home/airflow/.local/lib/python3.12/site-packages/airflow/example_dags/example_short_circuit_operator.py
[2026-09-06T09:33:16.899+0000] {processor.py:914} INFO - Processing file /home/airflow/.local/lib/python3.12/site-packages/airflow/example_dags/example_short_circuit_operator.py for tasks to queue
[2026-09-06T09:33:16.901+0000] {logging_mixin.py:190} INFO - [2026-09-06T09:33:16.900+0000] {dagbag.py:588} INFO - Filling up the DagBag from /home/airflow/.local/lib/python3.12/site-packages/airflow/example_dags/example_short_circuit_operator.py
[2026-09-06T09:33:16.908+0000] {processor.py:925} INFO - DAG(s) 'example_short_circuit_operator' retrieved from /home/airflow/.local/lib/python3.12/site-packages/airflow/example_dags/example_short_circuit_operator.py
[2026-09-06T09:33:16.925+0000] {logging_mixin.py:190} INFO - [2026-09-06T09:33:16.924+0000] {dag.py:3239} INFO - Sync 1 DAGs
[2026-09-06T09:33:16.935+0000] {logging_mixin.py:190} INFO - [2026-09-06T09:33:16.935+0000] {dag.py:4180} INFO - Setting next_dagrun for example_short_circuit_operator to None, run_after=None
[2026-09-06T09:33:16.954+0000] {processor.py:208} INFO - Processing /home/airflow/.local/lib/python3.12/site-packages/airflow/example_dags/example_short_circuit_operator.py took 0.060 seconds
[2026-09-06T09:33:47.551+0000] {processor.py:186} INFO - Started process (PID=5050) to work on /home/airflow/.local/lib/python3.12/site-packages/airflow/example_dags/example_short_circuit_operator.py
[2026-09-06T09:33:47.552+0000] {processor.py:914} INFO - Processing file /home/airflow/.local/lib/python3.12/site-packages/airflow/example_dags/example_short_circuit_operator.py for tasks to queue
[2026-09-06T09:33:47.554+0000] {logging_mixin.py:190} INFO - [2026-09-06T09:33:47.554+0000] {dagbag.py:588} INFO - Filling up the DagBag from /home/airflow/.local/lib/python3.12/site-packages/airflow/example_dags/example_short_circuit_operator.py
[2026-09-06T09:33:47.562+0000] {processor.py:925} INFO - DAG(s) 'example_short_circuit_operator' retrieved from /home/airflow/.local/lib/python3.12/site-packages/airflow/example_dags/example_short_circuit_operator.py
[2026-09-06T09:33:47.588+0000] {logging_mixin.py:190} INFO - [2026-09-06T09:33:47.588+0000] {dag.py:3239} INFO - Sync 1 DAGs
[2026-09-06T09:33:47.604+0000] {logging_mixin.py:190} INFO - [2026-09-06T09:33:47.604+0000] {dag.py:4180} INFO - Setting next_dagrun for example_short_circuit_operator to None, run_after=None
[2026-09-06T09:33:47.624+0000] {processor.py:208} INFO - Processing /home/airflow/.local/lib/python3.12/site-packages/airflow/example_dags/example_short_circuit_operator.py took 0.078 seconds
[2026-09-06T09:34:17.738+0000] {processor.py:186} INFO - Started process (PID=5114) to work on /home/airflow/.local/lib/python3.12/site-packages/airflow/example_dags/example_short_circuit_operator.py
[2026-09-06T09:34:17.739+0000] {processor.py:914} INFO - Processing file /home/airflow/.local/lib/python3.12/site-packages/airflow/example_dags/example_short_circuit_operator.py for tasks to queue
[2026-09-06T09:34:17.742+0000] {logging_mixin.py:190} INFO - [2026-09-06T09:34:17.742+0000] {dagbag.py:588} INFO - Filling up the DagBag from /home/airflow/.local/lib/python3.12/site-packages/airflow/example_dags/example_short_circuit_operator.py
[2026-09-06T09:34:17.751+0000] {processor.py:925} INFO - DAG(s) 'example_short_circuit_operator' retrieved from /home/airflow/.local/lib/python3.12/site-packages/airflow/example_dags/example_short_circuit_operator.py
[2026-09-06T09:34:17.772+0000] {logging_mixin.py:190} INFO - [2026-09-06T09:34:17.772+0000] {dag.py:3239} INFO - Sync 1 DAGs
[2026-09-06T09:34:17.785+0000] {logging_mixin.py:190} INFO - [2026-09-06T09:34:17.785+0000] {dag.py:4180} INFO - Setting next_dagrun for example_short_circuit_operator to None, run_after=None
[2026-09-06T09:34:17.802+0000] {processor.py:208} INFO - Processing /home/airflow/.local/lib/python3.12/site-packages/airflow/example_dags/example_short_circuit_operator.py took 0.070 seconds
[2026-09-06T09:34:48.023+0000] {processor.py:186} INFO - Started process (PID=5177) to work on /home/airflow/.local/lib/python3.12/site-packages/airflow/example_dags/example_short_circuit_operator.py
[2026-09-06T09:34:48.024+0000] {processor.py:914} INFO - Processing file /home/airflow/.local/lib/python3.12/site-packages/airflow/example_dags/example_short_circuit_operator.py for tasks to queue
[2026-09-06T09:34:48.026+0000] {logging_mixin.py:190} INFO - [2026-09-06T09:34:48.026+0000] {dagbag.py:588} INFO - Filling up the DagBag from /home/airflow/.local/lib/python3.12/site-packages/airflow/example_dags/example_short_circuit_operator.py
[2026-09-06T09:34:48.033+0000] {processor.py:925} INFO - DAG(s) 'example_short_circuit_operator' retrieved from /home/airflow/.local/lib/python3.12/site-packages/airflow/example_dags/example_short_circuit_operator.py
[2026-09-06T09:34:48.053+0000] {logging_mixin.py:190} INFO - [2026-09-06T09:34:48.053+0000] {dag.py:3239} INFO - Sync 1 DAGs
[2026-09-06T09:34:48.064+0000] {logging_mixin.py:190} INFO - [2026-09-06T09:34:48.064+0000] {dag.py:4180} INFO - Setting next_dagrun for example_short_circuit_operator to None, run_after=None
[2026-09-06T09:34:48.080+0000] {processor.py:208} INFO - Processing /home/airflow/.local/lib/python3.12/site-packages/airflow/example_dags/example_short_circuit_operator.py took 0.061 seconds
[2026-09-06T09:35:19.300+0000] {processor.py:186} INFO - Started process (PID=5241) to work on /home/airflow/.local/lib/python3.12/site-packages/airflow/example_dags/example_short_circuit_operator.py
[2026-09-06T09:35:19.301+0000] {processor.py:914} INFO - Processing file /home/airflow/.local/lib/python3.12/site-packages/airflow/example_dags/example_short_circuit_operator.py for tasks to queue
[2026-09-06T09:35:19.304+0000] {logging_mixin.py:190} INFO - [2026-09-06T09:35:19.303+0000] {dagbag.py:588} INFO - Filling up the DagBag from /home/airflow/.local/lib/python3.12/site-packages/airflow/example_dags/example_short_circuit_operator.py
[2026-09-06T09:35:19.312+0000] {processor.py:925} INFO - DAG(s) 'example_short_circuit_operator' retrieved from /home/airflow/.local/lib/python3.12/site-packages/airflow/example_dags/example_short_circuit_operator.py
[2026-09-06T09:35:19.332+0000] {logging_mixin.py:190} INFO - [2026-09-06T09:35:19.332+0000] {dag.py:3239} INFO - Sync 1 DAGs
[2026-09-06T09:35:19.346+0000] {logging_mixin.py:190} INFO - [2026-09-06T09:35:19.345+0000] {dag.py:4180} INFO - Setting next_dagrun for example_short_circuit_operator to None, run_after=None
[2026-09-06T09:35:19.362+0000] {processor.py:208} INFO - Processing /home/airflow/.local/lib/python3.12/site-packages/airflow/example_dags/example_short_circuit_operator.py took 0.067 seconds
[2026-09-06T09:35:49.457+0000] {processor.py:186} INFO - Started process (PID=5305) to work on /home/airflow/.local/lib/python3.12/site-packages/airflow/example_dags/example_short_circuit_operator.py
[2026-09-06T09:35:49.459+0000] {processor.py:914} INFO - Processing file /home/airflow/.local/lib/python3.12/site-packages/airflow/example_dags/example_short_circuit_operator.py for tasks to queue
[2026-09-06T09:35:49.462+0000] {logging_mixin.py:190} INFO - [2026-09-06T09:35:49.461+0000] {dagbag.py:588} INFO - Filling up the DagBag from /home/airflow/.local/lib/python3.12/site-packages/airflow/example_dags/example_short_circuit_operator.py
[2026-09-06T09:35:49.470+0000] {processor.py:925} INFO - DAG(s) 'example_short_circuit_operator' retrieved from /home/airflow/.local/lib/python3.12/site-packages/airflow/example_dags/example_short_circuit_operator.py
[2026-09-06T09:35:49.492+0000] {logging_mixin.py:190} INFO - [2026-09-06T09:35:49.491+0000] {dag.py:3239} INFO - Sync 1 DAGs
[2026-09-06T09:35:49.505+0000] {logging_mixin.py:190} INFO - [2026-09-06T09:35:49.505+0000] {dag.py:4180} INFO - Setting next_dagrun for example_short_circuit_operator to None, run_after=None
[2026-09-06T09:35:49.522+0000] {processor.py:208} INFO - Processing /home/airflow/.local/lib/python3.12/site-packages/airflow/example_dags/example_short_circuit_operator.py took 0.070 seconds
[2026-09-06T09:36:19.684+0000] {processor.py:186} INFO - Started process (PID=5368) to work on /home/airflow/.local/lib/python3.12/site-packages/airflow/example_dags/example_short_circuit_operator.py
[2026-09-06T09:36:19.685+0000] {processor.py:914} INFO - Processing file /home/airflow/.local/lib/python3.12/site-packages/airflow/example_dags/example_short_circuit_operator.py for tasks to queue
[2026-09-06T09:36:19.687+0000] {logging_mixin.py:190} INFO - [2026-09-06T09:36:19.687+0000] {dagbag.py:588} INFO - Filling up the DagBag from /home/airflow/.local/lib/python3.12/site-packages/airflow/example_dags/example_short_circuit_operator.py
[2026-09-06T09:36:19.694+0000] {processor.py:925} INFO - DAG(s) 'example_short_circuit_operator' retrieved from /home/airflow/.local/lib/python3.12/site-packages/airflow/example_dags/example_short_circuit_operator.py
[2026-09-06T09:36:19.711+0000] {logging_mixin.py:190} INFO - [2026-09-06T09:36:19.711+0000] {dag.py:3239} INFO - Sync 1 DAGs
[2026-09-06T09:36:19.721+0000] {logging_mixin.py:190} INFO - [2026-09-06T09:36:19.721+0000] {dag.py:4180} INFO - Setting next_dagrun for example_short_circuit_operator to None, run_after=None
[2026-09-06T09:36:19.735+0000] {processor.py:208} INFO - Processing /home/airflow/.local/lib/python3.12/site-packages/airflow/example_dags/example_short_circuit_operator.py took 0.056 seconds
[2026-09-06T09:36:49.984+0000] {processor.py:186} INFO - Started process (PID=5432) to work on /home/airflow/.local/lib/python3.12/site-packages/airflow/example_dags/example_short_circuit_operator.py
[2026-09-06T09:36:49.985+0000] {processor.py:914} INFO - Processing file /home/airflow/.local/lib/python3.12/site-packages/airflow/example_dags/example_short_circuit_operator.py for tasks to queue
[2026-09-06T09:36:49.987+0000] {logging_mixin.py:190} INFO - [2026-09-06T09:36:49.987+0000] {dagbag.py:588} INFO - Filling up the DagBag from /home/airflow/.local/lib/python3.12/site-packages/airflow/example_dags/example_short_circuit_operator.py
[2026-09-06T09:36:49.994+0000] {processor.py:925} INFO - DAG(s) 'example_short_circuit_operator' retrieved from /home/airflow/.local/lib/python3.12/site-packages/airflow/example_dags/example_short_circuit_operator.py
[2026-09-06T09:36:50.011+0000] {logging_mixin.py:190} INFO - [2026-09-06T09:36:50.011+0000] {dag.py:3239} INFO - Sync 1 DAGs
[2026-09-06T09:36:50.021+0000] {logging_mixin.py:190} INFO - [2026-09-06T09:36:50.021+0000] {dag.py:4180} INFO - Setting next_dagrun for example_short_circuit_operator to None, run_after=None
[2026-09-06T09:36:50.036+0000] {processor.py:208} INFO - Processing /home/airflow/.local/lib/python3.12/site-packages/airflow/example_dags/example_short_circuit_operator.py took 0.056 seconds
[2026-09-06T09:37:20.959+0000] {processor.py:186} INFO - Started process (PID=5496) to work on /home/airflow/.local/lib/python3.12/site-packages/airflow/example_dags/example_short_circuit_operator.py
[2026-09-06T09:37:20.960+0000] {processor.py:914} INFO - Processing file /home/airflow/.local/lib/python3.12/site-packages/airflow/example_dags/example_short_circuit_operator.py for tasks to queue
[2026-09-06T09:37:20.963+0000] {logging_mixin.py:190} INFO - [2026-09-06T09:37:20.962+0000] {dagbag.py:588} INFO - Filling up the DagBag from /home/airflow/.local/lib/python3.12/site-packages/airflow/example_dags/example_short_circuit_operator.py
[2026-09-06T09:37:20.971+0000] {processor.py:925} INFO - DAG(s) 'example_short_circuit_operator' retrieved from /home/airflow/.local/lib/python3.12/site-packages/airflow/example_dags/example_short_circuit_operator.py
[2026-09-06T09:37:20.988+0000] {logging_mixin.py:190} INFO - [2026-09-06T09:37:20.988+0000] {dag.py:3239} INFO - Sync 1 DAGs
[2026-09-06T09:37:20.999+0000] {logging_mixin.py:190} INFO - [2026-09-06T09:37:20.999+0000] {dag.py:4180} INFO - Setting next_dagrun for example_short_circuit_operator to None, run_after=None
[2026-09-06T09:37:21.014+0000] {processor.py:208} INFO - Processing /home/airflow/.local/lib/python3.12/site-packages/airflow/example_dags/example_short_circuit_operator.py took 0.060 seconds
[2026-09-06T09:37:51.098+0000] {processor.py:186} INFO - Started process (PID=5560) to work on /home/airflow/.local/lib/python3.12/site-packages/airflow/example_dags/example_short_circuit_operator.py
[2026-09-06T09:37:51.099+0000] {processor.py:914} INFO - Processing file /home/airflow/.local/lib/python3.12/site-packages/airflow/example_dags/example_short_circuit_operator.py for tasks to queue
[2026-09-06T09:37:51.101+0000] {logging_mixin.py:190} INFO - [2026-09-06T09:37:51.101+0000] {dagbag.py:588} INFO - Filling up the DagBag from /home/airflow/.local/lib/python3.12/site-packages/airflow/example_dags/example_short_circuit_operator.py
[2026-09-06T09:37:51.108+0000] {processor.py:925} INFO - DAG(s) 'example_short_circuit_operator' retrieved from /home/airflow/.local/lib/python3.12/site-packages/airflow/example_dags/example_short_circuit_operator.py
[2026-09-06T09:37:51.125+0000] {logging_mixin.py:190} INFO - [2026-09-06T09:37:51.125+0000] {dag.py:3239} INFO - Sync 1 DAGs
[2026-09-06T09:37:51.135+0000] {logging_mixin.py:190} INFO - [2026-09-06T09:37:51.135+0000] {dag.py:4180} INFO - Setting next_dagrun for example_short_circuit_operator to None, run_after=None
[2026-09-06T09:37:51.151+0000] {processor.py:208} INFO - Processing /home/airflow/.local/lib/python3.12/site-packages/airflow/example_dags/example_short_circuit_operator.py took 0.058 seconds
[2026-09-06T09:38:21.457+0000] {processor.py:186} INFO - Started process (PID=5624) to work on /home/airflow/.local/lib/python3.12/site-packages/airflow/example_dags/example_short_circuit_operator.py
[2026-09-06T09:38:21.458+0000] {processor.py:914} INFO - Processing file /home/airflow/.local/lib/python3.12/site-packages/airflow/example_dags/example_short_circuit_operator.py for tasks to queue
[2026-09-06T09:38:21.460+0000] {logging_mixin.py:190} INFO - [2026-09-06T09:38:21.460+0000] {dagbag.py:588} INFO - Filling up the DagBag from /home/airflow/.local/lib/python3.12/site-packages/airflow/example_dags/example_short_circuit_operator.py
[2026-09-06T09:38:21.467+0000] {processor.py:925} INFO - DAG(s) 'example_short_circuit_operator' retrieved from /home/airflow/.local/lib/python3.12/site-packages/airflow/example_dags/example_short_circuit_operator.py
[2026-09-06T09:38:21.484+0000] {logging_mixin.py:190} INFO - [2026-09-06T09:38:21.484+0000] {dag.py:3239} INFO - Sync 1 DAGs
[2026-09-06T09:38:21.494+0000] {logging_mixin.py:190} INFO - [2026-09-06T09:38:21.493+0000] {dag.py:4180} INFO - Setting next_dagrun for example_short_circuit_operator to None, run_after=None
[2026-09-06T09:38:21.508+0000] {processor.py:208} INFO - Processing /home/airflow/.local/lib/python3.12/site-packages/airflow/example_dags/example_short_circuit_operator.py took 0.055 seconds
[2026-09-06T09:38:51.963+0000] {processor.py:186} INFO - Started process (PID=5688) to work on /home/airflow/.local/lib/python3.12/site-packages/airflow/example_dags/example_short_circuit_operator.py
[2026-09-06T09:38:51.964+0000] {processor.py:914} INFO - Processing file /home/airflow/.local/lib/python3.12/site-packages/airflow/example_dags/example_short_circuit_operator.py for tasks to queue
[2026-09-06T09:38:51.965+0000] {logging_mixin.py:190} INFO - [2026-09-06T09:38:51.965+0000] {dagbag.py:588} INFO - Filling up the DagBag from /home/airflow/.local/lib/python3.12/site-packages/airflow/example_dags/example_short_circuit_operator.py
[2026-09-06T09:38:51.972+0000] {processor.py:925} INFO - DAG(s) 'example_short_circuit_operator' retrieved from /home/airflow/.local/lib/python3.12/site-packages/airflow/example_dags/example_short_circuit_operator.py
[2026-09-06T09:38:51.989+0000] {logging_mixin.py:190} INFO - [2026-09-06T09:38:51.989+0000] {dag.py:3239} INFO - Sync 1 DAGs
[2026-09-06T09:38:51.999+0000] {logging_mixin.py:190} INFO - [2026-09-06T09:38:51.999+0000] {dag.py:4180} INFO - Setting next_dagrun for example_short_circuit_operator to None, run_after=None
[2026-09-06T09:38:52.013+0000] {processor.py:208} INFO - Processing /home/airflow/.local/lib/python3.12/site-packages/airflow/example_dags/example_short_circuit_operator.py took 0.055 seconds
[2026-09-06T09:39:22.877+0000] {processor.py:186} INFO - Started process (PID=5752) to work on /home/airflow/.local/lib/python3.12/site-packages/airflow/example_dags/example_short_circuit_operator.py
[2026-09-06T09:39:22.878+0000] {processor.py:914} INFO - Processing file /home/airflow/.local/lib/python3.12/site-packages/airflow/example_dags/example_short_circuit_operator.py for tasks to queue
[2026-09-06T09:39:22.880+0000] {logging_mixin.py:190} INFO - [2026-09-06T09:39:22.880+0000] {dagbag.py:588} INFO - Filling up the DagBag from /home/airflow/.local/lib/python3.12/site-packages/airflow/example_dags/example_short_circuit_operator.py
[2026-09-06T09:39:22.887+0000] {processor.py:925} INFO - DAG(s) 'example_short_circuit_operator' retrieved from /home/airflow/.local/lib/python3.12/site-packages/airflow/example_dags/example_short_circuit_operator.py
[2026-09-06T09:39:22.905+0000] {logging_mixin.py:190} INFO - [2026-09-06T09:39:22.905+0000] {dag.py:3239} INFO - Sync 1 DAGs
[2026-09-06T09:39:22.916+0000] {logging_mixin.py:190} INFO - [2026-09-06T09:39:22.916+0000] {dag.py:4180} INFO - Setting next_dagrun for example_short_circuit_operator to None, run_after=None
[2026-09-06T09:39:22.931+0000] {processor.py:208} INFO - Processing /home/airflow/.local/lib/python3.12/site-packages/airflow/example_dags/example_short_circuit_operator.py took 0.058 seconds
[2026-09-06T09:39:53.005+0000] {processor.py:186} INFO - Started process (PID=5816) to work on /home/airflow/.local/lib/python3.12/site-packages/airflow/example_dags/example_short_circuit_operator.py
[2026-09-06T09:39:53.006+0000] {processor.py:914} INFO - Processing file /home/airflow/.local/lib/python3.12/site-packages/airflow/example_dags/example_short_circuit_operator.py for tasks to queue
[2026-09-06T09:39:53.009+0000] {logging_mixin.py:190} INFO - [2026-09-06T09:39:53.008+0000] {dagbag.py:588} INFO - Filling up the DagBag from /home/airflow/.local/lib/python3.12/site-packages/airflow/example_dags/example_short_circuit_operator.py
[2026-09-06T09:39:53.016+0000] {processor.py:925} INFO - DAG(s) 'example_short_circuit_operator' retrieved from /home/airflow/.local/lib/python3.12/site-packages/airflow/example_dags/example_short_circuit_operator.py
[2026-09-06T09:39:53.034+0000] {logging_mixin.py:190} INFO - [2026-09-06T09:39:53.034+0000] {dag.py:3239} INFO - Sync 1 DAGs
[2026-09-06T09:39:53.047+0000] {logging_mixin.py:190} INFO - [2026-09-06T09:39:53.046+0000] {dag.py:4180} INFO - Setting next_dagrun for example_short_circuit_operator to None, run_after=None
[2026-09-06T09:39:53.064+0000] {processor.py:208} INFO - Processing /home/airflow/.local/lib/python3.12/site-packages/airflow/example_dags/example_short_circuit_operator.py took 0.064 seconds
[2026-09-06T09:40:23.569+0000] {processor.py:186} INFO - Started process (PID=5880) to work on /home/airflow/.local/lib/python3.12/site-packages/airflow/example_dags/example_short_circuit_operator.py
[2026-09-06T09:40:23.570+0000] {processor.py:914} INFO - Processing file /home/airflow/.local/lib/python3.12/site-packages/airflow/example_dags/example_short_circuit_operator.py for tasks to queue
[2026-09-06T09:40:23.572+0000] {logging_mixin.py:190} INFO - [2026-09-06T09:40:23.572+0000] {dagbag.py:588} INFO - Filling up the DagBag from /home/airflow/.local/lib/python3.12/site-packages/airflow/example_dags/example_short_circuit_operator.py
[2026-09-06T09:40:23.580+0000] {processor.py:925} INFO - DAG(s) 'example_short_circuit_operator' retrieved from /home/airflow/.local/lib/python3.12/site-packages/airflow/example_dags/example_short_circuit_operator.py
[2026-09-06T09:40:23.598+0000] {logging_mixin.py:190} INFO - [2026-09-06T09:40:23.598+0000] {dag.py:3239} INFO - Sync 1 DAGs
[2026-09-06T09:40:23.609+0000] {logging_mixin.py:190} INFO - [2026-09-06T09:40:23.608+0000] {dag.py:4180} INFO - Setting next_dagrun for example_short_circuit_operator to None, run_after=None
[2026-09-06T09:40:23.624+0000] {processor.py:208} INFO - Processing /home/airflow/.local/lib/python3.12/site-packages/airflow/example_dags/example_short_circuit_operator.py took 0.059 seconds
[2026-09-06T09:40:53.703+0000] {processor.py:186} INFO - Started process (PID=5944) to work on /home/airflow/.local/lib/python3.12/site-packages/airflow/example_dags/example_short_circuit_operator.py
[2026-09-06T09:40:53.704+0000] {processor.py:914} INFO - Processing file /home/airflow/.local/lib/python3.12/site-packages/airflow/example_dags/example_short_circuit_operator.py for tasks to queue
[2026-09-06T09:40:53.706+0000] {logging_mixin.py:190} INFO - [2026-09-06T09:40:53.706+0000] {dagbag.py:588} INFO - Filling up the DagBag from /home/airflow/.local/lib/python3.12/site-packages/airflow/example_dags/example_short_circuit_operator.py
[2026-09-06T09:40:53.714+0000] {processor.py:925} INFO - DAG(s) 'example_short_circuit_operator' retrieved from /home/airflow/.local/lib/python3.12/site-packages/airflow/example_dags/example_short_circuit_operator.py
[2026-09-06T09:40:53.734+0000] {logging_mixin.py:190} INFO - [2026-09-06T09:40:53.734+0000] {dag.py:3239} INFO - Sync 1 DAGs
[2026-09-06T09:40:53.747+0000] {logging_mixin.py:190} INFO - [2026-09-06T09:40:53.747+0000] {dag.py:4180} INFO - Setting next_dagrun for example_short_circuit_operator to None, run_after=None
[2026-09-06T09:40:53.764+0000] {processor.py:208} INFO - Processing /home/airflow/.local/lib/python3.12/site-packages/airflow/example_dags/example_short_circuit_operator.py took 0.067 seconds
[2026-09-06T09:41:24.008+0000] {processor.py:186} INFO - Started process (PID=6008) to work on /home/airflow/.local/lib/python3.12/site-packages/airflow/example_dags/example_short_circuit_operator.py
[2026-09-06T09:41:24.009+0000] {processor.py:914} INFO - Processing file /home/airflow/.local/lib/python3.12/site-packages/airflow/example_dags/example_short_circuit_operator.py for tasks to queue
[2026-09-06T09:41:24.011+0000] {logging_mixin.py:190} INFO - [2026-09-06T09:41:24.011+0000] {dagbag.py:588} INFO - Filling up the DagBag from /home/airflow/.local/lib/python3.12/site-packages/airflow/example_dags/example_short_circuit_operator.py
[2026-09-06T09:41:24.019+0000] {processor.py:925} INFO - DAG(s) 'example_short_circuit_operator' retrieved from /home/airflow/.local/lib/python3.12/site-packages/airflow/example_dags/example_short_circuit_operator.py
[2026-09-06T09:41:24.037+0000] {logging_mixin.py:190} INFO - [2026-09-06T09:41:24.037+0000] {dag.py:3239} INFO - Sync 1 DAGs
[2026-09-06T09:41:24.049+0000] {logging_mixin.py:190} INFO - [2026-09-06T09:41:24.048+0000] {dag.py:4180} INFO - Setting next_dagrun for example_short_circuit_operator to None, run_after=None
[2026-09-06T09:41:24.063+0000] {processor.py:208} INFO - Processing /home/airflow/.local/lib/python3.12/site-packages/airflow/example_dags/example_short_circuit_operator.py took 0.060 seconds
[2026-09-06T09:41:54.714+0000] {processor.py:186} INFO - Started process (PID=6072) to work on /home/airflow/.local/lib/python3.12/site-packages/airflow/example_dags/example_short_circuit_operator.py
[2026-09-06T09:41:54.715+0000] {processor.py:914} INFO - Processing file /home/airflow/.local/lib/python3.12/site-packages/airflow/example_dags/example_short_circuit_operator.py for tasks to queue
[2026-09-06T09:41:54.717+0000] {logging_mixin.py:190} INFO - [2026-09-06T09:41:54.716+0000] {dagbag.py:588} INFO - Filling up the DagBag from /home/airflow/.local/lib/python3.12/site-packages/airflow/example_dags/example_short_circuit_operator.py
[2026-09-06T09:41:54.723+0000] {processor.py:925} INFO - DAG(s) 'example_short_circuit_operator' retrieved from /home/airflow/.local/lib/python3.12/site-packages/airflow/example_dags/example_short_circuit_operator.py
[2026-09-06T09:41:54.739+0000] {logging_mixin.py:190} INFO - [2026-09-06T09:41:54.739+0000] {dag.py:3239} INFO - Sync 1 DAGs
[2026-09-06T09:41:54.749+0000] {logging_mixin.py:190} INFO - [2026-09-06T09:41:54.748+0000] {dag.py:4180} INFO - Setting next_dagrun for example_short_circuit_operator to None, run_after=None
[2026-09-06T09:41:54.763+0000] {processor.py:208} INFO - Processing /home/airflow/.local/lib/python3.12/site-packages/airflow/example_dags/example_short_circuit_operator.py took 0.053 seconds
