[2026-09-06T08:54:02.859+0000] {processor.py:186} INFO - Started process (PID=101) to work on /home/airflow/.local/lib/python3.12/site-packages/airflow/example_dags/example_datasets.py
[2026-09-06T08:54:02.860+0000] {processor.py:914} INFO - Processing file /home/airflow/.local/lib/python3.12/site-packages/airflow/example_dags/example_datasets.py for tasks to queue
[2026-09-06T08:54:02.862+0000] {logging_mixin.py:190} INFO - [2026-09-06T08:54:02.861+0000] {dagbag.py:588} INFO - Filling up the DagBag from /home/airflow/.local/lib/python3.12/site-packages/airflow/example_dags/example_datasets.py
[2026-09-06T08:54:03.463+0000] {processor.py:925} INFO - DAG(s) 'consume_1_or_both_2_and_3_with_dataset_expressions', 'dataset_consumes_1_never_scheduled', 'dataset_produces_1', 'dataset_consumes_1_and_2', 'consume_1_or_2_with_dataset_expressions', 'consume_1_and_2_with_dataset_expressions', 'dataset_produces_2', 'conditional_dataset_and_time_based_timetable', 'dataset_consumes_1', 'dataset_consumes_unknown_never_scheduled' retrieved from /home/airflow/.local/lib/python3.12/site-packages/airflow/example_dags/example_datasets.py
[2026-09-06T08:54:03.547+0000] {logging_mixin.py:190} INFO - [2026-09-06T08:54:03.547+0000] {override.py:1911} INFO - Created Permission View: can edit on DAG:consume_1_or_both_2_and_3_with_dataset_expressions
[2026-09-06T08:54:03.556+0000] {logging_mixin.py:190} INFO - [2026-09-06T08:54:03.556+0000] {override.py:1911} INFO - Created Permission View: can delete on DAG:consume_1_or_both_2_and_3_with_dataset_expressions
[2026-09-06T08:54:03.563+0000] {logging_mixin.py:190} INFO - [2026-09-06T08:54:03.562+0000] {override.py:1911} INFO - Created Permission View: can read on DAG:consume_1_or_both_2_and_3_with_dataset_expressions
[2026-09-06T08:54:03.572+0000] {logging_mixin.py:190} INFO - [2026-09-06T08:54:03.571+0000] {override.py:1911} INFO - Created Permission View: can create on DAG Run:consume_1_or_both_2_and_3_with_dataset_expressions
[2026-09-06T08:54:03.579+0000] {logging_mixin.py:190} INFO - [2026-09-06T08:54:03.579+0000] {override.py:1911} INFO - Created Permission View: can delete on DAG Run:consume_1_or_both_2_and_3_with_dataset_expressions
[2026-09-06T08:54:03.585+0000] {logging_mixin.py:190} INFO - [2026-09-06T08:54:03.585+0000] {override.py:1911} INFO - Created Permission View: can read on DAG Run:consume_1_or_both_2_and_3_with_dataset_expressions
[2026-09-06T08:54:03.592+0000] {logging_mixin.py:190} INFO - [2026-09-06T08:54:03.591+0000] {override.py:1911} INFO - Created Permission View: menu access on DAG Run:consume_1_or_both_2_and_3_with_dataset_expressions
[2026-09-06T08:54:03.604+0000] {logging_mixin.py:190} INFO - [2026-09-06T08:54:03.604+0000] {override.py:1911} INFO - Created Permission View: can edit on DAG:dataset_consumes_1_never_scheduled
[2026-09-06T08:54:03.611+0000] {logging_mixin.py:190} INFO - [2026-09-06T08:54:03.611+0000] {override.py:1911} INFO - Created Permission View: can delete on DAG:dataset_consumes_1_never_scheduled
[2026-09-06T08:54:03.617+0000] {logging_mixin.py:190} INFO - [2026-09-06T08:54:03.617+0000] {override.py:1911} INFO - Created Permission View: can read on DAG:dataset_consumes_1_never_scheduled
[2026-09-06T08:54:03.626+0000] {logging_mixin.py:190} INFO - [2026-09-06T08:54:03.626+0000] {override.py:1911} INFO - Created Permission View: can create on DAG Run:dataset_consumes_1_never_scheduled
[2026-09-06T08:54:03.632+0000] {logging_mixin.py:190} INFO - [2026-09-06T08:54:03.632+0000] {override.py:1911} INFO - Created Permission View: can delete on DAG Run:dataset_consumes_1_never_scheduled
[2026-09-06T08:54:03.640+0000] {logging_mixin.py:190} INFO - [2026-09-06T08:54:03.639+0000] {override.py:1911} INFO - Created Permission View: can read on DAG Run:dataset_consumes_1_never_scheduled
[2026-09-06T08:54:03.646+0000] {logging_mixin.py:190} INFO - [2026-09-06T08:54:03.646+0000] {override.py:1911} INFO - Created Permission View: menu access on DAG Run:dataset_consumes_1_never_scheduled
[2026-09-06T08:54:03.658+0000] {logging_mixin.py:190} INFO - [2026-09-06T08:54:03.658+0000] {override.py:1911} INFO - Created Permission View: can edit on DAG:dataset_produces_1
[2026-09-06T08:54:03.665+0000] {logging_mixin.py:190} INFO - [2026-09-06T08:54:03.665+0000] {override.py:1911} INFO - Created Permission View: can delete on DAG:dataset_produces_1
[2026-09-06T08:54:03.671+0000] {logging_mixin.py:190} INFO - [2026-09-06T08:54:03.671+0000] {override.py:1911} INFO - Created Permission View: can read on DAG:dataset_produces_1
[2026-09-06T08:54:03.680+0000] {logging_mixin.py:190} INFO - [2026-09-06T08:54:03.680+0000] {override.py:1911} INFO - Created Permission View: can create on DAG Run:dataset_produces_1
[2026-09-06T08:54:03.687+0000] {logging_mixin.py:190} INFO - [2026-09-06T08:54:03.686+0000] {override.py:1911} INFO - Created Permission View: can delete on DAG Run:dataset_produces_1
[2026-09-06T08:54:03.693+0000] {logging_mixin.py:190} INFO - [2026-09-06T08:54:03.693+0000] {override.py:1911} INFO - Created Permission View: can read on DAG Run:dataset_produces_1
[2026-09-06T08:54:03.699+0000] {logging_mixin.py:190} INFO - [2026-09-06T08:54:03.699+0000] {override.py:1911} INFO - Created Permission View: menu access on DAG Run:dataset_produces_1
[2026-09-06T08:54:03.711+0000] {logging_mixin.py:190} INFO - [2026-09-06T08:54:03.711+0000] {override.py:1911} INFO - Created Permission View: can edit on DAG:dataset_consumes_1_and_2
[2026-09-06T08:54:03.717+0000] {logging_mixin.py:190} INFO - [2026-09-06T08:54:03.717+0000] {override.py:1911} INFO - Created Permission View: can delete on DAG:dataset_consumes_1_and_2
[2026-09-06T08:54:03.723+0000] {logging_mixin.py:190} INFO - [2026-09-06T08:54:03.723+0000] {override.py:1911} INFO - Created Permission View: can read on DAG:dataset_consumes_1_and_2
[2026-09-06T08:54:03.732+0000] {logging_mixin.py:190} INFO - [2026-09-06T08:54:03.732+0000] {override.py:1911} INFO - Created Permission View: can create on DAG Run:dataset_consumes_1_and_2
[2026-09-06T08:54:03.738+0000] {logging_mixin.py:190} INFO - [2026-09-06T08:54:03.738+0000] {override.py:1911} INFO - Created Permission View: can delete on DAG Run:dataset_consumes_1_and_2
[2026-09-06T08:54:03.745+0000] {logging_mixin.py:190} INFO - [2026-09-06T08:54:03.744+0000] {override.py:1911} INFO - Created Permission View: can read on DAG Run:dataset_consumes_1_and_2
[2026-09-06T08:54:03.751+0000] {logging_mixin.py:190} INFO - [2026-09-06T08:54:03.750+0000] {override.py:1911} INFO - Created Permission View: menu access on DAG Run:dataset_consumes_1_and_2
[2026-09-06T08:54:03.764+0000] {logging_mixin.py:190} INFO - [2026-09-06T08:54:03.764+0000] {override.py:1911} INFO - Created Permission View: can edit on DAG:consume_1_or_2_with_dataset_expressions
[2026-09-06T08:54:03.771+0000] {logging_mixin.py:190} INFO - [2026-09-06T08:54:03.771+0000] {override.py:1911} INFO - Created Permission View: can delete on DAG:consume_1_or_2_with_dataset_expressions
[2026-09-06T08:54:03.779+0000] {logging_mixin.py:190} INFO - [2026-09-06T08:54:03.778+0000] {override.py:1911} INFO - Created Permission View: can read on DAG:consume_1_or_2_with_dataset_expressions
[2026-09-06T08:54:03.789+0000] {logging_mixin.py:190} INFO - [2026-09-06T08:54:03.789+0000] {override.py:1911} INFO - Created Permission View: can create on DAG Run:consume_1_or_2_with_dataset_expressions
[2026-09-06T08:54:03.795+0000] {logging_mixin.py:190} INFO - [2026-09-06T08:54:03.795+0000] {override.py:1911} INFO - Created Permission View: can delete on DAG Run:consume_1_or_2_with_dataset_expressions
[2026-09-06T08:54:03.801+0000] {logging_mixin.py:190} INFO - [2026-09-06T08:54:03.801+0000] {override.py:1911} INFO - Created Permission View: can read on DAG Run:consume_1_or_2_with_dataset_expressions
[2026-09-06T08:54:03.807+0000] {logging_mixin.py:190} INFO - [2026-09-06T08:54:03.807+0000] {override.py:1911} INFO - Created Permission View: menu access on DAG Run:consume_1_or_2_with_dataset_expressions
[2026-09-06T08:54:03.819+0000] {logging_mixin.py:190} INFO - [2026-09-06T08:54:03.819+0000] {override.py:1911} INFO - Created Permission View: can edit on DAG:consume_1_and_2_with_dataset_expressions
[2026-09-06T08:54:03.826+0000] {logging_mixin.py:190} INFO - [2026-09-06T08:54:03.826+0000] {override.py:1911} INFO - Created Permission View: can delete on DAG:consume_1_and_2_with_dataset_expressions
[2026-09-06T08:54:03.833+0000] {logging_mixin.py:190} INFO - [2026-09-06T08:54:03.832+0000] {override.py:1911} INFO - Created Permission View: can read on DAG:consume_1_and_2_with_dataset_expressions
[2026-09-06T08:54:03.841+0000] {logging_mixin.py:190} INFO - [2026-09-06T08:54:03.841+0000] {override.py:1911} INFO - Created Permission View: can create on DAG Run:consume_1_and_2_with_dataset_expressions
[2026-09-06T08:54:03.848+0000] {logging_mixin.py:190} INFO - [2026-09-06T08:54:03.848+0000] {override.py:1911} INFO - Created Permission View: can delete on DAG Run:consume_1_and_2_with_dataset_expressions
[2026-09-06T08:54:03.855+0000] {logging_mixin.py:190} INFO - [2026-09-06T08:54:03.854+0000] {override.py:1911} INFO - Created Permission View: can read on DAG Run:consume_1_and_2_with_dataset_expressions
[2026-09-06T08:54:03.862+0000] {logging_mixin.py:190} INFO - [2026-09-06T08:54:03.862+0000] {override.py:1911} INFO - Created Permission View: menu access on DAG Run:consume_1_and_2_with_dataset_expressions
[2026-09-06T08:54:03.875+0000] {logging_mixin.py:190} INFO - [2026-09-06T08:54:03.875+0000] {override.py:1911} INFO - Created Permission View: can edit on DAG:dataset_produces_2
[2026-09-06T08:54:03.882+0000] {logging_mixin.py:190} INFO - [2026-09-06T08:54:03.882+0000] {override.py:1911} INFO - Created Permission View: can delete on DAG:dataset_produces_2
[2026-09-06T08:54:03.888+0000] {logging_mixin.py:190} INFO - [2026-09-06T08:54:03.888+0000] {override.py:1911} INFO - Created Permission View: can read on DAG:dataset_produces_2
[2026-09-06T08:54:03.897+0000] {logging_mixin.py:190} INFO - [2026-09-06T08:54:03.897+0000] {override.py:1911} INFO - Created Permission View: can create on DAG Run:dataset_produces_2
[2026-09-06T08:54:03.904+0000] {logging_mixin.py:190} INFO - [2026-09-06T08:54:03.904+0000] {override.py:1911} INFO - Created Permission View: can delete on DAG Run:dataset_produces_2
[2026-09-06T08:54:03.912+0000] {logging_mixin.py:190} INFO - [2026-09-06T08:54:03.912+0000] {override.py:1911} INFO - Created Permission View: can read on DAG Run:dataset_produces_2
[2026-09-06T08:54:03.918+0000] {logging_mixin.py:190} INFO - [2026-09-06T08:54:03.918+0000] {override.py:1911} INFO - Created Permission View: menu access on DAG Run:dataset_produces_2
[2026-09-06T08:54:03.930+0000] {logging_mixin.py:190} INFO - [2026-09-06T08:54:03.930+0000] {override.py:1911} INFO - Created Permission View: can edit on DAG:conditional_dataset_and_time_based_timetable
[2026-09-06T08:54:03.936+0000] {logging_mixin.py:190} INFO - [2026-09-06T08:54:03.936+0000] {override.py:1911} INFO - Created Permission View: can delete on DAG:conditional_dataset_and_time_based_timetable
[2026-09-06T08:54:03.943+0000] {logging_mixin.py:190} INFO - [2026-09-06T08:54:03.942+0000] {override.py:1911} INFO - Created Permission View: can read on DAG:conditional_dataset_and_time_based_timetable
[2026-09-06T08:54:03.951+0000] {logging_mixin.py:190} INFO - [2026-09-06T08:54:03.951+0000] {override.py:1911} INFO - Created Permission View: can create on DAG Run:conditional_dataset_and_time_based_timetable
[2026-09-06T08:54:03.958+0000] {logging_mixin.py:190} INFO - [2026-09-06T08:54:03.958+0000] {override.py:1911} INFO - Created Permission View: can delete on DAG Run:conditional_dataset_and_time_based_timetable
[2026-09-06T08:54:03.964+0000] {logging_mixin.py:190} INFO - [2026-09-06T08:54:03.964+0000] {override.py:1911} INFO - Created Permission View: can read on DAG Run:conditional_dataset_and_time_based_timetable
[2026-09-06T08:54:03.970+0000] {logging_mixin.py:190} INFO - [2026-09-06T08:54:03.970+0000] {override.py:1911} INFO - Created Permission View: menu access on DAG Run:conditional_dataset_and_time_based_timetable
[2026-09-06T08:54:03.984+0000] {logging_mixin.py:190} INFO - [2026-09-06T08:54:03.984+0000] {override.py:1911} INFO - Created Permission View: can edit on DAG:dataset_consumes_1
[2026-09-06T08:54:03.991+0000] {logging_mixin.py:190} INFO - [2026-09-06T08:54:03.990+0000] {override.py:1911} INFO - Created Permission View: can delete on DAG:dataset_consumes_1
[2026-09-06T08:54:03.997+0000] {logging_mixin.py:190} INFO - [2026-09-06T08:54:03.996+0000] {override.py:1911} INFO - Created Permission View: can read on DAG:dataset_consumes_1
[2026-09-06T08:54:04.007+0000] {logging_mixin.py:190} INFO - [2026-09-06T08:54:04.007+0000] {override.py:1911} INFO - Created Permission View: can create on DAG Run:dataset_consumes_1
[2026-09-06T08:54:04.013+0000] {logging_mixin.py:190} INFO - [2026-09-06T08:54:04.013+0000] {override.py:1911} INFO - Created Permission View: can delete on DAG Run:dataset_consumes_1
[2026-09-06T08:54:04.019+0000] {logging_mixin.py:190} INFO - [2026-09-06T08:54:04.019+0000] {override.py:1911} INFO - Created Permission View: can read on DAG Run:dataset_consumes_1
[2026-09-06T08:54:04.025+0000] {logging_mixin.py:190} INFO - [2026-09-06T08:54:04.025+0000] {override.py:1911} INFO - Created Permission View: menu access on DAG Run:dataset_consumes_1
[2026-09-06T08:54:04.039+0000] {logging_mixin.py:190} INFO - [2026-09-06T08:54:04.038+0000] {override.py:1911} INFO - Created Permission View: can edit on DAG:dataset_consumes_unknown_never_scheduled
[2026-09-06T08:54:04.045+0000] {logging_mixin.py:190} INFO - [2026-09-06T08:54:04.045+0000] {override.py:1911} INFO - Created Permission View: can delete on DAG:dataset_consumes_unknown_never_scheduled
[2026-09-06T08:54:04.051+0000] {logging_mixin.py:190} INFO - [2026-09-06T08:54:04.051+0000] {override.py:1911} INFO - Created Permission View: can read on DAG:dataset_consumes_unknown_never_scheduled
[2026-09-06T08:54:04.060+0000] {logging_mixin.py:190} INFO - [2026-09-06T08:54:04.059+0000] {override.py:1911} INFO - Created Permission View: can create on DAG Run:dataset_consumes_unknown_never_scheduled
[2026-09-06T08:54:04.066+0000] {logging_mixin.py:190} INFO - [2026-09-06T08:54:04.066+0000] {override.py:1911} INFO - Created Permission View: can delete on DAG Run:dataset_consumes_unknown_never_scheduled
[2026-09-06T08:54:04.073+0000] {logging_mixin.py:190} INFO - [2026-09-06T08:54:04.072+0000] {override.py:1911} INFO - Created Permission View: can read on DAG Run:dataset_consumes_unknown_never_scheduled
[2026-09-06T08:54:04.079+0000] {logging_mixin.py:190} INFO - [2026-09-06T08:54:04.079+0000] {override.py:1911} INFO - Created Permission View: menu access on DAG Run:dataset_consumes_unknown_never_scheduled
[2026-09-06T08:54:04.080+0000] {logging_mixin.py:190} INFO - [2026-09-06T08:54:04.080+0000] {dag.py:3239} INFO - Sync 10 DAGs
[2026-09-06T08:54:04.090+0000] {logging_mixin.py:190} INFO - [2026-09-06T08:54:04.089+0000] {dag.py:3262} INFO - Creating ORM DAG for dataset_consumes_1_and_2
[2026-09-06T08:54:04.091+0000] {logging_mixin.py:190} INFO - [2026-09-06T08:54:04.091+0000] {dag.py:3262} INFO - Creating ORM DAG for dataset_consumes_unknown_never_scheduled
[2026-09-06T08:54:04.091+0000] {logging_mixin.py:190} INFO - [2026-09-06T08:54:04.091+0000] {dag.py:3262} INFO - Creating ORM DAG for consume_1_or_both_2_and_3_with_dataset_expressions
[2026-09-06T08:54:04.092+0000] {logging_mixin.py:190} INFO - [2026-09-06T08:54:04.092+0000] {dag.py:3262} INFO - Creating ORM DAG for consume_1_or_2_with_dataset_expressions
[2026-09-06T08:54:04.093+0000] {logging_mixin.py:190} INFO - [2026-09-06T08:54:04.093+0000] {dag.py:3262} INFO - Creating ORM DAG for consume_1_and_2_with_dataset_expressions
[2026-09-06T08:54:04.094+0000] {logging_mixin.py:190} INFO - [2026-09-06T08:54:04.093+0000] {dag.py:3262} INFO - Creating ORM DAG for conditional_dataset_and_time_based_timetable
[2026-09-06T08:54:04.094+0000] {logging_mixin.py:190} INFO - [2026-09-06T08:54:04.094+0000] {dag.py:3262} INFO - Creating ORM DAG for dataset_produces_1
[2026-09-06T08:54:04.095+0000] {logging_mixin.py:190} INFO - [2026-09-06T08:54:04.095+0000] {dag.py:3262} INFO - Creating ORM DAG for dataset_produces_2
[2026-09-06T08:54:04.096+0000] {logging_mixin.py:190} INFO - [2026-09-06T08:54:04.095+0000] {dag.py:3262} INFO - Creating ORM DAG for dataset_consumes_1_never_scheduled
[2026-09-06T08:54:04.096+0000] {logging_mixin.py:190} INFO - [2026-09-06T08:54:04.096+0000] {dag.py:3262} INFO - Creating ORM DAG for dataset_consumes_1
[2026-09-06T08:54:04.104+0000] {logging_mixin.py:190} INFO - [2026-09-06T08:54:04.104+0000] {dag.py:4180} INFO - Setting next_dagrun for conditional_dataset_and_time_based_timetable to 2026-09-02 01:00:00+00:00, run_after=2026-09-02 01:00:00+00:00
[2026-09-06T08:54:04.105+0000] {logging_mixin.py:190} INFO - [2026-09-06T08:54:04.105+0000] {dag.py:4180} INFO - Setting next_dagrun for consume_1_and_2_with_dataset_expressions to None, run_after=None
[2026-09-06T08:54:04.105+0000] {logging_mixin.py:190} INFO - [2026-09-06T08:54:04.105+0000] {dag.py:4180} INFO - Setting next_dagrun for consume_1_or_2_with_dataset_expressions to None, run_after=None
[2026-09-06T08:54:04.106+0000] {logging_mixin.py:190} INFO - [2026-09-06T08:54:04.106+0000] {dag.py:4180} INFO - Setting next_dagrun for consume_1_or_both_2_and_3_with_dataset_expressions to None, run_after=None
[2026-09-06T08:54:04.107+0000] {logging_mixin.py:190} INFO - [2026-09-06T08:54:04.106+0000] {dag.py:4180} INFO - Setting next_dagrun for dataset_consumes_1 to None, run_after=None
[2026-09-06T08:54:04.107+0000] {logging_mixin.py:190} INFO - [2026-09-06T08:54:04.107+0000] {dag.py:4180} INFO - Setting next_dagrun for dataset_consumes_1_and_2 to None, run_after=None
[2026-09-06T08:54:04.108+0000] {logging_mixin.py:190} INFO - [2026-09-06T08:54:04.108+0000] {dag.py:4180} INFO - Setting next_dagrun for dataset_consumes_1_never_scheduled to None, run_after=None
[2026-09-06T08:54:04.109+0000] {logging_mixin.py:190} INFO - [2026-09-06T08:54:04.109+0000] {dag.py:4180} INFO - Setting next_dagrun for dataset_consumes_unknown_never_scheduled to None, run_after=None
[2026-09-06T08:54:04.110+0000] {logging_mixin.py:190} INFO - [2026-09-06T08:54:04.110+0000] {dag.py:4180} INFO - Setting next_dagrun for dataset_produces_1 to 2026-09-05 00:00:00+00:00, run_after=2026-09-06 00:00:00+00:00
[2026-09-06T08:54:04.111+0000] {logging_mixin.py:190} INFO - [2026-09-06T08:54:04.111+0000] {dag.py:4180} INFO - Setting next_dagrun for dataset_produces_2 to None, run_after=None
[2026-09-06T08:54:04.143+0000] {processor.py:208} INFO - Processing /home/airflow/.local/lib/python3.12/site-packages/airflow/example_dags/example_datasets.py took 1.289 seconds
[2026-09-06T08:54:34.212+0000] {processor.py:186} INFO - Started process (PID=169) to work on /home/airflow/.local/lib/python3.12/site-packages/airflow/example_dags/example_datasets.py
[2026-09-06T08:54:34.213+0000] {processor.py:914} INFO - Processing file /home/airflow/.local/lib/python3.12/site-packages/airflow/example_dags/example_datasets.py for tasks to queue
[2026-09-06T08:54:34.215+0000] {logging_mixin.py:190} INFO - [2026-09-06T08:54:34.215+0000] {dagbag.py:588} INFO - Filling up the DagBag from /home/airflow/.local/lib/python3.12/site-packages/airflow/example_dags/example_datasets.py
[2026-09-06T08:54:34.750+0000] {processor.py:925} INFO - DAG(s) 'dataset_produces_1', 'dataset_produces_2', 'dataset_consumes_1', 'consume_1_or_both_2_and_3_with_dataset_expressions', 'consume_1_and_2_with_dataset_expressions', 'dataset_consumes_unknown_never_scheduled', 'dataset_consumes_1_never_scheduled', 'consume_1_or_2_with_dataset_expressions', 'conditional_dataset_and_time_based_timetable', 'dataset_consumes_1_and_2' retrieved from /home/airflow/.local/lib/python3.12/site-packages/airflow/example_dags/example_datasets.py
[2026-09-06T08:54:34.785+0000] {logging_mixin.py:190} INFO - [2026-09-06T08:54:34.784+0000] {dag.py:3239} INFO - Sync 10 DAGs
[2026-09-06T08:54:34.809+0000] {logging_mixin.py:190} INFO - [2026-09-06T08:54:34.808+0000] {dag.py:4180} INFO - Setting next_dagrun for conditional_dataset_and_time_based_timetable to 2026-09-02 01:00:00+00:00, run_after=2026-09-02 01:00:00+00:00
[2026-09-06T08:54:34.812+0000] {logging_mixin.py:190} INFO - [2026-09-06T08:54:34.812+0000] {dag.py:4180} INFO - Setting next_dagrun for consume_1_and_2_with_dataset_expressions to None, run_after=None
[2026-09-06T08:54:34.813+0000] {logging_mixin.py:190} INFO - [2026-09-06T08:54:34.813+0000] {dag.py:4180} INFO - Setting next_dagrun for consume_1_or_2_with_dataset_expressions to None, run_after=None
[2026-09-06T08:54:34.814+0000] {logging_mixin.py:190} INFO - [2026-09-06T08:54:34.814+0000] {dag.py:4180} INFO - Setting next_dagrun for consume_1_or_both_2_and_3_with_dataset_expressions to None, run_after=None
[2026-09-06T08:54:34.815+0000] {logging_mixin.py:190} INFO - [2026-09-06T08:54:34.815+0000] {dag.py:4180} INFO - Setting next_dagrun for dataset_consumes_1 to None, run_after=None
[2026-09-06T08:54:34.816+0000] {logging_mixin.py:190} INFO - [2026-09-06T08:54:34.816+0000] {dag.py:4180} INFO - Setting next_dagrun for dataset_consumes_1_and_2 to None, run_after=None
[2026-09-06T08:54:34.817+0000] {logging_mixin.py:190} INFO - [2026-09-06T08:54:34.817+0000] {dag.py:4180} INFO - Setting next_dagrun for dataset_consumes_1_never_scheduled to None, run_after=None
[2026-09-06T08:54:34.819+0000] {logging_mixin.py:190} INFO - [2026-09-06T08:54:34.818+0000] {dag.py:4180} INFO - Setting next_dagrun for dataset_consumes_unknown_never_scheduled to None, run_after=None
[2026-09-06T08:54:34.820+0000] {logging_mixin.py:190} INFO - [2026-09-06T08:54:34.820+0000] {dag.py:4180} INFO - Setting next_dagrun for dataset_produces_1 to 2026-09-05 00:00:00+00:00, run_after=2026-09-06 00:00:00+00:00
[2026-09-06T08:54:34.821+0000] {logging_mixin.py:190} INFO - [2026-09-06T08:54:34.821+0000] {dag.py:4180} INFO - Setting next_dagrun for dataset_produces_2 to None, run_after=None
[2026-09-06T08:54:34.846+0000] {processor.py:208} INFO - Processing /home/airflow/.local/lib/python3.12/site-packages/airflow/example_dags/example_datasets.py took 0.640 seconds
[2026-09-06T08:55:04.917+0000] {processor.py:186} INFO - Started process (PID=232) to work on /home/airflow/.local/lib/python3.12/site-packages/airflow/example_dags/example_datasets.py
[2026-09-06T08:55:04.918+0000] {processor.py:914} INFO - Processing file /home/airflow/.local/lib/python3.12/site-packages/airflow/example_dags/example_datasets.py for tasks to queue
[2026-09-06T08:55:04.920+0000] {logging_mixin.py:190} INFO - [2026-09-06T08:55:04.920+0000] {dagbag.py:588} INFO - Filling up the DagBag from /home/airflow/.local/lib/python3.12/site-packages/airflow/example_dags/example_datasets.py
[2026-09-06T08:55:05.507+0000] {processor.py:925} INFO - DAG(s) 'dataset_produces_1', 'conditional_dataset_and_time_based_timetable', 'dataset_consumes_unknown_never_scheduled', 'dataset_consumes_1_and_2', 'dataset_consumes_1_never_scheduled', 'dataset_consumes_1', 'consume_1_or_both_2_and_3_with_dataset_expressions', 'consume_1_and_2_with_dataset_expressions', 'dataset_produces_2', 'consume_1_or_2_with_dataset_expressions' retrieved from /home/airflow/.local/lib/python3.12/site-packages/airflow/example_dags/example_datasets.py
[2026-09-06T08:55:05.538+0000] {logging_mixin.py:190} INFO - [2026-09-06T08:55:05.538+0000] {dag.py:3239} INFO - Sync 10 DAGs
[2026-09-06T08:55:05.562+0000] {logging_mixin.py:190} INFO - [2026-09-06T08:55:05.561+0000] {dag.py:4180} INFO - Setting next_dagrun for conditional_dataset_and_time_based_timetable to 2026-09-02 01:00:00+00:00, run_after=2026-09-02 01:00:00+00:00
[2026-09-06T08:55:05.565+0000] {logging_mixin.py:190} INFO - [2026-09-06T08:55:05.565+0000] {dag.py:4180} INFO - Setting next_dagrun for consume_1_and_2_with_dataset_expressions to None, run_after=None
[2026-09-06T08:55:05.566+0000] {logging_mixin.py:190} INFO - [2026-09-06T08:55:05.566+0000] {dag.py:4180} INFO - Setting next_dagrun for consume_1_or_2_with_dataset_expressions to None, run_after=None
[2026-09-06T08:55:05.568+0000] {logging_mixin.py:190} INFO - [2026-09-06T08:55:05.567+0000] {dag.py:4180} INFO - Setting next_dagrun for consume_1_or_both_2_and_3_with_dataset_expressions to None, run_after=None
[2026-09-06T08:55:05.569+0000] {logging_mixin.py:190} INFO - [2026-09-06T08:55:05.569+0000] {dag.py:4180} INFO - Setting next_dagrun for dataset_consumes_1 to None, run_after=None
[2026-09-06T08:55:05.570+0000] {logging_mixin.py:190} INFO - [2026-09-06T08:55:05.570+0000] {dag.py:4180} INFO - Setting next_dagrun for dataset_consumes_1_and_2 to None, run_after=None
[2026-09-06T08:55:05.572+0000] {logging_mixin.py:190} INFO - [2026-09-06T08:55:05.572+0000] {dag.py:4180} INFO - Setting next_dagrun for dataset_consumes_1_never_scheduled to None, run_after=None
[2026-09-06T08:55:05.573+0000] {logging_mixin.py:190} INFO - [2026-09-06T08:55:05.573+0000] {dag.py:4180} INFO - Setting next_dagrun for dataset_consumes_unknown_never_scheduled to None, run_after=None
[2026-09-06T08:55:05.575+0000] {logging_mixin.py:190} INFO - [2026-09-06T08:55:05.575+0000] {dag.py:4180} INFO - Setting next_dagrun for dataset_produces_1 to 2026-09-05 00:00:00+00:00, run_after=2026-09-06 00:00:00+00:00
[2026-09-06T08:55:05.576+0000] {logging_mixin.py:190} INFO - [2026-09-06T08:55:05.576+0000] {dag.py:4180} INFO - Setting next_dagrun for dataset_produces_2 to None, run_after=None
[2026-09-06T08:55:05.604+0000] {processor.py:208} INFO - Processing /home/airflow/.local/lib/python3.12/site-packages/airflow/example_dags/example_datasets.py took 0.692 seconds
[2026-09-06T08:55:36.455+0000] {processor.py:186} INFO - Started process (PID=295) to work on /home/airflow/.local/lib/python3.12/site-packages/airflow/example_dags/example_datasets.py
[2026-09-06T08:55:36.457+0000] {processor.py:914} INFO - Processing file /home/airflow/.local/lib/python3.12/site-packages/airflow/example_dags/example_datasets.py for tasks to queue
[2026-09-06T08:55:36.459+0000] {logging_mixin.py:190} INFO - [2026-09-06T08:55:36.459+0000] {dagbag.py:588} INFO - Filling up the DagBag from /home/airflow/.local/lib/python3.12/site-packages/airflow/example_dags/example_datasets.py
[2026-09-06T08:55:37.007+0000] {processor.py:925} INFO - DAG(s) 'consume_1_or_2_with_dataset_expressions', 'dataset_consumes_1', 'dataset_produces_1', 'consume_1_and_2_with_dataset_expressions', 'dataset_consumes_1_and_2', 'conditional_dataset_and_time_based_timetable', 'dataset_produces_2', 'consume_1_or_both_2_and_3_with_dataset_expressions', 'dataset_consumes_unknown_never_scheduled', 'dataset_consumes_1_never_scheduled' retrieved from /home/airflow/.local/lib/python3.12/site-packages/airflow/example_dags/example_datasets.py
[2026-09-06T08:55:37.039+0000] {logging_mixin.py:190} INFO - [2026-09-06T08:55:37.039+0000] {dag.py:3239} INFO - Sync 10 DAGs
[2026-09-06T08:55:37.060+0000] {logging_mixin.py:190} INFO - [2026-09-06T08:55:37.060+0000] {dag.py:4180} INFO - Setting next_dagrun for conditional_dataset_and_time_based_timetable to 2026-09-02 01:00:00+00:00, run_after=2026-09-02 01:00:00+00:00
[2026-09-06T08:55:37.064+0000] {logging_mixin.py:190} INFO - [2026-09-06T08:55:37.064+0000] {dag.py:4180} INFO - Setting next_dagrun for consume_1_and_2_with_dataset_expressions to None, run_after=None
[2026-09-06T08:55:37.065+0000] {logging_mixin.py:190} INFO - [2026-09-06T08:55:37.065+0000] {dag.py:4180} INFO - Setting next_dagrun for consume_1_or_2_with_dataset_expressions to None, run_after=None
[2026-09-06T08:55:37.066+0000] {logging_mixin.py:190} INFO - [2026-09-06T08:55:37.066+0000] {dag.py:4180} INFO - Setting next_dagrun for consume_1_or_both_2_and_3_with_dataset_expressions to None, run_after=None
[2026-09-06T08:55:37.067+0000] {logging_mixin.py:190} INFO - [2026-09-06T08:55:37.067+0000] {dag.py:4180} INFO - Setting next_dagrun for dataset_consumes_1 to None, run_after=None
[2026-09-06T08:55:37.069+0000] {logging_mixin.py:190} INFO - [2026-09-06T08:55:37.068+0000] {dag.py:4180} INFO - Setting next_dagrun for dataset_consumes_1_and_2 to None, run_after=None
[2026-09-06T08:55:37.070+0000] {logging_mixin.py:190} INFO - [2026-09-06T08:55:37.070+0000] {dag.py:4180} INFO - Setting next_dagrun for dataset_consumes_1_never_scheduled to None, run_after=None
[2026-09-06T08:55:37.071+0000] {logging_mixin.py:190} INFO - [2026-09-06T08:55:37.071+0000] {dag.py:4180} INFO - Setting next_dagrun for dataset_consumes_unknown_never_scheduled to None, run_after=None
[2026-09-06T08:55:37.073+0000] {logging_mixin.py:190} INFO - [2026-09-06T08:55:37.073+0000] {dag.py:4180} INFO - Setting next_dagrun for dataset_produces_1 to 2026-09-05 00:00:00+00:00, run_after=2026-09-06 00:00:00+00:00
[2026-09-06T08:55:37.074+0000] {logging_mixin.py:190} INFO - [2026-09-06T08:55:37.074+0000] {dag.py:4180} INFO - Setting next_dagrun for dataset_produces_2 to None, run_after=None
[2026-09-06T08:55:37.101+0000] {processor.py:208} INFO - Processing /home/airflow/.local/lib/python3.12/site-packages/airflow/example_dags/example_datasets.py took 0.652 seconds
[2026-09-06T08:56:07.309+0000] {processor.py:186} INFO - Started process (PID=363) to work on /home/airflow/.local/lib/python3.12/site-packages/airflow/example_dags/example_datasets.py
[2026-09-06T08:56:07.310+0000] {processor.py:914} INFO - Processing file /home/airflow/.local/lib/python3.12/site-packages/airflow/example_dags/example_datasets.py for tasks to queue
[2026-09-06T08:56:07.312+0000] {logging_mixin.py:190} INFO - [2026-09-06T08:56:07.311+0000] {dagbag.py:588} INFO - Filling up the DagBag from /home/airflow/.local/lib/python3.12/site-packages/airflow/example_dags/example_datasets.py
[2026-09-06T08:56:07.791+0000] {processor.py:925} INFO - DAG(s) 'conditional_dataset_and_time_based_timetable', 'consume_1_and_2_with_dataset_expressions', 'dataset_consumes_1_and_2', 'dataset_produces_2', 'dataset_consumes_1_never_scheduled', 'dataset_produces_1', 'consume_1_or_2_with_dataset_expressions', 'dataset_consumes_unknown_never_scheduled', 'dataset_consumes_1', 'consume_1_or_both_2_and_3_with_dataset_expressions' retrieved from /home/airflow/.local/lib/python3.12/site-packages/airflow/example_dags/example_datasets.py
[2026-09-06T08:56:07.819+0000] {logging_mixin.py:190} INFO - [2026-09-06T08:56:07.819+0000] {dag.py:3239} INFO - Sync 10 DAGs
[2026-09-06T08:56:07.836+0000] {logging_mixin.py:190} INFO - [2026-09-06T08:56:07.836+0000] {dag.py:4180} INFO - Setting next_dagrun for conditional_dataset_and_time_based_timetable to 2026-09-02 01:00:00+00:00, run_after=2026-09-02 01:00:00+00:00
[2026-09-06T08:56:07.839+0000] {logging_mixin.py:190} INFO - [2026-09-06T08:56:07.839+0000] {dag.py:4180} INFO - Setting next_dagrun for consume_1_and_2_with_dataset_expressions to None, run_after=None
[2026-09-06T08:56:07.840+0000] {logging_mixin.py:190} INFO - [2026-09-06T08:56:07.840+0000] {dag.py:4180} INFO - Setting next_dagrun for consume_1_or_2_with_dataset_expressions to None, run_after=None
[2026-09-06T08:56:07.841+0000] {logging_mixin.py:190} INFO - [2026-09-06T08:56:07.841+0000] {dag.py:4180} INFO - Setting next_dagrun for consume_1_or_both_2_and_3_with_dataset_expressions to None, run_after=None
[2026-09-06T08:56:07.843+0000] {logging_mixin.py:190} INFO - [2026-09-06T08:56:07.842+0000] {dag.py:4180} INFO - Setting next_dagrun for dataset_consumes_1 to None, run_after=None
[2026-09-06T08:56:07.844+0000] {logging_mixin.py:190} INFO - [2026-09-06T08:56:07.844+0000] {dag.py:4180} INFO - Setting next_dagrun for dataset_consumes_1_and_2 to None, run_after=None
[2026-09-06T08:56:07.845+0000] {logging_mixin.py:190} INFO - [2026-09-06T08:56:07.845+0000] {dag.py:4180} INFO - Setting next_dagrun for dataset_consumes_1_never_scheduled to None, run_after=None
[2026-09-06T08:56:07.846+0000] {logging_mixin.py:190} INFO - [2026-09-06T08:56:07.846+0000] {dag.py:4180} INFO - Setting next_dagrun for dataset_consumes_unknown_never_scheduled to None, run_after=None
[2026-09-06T08:56:07.848+0000] {logging_mixin.py:190} INFO - [2026-09-06T08:56:07.848+0000] {dag.py:4180} INFO - Setting next_dagrun for dataset_produces_1 to 2026-09-05 00:00:00+00:00, run_after=2026-09-06 00:00:00+00:00
[2026-09-06T08:56:07.849+0000] {logging_mixin.py:190} INFO - [2026-09-06T08:56:07.849+0000] {dag.py:4180} INFO - Setting next_dagrun for dataset_produces_2 to None, run_after=None
[2026-09-06T08:56:07.875+0000] {processor.py:208} INFO - Processing /home/airflow/.local/lib/python3.12/site-packages/airflow/example_dags/example_datasets.py took 0.571 seconds
[2026-09-06T08:56:38.731+0000] {processor.py:186} INFO - Started process (PID=426) to work on /home/airflow/.local/lib/python3.12/site-packages/airflow/example_dags/example_datasets.py
[2026-09-06T08:56:38.732+0000] {processor.py:914} INFO - Processing file /home/airflow/.local/lib/python3.12/site-packages/airflow/example_dags/example_datasets.py for tasks to queue
[2026-09-06T08:56:38.734+0000] {logging_mixin.py:190} INFO - [2026-09-06T08:56:38.734+0000] {dagbag.py:588} INFO - Filling up the DagBag from /home/airflow/.local/lib/python3.12/site-packages/airflow/example_dags/example_datasets.py
[2026-09-06T08:56:39.286+0000] {processor.py:925} INFO - DAG(s) 'dataset_consumes_1_and_2', 'consume_1_and_2_with_dataset_expressions', 'dataset_consumes_unknown_never_scheduled', 'conditional_dataset_and_time_based_timetable', 'dataset_consumes_1_never_scheduled', 'dataset_produces_2', 'consume_1_or_both_2_and_3_with_dataset_expressions', 'dataset_consumes_1', 'dataset_produces_1', 'consume_1_or_2_with_dataset_expressions' retrieved from /home/airflow/.local/lib/python3.12/site-packages/airflow/example_dags/example_datasets.py
[2026-09-06T08:56:39.318+0000] {logging_mixin.py:190} INFO - [2026-09-06T08:56:39.318+0000] {dag.py:3239} INFO - Sync 10 DAGs
[2026-09-06T08:56:39.339+0000] {logging_mixin.py:190} INFO - [2026-09-06T08:56:39.339+0000] {dag.py:4180} INFO - Setting next_dagrun for conditional_dataset_and_time_based_timetable to 2026-09-02 01:00:00+00:00, run_after=2026-09-02 01:00:00+00:00
[2026-09-06T08:56:39.343+0000] {logging_mixin.py:190} INFO - [2026-09-06T08:56:39.342+0000] {dag.py:4180} INFO - Setting next_dagrun for consume_1_and_2_with_dataset_expressions to None, run_after=None
[2026-09-06T08:56:39.344+0000] {logging_mixin.py:190} INFO - [2026-09-06T08:56:39.344+0000] {dag.py:4180} INFO - Setting next_dagrun for consume_1_or_2_with_dataset_expressions to None, run_after=None
[2026-09-06T08:56:39.345+0000] {logging_mixin.py:190} INFO - [2026-09-06T08:56:39.345+0000] {dag.py:4180} INFO - Setting next_dagrun for consume_1_or_both_2_and_3_with_dataset_expressions to None, run_after=None
[2026-09-06T08:56:39.346+0000] {logging_mixin.py:190} INFO - [2026-09-06T08:56:39.346+0000] {dag.py:4180} INFO - Setting next_dagrun for dataset_consumes_1 to None, run_after=None
[2026-09-06T08:56:39.347+0000] {logging_mixin.py:190} INFO - [2026-09-06T08:56:39.347+0000] {dag.py:4180} INFO - Setting next_dagrun for dataset_consumes_1_and_2 to None, run_after=None
[2026-09-06T08:56:39.349+0000] {logging_mixin.py:190} INFO - [2026-09-06T08:56:39.349+0000] {dag.py:4180} INFO - Setting next_dagrun for dataset_consumes_1_never_scheduled to None, run_after=None
[2026-09-06T08:56:39.350+0000] {logging_mixin.py:190} INFO - [2026-09-06T08:56:39.350+0000] {dag.py:4180} INFO - Setting next_dagrun for dataset_consumes_unknown_never_scheduled to None, run_after=None
[2026-09-06T08:56:39.352+0000] {logging_mixin.py:190} INFO - [2026-09-06T08:56:39.352+0000] {dag.py:4180} INFO - Setting next_dagrun for dataset_produces_1 to 2026-09-05 00:00:00+00:00, run_after=2026-09-06 00:00:00+00:00
[2026-09-06T08:56:39.353+0000] {logging_mixin.py:190} INFO - [2026-09-06T08:56:39.353+0000] {dag.py:4180} INFO - Setting next_dagrun for dataset_produces_2 to None, run_after=None
[2026-09-06T08:56:39.379+0000] {processor.py:208} INFO - Processing /home/airflow/.local/lib/python3.12/site-packages/airflow/example_dags/example_datasets.py took 0.655 seconds
[2026-09-06T08:57:10.385+0000] {processor.py:186} INFO - Started process (PID=497) to work on /home/airflow/.local/lib/python3.12/site-packages/airflow/example_dags/example_datasets.py
[2026-09-06T08:57:10.386+0000] {processor.py:914} INFO - Processing file /home/airflow/.local/lib/python3.12/site-packages/airflow/example_dags/example_datasets.py for tasks to queue
[2026-09-06T08:57:10.388+0000] {logging_mixin.py:190} INFO - [2026-09-06T08:57:10.388+0000] {dagbag.py:588} INFO - Filling up the DagBag from /home/airflow/.local/lib/python3.12/site-packages/airflow/example_dags/example_datasets.py
[2026-09-06T08:57:10.828+0000] {processor.py:925} INFO - DAG(s) 'dataset_produces_1', 'consume_1_or_both_2_and_3_with_dataset_expressions', 'consume_1_or_2_with_dataset_expressions', 'dataset_consumes_unknown_never_scheduled', 'dataset_produces_2', 'dataset_consumes_1', 'dataset_consumes_1_and_2', 'dataset_consumes_1_never_scheduled', 'conditional_dataset_and_time_based_timetable', 'consume_1_and_2_with_dataset_expressions' retrieved from /home/airflow/.local/lib/python3.12/site-packages/airflow/example_dags/example_datasets.py
[2026-09-06T08:57:10.855+0000] {logging_mixin.py:190} INFO - [2026-09-06T08:57:10.855+0000] {dag.py:3239} INFO - Sync 10 DAGs
[2026-09-06T08:57:10.873+0000] {logging_mixin.py:190} INFO - [2026-09-06T08:57:10.873+0000] {dag.py:4180} INFO - Setting next_dagrun for conditional_dataset_and_time_based_timetable to 2026-09-02 01:00:00+00:00, run_after=2026-09-02 01:00:00+00:00
[2026-09-06T08:57:10.876+0000] {logging_mixin.py:190} INFO - [2026-09-06T08:57:10.876+0000] {dag.py:4180} INFO - Setting next_dagrun for consume_1_and_2_with_dataset_expressions to None, run_after=None
[2026-09-06T08:57:10.878+0000] {logging_mixin.py:190} INFO - [2026-09-06T08:57:10.878+0000] {dag.py:4180} INFO - Setting next_dagrun for consume_1_or_2_with_dataset_expressions to None, run_after=None
[2026-09-06T08:57:10.879+0000] {logging_mixin.py:190} INFO - [2026-09-06T08:57:10.879+0000] {dag.py:4180} INFO - Setting next_dagrun for consume_1_or_both_2_and_3_with_dataset_expressions to None, run_after=None
[2026-09-06T08:57:10.880+0000] {logging_mixin.py:190} INFO - [2026-09-06T08:57:10.880+0000] {dag.py:4180} INFO - Setting next_dagrun for dataset_consumes_1 to None, run_after=None
[2026-09-06T08:57:10.881+0000] {logging_mixin.py:190} INFO - [2026-09-06T08:57:10.881+0000] {dag.py:4180} INFO - Setting next_dagrun for dataset_consumes_1_and_2 to None, run_after=None
[2026-09-06T08:57:10.882+0000] {logging_mixin.py:190} INFO - [2026-09-06T08:57:10.882+0000] {dag.py:4180} INFO - Setting next_dagrun for dataset_consumes_1_never_scheduled to None, run_after=None
[2026-09-06T08:57:10.883+0000] {logging_mixin.py:190} INFO - [2026-09-06T08:57:10.883+0000] {dag.py:4180} INFO - Setting next_dagrun for dataset_consumes_unknown_never_scheduled to None, run_after=None
[2026-09-06T08:57:10.885+0000] {logging_mixin.py:190} INFO - [2026-09-06T08:57:10.885+0000] {dag.py:4180} INFO - Setting next_dagrun for dataset_produces_1 to 2026-09-05 00:00:00+00:00, run_after=2026-09-06 00:00:00+00:00
[2026-09-06T08:57:10.886+0000] {logging_mixin.py:190} INFO - [2026-09-06T08:57:10.886+0000] {dag.py:4180} INFO - Setting next_dagrun for dataset_produces_2 to None, run_after=None
[2026-09-06T08:57:10.909+0000] {processor.py:208} INFO - Processing /home/airflow/.local/lib/python3.12/site-packages/airflow/example_dags/example_datasets.py took 0.528 seconds
[2026-09-06T08:57:41.075+0000] {processor.py:186} INFO - Started process (PID=560) to work on /home/airflow/.local/lib/python3.12/site-packages/airflow/example_dags/example_datasets.py
[2026-09-06T08:57:41.076+0000] {processor.py:914} INFO - Processing file /home/airflow/.local/lib/python3.12/site-packages/airflow/example_dags/example_datasets.py for tasks to queue
[2026-09-06T08:57:41.078+0000] {logging_mixin.py:190} INFO - [2026-09-06T08:57:41.077+0000] {dagbag.py:588} INFO - Filling up the DagBag from /home/airflow/.local/lib/python3.12/site-packages/airflow/example_dags/example_datasets.py
[2026-09-06T08:57:41.570+0000] {processor.py:925} INFO - DAG(s) 'dataset_produces_1', 'consume_1_and_2_with_dataset_expressions', 'dataset_consumes_1_and_2', 'dataset_consumes_1_never_scheduled', 'dataset_consumes_1', 'conditional_dataset_and_time_based_timetable', 'dataset_consumes_unknown_never_scheduled', 'consume_1_or_2_with_dataset_expressions', 'consume_1_or_both_2_and_3_with_dataset_expressions', 'dataset_produces_2' retrieved from /home/airflow/.local/lib/python3.12/site-packages/airflow/example_dags/example_datasets.py
[2026-09-06T08:57:41.599+0000] {logging_mixin.py:190} INFO - [2026-09-06T08:57:41.599+0000] {dag.py:3239} INFO - Sync 10 DAGs
[2026-09-06T08:57:41.617+0000] {logging_mixin.py:190} INFO - [2026-09-06T08:57:41.617+0000] {dag.py:4180} INFO - Setting next_dagrun for conditional_dataset_and_time_based_timetable to 2026-09-02 01:00:00+00:00, run_after=2026-09-02 01:00:00+00:00
[2026-09-06T08:57:41.620+0000] {logging_mixin.py:190} INFO - [2026-09-06T08:57:41.620+0000] {dag.py:4180} INFO - Setting next_dagrun for consume_1_and_2_with_dataset_expressions to None, run_after=None
[2026-09-06T08:57:41.621+0000] {logging_mixin.py:190} INFO - [2026-09-06T08:57:41.621+0000] {dag.py:4180} INFO - Setting next_dagrun for consume_1_or_2_with_dataset_expressions to None, run_after=None
[2026-09-06T08:57:41.622+0000] {logging_mixin.py:190} INFO - [2026-09-06T08:57:41.622+0000] {dag.py:4180} INFO - Setting next_dagrun for consume_1_or_both_2_and_3_with_dataset_expressions to None, run_after=None
[2026-09-06T08:57:41.623+0000] {logging_mixin.py:190} INFO - [2026-09-06T08:57:41.623+0000] {dag.py:4180} INFO - Setting next_dagrun for dataset_consumes_1 to None, run_after=None
[2026-09-06T08:57:41.624+0000] {logging_mixin.py:190} INFO - [2026-09-06T08:57:41.624+0000] {dag.py:4180} INFO - Setting next_dagrun for dataset_consumes_1_and_2 to None, run_after=None
[2026-09-06T08:57:41.626+0000] {logging_mixin.py:190} INFO - [2026-09-06T08:57:41.625+0000] {dag.py:4180} INFO - Setting next_dagrun for dataset_consumes_1_never_scheduled to None, run_after=None
[2026-09-06T08:57:41.627+0000] {logging_mixin.py:190} INFO - [2026-09-06T08:57:41.626+0000] {dag.py:4180} INFO - Setting next_dagrun for dataset_consumes_unknown_never_scheduled to None, run_after=None
[2026-09-06T08:57:41.628+0000] {logging_mixin.py:190} INFO - [2026-09-06T08:57:41.628+0000] {dag.py:4180} INFO - Setting next_dagrun for dataset_produces_1 to 2026-09-05 00:00:00+00:00, run_after=2026-09-06 00:00:00+00:00
[2026-09-06T08:57:41.629+0000] {logging_mixin.py:190} INFO - [2026-09-06T08:57:41.629+0000] {dag.py:4180} INFO - Setting next_dagrun for dataset_produces_2 to None, run_after=None
[2026-09-06T08:57:41.653+0000] {processor.py:208} INFO - Processing /home/airflow/.local/lib/python3.12/site-packages/airflow/example_dags/example_datasets.py took 0.582 seconds
[2026-09-06T08:58:12.001+0000] {processor.py:186} INFO - Started process (PID=623) to work on /home/airflow/.local/lib/python3.12/site-packages/airflow/example_dags/example_datasets.py
[2026-09-06T08:58:12.002+0000] {processor.py:914} INFO - Processing file /home/airflow/.local/lib/python3.12/site-packages/airflow/example_dags/example_datasets.py for tasks to queue
[2026-09-06T08:58:12.004+0000] {logging_mixin.py:190} INFO - [2026-09-06T08:58:12.004+0000] {dagbag.py:588} INFO - Filling up the DagBag from /home/airflow/.local/lib/python3.12/site-packages/airflow/example_dags/example_datasets.py
[2026-09-06T08:58:12.493+0000] {processor.py:925} INFO - DAG(s) 'dataset_consumes_unknown_never_scheduled', 'dataset_consumes_1_never_scheduled', 'consume_1_or_both_2_and_3_with_dataset_expressions', 'consume_1_and_2_with_dataset_expressions', 'consume_1_or_2_with_dataset_expressions', 'dataset_consumes_1', 'dataset_produces_1', 'conditional_dataset_and_time_based_timetable', 'dataset_consumes_1_and_2', 'dataset_produces_2' retrieved from /home/airflow/.local/lib/python3.12/site-packages/airflow/example_dags/example_datasets.py
[2026-09-06T08:58:12.522+0000] {logging_mixin.py:190} INFO - [2026-09-06T08:58:12.522+0000] {dag.py:3239} INFO - Sync 10 DAGs
[2026-09-06T08:58:12.542+0000] {logging_mixin.py:190} INFO - [2026-09-06T08:58:12.542+0000] {dag.py:4180} INFO - Setting next_dagrun for conditional_dataset_and_time_based_timetable to 2026-09-02 01:00:00+00:00, run_after=2026-09-02 01:00:00+00:00
[2026-09-06T08:58:12.545+0000] {logging_mixin.py:190} INFO - [2026-09-06T08:58:12.545+0000] {dag.py:4180} INFO - Setting next_dagrun for consume_1_and_2_with_dataset_expressions to None, run_after=None
[2026-09-06T08:58:12.546+0000] {logging_mixin.py:190} INFO - [2026-09-06T08:58:12.546+0000] {dag.py:4180} INFO - Setting next_dagrun for consume_1_or_2_with_dataset_expressions to None, run_after=None
[2026-09-06T08:58:12.547+0000] {logging_mixin.py:190} INFO - [2026-09-06T08:58:12.547+0000] {dag.py:4180} INFO - Setting next_dagrun for consume_1_or_both_2_and_3_with_dataset_expressions to None, run_after=None
[2026-09-06T08:58:12.548+0000] {logging_mixin.py:190} INFO - [2026-09-06T08:58:12.548+0000] {dag.py:4180} INFO - Setting next_dagrun for dataset_consumes_1 to None, run_after=None
[2026-09-06T08:58:12.549+0000] {logging_mixin.py:190} INFO - [2026-09-06T08:58:12.549+0000] {dag.py:4180} INFO - Setting next_dagrun for dataset_consumes_1_and_2 to None, run_after=None
[2026-09-06T08:58:12.550+0000] {logging_mixin.py:190} INFO - [2026-09-06T08:58:12.550+0000] {dag.py:4180} INFO - Setting next_dagrun for dataset_consumes_1_never_scheduled to None, run_after=None
[2026-09-06T08:58:12.552+0000] {logging_mixin.py:190} INFO - [2026-09-06T08:58:12.551+0000] {dag.py:4180} INFO - Setting next_dagrun for dataset_consumes_unknown_never_scheduled to None, run_after=None
[2026-09-06T08:58:12.553+0000] {logging_mixin.py:190} INFO - [2026-09-06T08:58:12.553+0000] {dag.py:4180} INFO - Setting next_dagrun for dataset_produces_1 to 2026-09-05 00:00:00+00:00, run_after=2026-09-06 00:00:00+00:00
[2026-09-06T08:58:12.555+0000] {logging_mixin.py:190} INFO - [2026-09-06T08:58:12.554+0000] {dag.py:4180} INFO - Setting next_dagrun for dataset_produces_2 to None, run_after=None
[2026-09-06T08:58:12.578+0000] {processor.py:208} INFO - Processing /home/airflow/.local/lib/python3.12/site-packages/airflow/example_dags/example_datasets.py took 0.581 seconds
[2026-09-06T08:58:43.123+0000] {processor.py:186} INFO - Started process (PID=686) to work on /home/airflow/.local/lib/python3.12/site-packages/airflow/example_dags/example_datasets.py
[2026-09-06T08:58:43.124+0000] {processor.py:914} INFO - Processing file /home/airflow/.local/lib/python3.12/site-packages/airflow/example_dags/example_datasets.py for tasks to queue
[2026-09-06T08:58:43.126+0000] {logging_mixin.py:190} INFO - [2026-09-06T08:58:43.126+0000] {dagbag.py:588} INFO - Filling up the DagBag from /home/airflow/.local/lib/python3.12/site-packages/airflow/example_dags/example_datasets.py
[2026-09-06T08:58:43.710+0000] {processor.py:925} INFO - DAG(s) 'consume_1_or_2_with_dataset_expressions', 'consume_1_or_both_2_and_3_with_dataset_expressions', 'dataset_produces_2', 'dataset_produces_1', 'dataset_consumes_1_and_2', 'dataset_consumes_1_never_scheduled', 'conditional_dataset_and_time_based_timetable', 'dataset_consumes_1', 'dataset_consumes_unknown_never_scheduled', 'consume_1_and_2_with_dataset_expressions' retrieved from /home/airflow/.local/lib/python3.12/site-packages/airflow/example_dags/example_datasets.py
[2026-09-06T08:58:43.741+0000] {logging_mixin.py:190} INFO - [2026-09-06T08:58:43.741+0000] {dag.py:3239} INFO - Sync 10 DAGs
[2026-09-06T08:58:43.761+0000] {logging_mixin.py:190} INFO - [2026-09-06T08:58:43.761+0000] {dag.py:4180} INFO - Setting next_dagrun for conditional_dataset_and_time_based_timetable to 2026-09-02 01:00:00+00:00, run_after=2026-09-02 01:00:00+00:00
[2026-09-06T08:58:43.765+0000] {logging_mixin.py:190} INFO - [2026-09-06T08:58:43.765+0000] {dag.py:4180} INFO - Setting next_dagrun for consume_1_and_2_with_dataset_expressions to None, run_after=None
[2026-09-06T08:58:43.767+0000] {logging_mixin.py:190} INFO - [2026-09-06T08:58:43.767+0000] {dag.py:4180} INFO - Setting next_dagrun for consume_1_or_2_with_dataset_expressions to None, run_after=None
[2026-09-06T08:58:43.768+0000] {logging_mixin.py:190} INFO - [2026-09-06T08:58:43.768+0000] {dag.py:4180} INFO - Setting next_dagrun for consume_1_or_both_2_and_3_with_dataset_expressions to None, run_after=None
[2026-09-06T08:58:43.769+0000] {logging_mixin.py:190} INFO - [2026-09-06T08:58:43.769+0000] {dag.py:4180} INFO - Setting next_dagrun for dataset_consumes_1 to None, run_after=None
[2026-09-06T08:58:43.770+0000] {logging_mixin.py:190} INFO - [2026-09-06T08:58:43.770+0000] {dag.py:4180} INFO - Setting next_dagrun for dataset_consumes_1_and_2 to None, run_after=None
[2026-09-06T08:58:43.771+0000] {logging_mixin.py:190} INFO - [2026-09-06T08:58:43.771+0000] {dag.py:4180} INFO - Setting next_dagrun for dataset_consumes_1_never_scheduled to None, run_after=None
[2026-09-06T08:58:43.773+0000] {logging_mixin.py:190} INFO - [2026-09-06T08:58:43.772+0000] {dag.py:4180} INFO - Setting next_dagrun for dataset_consumes_unknown_never_scheduled to None, run_after=None
[2026-09-06T08:58:43.775+0000] {logging_mixin.py:190} INFO - [2026-09-06T08:58:43.774+0000] {dag.py:4180} INFO - Setting next_dagrun for dataset_produces_1 to 2026-09-05 00:00:00+00:00, run_after=2026-09-06 00:00:00+00:00
[2026-09-06T08:58:43.776+0000] {logging_mixin.py:190} INFO - [2026-09-06T08:58:43.776+0000] {dag.py:4180} INFO - Setting next_dagrun for dataset_produces_2 to None, run_after=None
[2026-09-06T08:58:43.801+0000] {processor.py:208} INFO - Processing /home/airflow/.local/lib/python3.12/site-packages/airflow/example_dags/example_datasets.py took 0.683 seconds
[2026-09-06T08:59:14.722+0000] {processor.py:186} INFO - Started process (PID=750) to work on /home/airflow/.local/lib/python3.12/site-packages/airflow/example_dags/example_datasets.py
[2026-09-06T08:59:14.723+0000] {processor.py:914} INFO - Processing file /home/airflow/.local/lib/python3.12/site-packages/airflow/example_dags/example_datasets.py for tasks to queue
[2026-09-06T08:59:14.725+0000] {logging_mixin.py:190} INFO - [2026-09-06T08:59:14.725+0000] {dagbag.py:588} INFO - Filling up the DagBag from /home/airflow/.local/lib/python3.12/site-packages/airflow/example_dags/example_datasets.py
[2026-09-06T08:59:15.233+0000] {processor.py:925} INFO - DAG(s) 'consume_1_or_2_with_dataset_expressions', 'dataset_consumes_1', 'consume_1_and_2_with_dataset_expressions', 'conditional_dataset_and_time_based_timetable', 'dataset_consumes_unknown_never_scheduled', 'dataset_produces_2', 'dataset_consumes_1_and_2', 'dataset_consumes_1_never_scheduled', 'dataset_produces_1', 'consume_1_or_both_2_and_3_with_dataset_expressions' retrieved from /home/airflow/.local/lib/python3.12/site-packages/airflow/example_dags/example_datasets.py
[2026-09-06T08:59:15.262+0000] {logging_mixin.py:190} INFO - [2026-09-06T08:59:15.262+0000] {dag.py:3239} INFO - Sync 10 DAGs
[2026-09-06T08:59:15.283+0000] {logging_mixin.py:190} INFO - [2026-09-06T08:59:15.283+0000] {dag.py:4180} INFO - Setting next_dagrun for conditional_dataset_and_time_based_timetable to 2026-09-02 01:00:00+00:00, run_after=2026-09-02 01:00:00+00:00
[2026-09-06T08:59:15.287+0000] {logging_mixin.py:190} INFO - [2026-09-06T08:59:15.287+0000] {dag.py:4180} INFO - Setting next_dagrun for consume_1_and_2_with_dataset_expressions to None, run_after=None
[2026-09-06T08:59:15.288+0000] {logging_mixin.py:190} INFO - [2026-09-06T08:59:15.288+0000] {dag.py:4180} INFO - Setting next_dagrun for consume_1_or_2_with_dataset_expressions to None, run_after=None
[2026-09-06T08:59:15.290+0000] {logging_mixin.py:190} INFO - [2026-09-06T08:59:15.290+0000] {dag.py:4180} INFO - Setting next_dagrun for consume_1_or_both_2_and_3_with_dataset_expressions to None, run_after=None
[2026-09-06T08:59:15.291+0000] {logging_mixin.py:190} INFO - [2026-09-06T08:59:15.291+0000] {dag.py:4180} INFO - Setting next_dagrun for dataset_consumes_1 to None, run_after=None
[2026-09-06T08:59:15.292+0000] {logging_mixin.py:190} INFO - [2026-09-06T08:59:15.292+0000] {dag.py:4180} INFO - Setting next_dagrun for dataset_consumes_1_and_2 to None, run_after=None
[2026-09-06T08:59:15.293+0000] {logging_mixin.py:190} INFO - [2026-09-06T08:59:15.293+0000] {dag.py:4180} INFO - Setting next_dagrun for dataset_consumes_1_never_scheduled to None, run_after=None
[2026-09-06T08:59:15.295+0000] {logging_mixin.py:190} INFO - [2026-09-06T08:59:15.295+0000] {dag.py:4180} INFO - Setting next_dagrun for dataset_consumes_unknown_never_scheduled to None, run_after=None
[2026-09-06T08:59:15.297+0000] {logging_mixin.py:190} INFO - [2026-09-06T08:59:15.297+0000] {dag.py:4180} INFO - Setting next_dagrun for dataset_produces_1 to 2026-09-05 00:00:00+00:00, run_after=2026-09-06 00:00:00+00:00
[2026-09-06T08:59:15.298+0000] {logging_mixin.py:190} INFO - [2026-09-06T08:59:15.298+0000] {dag.py:4180} INFO - Setting next_dagrun for dataset_produces_2 to None, run_after=None
[2026-09-06T08:59:15.327+0000] {processor.py:208} INFO - Processing /home/airflow/.local/lib/python3.12/site-packages/airflow/example_dags/example_datasets.py took 0.610 seconds
[2026-09-06T08:59:46.307+0000] {processor.py:186} INFO - Started process (PID=814) to work on /home/airflow/.local/lib/python3.12/site-packages/airflow/example_dags/example_datasets.py
[2026-09-06T08:59:46.308+0000] {processor.py:914} INFO - Processing file /home/airflow/.local/lib/python3.12/site-packages/airflow/example_dags/example_datasets.py for tasks to queue
[2026-09-06T08:59:46.310+0000] {logging_mixin.py:190} INFO - [2026-09-06T08:59:46.309+0000] {dagbag.py:588} INFO - Filling up the DagBag from /home/airflow/.local/lib/python3.12/site-packages/airflow/example_dags/example_datasets.py
[2026-09-06T08:59:46.799+0000] {processor.py:925} INFO - DAG(s) 'dataset_consumes_1_and_2', 'consume_1_or_both_2_and_3_with_dataset_expressions', 'consume_1_and_2_with_dataset_expressions', 'dataset_consumes_1', 'dataset_consumes_unknown_never_scheduled', 'dataset_produces_1', 'consume_1_or_2_with_dataset_expressions', 'dataset_consumes_1_never_scheduled', 'dataset_produces_2', 'conditional_dataset_and_time_based_timetable' retrieved from /home/airflow/.local/lib/python3.12/site-packages/airflow/example_dags/example_datasets.py
[2026-09-06T08:59:46.833+0000] {logging_mixin.py:190} INFO - [2026-09-06T08:59:46.833+0000] {dag.py:3239} INFO - Sync 10 DAGs
[2026-09-06T08:59:46.854+0000] {logging_mixin.py:190} INFO - [2026-09-06T08:59:46.854+0000] {dag.py:4180} INFO - Setting next_dagrun for conditional_dataset_and_time_based_timetable to 2026-09-02 01:00:00+00:00, run_after=2026-09-02 01:00:00+00:00
[2026-09-06T08:59:46.857+0000] {logging_mixin.py:190} INFO - [2026-09-06T08:59:46.857+0000] {dag.py:4180} INFO - Setting next_dagrun for consume_1_and_2_with_dataset_expressions to None, run_after=None
[2026-09-06T08:59:46.859+0000] {logging_mixin.py:190} INFO - [2026-09-06T08:59:46.858+0000] {dag.py:4180} INFO - Setting next_dagrun for consume_1_or_2_with_dataset_expressions to None, run_after=None
[2026-09-06T08:59:46.860+0000] {logging_mixin.py:190} INFO - [2026-09-06T08:59:46.860+0000] {dag.py:4180} INFO - Setting next_dagrun for consume_1_or_both_2_and_3_with_dataset_expressions to None, run_after=None
[2026-09-06T08:59:46.861+0000] {logging_mixin.py:190} INFO - [2026-09-06T08:59:46.861+0000] {dag.py:4180} INFO - Setting next_dagrun for dataset_consumes_1 to None, run_after=None
[2026-09-06T08:59:46.862+0000] {logging_mixin.py:190} INFO - [2026-09-06T08:59:46.862+0000] {dag.py:4180} INFO - Setting next_dagrun for dataset_consumes_1_and_2 to None, run_after=None
[2026-09-06T08:59:46.863+0000] {logging_mixin.py:190} INFO - [2026-09-06T08:59:46.863+0000] {dag.py:4180} INFO - Setting next_dagrun for dataset_consumes_1_never_scheduled to None, run_after=None
[2026-09-06T08:59:46.865+0000] {logging_mixin.py:190} INFO - [2026-09-06T08:59:46.864+0000] {dag.py:4180} INFO - Setting next_dagrun for dataset_consumes_unknown_never_scheduled to None, run_after=None
[2026-09-06T08:59:46.866+0000] {logging_mixin.py:190} INFO - [2026-09-06T08:59:46.866+0000] {dag.py:4180} INFO - Setting next_dagrun for dataset_produces_1 to 2026-09-05 00:00:00+00:00, run_after=2026-09-06 00:00:00+00:00
[2026-09-06T08:59:46.868+0000] {logging_mixin.py:190} INFO - [2026-09-06T08:59:46.867+0000] {dag.py:4180} INFO - Setting next_dagrun for dataset_produces_2 to None, run_after=None
[2026-09-06T08:59:46.894+0000] {processor.py:208} INFO - Processing /home/airflow/.local/lib/python3.12/site-packages/airflow/example_dags/example_datasets.py took 0.592 seconds
[2026-09-06T09:00:17.612+0000] {processor.py:186} INFO - Started process (PID=878) to work on /home/airflow/.local/lib/python3.12/site-packages/airflow/example_dags/example_datasets.py
[2026-09-06T09:00:17.614+0000] {processor.py:914} INFO - Processing file /home/airflow/.local/lib/python3.12/site-packages/airflow/example_dags/example_datasets.py for tasks to queue
[2026-09-06T09:00:17.616+0000] {logging_mixin.py:190} INFO - [2026-09-06T09:00:17.616+0000] {dagbag.py:588} INFO - Filling up the DagBag from /home/airflow/.local/lib/python3.12/site-packages/airflow/example_dags/example_datasets.py
[2026-09-06T09:00:18.089+0000] {processor.py:925} INFO - DAG(s) 'consume_1_or_2_with_dataset_expressions', 'conditional_dataset_and_time_based_timetable', 'dataset_produces_1', 'consume_1_or_both_2_and_3_with_dataset_expressions', 'dataset_consumes_1', 'dataset_consumes_1_never_scheduled', 'dataset_consumes_unknown_never_scheduled', 'consume_1_and_2_with_dataset_expressions', 'dataset_consumes_1_and_2', 'dataset_produces_2' retrieved from /home/airflow/.local/lib/python3.12/site-packages/airflow/example_dags/example_datasets.py
[2026-09-06T09:00:18.118+0000] {logging_mixin.py:190} INFO - [2026-09-06T09:00:18.118+0000] {dag.py:3239} INFO - Sync 10 DAGs
[2026-09-06T09:00:18.135+0000] {logging_mixin.py:190} INFO - [2026-09-06T09:00:18.135+0000] {dag.py:4180} INFO - Setting next_dagrun for conditional_dataset_and_time_based_timetable to 2026-09-02 01:00:00+00:00, run_after=2026-09-02 01:00:00+00:00
[2026-09-06T09:00:18.138+0000] {logging_mixin.py:190} INFO - [2026-09-06T09:00:18.138+0000] {dag.py:4180} INFO - Setting next_dagrun for consume_1_and_2_with_dataset_expressions to None, run_after=None
[2026-09-06T09:00:18.139+0000] {logging_mixin.py:190} INFO - [2026-09-06T09:00:18.139+0000] {dag.py:4180} INFO - Setting next_dagrun for consume_1_or_2_with_dataset_expressions to None, run_after=None
[2026-09-06T09:00:18.140+0000] {logging_mixin.py:190} INFO - [2026-09-06T09:00:18.140+0000] {dag.py:4180} INFO - Setting next_dagrun for consume_1_or_both_2_and_3_with_dataset_expressions to None, run_after=None
[2026-09-06T09:00:18.141+0000] {logging_mixin.py:190} INFO - [2026-09-06T09:00:18.141+0000] {dag.py:4180} INFO - Setting next_dagrun for dataset_consumes_1 to None, run_after=None
[2026-09-06T09:00:18.142+0000] {logging_mixin.py:190} INFO - [2026-09-06T09:00:18.142+0000] {dag.py:4180} INFO - Setting next_dagrun for dataset_consumes_1_and_2 to None, run_after=None
[2026-09-06T09:00:18.143+0000] {logging_mixin.py:190} INFO - [2026-09-06T09:00:18.143+0000] {dag.py:4180} INFO - Setting next_dagrun for dataset_consumes_1_never_scheduled to None, run_after=None
[2026-09-06T09:00:18.144+0000] {logging_mixin.py:190} INFO - [2026-09-06T09:00:18.144+0000] {dag.py:4180} INFO - Setting next_dagrun for dataset_consumes_unknown_never_scheduled to None, run_after=None
[2026-09-06T09:00:18.146+0000] {logging_mixin.py:190} INFO - [2026-09-06T09:00:18.146+0000] {dag.py:4180} INFO - Setting next_dagrun for dataset_produces_1 to 2026-09-05 00:00:00+00:00, run_after=2026-09-06 00:00:00+00:00
[2026-09-06T09:00:18.147+0000] {logging_mixin.py:190} INFO - [2026-09-06T09:00:18.147+0000] {dag.py:4180} INFO - Setting next_dagrun for dataset_produces_2 to None, run_after=None
[2026-09-06T09:00:18.171+0000] {processor.py:208} INFO - Processing /home/airflow/.local/lib/python3.12/site-packages/airflow/example_dags/example_datasets.py took 0.564 seconds
[2026-09-06T09:00:48.570+0000] {processor.py:186} INFO - Started process (PID=942) to work on /home/airflow/.local/lib/python3.12/site-packages/airflow/example_dags/example_datasets.py
[2026-09-06T09:00:48.571+0000] {processor.py:914} INFO - Processing file /home/airflow/.local/lib/python3.12/site-packages/airflow/example_dags/example_datasets.py for tasks to queue
[2026-09-06T09:00:48.573+0000] {logging_mixin.py:190} INFO - [2026-09-06T09:00:48.573+0000] {dagbag.py:588} INFO - Filling up the DagBag from /home/airflow/.local/lib/python3.12/site-packages/airflow/example_dags/example_datasets.py
[2026-09-06T09:00:49.017+0000] {processor.py:925} INFO - DAG(s) 'consume_1_or_2_with_dataset_expressions', 'consume_1_or_both_2_and_3_with_dataset_expressions', 'dataset_consumes_1', 'dataset_produces_2', 'dataset_consumes_1_never_scheduled', 'dataset_produces_1', 'consume_1_and_2_with_dataset_expressions', 'conditional_dataset_and_time_based_timetable', 'dataset_consumes_1_and_2', 'dataset_consumes_unknown_never_scheduled' retrieved from /home/airflow/.local/lib/python3.12/site-packages/airflow/example_dags/example_datasets.py
[2026-09-06T09:00:49.047+0000] {logging_mixin.py:190} INFO - [2026-09-06T09:00:49.047+0000] {dag.py:3239} INFO - Sync 10 DAGs
[2026-09-06T09:00:49.066+0000] {logging_mixin.py:190} INFO - [2026-09-06T09:00:49.065+0000] {dag.py:4180} INFO - Setting next_dagrun for conditional_dataset_and_time_based_timetable to 2026-09-02 01:00:00+00:00, run_after=2026-09-02 01:00:00+00:00
[2026-09-06T09:00:49.068+0000] {logging_mixin.py:190} INFO - [2026-09-06T09:00:49.068+0000] {dag.py:4180} INFO - Setting next_dagrun for consume_1_and_2_with_dataset_expressions to None, run_after=None
[2026-09-06T09:00:49.069+0000] {logging_mixin.py:190} INFO - [2026-09-06T09:00:49.069+0000] {dag.py:4180} INFO - Setting next_dagrun for consume_1_or_2_with_dataset_expressions to None, run_after=None
[2026-09-06T09:00:49.071+0000] {logging_mixin.py:190} INFO - [2026-09-06T09:00:49.070+0000] {dag.py:4180} INFO - Setting next_dagrun for consume_1_or_both_2_and_3_with_dataset_expressions to None, run_after=None
[2026-09-06T09:00:49.072+0000] {logging_mixin.py:190} INFO - [2026-09-06T09:00:49.072+0000] {dag.py:4180} INFO - Setting next_dagrun for dataset_consumes_1 to None, run_after=None
[2026-09-06T09:00:49.073+0000] {logging_mixin.py:190} INFO - [2026-09-06T09:00:49.073+0000] {dag.py:4180} INFO - Setting next_dagrun for dataset_consumes_1_and_2 to None, run_after=None
[2026-09-06T09:00:49.074+0000] {logging_mixin.py:190} INFO - [2026-09-06T09:00:49.074+0000] {dag.py:4180} INFO - Setting next_dagrun for dataset_consumes_1_never_scheduled to None, run_after=None
[2026-09-06T09:00:49.075+0000] {logging_mixin.py:190} INFO - [2026-09-06T09:00:49.075+0000] {dag.py:4180} INFO - Setting next_dagrun for dataset_consumes_unknown_never_scheduled to None, run_after=None
[2026-09-06T09:00:49.077+0000] {logging_mixin.py:190} INFO - [2026-09-06T09:00:49.077+0000] {dag.py:4180} INFO - Setting next_dagrun for dataset_produces_1 to 2026-09-05 00:00:00+00:00, run_after=2026-09-06 00:00:00+00:00
[2026-09-06T09:00:49.078+0000] {logging_mixin.py:190} INFO - [2026-09-06T09:00:49.078+0000] {dag.py:4180} INFO - Setting next_dagrun for dataset_produces_2 to None, run_after=None
[2026-09-06T09:00:49.100+0000] {processor.py:208} INFO - Processing /home/airflow/.local/lib/python3.12/site-packages/airflow/example_dags/example_datasets.py took 0.535 seconds
[2026-09-06T09:01:19.215+0000] {processor.py:186} INFO - Started process (PID=1006) to work on /home/airflow/.local/lib/python3.12/site-packages/airflow/example_dags/example_datasets.py
[2026-09-06T09:01:19.217+0000] {processor.py:914} INFO - Processing file /home/airflow/.local/lib/python3.12/site-packages/airflow/example_dags/example_datasets.py for tasks to queue
[2026-09-06T09:01:19.219+0000] {logging_mixin.py:190} INFO - [2026-09-06T09:01:19.219+0000] {dagbag.py:588} INFO - Filling up the DagBag from /home/airflow/.local/lib/python3.12/site-packages/airflow/example_dags/example_datasets.py
[2026-09-06T09:01:19.742+0000] {processor.py:925} INFO - DAG(s) 'dataset_consumes_1_never_scheduled', 'dataset_consumes_unknown_never_scheduled', 'conditional_dataset_and_time_based_timetable', 'consume_1_and_2_with_dataset_expressions', 'dataset_consumes_1_and_2', 'dataset_consumes_1', 'dataset_produces_2', 'consume_1_or_both_2_and_3_with_dataset_expressions', 'dataset_produces_1', 'consume_1_or_2_with_dataset_expressions' retrieved from /home/airflow/.local/lib/python3.12/site-packages/airflow/example_dags/example_datasets.py
[2026-09-06T09:01:19.773+0000] {logging_mixin.py:190} INFO - [2026-09-06T09:01:19.772+0000] {dag.py:3239} INFO - Sync 10 DAGs
[2026-09-06T09:01:19.792+0000] {logging_mixin.py:190} INFO - [2026-09-06T09:01:19.791+0000] {dag.py:4180} INFO - Setting next_dagrun for conditional_dataset_and_time_based_timetable to 2026-09-02 01:00:00+00:00, run_after=2026-09-02 01:00:00+00:00
[2026-09-06T09:01:19.795+0000] {logging_mixin.py:190} INFO - [2026-09-06T09:01:19.795+0000] {dag.py:4180} INFO - Setting next_dagrun for consume_1_and_2_with_dataset_expressions to None, run_after=None
[2026-09-06T09:01:19.796+0000] {logging_mixin.py:190} INFO - [2026-09-06T09:01:19.796+0000] {dag.py:4180} INFO - Setting next_dagrun for consume_1_or_2_with_dataset_expressions to None, run_after=None
[2026-09-06T09:01:19.797+0000] {logging_mixin.py:190} INFO - [2026-09-06T09:01:19.797+0000] {dag.py:4180} INFO - Setting next_dagrun for consume_1_or_both_2_and_3_with_dataset_expressions to None, run_after=None
[2026-09-06T09:01:19.799+0000] {logging_mixin.py:190} INFO - [2026-09-06T09:01:19.799+0000] {dag.py:4180} INFO - Setting next_dagrun for dataset_consumes_1 to None, run_after=None
[2026-09-06T09:01:19.800+0000] {logging_mixin.py:190} INFO - [2026-09-06T09:01:19.800+0000] {dag.py:4180} INFO - Setting next_dagrun for dataset_consumes_1_and_2 to None, run_after=None
[2026-09-06T09:01:19.801+0000] {logging_mixin.py:190} INFO - [2026-09-06T09:01:19.801+0000] {dag.py:4180} INFO - Setting next_dagrun for dataset_consumes_1_never_scheduled to None, run_after=None
[2026-09-06T09:01:19.802+0000] {logging_mixin.py:190} INFO - [2026-09-06T09:01:19.802+0000] {dag.py:4180} INFO - Setting next_dagrun for dataset_consumes_unknown_never_scheduled to None, run_after=None
[2026-09-06T09:01:19.804+0000] {logging_mixin.py:190} INFO - [2026-09-06T09:01:19.804+0000] {dag.py:4180} INFO - Setting next_dagrun for dataset_produces_1 to 2026-09-05 00:00:00+00:00, run_after=2026-09-06 00:00:00+00:00
[2026-09-06T09:01:19.805+0000] {logging_mixin.py:190} INFO - [2026-09-06T09:01:19.805+0000] {dag.py:4180} INFO - Setting next_dagrun for dataset_produces_2 to None, run_after=None
[2026-09-06T09:01:19.833+0000] {processor.py:208} INFO - Processing /home/airflow/.local/lib/python3.12/site-packages/airflow/example_dags/example_datasets.py took 0.622 seconds
[2026-09-06T09:01:50.495+0000] {processor.py:186} INFO - Started process (PID=1070) to work on /home/airflow/.local/lib/python3.12/site-packages/airflow/example_dags/example_datasets.py
[2026-09-06T09:01:50.496+0000] {processor.py:914} INFO - Processing file /home/airflow/.local/lib/python3.12/site-packages/airflow/example_dags/example_datasets.py for tasks to queue
[2026-09-06T09:01:50.498+0000] {logging_mixin.py:190} INFO - [2026-09-06T09:01:50.497+0000] {dagbag.py:588} INFO - Filling up the DagBag from /home/airflow/.local/lib/python3.12/site-packages/airflow/example_dags/example_datasets.py
[2026-09-06T09:01:50.964+0000] {processor.py:925} INFO - DAG(s) 'dataset_consumes_1_never_scheduled', 'dataset_produces_1', 'dataset_produces_2', 'consume_1_or_both_2_and_3_with_dataset_expressions', 'conditional_dataset_and_time_based_timetable', 'dataset_consumes_unknown_never_scheduled', 'dataset_consumes_1', 'consume_1_and_2_with_dataset_expressions', 'dataset_consumes_1_and_2', 'consume_1_or_2_with_dataset_expressions' retrieved from /home/airflow/.local/lib/python3.12/site-packages/airflow/example_dags/example_datasets.py
[2026-09-06T09:01:50.993+0000] {logging_mixin.py:190} INFO - [2026-09-06T09:01:50.993+0000] {dag.py:3239} INFO - Sync 10 DAGs
[2026-09-06T09:01:51.011+0000] {logging_mixin.py:190} INFO - [2026-09-06T09:01:51.011+0000] {dag.py:4180} INFO - Setting next_dagrun for conditional_dataset_and_time_based_timetable to 2026-09-02 01:00:00+00:00, run_after=2026-09-02 01:00:00+00:00
[2026-09-06T09:01:51.014+0000] {logging_mixin.py:190} INFO - [2026-09-06T09:01:51.014+0000] {dag.py:4180} INFO - Setting next_dagrun for consume_1_and_2_with_dataset_expressions to None, run_after=None
[2026-09-06T09:01:51.016+0000] {logging_mixin.py:190} INFO - [2026-09-06T09:01:51.016+0000] {dag.py:4180} INFO - Setting next_dagrun for consume_1_or_2_with_dataset_expressions to None, run_after=None
[2026-09-06T09:01:51.017+0000] {logging_mixin.py:190} INFO - [2026-09-06T09:01:51.017+0000] {dag.py:4180} INFO - Setting next_dagrun for consume_1_or_both_2_and_3_with_dataset_expressions to None, run_after=None
[2026-09-06T09:01:51.019+0000] {logging_mixin.py:190} INFO - [2026-09-06T09:01:51.019+0000] {dag.py:4180} INFO - Setting next_dagrun for dataset_consumes_1 to None, run_after=None
[2026-09-06T09:01:51.020+0000] {logging_mixin.py:190} INFO - [2026-09-06T09:01:51.020+0000] {dag.py:4180} INFO - Setting next_dagrun for dataset_consumes_1_and_2 to None, run_after=None
[2026-09-06T09:01:51.021+0000] {logging_mixin.py:190} INFO - [2026-09-06T09:01:51.021+0000] {dag.py:4180} INFO - Setting next_dagrun for dataset_consumes_1_never_scheduled to None, run_after=None
[2026-09-06T09:01:51.022+0000] {logging_mixin.py:190} INFO - [2026-09-06T09:01:51.022+0000] {dag.py:4180} INFO - Setting next_dagrun for dataset_consumes_unknown_never_scheduled to None, run_after=None
[2026-09-06T09:01:51.024+0000] {logging_mixin.py:190} INFO - [2026-09-06T09:01:51.024+0000] {dag.py:4180} INFO - Setting next_dagrun for dataset_produces_1 to 2026-09-05 00:00:00+00:00, run_after=2026-09-06 00:00:00+00:00
[2026-09-06T09:01:51.025+0000] {logging_mixin.py:190} INFO - [2026-09-06T09:01:51.025+0000] {dag.py:4180} INFO - Setting next_dagrun for dataset_produces_2 to None, run_after=None
[2026-09-06T09:01:51.049+0000] {processor.py:208} INFO - Processing /home/airflow/.local/lib/python3.12/site-packages/airflow/example_dags/example_datasets.py took 0.559 seconds
[2026-09-06T09:02:21.466+0000] {processor.py:186} INFO - Started process (PID=1134) to work on /home/airflow/.local/lib/python3.12/site-packages/airflow/example_dags/example_datasets.py
[2026-09-06T09:02:21.467+0000] {processor.py:914} INFO - Processing file /home/airflow/.local/lib/python3.12/site-packages/airflow/example_dags/example_datasets.py for tasks to queue
[2026-09-06T09:02:21.470+0000] {logging_mixin.py:190} INFO - [2026-09-06T09:02:21.469+0000] {dagbag.py:588} INFO - Filling up the DagBag from /home/airflow/.local/lib/python3.12/site-packages/airflow/example_dags/example_datasets.py
[2026-09-06T09:02:21.997+0000] {processor.py:925} INFO - DAG(s) 'consume_1_and_2_with_dataset_expressions', 'dataset_produces_2', 'conditional_dataset_and_time_based_timetable', 'dataset_consumes_1_never_scheduled', 'dataset_consumes_1_and_2', 'dataset_consumes_unknown_never_scheduled', 'consume_1_or_both_2_and_3_with_dataset_expressions', 'dataset_produces_1', 'consume_1_or_2_with_dataset_expressions', 'dataset_consumes_1' retrieved from /home/airflow/.local/lib/python3.12/site-packages/airflow/example_dags/example_datasets.py
[2026-09-06T09:02:22.025+0000] {logging_mixin.py:190} INFO - [2026-09-06T09:02:22.025+0000] {dag.py:3239} INFO - Sync 10 DAGs
[2026-09-06T09:02:22.044+0000] {logging_mixin.py:190} INFO - [2026-09-06T09:02:22.044+0000] {dag.py:4180} INFO - Setting next_dagrun for conditional_dataset_and_time_based_timetable to 2026-09-02 01:00:00+00:00, run_after=2026-09-02 01:00:00+00:00
[2026-09-06T09:02:22.047+0000] {logging_mixin.py:190} INFO - [2026-09-06T09:02:22.047+0000] {dag.py:4180} INFO - Setting next_dagrun for consume_1_and_2_with_dataset_expressions to None, run_after=None
[2026-09-06T09:02:22.048+0000] {logging_mixin.py:190} INFO - [2026-09-06T09:02:22.048+0000] {dag.py:4180} INFO - Setting next_dagrun for consume_1_or_2_with_dataset_expressions to None, run_after=None
[2026-09-06T09:02:22.049+0000] {logging_mixin.py:190} INFO - [2026-09-06T09:02:22.049+0000] {dag.py:4180} INFO - Setting next_dagrun for consume_1_or_both_2_and_3_with_dataset_expressions to None, run_after=None
[2026-09-06T09:02:22.050+0000] {logging_mixin.py:190} INFO - [2026-09-06T09:02:22.050+0000] {dag.py:4180} INFO - Setting next_dagrun for dataset_consumes_1 to None, run_after=None
[2026-09-06T09:02:22.052+0000] {logging_mixin.py:190} INFO - [2026-09-06T09:02:22.051+0000] {dag.py:4180} INFO - Setting next_dagrun for dataset_consumes_1_and_2 to None, run_after=None
[2026-09-06T09:02:22.053+0000] {logging_mixin.py:190} INFO - [2026-09-06T09:02:22.053+0000] {dag.py:4180} INFO - Setting next_dagrun for dataset_consumes_1_never_scheduled to None, run_after=None
[2026-09-06T09:02:22.054+0000] {logging_mixin.py:190} INFO - [2026-09-06T09:02:22.054+0000] {dag.py:4180} INFO - Setting next_dagrun for dataset_consumes_unknown_never_scheduled to None, run_after=None
[2026-09-06T09:02:22.056+0000] {logging_mixin.py:190} INFO - [2026-09-06T09:02:22.055+0000] {dag.py:4180} INFO - Setting next_dagrun for dataset_produces_1 to 2026-09-05 00:00:00+00:00, run_after=2026-09-06 00:00:00+00:00
[2026-09-06T09:02:22.057+0000] {logging_mixin.py:190} INFO - [2026-09-06T09:02:22.057+0000] {dag.py:4180} INFO - Setting next_dagrun for dataset_produces_2 to None, run_after=None
[2026-09-06T09:02:22.080+0000] {processor.py:208} INFO - Processing /home/airflow/.local/lib/python3.12/site-packages/airflow/example_dags/example_datasets.py took 0.618 seconds
[2026-09-06T09:02:52.469+0000] {processor.py:186} INFO - Started process (PID=1198) to work on /home/airflow/.local/lib/python3.12/site-packages/airflow/example_dags/example_datasets.py
[2026-09-06T09:02:52.470+0000] {processor.py:914} INFO - Processing file /home/airflow/.local/lib/python3.12/site-packages/airflow/example_dags/example_datasets.py for tasks to queue
[2026-09-06T09:02:52.472+0000] {logging_mixin.py:190} INFO - [2026-09-06T09:02:52.472+0000] {dagbag.py:588} INFO - Filling up the DagBag from /home/airflow/.local/lib/python3.12/site-packages/airflow/example_dags/example_datasets.py
[2026-09-06T09:02:53.006+0000] {processor.py:925} INFO - DAG(s) 'dataset_consumes_1_and_2', 'dataset_consumes_1', 'consume_1_or_2_with_dataset_expressions', 'dataset_consumes_1_never_scheduled', 'dataset_consumes_unknown_never_scheduled', 'conditional_dataset_and_time_based_timetable', 'consume_1_or_both_2_and_3_with_dataset_expressions', 'dataset_produces_1', 'consume_1_and_2_with_dataset_expressions', 'dataset_produces_2' retrieved from /home/airflow/.local/lib/python3.12/site-packages/airflow/example_dags/example_datasets.py
[2026-09-06T09:02:53.041+0000] {logging_mixin.py:190} INFO - [2026-09-06T09:02:53.041+0000] {dag.py:3239} INFO - Sync 10 DAGs
[2026-09-06T09:02:53.064+0000] {logging_mixin.py:190} INFO - [2026-09-06T09:02:53.064+0000] {dag.py:4180} INFO - Setting next_dagrun for conditional_dataset_and_time_based_timetable to 2026-09-02 01:00:00+00:00, run_after=2026-09-02 01:00:00+00:00
[2026-09-06T09:02:53.068+0000] {logging_mixin.py:190} INFO - [2026-09-06T09:02:53.068+0000] {dag.py:4180} INFO - Setting next_dagrun for consume_1_and_2_with_dataset_expressions to None, run_after=None
[2026-09-06T09:02:53.069+0000] {logging_mixin.py:190} INFO - [2026-09-06T09:02:53.069+0000] {dag.py:4180} INFO - Setting next_dagrun for consume_1_or_2_with_dataset_expressions to None, run_after=None
[2026-09-06T09:02:53.070+0000] {logging_mixin.py:190} INFO - [2026-09-06T09:02:53.070+0000] {dag.py:4180} INFO - Setting next_dagrun for consume_1_or_both_2_and_3_with_dataset_expressions to None, run_after=None
[2026-09-06T09:02:53.071+0000] {logging_mixin.py:190} INFO - [2026-09-06T09:02:53.071+0000] {dag.py:4180} INFO - Setting next_dagrun for dataset_consumes_1 to None, run_after=None
[2026-09-06T09:02:53.073+0000] {logging_mixin.py:190} INFO - [2026-09-06T09:02:53.073+0000] {dag.py:4180} INFO - Setting next_dagrun for dataset_consumes_1_and_2 to None, run_after=None
[2026-09-06T09:02:53.074+0000] {logging_mixin.py:190} INFO - [2026-09-06T09:02:53.074+0000] {dag.py:4180} INFO - Setting next_dagrun for dataset_consumes_1_never_scheduled to None, run_after=None
[2026-09-06T09:02:53.075+0000] {logging_mixin.py:190} INFO - [2026-09-06T09:02:53.075+0000] {dag.py:4180} INFO - Setting next_dagrun for dataset_consumes_unknown_never_scheduled to None, run_after=None
[2026-09-06T09:02:53.077+0000] {logging_mixin.py:190} INFO - [2026-09-06T09:02:53.077+0000] {dag.py:4180} INFO - Setting next_dagrun for dataset_produces_1 to 2026-09-05 00:00:00+00:00, run_after=2026-09-06 00:00:00+00:00
[2026-09-06T09:02:53.078+0000] {logging_mixin.py:190} INFO - [2026-09-06T09:02:53.078+0000] {dag.py:4180} INFO - Setting next_dagrun for dataset_produces_2 to None, run_after=None
[2026-09-06T09:02:53.117+0000] {processor.py:208} INFO - Processing /home/airflow/.local/lib/python3.12/site-packages/airflow/example_dags/example_datasets.py took 0.652 seconds
[2026-09-06T09:03:23.605+0000] {processor.py:186} INFO - Started process (PID=1262) to work on /home/airflow/.local/lib/python3.12/site-packages/airflow/example_dags/example_datasets.py
[2026-09-06T09:03:23.609+0000] {processor.py:914} INFO - Processing file /home/airflow/.local/lib/python3.12/site-packages/airflow/example_dags/example_datasets.py for tasks to queue
[2026-09-06T09:03:23.612+0000] {logging_mixin.py:190} INFO - [2026-09-06T09:03:23.612+0000] {dagbag.py:588} INFO - Filling up the DagBag from /home/airflow/.local/lib/python3.12/site-packages/airflow/example_dags/example_datasets.py
[2026-09-06T09:03:24.207+0000] {processor.py:925} INFO - DAG(s) 'dataset_consumes_unknown_never_scheduled', 'consume_1_and_2_with_dataset_expressions', 'dataset_consumes_1_and_2', 'dataset_produces_1', 'dataset_consumes_1', 'conditional_dataset_and_time_based_timetable', 'dataset_produces_2', 'consume_1_or_both_2_and_3_with_dataset_expressions', 'dataset_consumes_1_never_scheduled', 'consume_1_or_2_with_dataset_expressions' retrieved from /home/airflow/.local/lib/python3.12/site-packages/airflow/example_dags/example_datasets.py
[2026-09-06T09:03:24.240+0000] {logging_mixin.py:190} INFO - [2026-09-06T09:03:24.240+0000] {dag.py:3239} INFO - Sync 10 DAGs
[2026-09-06T09:03:24.263+0000] {logging_mixin.py:190} INFO - [2026-09-06T09:03:24.263+0000] {dag.py:4180} INFO - Setting next_dagrun for conditional_dataset_and_time_based_timetable to 2026-09-02 01:00:00+00:00, run_after=2026-09-02 01:00:00+00:00
[2026-09-06T09:03:24.267+0000] {logging_mixin.py:190} INFO - [2026-09-06T09:03:24.267+0000] {dag.py:4180} INFO - Setting next_dagrun for consume_1_and_2_with_dataset_expressions to None, run_after=None
[2026-09-06T09:03:24.269+0000] {logging_mixin.py:190} INFO - [2026-09-06T09:03:24.269+0000] {dag.py:4180} INFO - Setting next_dagrun for consume_1_or_2_with_dataset_expressions to None, run_after=None
[2026-09-06T09:03:24.270+0000] {logging_mixin.py:190} INFO - [2026-09-06T09:03:24.270+0000] {dag.py:4180} INFO - Setting next_dagrun for consume_1_or_both_2_and_3_with_dataset_expressions to None, run_after=None
[2026-09-06T09:03:24.271+0000] {logging_mixin.py:190} INFO - [2026-09-06T09:03:24.271+0000] {dag.py:4180} INFO - Setting next_dagrun for dataset_consumes_1 to None, run_after=None
[2026-09-06T09:03:24.272+0000] {logging_mixin.py:190} INFO - [2026-09-06T09:03:24.272+0000] {dag.py:4180} INFO - Setting next_dagrun for dataset_consumes_1_and_2 to None, run_after=None
[2026-09-06T09:03:24.273+0000] {logging_mixin.py:190} INFO - [2026-09-06T09:03:24.273+0000] {dag.py:4180} INFO - Setting next_dagrun for dataset_consumes_1_never_scheduled to None, run_after=None
[2026-09-06T09:03:24.275+0000] {logging_mixin.py:190} INFO - [2026-09-06T09:03:24.275+0000] {dag.py:4180} INFO - Setting next_dagrun for dataset_consumes_unknown_never_scheduled to None, run_after=None
[2026-09-06T09:03:24.277+0000] {logging_mixin.py:190} INFO - [2026-09-06T09:03:24.277+0000] {dag.py:4180} INFO - Setting next_dagrun for dataset_produces_1 to 2026-09-05 00:00:00+00:00, run_after=2026-09-06 00:00:00+00:00
[2026-09-06T09:03:24.278+0000] {logging_mixin.py:190} INFO - [2026-09-06T09:03:24.278+0000] {dag.py:4180} INFO - Setting next_dagrun for dataset_produces_2 to None, run_after=None
[2026-09-06T09:03:24.316+0000] {processor.py:208} INFO - Processing /home/airflow/.local/lib/python3.12/site-packages/airflow/example_dags/example_datasets.py took 0.731 seconds
[2026-09-06T09:03:54.855+0000] {processor.py:186} INFO - Started process (PID=1326) to work on /home/airflow/.local/lib/python3.12/site-packages/airflow/example_dags/example_datasets.py
[2026-09-06T09:03:54.856+0000] {processor.py:914} INFO - Processing file /home/airflow/.local/lib/python3.12/site-packages/airflow/example_dags/example_datasets.py for tasks to queue
[2026-09-06T09:03:54.858+0000] {logging_mixin.py:190} INFO - [2026-09-06T09:03:54.858+0000] {dagbag.py:588} INFO - Filling up the DagBag from /home/airflow/.local/lib/python3.12/site-packages/airflow/example_dags/example_datasets.py
[2026-09-06T09:03:55.364+0000] {processor.py:925} INFO - DAG(s) 'consume_1_and_2_with_dataset_expressions', 'dataset_produces_2', 'dataset_produces_1', 'dataset_consumes_1_never_scheduled', 'dataset_consumes_1', 'consume_1_or_both_2_and_3_with_dataset_expressions', 'dataset_consumes_1_and_2', 'conditional_dataset_and_time_based_timetable', 'dataset_consumes_unknown_never_scheduled', 'consume_1_or_2_with_dataset_expressions' retrieved from /home/airflow/.local/lib/python3.12/site-packages/airflow/example_dags/example_datasets.py
[2026-09-06T09:03:55.394+0000] {logging_mixin.py:190} INFO - [2026-09-06T09:03:55.394+0000] {dag.py:3239} INFO - Sync 10 DAGs
[2026-09-06T09:03:55.413+0000] {logging_mixin.py:190} INFO - [2026-09-06T09:03:55.412+0000] {dag.py:4180} INFO - Setting next_dagrun for conditional_dataset_and_time_based_timetable to 2026-09-02 01:00:00+00:00, run_after=2026-09-02 01:00:00+00:00
[2026-09-06T09:03:55.416+0000] {logging_mixin.py:190} INFO - [2026-09-06T09:03:55.416+0000] {dag.py:4180} INFO - Setting next_dagrun for consume_1_and_2_with_dataset_expressions to None, run_after=None
[2026-09-06T09:03:55.418+0000] {logging_mixin.py:190} INFO - [2026-09-06T09:03:55.417+0000] {dag.py:4180} INFO - Setting next_dagrun for consume_1_or_2_with_dataset_expressions to None, run_after=None
[2026-09-06T09:03:55.419+0000] {logging_mixin.py:190} INFO - [2026-09-06T09:03:55.419+0000] {dag.py:4180} INFO - Setting next_dagrun for consume_1_or_both_2_and_3_with_dataset_expressions to None, run_after=None
[2026-09-06T09:03:55.420+0000] {logging_mixin.py:190} INFO - [2026-09-06T09:03:55.420+0000] {dag.py:4180} INFO - Setting next_dagrun for dataset_consumes_1 to None, run_after=None
[2026-09-06T09:03:55.421+0000] {logging_mixin.py:190} INFO - [2026-09-06T09:03:55.421+0000] {dag.py:4180} INFO - Setting next_dagrun for dataset_consumes_1_and_2 to None, run_after=None
[2026-09-06T09:03:55.422+0000] {logging_mixin.py:190} INFO - [2026-09-06T09:03:55.422+0000] {dag.py:4180} INFO - Setting next_dagrun for dataset_consumes_1_never_scheduled to None, run_after=None
[2026-09-06T09:03:55.423+0000] {logging_mixin.py:190} INFO - [2026-09-06T09:03:55.423+0000] {dag.py:4180} INFO - Setting next_dagrun for dataset_consumes_unknown_never_scheduled to None, run_after=None
[2026-09-06T09:03:55.425+0000] {logging_mixin.py:190} INFO - [2026-09-06T09:03:55.425+0000] {dag.py:4180} INFO - Setting next_dagrun for dataset_produces_1 to 2026-09-05 00:00:00+00:00, run_after=2026-09-06 00:00:00+00:00
[2026-09-06T09:03:55.426+0000] {logging_mixin.py:190} INFO - [2026-09-06T09:03:55.426+0000] {dag.py:4180} INFO - Setting next_dagrun for dataset_produces_2 to None, run_after=None
[2026-09-06T09:03:55.462+0000] {processor.py:208} INFO - Processing /home/airflow/.local/lib/python3.12/site-packages/airflow/example_dags/example_datasets.py took 0.612 seconds
[2026-09-06T09:04:25.528+0000] {processor.py:186} INFO - Started process (PID=1390) to work on /home/airflow/.local/lib/python3.12/site-packages/airflow/example_dags/example_datasets.py
[2026-09-06T09:04:25.529+0000] {processor.py:914} INFO - Processing file /home/airflow/.local/lib/python3.12/site-packages/airflow/example_dags/example_datasets.py for tasks to queue
[2026-09-06T09:04:25.531+0000] {logging_mixin.py:190} INFO - [2026-09-06T09:04:25.531+0000] {dagbag.py:588} INFO - Filling up the DagBag from /home/airflow/.local/lib/python3.12/site-packages/airflow/example_dags/example_datasets.py
[2026-09-06T09:04:26.026+0000] {processor.py:925} INFO - DAG(s) 'dataset_produces_1', 'dataset_produces_2', 'dataset_consumes_1_never_scheduled', 'consume_1_and_2_with_dataset_expressions', 'dataset_consumes_unknown_never_scheduled', 'conditional_dataset_and_time_based_timetable', 'dataset_consumes_1_and_2', 'consume_1_or_2_with_dataset_expressions', 'consume_1_or_both_2_and_3_with_dataset_expressions', 'dataset_consumes_1' retrieved from /home/airflow/.local/lib/python3.12/site-packages/airflow/example_dags/example_datasets.py
[2026-09-06T09:04:26.056+0000] {logging_mixin.py:190} INFO - [2026-09-06T09:04:26.056+0000] {dag.py:3239} INFO - Sync 10 DAGs
[2026-09-06T09:04:26.078+0000] {logging_mixin.py:190} INFO - [2026-09-06T09:04:26.077+0000] {dag.py:4180} INFO - Setting next_dagrun for conditional_dataset_and_time_based_timetable to 2026-09-02 01:00:00+00:00, run_after=2026-09-02 01:00:00+00:00
[2026-09-06T09:04:26.081+0000] {logging_mixin.py:190} INFO - [2026-09-06T09:04:26.081+0000] {dag.py:4180} INFO - Setting next_dagrun for consume_1_and_2_with_dataset_expressions to None, run_after=None
[2026-09-06T09:04:26.083+0000] {logging_mixin.py:190} INFO - [2026-09-06T09:04:26.083+0000] {dag.py:4180} INFO - Setting next_dagrun for consume_1_or_2_with_dataset_expressions to None, run_after=None
[2026-09-06T09:04:26.084+0000] {logging_mixin.py:190} INFO - [2026-09-06T09:04:26.084+0000] {dag.py:4180} INFO - Setting next_dagrun for consume_1_or_both_2_and_3_with_dataset_expressions to None, run_after=None
[2026-09-06T09:04:26.085+0000] {logging_mixin.py:190} INFO - [2026-09-06T09:04:26.085+0000] {dag.py:4180} INFO - Setting next_dagrun for dataset_consumes_1 to None, run_after=None
[2026-09-06T09:04:26.086+0000] {logging_mixin.py:190} INFO - [2026-09-06T09:04:26.086+0000] {dag.py:4180} INFO - Setting next_dagrun for dataset_consumes_1_and_2 to None, run_after=None
[2026-09-06T09:04:26.087+0000] {logging_mixin.py:190} INFO - [2026-09-06T09:04:26.087+0000] {dag.py:4180} INFO - Setting next_dagrun for dataset_consumes_1_never_scheduled to None, run_after=None
[2026-09-06T09:04:26.088+0000] {logging_mixin.py:190} INFO - [2026-09-06T09:04:26.088+0000] {dag.py:4180} INFO - Setting next_dagrun for dataset_consumes_unknown_never_scheduled to None, run_after=None
[2026-09-06T09:04:26.090+0000] {logging_mixin.py:190} INFO - [2026-09-06T09:04:26.090+0000] {dag.py:4180} INFO - Setting next_dagrun for dataset_produces_1 to 2026-09-05 00:00:00+00:00, run_after=2026-09-06 00:00:00+00:00
[2026-09-06T09:04:26.092+0000] {logging_mixin.py:190} INFO - [2026-09-06T09:04:26.091+0000] {dag.py:4180} INFO - Setting next_dagrun for dataset_produces_2 to None, run_after=None
[2026-09-06T09:04:26.122+0000] {processor.py:208} INFO - Processing /home/airflow/.local/lib/python3.12/site-packages/airflow/example_dags/example_datasets.py took 0.598 seconds
[2026-09-06T09:04:56.170+0000] {processor.py:186} INFO - Started process (PID=1454) to work on /home/airflow/.local/lib/python3.12/site-packages/airflow/example_dags/example_datasets.py
[2026-09-06T09:04:56.171+0000] {processor.py:914} INFO - Processing file /home/airflow/.local/lib/python3.12/site-packages/airflow/example_dags/example_datasets.py for tasks to queue
[2026-09-06T09:04:56.173+0000] {logging_mixin.py:190} INFO - [2026-09-06T09:04:56.173+0000] {dagbag.py:588} INFO - Filling up the DagBag from /home/airflow/.local/lib/python3.12/site-packages/airflow/example_dags/example_datasets.py
[2026-09-06T09:04:56.665+0000] {processor.py:925} INFO - DAG(s) 'consume_1_or_both_2_and_3_with_dataset_expressions', 'dataset_consumes_unknown_never_scheduled', 'dataset_consumes_1', 'dataset_consumes_1_never_scheduled', 'dataset_produces_2', 'consume_1_and_2_with_dataset_expressions', 'conditional_dataset_and_time_based_timetable', 'consume_1_or_2_with_dataset_expressions', 'dataset_consumes_1_and_2', 'dataset_produces_1' retrieved from /home/airflow/.local/lib/python3.12/site-packages/airflow/example_dags/example_datasets.py
[2026-09-06T09:04:56.694+0000] {logging_mixin.py:190} INFO - [2026-09-06T09:04:56.694+0000] {dag.py:3239} INFO - Sync 10 DAGs
[2026-09-06T09:04:56.713+0000] {logging_mixin.py:190} INFO - [2026-09-06T09:04:56.713+0000] {dag.py:4180} INFO - Setting next_dagrun for conditional_dataset_and_time_based_timetable to 2026-09-02 01:00:00+00:00, run_after=2026-09-02 01:00:00+00:00
[2026-09-06T09:04:56.716+0000] {logging_mixin.py:190} INFO - [2026-09-06T09:04:56.716+0000] {dag.py:4180} INFO - Setting next_dagrun for consume_1_and_2_with_dataset_expressions to None, run_after=None
[2026-09-06T09:04:56.717+0000] {logging_mixin.py:190} INFO - [2026-09-06T09:04:56.717+0000] {dag.py:4180} INFO - Setting next_dagrun for consume_1_or_2_with_dataset_expressions to None, run_after=None
[2026-09-06T09:04:56.719+0000] {logging_mixin.py:190} INFO - [2026-09-06T09:04:56.718+0000] {dag.py:4180} INFO - Setting next_dagrun for consume_1_or_both_2_and_3_with_dataset_expressions to None, run_after=None
[2026-09-06T09:04:56.720+0000] {logging_mixin.py:190} INFO - [2026-09-06T09:04:56.720+0000] {dag.py:4180} INFO - Setting next_dagrun for dataset_consumes_1 to None, run_after=None
[2026-09-06T09:04:56.721+0000] {logging_mixin.py:190} INFO - [2026-09-06T09:04:56.721+0000] {dag.py:4180} INFO - Setting next_dagrun for dataset_consumes_1_and_2 to None, run_after=None
[2026-09-06T09:04:56.722+0000] {logging_mixin.py:190} INFO - [2026-09-06T09:04:56.722+0000] {dag.py:4180} INFO - Setting next_dagrun for dataset_consumes_1_never_scheduled to None, run_after=None
[2026-09-06T09:04:56.723+0000] {logging_mixin.py:190} INFO - [2026-09-06T09:04:56.723+0000] {dag.py:4180} INFO - Setting next_dagrun for dataset_consumes_unknown_never_scheduled to None, run_after=None
[2026-09-06T09:04:56.725+0000] {logging_mixin.py:190} INFO - [2026-09-06T09:04:56.725+0000] {dag.py:4180} INFO - Setting next_dagrun for dataset_produces_1 to 2026-09-05 00:00:00+00:00, run_after=2026-09-06 00:00:00+00:00
[2026-09-06T09:04:56.726+0000] {logging_mixin.py:190} INFO - [2026-09-06T09:04:56.726+0000] {dag.py:4180} INFO - Setting next_dagrun for dataset_produces_2 to None, run_after=None
[2026-09-06T09:04:56.751+0000] {processor.py:208} INFO - Processing /home/airflow/.local/lib/python3.12/site-packages/airflow/example_dags/example_datasets.py took 0.586 seconds
[2026-09-06T09:05:27.411+0000] {processor.py:186} INFO - Started process (PID=1518) to work on /home/airflow/.local/lib/python3.12/site-packages/airflow/example_dags/example_datasets.py
[2026-09-06T09:05:27.413+0000] {processor.py:914} INFO - Processing file /home/airflow/.local/lib/python3.12/site-packages/airflow/example_dags/example_datasets.py for tasks to queue
[2026-09-06T09:05:27.415+0000] {logging_mixin.py:190} INFO - [2026-09-06T09:05:27.415+0000] {dagbag.py:588} INFO - Filling up the DagBag from /home/airflow/.local/lib/python3.12/site-packages/airflow/example_dags/example_datasets.py
[2026-09-06T09:05:27.911+0000] {processor.py:925} INFO - DAG(s) 'conditional_dataset_and_time_based_timetable', 'dataset_produces_2', 'consume_1_and_2_with_dataset_expressions', 'consume_1_or_2_with_dataset_expressions', 'dataset_consumes_1_never_scheduled', 'dataset_consumes_1', 'consume_1_or_both_2_and_3_with_dataset_expressions', 'dataset_produces_1', 'dataset_consumes_1_and_2', 'dataset_consumes_unknown_never_scheduled' retrieved from /home/airflow/.local/lib/python3.12/site-packages/airflow/example_dags/example_datasets.py
[2026-09-06T09:05:27.940+0000] {logging_mixin.py:190} INFO - [2026-09-06T09:05:27.940+0000] {dag.py:3239} INFO - Sync 10 DAGs
[2026-09-06T09:05:27.958+0000] {logging_mixin.py:190} INFO - [2026-09-06T09:05:27.958+0000] {dag.py:4180} INFO - Setting next_dagrun for conditional_dataset_and_time_based_timetable to 2026-09-02 01:00:00+00:00, run_after=2026-09-02 01:00:00+00:00
[2026-09-06T09:05:27.961+0000] {logging_mixin.py:190} INFO - [2026-09-06T09:05:27.961+0000] {dag.py:4180} INFO - Setting next_dagrun for consume_1_and_2_with_dataset_expressions to None, run_after=None
[2026-09-06T09:05:27.963+0000] {logging_mixin.py:190} INFO - [2026-09-06T09:05:27.963+0000] {dag.py:4180} INFO - Setting next_dagrun for consume_1_or_2_with_dataset_expressions to None, run_after=None
[2026-09-06T09:05:27.964+0000] {logging_mixin.py:190} INFO - [2026-09-06T09:05:27.964+0000] {dag.py:4180} INFO - Setting next_dagrun for consume_1_or_both_2_and_3_with_dataset_expressions to None, run_after=None
[2026-09-06T09:05:27.965+0000] {logging_mixin.py:190} INFO - [2026-09-06T09:05:27.965+0000] {dag.py:4180} INFO - Setting next_dagrun for dataset_consumes_1 to None, run_after=None
[2026-09-06T09:05:27.966+0000] {logging_mixin.py:190} INFO - [2026-09-06T09:05:27.966+0000] {dag.py:4180} INFO - Setting next_dagrun for dataset_consumes_1_and_2 to None, run_after=None
[2026-09-06T09:05:27.967+0000] {logging_mixin.py:190} INFO - [2026-09-06T09:05:27.967+0000] {dag.py:4180} INFO - Setting next_dagrun for dataset_consumes_1_never_scheduled to None, run_after=None
[2026-09-06T09:05:27.968+0000] {logging_mixin.py:190} INFO - [2026-09-06T09:05:27.968+0000] {dag.py:4180} INFO - Setting next_dagrun for dataset_consumes_unknown_never_scheduled to None, run_after=None
[2026-09-06T09:05:27.970+0000] {logging_mixin.py:190} INFO - [2026-09-06T09:05:27.970+0000] {dag.py:4180} INFO - Setting next_dagrun for dataset_produces_1 to 2026-09-05 00:00:00+00:00, run_after=2026-09-06 00:00:00+00:00
[2026-09-06T09:05:27.971+0000] {logging_mixin.py:190} INFO - [2026-09-06T09:05:27.971+0000] {dag.py:4180} INFO - Setting next_dagrun for dataset_produces_2 to None, run_after=None
[2026-09-06T09:05:27.995+0000] {processor.py:208} INFO - Processing /home/airflow/.local/lib/python3.12/site-packages/airflow/example_dags/example_datasets.py took 0.589 seconds
[2026-09-06T09:05:58.038+0000] {processor.py:186} INFO - Started process (PID=1582) to work on /home/airflow/.local/lib/python3.12/site-packages/airflow/example_dags/example_datasets.py
[2026-09-06T09:05:58.040+0000] {processor.py:914} INFO - Processing file /home/airflow/.local/lib/python3.12/site-packages/airflow/example_dags/example_datasets.py for tasks to queue
[2026-09-06T09:05:58.041+0000] {logging_mixin.py:190} INFO - [2026-09-06T09:05:58.041+0000] {dagbag.py:588} INFO - Filling up the DagBag from /home/airflow/.local/lib/python3.12/site-packages/airflow/example_dags/example_datasets.py
[2026-09-06T09:05:58.562+0000] {processor.py:925} INFO - DAG(s) 'conditional_dataset_and_time_based_timetable', 'consume_1_or_both_2_and_3_with_dataset_expressions', 'dataset_consumes_1_never_scheduled', 'consume_1_or_2_with_dataset_expressions', 'dataset_consumes_unknown_never_scheduled', 'dataset_produces_1', 'dataset_consumes_1_and_2', 'dataset_consumes_1', 'dataset_produces_2', 'consume_1_and_2_with_dataset_expressions' retrieved from /home/airflow/.local/lib/python3.12/site-packages/airflow/example_dags/example_datasets.py
[2026-09-06T09:05:58.593+0000] {logging_mixin.py:190} INFO - [2026-09-06T09:05:58.593+0000] {dag.py:3239} INFO - Sync 10 DAGs
[2026-09-06T09:05:58.613+0000] {logging_mixin.py:190} INFO - [2026-09-06T09:05:58.613+0000] {dag.py:4180} INFO - Setting next_dagrun for conditional_dataset_and_time_based_timetable to 2026-09-02 01:00:00+00:00, run_after=2026-09-02 01:00:00+00:00
[2026-09-06T09:05:58.616+0000] {logging_mixin.py:190} INFO - [2026-09-06T09:05:58.616+0000] {dag.py:4180} INFO - Setting next_dagrun for consume_1_and_2_with_dataset_expressions to None, run_after=None
[2026-09-06T09:05:58.617+0000] {logging_mixin.py:190} INFO - [2026-09-06T09:05:58.617+0000] {dag.py:4180} INFO - Setting next_dagrun for consume_1_or_2_with_dataset_expressions to None, run_after=None
[2026-09-06T09:05:58.619+0000] {logging_mixin.py:190} INFO - [2026-09-06T09:05:58.618+0000] {dag.py:4180} INFO - Setting next_dagrun for consume_1_or_both_2_and_3_with_dataset_expressions to None, run_after=None
[2026-09-06T09:05:58.620+0000] {logging_mixin.py:190} INFO - [2026-09-06T09:05:58.620+0000] {dag.py:4180} INFO - Setting next_dagrun for dataset_consumes_1 to None, run_after=None
[2026-09-06T09:05:58.621+0000] {logging_mixin.py:190} INFO - [2026-09-06T09:05:58.621+0000] {dag.py:4180} INFO - Setting next_dagrun for dataset_consumes_1_and_2 to None, run_after=None
[2026-09-06T09:05:58.622+0000] {logging_mixin.py:190} INFO - [2026-09-06T09:05:58.622+0000] {dag.py:4180} INFO - Setting next_dagrun for dataset_consumes_1_never_scheduled to None, run_after=None
[2026-09-06T09:05:58.623+0000] {logging_mixin.py:190} INFO - [2026-09-06T09:05:58.623+0000] {dag.py:4180} INFO - Setting next_dagrun for dataset_consumes_unknown_never_scheduled to None, run_after=None
[2026-09-06T09:05:58.625+0000] {logging_mixin.py:190} INFO - [2026-09-06T09:05:58.625+0000] {dag.py:4180} INFO - Setting next_dagrun for dataset_produces_1 to 2026-09-05 00:00:00+00:00, run_after=2026-09-06 00:00:00+00:00
[2026-09-06T09:05:58.626+0000] {logging_mixin.py:190} INFO - [2026-09-06T09:05:58.626+0000] {dag.py:4180} INFO - Setting next_dagrun for dataset_produces_2 to None, run_after=None
[2026-09-06T09:05:58.652+0000] {processor.py:208} INFO - Processing /home/airflow/.local/lib/python3.12/site-packages/airflow/example_dags/example_datasets.py took 0.618 seconds
[2026-09-06T09:06:29.095+0000] {processor.py:186} INFO - Started process (PID=1652) to work on /home/airflow/.local/lib/python3.12/site-packages/airflow/example_dags/example_datasets.py
[2026-09-06T09:06:29.097+0000] {processor.py:914} INFO - Processing file /home/airflow/.local/lib/python3.12/site-packages/airflow/example_dags/example_datasets.py for tasks to queue
[2026-09-06T09:06:29.099+0000] {logging_mixin.py:190} INFO - [2026-09-06T09:06:29.098+0000] {dagbag.py:588} INFO - Filling up the DagBag from /home/airflow/.local/lib/python3.12/site-packages/airflow/example_dags/example_datasets.py
[2026-09-06T09:06:29.586+0000] {processor.py:925} INFO - DAG(s) 'dataset_produces_2', 'dataset_consumes_1', 'dataset_produces_1', 'consume_1_and_2_with_dataset_expressions', 'consume_1_or_2_with_dataset_expressions', 'dataset_consumes_1_and_2', 'dataset_consumes_unknown_never_scheduled', 'conditional_dataset_and_time_based_timetable', 'dataset_consumes_1_never_scheduled', 'consume_1_or_both_2_and_3_with_dataset_expressions' retrieved from /home/airflow/.local/lib/python3.12/site-packages/airflow/example_dags/example_datasets.py
[2026-09-06T09:06:29.615+0000] {logging_mixin.py:190} INFO - [2026-09-06T09:06:29.615+0000] {dag.py:3239} INFO - Sync 10 DAGs
[2026-09-06T09:06:29.634+0000] {logging_mixin.py:190} INFO - [2026-09-06T09:06:29.633+0000] {dag.py:4180} INFO - Setting next_dagrun for conditional_dataset_and_time_based_timetable to 2026-09-02 01:00:00+00:00, run_after=2026-09-02 01:00:00+00:00
[2026-09-06T09:06:29.637+0000] {logging_mixin.py:190} INFO - [2026-09-06T09:06:29.637+0000] {dag.py:4180} INFO - Setting next_dagrun for consume_1_and_2_with_dataset_expressions to None, run_after=None
[2026-09-06T09:06:29.639+0000] {logging_mixin.py:190} INFO - [2026-09-06T09:06:29.638+0000] {dag.py:4180} INFO - Setting next_dagrun for consume_1_or_2_with_dataset_expressions to None, run_after=None
[2026-09-06T09:06:29.640+0000] {logging_mixin.py:190} INFO - [2026-09-06T09:06:29.640+0000] {dag.py:4180} INFO - Setting next_dagrun for consume_1_or_both_2_and_3_with_dataset_expressions to None, run_after=None
[2026-09-06T09:06:29.641+0000] {logging_mixin.py:190} INFO - [2026-09-06T09:06:29.641+0000] {dag.py:4180} INFO - Setting next_dagrun for dataset_consumes_1 to None, run_after=None
[2026-09-06T09:06:29.642+0000] {logging_mixin.py:190} INFO - [2026-09-06T09:06:29.642+0000] {dag.py:4180} INFO - Setting next_dagrun for dataset_consumes_1_and_2 to None, run_after=None
[2026-09-06T09:06:29.643+0000] {logging_mixin.py:190} INFO - [2026-09-06T09:06:29.643+0000] {dag.py:4180} INFO - Setting next_dagrun for dataset_consumes_1_never_scheduled to None, run_after=None
[2026-09-06T09:06:29.644+0000] {logging_mixin.py:190} INFO - [2026-09-06T09:06:29.644+0000] {dag.py:4180} INFO - Setting next_dagrun for dataset_consumes_unknown_never_scheduled to None, run_after=None
[2026-09-06T09:06:29.646+0000] {logging_mixin.py:190} INFO - [2026-09-06T09:06:29.646+0000] {dag.py:4180} INFO - Setting next_dagrun for dataset_produces_1 to 2026-09-05 00:00:00+00:00, run_after=2026-09-06 00:00:00+00:00
[2026-09-06T09:06:29.647+0000] {logging_mixin.py:190} INFO - [2026-09-06T09:06:29.647+0000] {dag.py:4180} INFO - Setting next_dagrun for dataset_produces_2 to None, run_after=None
[2026-09-06T09:06:29.672+0000] {processor.py:208} INFO - Processing /home/airflow/.local/lib/python3.12/site-packages/airflow/example_dags/example_datasets.py took 0.583 seconds
[2026-09-06T09:07:00.114+0000] {processor.py:186} INFO - Started process (PID=1716) to work on /home/airflow/.local/lib/python3.12/site-packages/airflow/example_dags/example_datasets.py
[2026-09-06T09:07:00.115+0000] {processor.py:914} INFO - Processing file /home/airflow/.local/lib/python3.12/site-packages/airflow/example_dags/example_datasets.py for tasks to queue
[2026-09-06T09:07:00.117+0000] {logging_mixin.py:190} INFO - [2026-09-06T09:07:00.117+0000] {dagbag.py:588} INFO - Filling up the DagBag from /home/airflow/.local/lib/python3.12/site-packages/airflow/example_dags/example_datasets.py
[2026-09-06T09:07:00.617+0000] {processor.py:925} INFO - DAG(s) 'consume_1_and_2_with_dataset_expressions', 'dataset_consumes_unknown_never_scheduled', 'conditional_dataset_and_time_based_timetable', 'consume_1_or_both_2_and_3_with_dataset_expressions', 'dataset_consumes_1_never_scheduled', 'dataset_consumes_1_and_2', 'dataset_consumes_1', 'dataset_produces_2', 'dataset_produces_1', 'consume_1_or_2_with_dataset_expressions' retrieved from /home/airflow/.local/lib/python3.12/site-packages/airflow/example_dags/example_datasets.py
[2026-09-06T09:07:00.647+0000] {logging_mixin.py:190} INFO - [2026-09-06T09:07:00.647+0000] {dag.py:3239} INFO - Sync 10 DAGs
[2026-09-06T09:07:00.667+0000] {logging_mixin.py:190} INFO - [2026-09-06T09:07:00.667+0000] {dag.py:4180} INFO - Setting next_dagrun for conditional_dataset_and_time_based_timetable to 2026-09-02 01:00:00+00:00, run_after=2026-09-02 01:00:00+00:00
[2026-09-06T09:07:00.670+0000] {logging_mixin.py:190} INFO - [2026-09-06T09:07:00.670+0000] {dag.py:4180} INFO - Setting next_dagrun for consume_1_and_2_with_dataset_expressions to None, run_after=None
[2026-09-06T09:07:00.672+0000] {logging_mixin.py:190} INFO - [2026-09-06T09:07:00.672+0000] {dag.py:4180} INFO - Setting next_dagrun for consume_1_or_2_with_dataset_expressions to None, run_after=None
[2026-09-06T09:07:00.673+0000] {logging_mixin.py:190} INFO - [2026-09-06T09:07:00.673+0000] {dag.py:4180} INFO - Setting next_dagrun for consume_1_or_both_2_and_3_with_dataset_expressions to None, run_after=None
[2026-09-06T09:07:00.674+0000] {logging_mixin.py:190} INFO - [2026-09-06T09:07:00.674+0000] {dag.py:4180} INFO - Setting next_dagrun for dataset_consumes_1 to None, run_after=None
[2026-09-06T09:07:00.675+0000] {logging_mixin.py:190} INFO - [2026-09-06T09:07:00.675+0000] {dag.py:4180} INFO - Setting next_dagrun for dataset_consumes_1_and_2 to None, run_after=None
[2026-09-06T09:07:00.677+0000] {logging_mixin.py:190} INFO - [2026-09-06T09:07:00.676+0000] {dag.py:4180} INFO - Setting next_dagrun for dataset_consumes_1_never_scheduled to None, run_after=None
[2026-09-06T09:07:00.678+0000] {logging_mixin.py:190} INFO - [2026-09-06T09:07:00.678+0000] {dag.py:4180} INFO - Setting next_dagrun for dataset_consumes_unknown_never_scheduled to None, run_after=None
[2026-09-06T09:07:00.680+0000] {logging_mixin.py:190} INFO - [2026-09-06T09:07:00.680+0000] {dag.py:4180} INFO - Setting next_dagrun for dataset_produces_1 to 2026-09-05 00:00:00+00:00, run_after=2026-09-06 00:00:00+00:00
[2026-09-06T09:07:00.681+0000] {logging_mixin.py:190} INFO - [2026-09-06T09:07:00.681+0000] {dag.py:4180} INFO - Setting next_dagrun for dataset_produces_2 to None, run_after=None
[2026-09-06T09:07:00.711+0000] {processor.py:208} INFO - Processing /home/airflow/.local/lib/python3.12/site-packages/airflow/example_dags/example_datasets.py took 0.602 seconds
[2026-09-06T09:07:30.986+0000] {processor.py:186} INFO - Started process (PID=1780) to work on /home/airflow/.local/lib/python3.12/site-packages/airflow/example_dags/example_datasets.py
[2026-09-06T09:07:30.987+0000] {processor.py:914} INFO - Processing file /home/airflow/.local/lib/python3.12/site-packages/airflow/example_dags/example_datasets.py for tasks to queue
[2026-09-06T09:07:30.989+0000] {logging_mixin.py:190} INFO - [2026-09-06T09:07:30.989+0000] {dagbag.py:588} INFO - Filling up the DagBag from /home/airflow/.local/lib/python3.12/site-packages/airflow/example_dags/example_datasets.py
[2026-09-06T09:07:31.478+0000] {processor.py:925} INFO - DAG(s) 'dataset_consumes_1_and_2', 'consume_1_or_both_2_and_3_with_dataset_expressions', 'consume_1_or_2_with_dataset_expressions', 'conditional_dataset_and_time_based_timetable', 'dataset_consumes_1', 'dataset_produces_2', 'dataset_consumes_unknown_never_scheduled', 'dataset_consumes_1_never_scheduled', 'consume_1_and_2_with_dataset_expressions', 'dataset_produces_1' retrieved from /home/airflow/.local/lib/python3.12/site-packages/airflow/example_dags/example_datasets.py
[2026-09-06T09:07:31.507+0000] {logging_mixin.py:190} INFO - [2026-09-06T09:07:31.507+0000] {dag.py:3239} INFO - Sync 10 DAGs
[2026-09-06T09:07:31.525+0000] {logging_mixin.py:190} INFO - [2026-09-06T09:07:31.525+0000] {dag.py:4180} INFO - Setting next_dagrun for conditional_dataset_and_time_based_timetable to 2026-09-02 01:00:00+00:00, run_after=2026-09-02 01:00:00+00:00
[2026-09-06T09:07:31.528+0000] {logging_mixin.py:190} INFO - [2026-09-06T09:07:31.528+0000] {dag.py:4180} INFO - Setting next_dagrun for consume_1_and_2_with_dataset_expressions to None, run_after=None
[2026-09-06T09:07:31.529+0000] {logging_mixin.py:190} INFO - [2026-09-06T09:07:31.529+0000] {dag.py:4180} INFO - Setting next_dagrun for consume_1_or_2_with_dataset_expressions to None, run_after=None
[2026-09-06T09:07:31.530+0000] {logging_mixin.py:190} INFO - [2026-09-06T09:07:31.530+0000] {dag.py:4180} INFO - Setting next_dagrun for consume_1_or_both_2_and_3_with_dataset_expressions to None, run_after=None
[2026-09-06T09:07:31.531+0000] {logging_mixin.py:190} INFO - [2026-09-06T09:07:31.531+0000] {dag.py:4180} INFO - Setting next_dagrun for dataset_consumes_1 to None, run_after=None
[2026-09-06T09:07:31.532+0000] {logging_mixin.py:190} INFO - [2026-09-06T09:07:31.532+0000] {dag.py:4180} INFO - Setting next_dagrun for dataset_consumes_1_and_2 to None, run_after=None
[2026-09-06T09:07:31.533+0000] {logging_mixin.py:190} INFO - [2026-09-06T09:07:31.533+0000] {dag.py:4180} INFO - Setting next_dagrun for dataset_consumes_1_never_scheduled to None, run_after=None
[2026-09-06T09:07:31.534+0000] {logging_mixin.py:190} INFO - [2026-09-06T09:07:31.534+0000] {dag.py:4180} INFO - Setting next_dagrun for dataset_consumes_unknown_never_scheduled to None, run_after=None
[2026-09-06T09:07:31.536+0000] {logging_mixin.py:190} INFO - [2026-09-06T09:07:31.536+0000] {dag.py:4180} INFO - Setting next_dagrun for dataset_produces_1 to 2026-09-05 00:00:00+00:00, run_after=2026-09-06 00:00:00+00:00
[2026-09-06T09:07:31.537+0000] {logging_mixin.py:190} INFO - [2026-09-06T09:07:31.537+0000] {dag.py:4180} INFO - Setting next_dagrun for dataset_produces_2 to None, run_after=None
[2026-09-06T09:07:31.567+0000] {processor.py:208} INFO - Processing /home/airflow/.local/lib/python3.12/site-packages/airflow/example_dags/example_datasets.py took 0.586 seconds
[2026-09-06T09:08:01.750+0000] {processor.py:186} INFO - Started process (PID=1844) to work on /home/airflow/.local/lib/python3.12/site-packages/airflow/example_dags/example_datasets.py
[2026-09-06T09:08:01.752+0000] {processor.py:914} INFO - Processing file /home/airflow/.local/lib/python3.12/site-packages/airflow/example_dags/example_datasets.py for tasks to queue
[2026-09-06T09:08:01.754+0000] {logging_mixin.py:190} INFO - [2026-09-06T09:08:01.754+0000] {dagbag.py:588} INFO - Filling up the DagBag from /home/airflow/.local/lib/python3.12/site-packages/airflow/example_dags/example_datasets.py
[2026-09-06T09:08:02.252+0000] {processor.py:925} INFO - DAG(s) 'dataset_consumes_unknown_never_scheduled', 'dataset_produces_1', 'dataset_consumes_1_never_scheduled', 'dataset_consumes_1', 'consume_1_or_both_2_and_3_with_dataset_expressions', 'consume_1_and_2_with_dataset_expressions', 'conditional_dataset_and_time_based_timetable', 'dataset_produces_2', 'dataset_consumes_1_and_2', 'consume_1_or_2_with_dataset_expressions' retrieved from /home/airflow/.local/lib/python3.12/site-packages/airflow/example_dags/example_datasets.py
[2026-09-06T09:08:02.280+0000] {logging_mixin.py:190} INFO - [2026-09-06T09:08:02.280+0000] {dag.py:3239} INFO - Sync 10 DAGs
[2026-09-06T09:08:02.299+0000] {logging_mixin.py:190} INFO - [2026-09-06T09:08:02.298+0000] {dag.py:4180} INFO - Setting next_dagrun for conditional_dataset_and_time_based_timetable to 2026-09-02 01:00:00+00:00, run_after=2026-09-02 01:00:00+00:00
[2026-09-06T09:08:02.302+0000] {logging_mixin.py:190} INFO - [2026-09-06T09:08:02.302+0000] {dag.py:4180} INFO - Setting next_dagrun for consume_1_and_2_with_dataset_expressions to None, run_after=None
[2026-09-06T09:08:02.303+0000] {logging_mixin.py:190} INFO - [2026-09-06T09:08:02.303+0000] {dag.py:4180} INFO - Setting next_dagrun for consume_1_or_2_with_dataset_expressions to None, run_after=None
[2026-09-06T09:08:02.304+0000] {logging_mixin.py:190} INFO - [2026-09-06T09:08:02.304+0000] {dag.py:4180} INFO - Setting next_dagrun for consume_1_or_both_2_and_3_with_dataset_expressions to None, run_after=None
[2026-09-06T09:08:02.305+0000] {logging_mixin.py:190} INFO - [2026-09-06T09:08:02.305+0000] {dag.py:4180} INFO - Setting next_dagrun for dataset_consumes_1 to None, run_after=None
[2026-09-06T09:08:02.306+0000] {logging_mixin.py:190} INFO - [2026-09-06T09:08:02.306+0000] {dag.py:4180} INFO - Setting next_dagrun for dataset_consumes_1_and_2 to None, run_after=None
[2026-09-06T09:08:02.308+0000] {logging_mixin.py:190} INFO - [2026-09-06T09:08:02.307+0000] {dag.py:4180} INFO - Setting next_dagrun for dataset_consumes_1_never_scheduled to None, run_after=None
[2026-09-06T09:08:02.309+0000] {logging_mixin.py:190} INFO - [2026-09-06T09:08:02.309+0000] {dag.py:4180} INFO - Setting next_dagrun for dataset_consumes_unknown_never_scheduled to None, run_after=None
[2026-09-06T09:08:02.310+0000] {logging_mixin.py:190} INFO - [2026-09-06T09:08:02.310+0000] {dag.py:4180} INFO - Setting next_dagrun for dataset_produces_1 to 2026-09-05 00:00:00+00:00, run_after=2026-09-06 00:00:00+00:00
[2026-09-06T09:08:02.312+0000] {logging_mixin.py:190} INFO - [2026-09-06T09:08:02.312+0000] {dag.py:4180} INFO - Setting next_dagrun for dataset_produces_2 to None, run_after=None
[2026-09-06T09:08:02.336+0000] {processor.py:208} INFO - Processing /home/airflow/.local/lib/python3.12/site-packages/airflow/example_dags/example_datasets.py took 0.590 seconds
[2026-09-06T09:08:32.432+0000] {processor.py:186} INFO - Started process (PID=1908) to work on /home/airflow/.local/lib/python3.12/site-packages/airflow/example_dags/example_datasets.py
[2026-09-06T09:08:32.432+0000] {processor.py:914} INFO - Processing file /home/airflow/.local/lib/python3.12/site-packages/airflow/example_dags/example_datasets.py for tasks to queue
[2026-09-06T09:08:32.435+0000] {logging_mixin.py:190} INFO - [2026-09-06T09:08:32.434+0000] {dagbag.py:588} INFO - Filling up the DagBag from /home/airflow/.local/lib/python3.12/site-packages/airflow/example_dags/example_datasets.py
[2026-09-06T09:08:32.865+0000] {processor.py:925} INFO - DAG(s) 'dataset_produces_2', 'dataset_produces_1', 'consume_1_or_2_with_dataset_expressions', 'consume_1_or_both_2_and_3_with_dataset_expressions', 'dataset_consumes_1_never_scheduled', 'dataset_consumes_1_and_2', 'dataset_consumes_1', 'consume_1_and_2_with_dataset_expressions', 'conditional_dataset_and_time_based_timetable', 'dataset_consumes_unknown_never_scheduled' retrieved from /home/airflow/.local/lib/python3.12/site-packages/airflow/example_dags/example_datasets.py
[2026-09-06T09:08:32.893+0000] {logging_mixin.py:190} INFO - [2026-09-06T09:08:32.892+0000] {dag.py:3239} INFO - Sync 10 DAGs
[2026-09-06T09:08:32.909+0000] {logging_mixin.py:190} INFO - [2026-09-06T09:08:32.909+0000] {dag.py:4180} INFO - Setting next_dagrun for conditional_dataset_and_time_based_timetable to 2026-09-02 01:00:00+00:00, run_after=2026-09-02 01:00:00+00:00
[2026-09-06T09:08:32.912+0000] {logging_mixin.py:190} INFO - [2026-09-06T09:08:32.912+0000] {dag.py:4180} INFO - Setting next_dagrun for consume_1_and_2_with_dataset_expressions to None, run_after=None
[2026-09-06T09:08:32.913+0000] {logging_mixin.py:190} INFO - [2026-09-06T09:08:32.913+0000] {dag.py:4180} INFO - Setting next_dagrun for consume_1_or_2_with_dataset_expressions to None, run_after=None
[2026-09-06T09:08:32.914+0000] {logging_mixin.py:190} INFO - [2026-09-06T09:08:32.914+0000] {dag.py:4180} INFO - Setting next_dagrun for consume_1_or_both_2_and_3_with_dataset_expressions to None, run_after=None
[2026-09-06T09:08:32.915+0000] {logging_mixin.py:190} INFO - [2026-09-06T09:08:32.915+0000] {dag.py:4180} INFO - Setting next_dagrun for dataset_consumes_1 to None, run_after=None
[2026-09-06T09:08:32.917+0000] {logging_mixin.py:190} INFO - [2026-09-06T09:08:32.916+0000] {dag.py:4180} INFO - Setting next_dagrun for dataset_consumes_1_and_2 to None, run_after=None
[2026-09-06T09:08:32.918+0000] {logging_mixin.py:190} INFO - [2026-09-06T09:08:32.918+0000] {dag.py:4180} INFO - Setting next_dagrun for dataset_consumes_1_never_scheduled to None, run_after=None
[2026-09-06T09:08:32.919+0000] {logging_mixin.py:190} INFO - [2026-09-06T09:08:32.919+0000] {dag.py:4180} INFO - Setting next_dagrun for dataset_consumes_unknown_never_scheduled to None, run_after=None
[2026-09-06T09:08:32.921+0000] {logging_mixin.py:190} INFO - [2026-09-06T09:08:32.921+0000] {dag.py:4180} INFO - Setting next_dagrun for dataset_produces_1 to 2026-09-05 00:00:00+00:00, run_after=2026-09-06 00:00:00+00:00
[2026-09-06T09:08:32.922+0000] {logging_mixin.py:190} INFO - [2026-09-06T09:08:32.922+0000] {dag.py:4180} INFO - Setting next_dagrun for dataset_produces_2 to None, run_after=None
[2026-09-06T09:08:32.944+0000] {processor.py:208} INFO - Processing /home/airflow/.local/lib/python3.12/site-packages/airflow/example_dags/example_datasets.py took 0.517 seconds
[2026-09-06T09:09:03.170+0000] {processor.py:186} INFO - Started process (PID=1972) to work on /home/airflow/.local/lib/python3.12/site-packages/airflow/example_dags/example_datasets.py
[2026-09-06T09:09:03.171+0000] {processor.py:914} INFO - Processing file /home/airflow/.local/lib/python3.12/site-packages/airflow/example_dags/example_datasets.py for tasks to queue
[2026-09-06T09:09:03.173+0000] {logging_mixin.py:190} INFO - [2026-09-06T09:09:03.173+0000] {dagbag.py:588} INFO - Filling up the DagBag from /home/airflow/.local/lib/python3.12/site-packages/airflow/example_dags/example_datasets.py
[2026-09-06T09:09:03.663+0000] {processor.py:925} INFO - DAG(s) 'dataset_consumes_1', 'consume_1_or_2_with_dataset_expressions', 'dataset_produces_2', 'dataset_produces_1', 'dataset_consumes_unknown_never_scheduled', 'dataset_consumes_1_never_scheduled', 'conditional_dataset_and_time_based_timetable', 'consume_1_and_2_with_dataset_expressions', 'consume_1_or_both_2_and_3_with_dataset_expressions', 'dataset_consumes_1_and_2' retrieved from /home/airflow/.local/lib/python3.12/site-packages/airflow/example_dags/example_datasets.py
[2026-09-06T09:09:03.695+0000] {logging_mixin.py:190} INFO - [2026-09-06T09:09:03.694+0000] {dag.py:3239} INFO - Sync 10 DAGs
[2026-09-06T09:09:03.715+0000] {logging_mixin.py:190} INFO - [2026-09-06T09:09:03.715+0000] {dag.py:4180} INFO - Setting next_dagrun for conditional_dataset_and_time_based_timetable to 2026-09-02 01:00:00+00:00, run_after=2026-09-02 01:00:00+00:00
[2026-09-06T09:09:03.719+0000] {logging_mixin.py:190} INFO - [2026-09-06T09:09:03.719+0000] {dag.py:4180} INFO - Setting next_dagrun for consume_1_and_2_with_dataset_expressions to None, run_after=None
[2026-09-06T09:09:03.721+0000] {logging_mixin.py:190} INFO - [2026-09-06T09:09:03.721+0000] {dag.py:4180} INFO - Setting next_dagrun for consume_1_or_2_with_dataset_expressions to None, run_after=None
[2026-09-06T09:09:03.722+0000] {logging_mixin.py:190} INFO - [2026-09-06T09:09:03.722+0000] {dag.py:4180} INFO - Setting next_dagrun for consume_1_or_both_2_and_3_with_dataset_expressions to None, run_after=None
[2026-09-06T09:09:03.723+0000] {logging_mixin.py:190} INFO - [2026-09-06T09:09:03.723+0000] {dag.py:4180} INFO - Setting next_dagrun for dataset_consumes_1 to None, run_after=None
[2026-09-06T09:09:03.725+0000] {logging_mixin.py:190} INFO - [2026-09-06T09:09:03.724+0000] {dag.py:4180} INFO - Setting next_dagrun for dataset_consumes_1_and_2 to None, run_after=None
[2026-09-06T09:09:03.726+0000] {logging_mixin.py:190} INFO - [2026-09-06T09:09:03.726+0000] {dag.py:4180} INFO - Setting next_dagrun for dataset_consumes_1_never_scheduled to None, run_after=None
[2026-09-06T09:09:03.727+0000] {logging_mixin.py:190} INFO - [2026-09-06T09:09:03.727+0000] {dag.py:4180} INFO - Setting next_dagrun for dataset_consumes_unknown_never_scheduled to None, run_after=None
[2026-09-06T09:09:03.729+0000] {logging_mixin.py:190} INFO - [2026-09-06T09:09:03.729+0000] {dag.py:4180} INFO - Setting next_dagrun for dataset_produces_1 to 2026-09-05 00:00:00+00:00, run_after=2026-09-06 00:00:00+00:00
[2026-09-06T09:09:03.730+0000] {logging_mixin.py:190} INFO - [2026-09-06T09:09:03.730+0000] {dag.py:4180} INFO - Setting next_dagrun for dataset_produces_2 to None, run_after=None
[2026-09-06T09:09:03.767+0000] {processor.py:208} INFO - Processing /home/airflow/.local/lib/python3.12/site-packages/airflow/example_dags/example_datasets.py took 0.602 seconds
[2026-09-06T09:09:34.262+0000] {processor.py:186} INFO - Started process (PID=2036) to work on /home/airflow/.local/lib/python3.12/site-packages/airflow/example_dags/example_datasets.py
[2026-09-06T09:09:34.263+0000] {processor.py:914} INFO - Processing file /home/airflow/.local/lib/python3.12/site-packages/airflow/example_dags/example_datasets.py for tasks to queue
[2026-09-06T09:09:34.266+0000] {logging_mixin.py:190} INFO - [2026-09-06T09:09:34.265+0000] {dagbag.py:588} INFO - Filling up the DagBag from /home/airflow/.local/lib/python3.12/site-packages/airflow/example_dags/example_datasets.py
[2026-09-06T09:09:34.749+0000] {processor.py:925} INFO - DAG(s) 'conditional_dataset_and_time_based_timetable', 'consume_1_or_both_2_and_3_with_dataset_expressions', 'dataset_consumes_1', 'dataset_produces_1', 'consume_1_or_2_with_dataset_expressions', 'dataset_consumes_unknown_never_scheduled', 'dataset_consumes_1_and_2', 'dataset_produces_2', 'dataset_consumes_1_never_scheduled', 'consume_1_and_2_with_dataset_expressions' retrieved from /home/airflow/.local/lib/python3.12/site-packages/airflow/example_dags/example_datasets.py
[2026-09-06T09:09:34.779+0000] {logging_mixin.py:190} INFO - [2026-09-06T09:09:34.779+0000] {dag.py:3239} INFO - Sync 10 DAGs
[2026-09-06T09:09:34.799+0000] {logging_mixin.py:190} INFO - [2026-09-06T09:09:34.799+0000] {dag.py:4180} INFO - Setting next_dagrun for conditional_dataset_and_time_based_timetable to 2026-09-02 01:00:00+00:00, run_after=2026-09-02 01:00:00+00:00
[2026-09-06T09:09:34.802+0000] {logging_mixin.py:190} INFO - [2026-09-06T09:09:34.802+0000] {dag.py:4180} INFO - Setting next_dagrun for consume_1_and_2_with_dataset_expressions to None, run_after=None
[2026-09-06T09:09:34.804+0000] {logging_mixin.py:190} INFO - [2026-09-06T09:09:34.803+0000] {dag.py:4180} INFO - Setting next_dagrun for consume_1_or_2_with_dataset_expressions to None, run_after=None
[2026-09-06T09:09:34.805+0000] {logging_mixin.py:190} INFO - [2026-09-06T09:09:34.805+0000] {dag.py:4180} INFO - Setting next_dagrun for consume_1_or_both_2_and_3_with_dataset_expressions to None, run_after=None
[2026-09-06T09:09:34.806+0000] {logging_mixin.py:190} INFO - [2026-09-06T09:09:34.806+0000] {dag.py:4180} INFO - Setting next_dagrun for dataset_consumes_1 to None, run_after=None
[2026-09-06T09:09:34.807+0000] {logging_mixin.py:190} INFO - [2026-09-06T09:09:34.807+0000] {dag.py:4180} INFO - Setting next_dagrun for dataset_consumes_1_and_2 to None, run_after=None
[2026-09-06T09:09:34.808+0000] {logging_mixin.py:190} INFO - [2026-09-06T09:09:34.808+0000] {dag.py:4180} INFO - Setting next_dagrun for dataset_consumes_1_never_scheduled to None, run_after=None
[2026-09-06T09:09:34.809+0000] {logging_mixin.py:190} INFO - [2026-09-06T09:09:34.809+0000] {dag.py:4180} INFO - Setting next_dagrun for dataset_consumes_unknown_never_scheduled to None, run_after=None
[2026-09-06T09:09:34.811+0000] {logging_mixin.py:190} INFO - [2026-09-06T09:09:34.811+0000] {dag.py:4180} INFO - Setting next_dagrun for dataset_produces_1 to 2026-09-05 00:00:00+00:00, run_after=2026-09-06 00:00:00+00:00
[2026-09-06T09:09:34.812+0000] {logging_mixin.py:190} INFO - [2026-09-06T09:09:34.812+0000] {dag.py:4180} INFO - Setting next_dagrun for dataset_produces_2 to None, run_after=None
[2026-09-06T09:09:34.839+0000] {processor.py:208} INFO - Processing /home/airflow/.local/lib/python3.12/site-packages/airflow/example_dags/example_datasets.py took 0.581 seconds
[2026-09-06T09:10:05.104+0000] {processor.py:186} INFO - Started process (PID=2100) to work on /home/airflow/.local/lib/python3.12/site-packages/airflow/example_dags/example_datasets.py
[2026-09-06T09:10:05.106+0000] {processor.py:914} INFO - Processing file /home/airflow/.local/lib/python3.12/site-packages/airflow/example_dags/example_datasets.py for tasks to queue
[2026-09-06T09:10:05.109+0000] {logging_mixin.py:190} INFO - [2026-09-06T09:10:05.108+0000] {dagbag.py:588} INFO - Filling up the DagBag from /home/airflow/.local/lib/python3.12/site-packages/airflow/example_dags/example_datasets.py
[2026-09-06T09:10:05.633+0000] {processor.py:925} INFO - DAG(s) 'dataset_consumes_1_never_scheduled', 'consume_1_or_both_2_and_3_with_dataset_expressions', 'consume_1_or_2_with_dataset_expressions', 'conditional_dataset_and_time_based_timetable', 'dataset_produces_1', 'dataset_consumes_1_and_2', 'dataset_produces_2', 'dataset_consumes_unknown_never_scheduled', 'consume_1_and_2_with_dataset_expressions', 'dataset_consumes_1' retrieved from /home/airflow/.local/lib/python3.12/site-packages/airflow/example_dags/example_datasets.py
[2026-09-06T09:10:05.665+0000] {logging_mixin.py:190} INFO - [2026-09-06T09:10:05.664+0000] {dag.py:3239} INFO - Sync 10 DAGs
[2026-09-06T09:10:05.684+0000] {logging_mixin.py:190} INFO - [2026-09-06T09:10:05.684+0000] {dag.py:4180} INFO - Setting next_dagrun for conditional_dataset_and_time_based_timetable to 2026-09-02 01:00:00+00:00, run_after=2026-09-02 01:00:00+00:00
[2026-09-06T09:10:05.687+0000] {logging_mixin.py:190} INFO - [2026-09-06T09:10:05.687+0000] {dag.py:4180} INFO - Setting next_dagrun for consume_1_and_2_with_dataset_expressions to None, run_after=None
[2026-09-06T09:10:05.689+0000] {logging_mixin.py:190} INFO - [2026-09-06T09:10:05.689+0000] {dag.py:4180} INFO - Setting next_dagrun for consume_1_or_2_with_dataset_expressions to None, run_after=None
[2026-09-06T09:10:05.690+0000] {logging_mixin.py:190} INFO - [2026-09-06T09:10:05.690+0000] {dag.py:4180} INFO - Setting next_dagrun for consume_1_or_both_2_and_3_with_dataset_expressions to None, run_after=None
[2026-09-06T09:10:05.691+0000] {logging_mixin.py:190} INFO - [2026-09-06T09:10:05.691+0000] {dag.py:4180} INFO - Setting next_dagrun for dataset_consumes_1 to None, run_after=None
[2026-09-06T09:10:05.692+0000] {logging_mixin.py:190} INFO - [2026-09-06T09:10:05.692+0000] {dag.py:4180} INFO - Setting next_dagrun for dataset_consumes_1_and_2 to None, run_after=None
[2026-09-06T09:10:05.693+0000] {logging_mixin.py:190} INFO - [2026-09-06T09:10:05.693+0000] {dag.py:4180} INFO - Setting next_dagrun for dataset_consumes_1_never_scheduled to None, run_after=None
[2026-09-06T09:10:05.694+0000] {logging_mixin.py:190} INFO - [2026-09-06T09:10:05.694+0000] {dag.py:4180} INFO - Setting next_dagrun for dataset_consumes_unknown_never_scheduled to None, run_after=None
[2026-09-06T09:10:05.697+0000] {logging_mixin.py:190} INFO - [2026-09-06T09:10:05.696+0000] {dag.py:4180} INFO - Setting next_dagrun for dataset_produces_1 to 2026-09-05 00:00:00+00:00, run_after=2026-09-06 00:00:00+00:00
[2026-09-06T09:10:05.698+0000] {logging_mixin.py:190} INFO - [2026-09-06T09:10:05.698+0000] {dag.py:4180} INFO - Setting next_dagrun for dataset_produces_2 to None, run_after=None
[2026-09-06T09:10:05.725+0000] {processor.py:208} INFO - Processing /home/airflow/.local/lib/python3.12/site-packages/airflow/example_dags/example_datasets.py took 0.626 seconds
[2026-09-06T09:10:36.558+0000] {processor.py:186} INFO - Started process (PID=2164) to work on /home/airflow/.local/lib/python3.12/site-packages/airflow/example_dags/example_datasets.py
[2026-09-06T09:10:36.559+0000] {processor.py:914} INFO - Processing file /home/airflow/.local/lib/python3.12/site-packages/airflow/example_dags/example_datasets.py for tasks to queue
[2026-09-06T09:10:36.561+0000] {logging_mixin.py:190} INFO - [2026-09-06T09:10:36.561+0000] {dagbag.py:588} INFO - Filling up the DagBag from /home/airflow/.local/lib/python3.12/site-packages/airflow/example_dags/example_datasets.py
[2026-09-06T09:10:37.113+0000] {processor.py:925} INFO - DAG(s) 'dataset_produces_2', 'conditional_dataset_and_time_based_timetable', 'dataset_consumes_unknown_never_scheduled', 'dataset_produces_1', 'consume_1_or_both_2_and_3_with_dataset_expressions', 'dataset_consumes_1_never_scheduled', 'dataset_consumes_1_and_2', 'consume_1_or_2_with_dataset_expressions', 'dataset_consumes_1', 'consume_1_and_2_with_dataset_expressions' retrieved from /home/airflow/.local/lib/python3.12/site-packages/airflow/example_dags/example_datasets.py
[2026-09-06T09:10:37.146+0000] {logging_mixin.py:190} INFO - [2026-09-06T09:10:37.146+0000] {dag.py:3239} INFO - Sync 10 DAGs
[2026-09-06T09:10:37.172+0000] {logging_mixin.py:190} INFO - [2026-09-06T09:10:37.172+0000] {dag.py:4180} INFO - Setting next_dagrun for conditional_dataset_and_time_based_timetable to 2026-09-02 01:00:00+00:00, run_after=2026-09-02 01:00:00+00:00
[2026-09-06T09:10:37.176+0000] {logging_mixin.py:190} INFO - [2026-09-06T09:10:37.176+0000] {dag.py:4180} INFO - Setting next_dagrun for consume_1_and_2_with_dataset_expressions to None, run_after=None
[2026-09-06T09:10:37.177+0000] {logging_mixin.py:190} INFO - [2026-09-06T09:10:37.177+0000] {dag.py:4180} INFO - Setting next_dagrun for consume_1_or_2_with_dataset_expressions to None, run_after=None
[2026-09-06T09:10:37.178+0000] {logging_mixin.py:190} INFO - [2026-09-06T09:10:37.178+0000] {dag.py:4180} INFO - Setting next_dagrun for consume_1_or_both_2_and_3_with_dataset_expressions to None, run_after=None
[2026-09-06T09:10:37.179+0000] {logging_mixin.py:190} INFO - [2026-09-06T09:10:37.179+0000] {dag.py:4180} INFO - Setting next_dagrun for dataset_consumes_1 to None, run_after=None
[2026-09-06T09:10:37.181+0000] {logging_mixin.py:190} INFO - [2026-09-06T09:10:37.180+0000] {dag.py:4180} INFO - Setting next_dagrun for dataset_consumes_1_and_2 to None, run_after=None
[2026-09-06T09:10:37.182+0000] {logging_mixin.py:190} INFO - [2026-09-06T09:10:37.182+0000] {dag.py:4180} INFO - Setting next_dagrun for dataset_consumes_1_never_scheduled to None, run_after=None
[2026-09-06T09:10:37.183+0000] {logging_mixin.py:190} INFO - [2026-09-06T09:10:37.183+0000] {dag.py:4180} INFO - Setting next_dagrun for dataset_consumes_unknown_never_scheduled to None, run_after=None
[2026-09-06T09:10:37.185+0000] {logging_mixin.py:190} INFO - [2026-09-06T09:10:37.185+0000] {dag.py:4180} INFO - Setting next_dagrun for dataset_produces_1 to 2026-09-05 00:00:00+00:00, run_after=2026-09-06 00:00:00+00:00
[2026-09-06T09:10:37.187+0000] {logging_mixin.py:190} INFO - [2026-09-06T09:10:37.187+0000] {dag.py:4180} INFO - Setting next_dagrun for dataset_produces_2 to None, run_after=None
[2026-09-06T09:10:37.213+0000] {processor.py:208} INFO - Processing /home/airflow/.local/lib/python3.12/site-packages/airflow/example_dags/example_datasets.py took 0.660 seconds
[2026-09-06T09:11:07.324+0000] {processor.py:186} INFO - Started process (PID=2228) to work on /home/airflow/.local/lib/python3.12/site-packages/airflow/example_dags/example_datasets.py
[2026-09-06T09:11:07.325+0000] {processor.py:914} INFO - Processing file /home/airflow/.local/lib/python3.12/site-packages/airflow/example_dags/example_datasets.py for tasks to queue
[2026-09-06T09:11:07.327+0000] {logging_mixin.py:190} INFO - [2026-09-06T09:11:07.327+0000] {dagbag.py:588} INFO - Filling up the DagBag from /home/airflow/.local/lib/python3.12/site-packages/airflow/example_dags/example_datasets.py
[2026-09-06T09:11:07.784+0000] {processor.py:925} INFO - DAG(s) 'consume_1_and_2_with_dataset_expressions', 'dataset_consumes_1_and_2', 'dataset_produces_2', 'dataset_produces_1', 'consume_1_or_both_2_and_3_with_dataset_expressions', 'consume_1_or_2_with_dataset_expressions', 'dataset_consumes_unknown_never_scheduled', 'conditional_dataset_and_time_based_timetable', 'dataset_consumes_1', 'dataset_consumes_1_never_scheduled' retrieved from /home/airflow/.local/lib/python3.12/site-packages/airflow/example_dags/example_datasets.py
[2026-09-06T09:11:07.811+0000] {logging_mixin.py:190} INFO - [2026-09-06T09:11:07.811+0000] {dag.py:3239} INFO - Sync 10 DAGs
[2026-09-06T09:11:07.829+0000] {logging_mixin.py:190} INFO - [2026-09-06T09:11:07.829+0000] {dag.py:4180} INFO - Setting next_dagrun for conditional_dataset_and_time_based_timetable to 2026-09-02 01:00:00+00:00, run_after=2026-09-02 01:00:00+00:00
[2026-09-06T09:11:07.832+0000] {logging_mixin.py:190} INFO - [2026-09-06T09:11:07.832+0000] {dag.py:4180} INFO - Setting next_dagrun for consume_1_and_2_with_dataset_expressions to None, run_after=None
[2026-09-06T09:11:07.833+0000] {logging_mixin.py:190} INFO - [2026-09-06T09:11:07.833+0000] {dag.py:4180} INFO - Setting next_dagrun for consume_1_or_2_with_dataset_expressions to None, run_after=None
[2026-09-06T09:11:07.834+0000] {logging_mixin.py:190} INFO - [2026-09-06T09:11:07.834+0000] {dag.py:4180} INFO - Setting next_dagrun for consume_1_or_both_2_and_3_with_dataset_expressions to None, run_after=None
[2026-09-06T09:11:07.835+0000] {logging_mixin.py:190} INFO - [2026-09-06T09:11:07.835+0000] {dag.py:4180} INFO - Setting next_dagrun for dataset_consumes_1 to None, run_after=None
[2026-09-06T09:11:07.836+0000] {logging_mixin.py:190} INFO - [2026-09-06T09:11:07.836+0000] {dag.py:4180} INFO - Setting next_dagrun for dataset_consumes_1_and_2 to None, run_after=None
[2026-09-06T09:11:07.837+0000] {logging_mixin.py:190} INFO - [2026-09-06T09:11:07.837+0000] {dag.py:4180} INFO - Setting next_dagrun for dataset_consumes_1_never_scheduled to None, run_after=None
[2026-09-06T09:11:07.838+0000] {logging_mixin.py:190} INFO - [2026-09-06T09:11:07.838+0000] {dag.py:4180} INFO - Setting next_dagrun for dataset_consumes_unknown_never_scheduled to None, run_after=None
[2026-09-06T09:11:07.840+0000] {logging_mixin.py:190} INFO - [2026-09-06T09:11:07.840+0000] {dag.py:4180} INFO - Setting next_dagrun for dataset_produces_1 to 2026-09-05 00:00:00+00:00, run_after=2026-09-06 00:00:00+00:00
[2026-09-06T09:11:07.841+0000] {logging_mixin.py:190} INFO - [2026-09-06T09:11:07.841+0000] {dag.py:4180} INFO - Setting next_dagrun for dataset_produces_2 to None, run_after=None
[2026-09-06T09:11:07.866+0000] {processor.py:208} INFO - Processing /home/airflow/.local/lib/python3.12/site-packages/airflow/example_dags/example_datasets.py took 0.547 seconds
[2026-09-06T09:11:38.098+0000] {processor.py:186} INFO - Started process (PID=2293) to work on /home/airflow/.local/lib/python3.12/site-packages/airflow/example_dags/example_datasets.py
[2026-09-06T09:11:38.099+0000] {processor.py:914} INFO - Processing file /home/airflow/.local/lib/python3.12/site-packages/airflow/example_dags/example_datasets.py for tasks to queue
[2026-09-06T09:11:38.102+0000] {logging_mixin.py:190} INFO - [2026-09-06T09:11:38.101+0000] {dagbag.py:588} INFO - Filling up the DagBag from /home/airflow/.local/lib/python3.12/site-packages/airflow/example_dags/example_datasets.py
[2026-09-06T09:11:38.638+0000] {processor.py:925} INFO - DAG(s) 'consume_1_or_both_2_and_3_with_dataset_expressions', 'dataset_consumes_1_never_scheduled', 'dataset_produces_2', 'dataset_consumes_1', 'consume_1_or_2_with_dataset_expressions', 'dataset_consumes_1_and_2', 'consume_1_and_2_with_dataset_expressions', 'dataset_consumes_unknown_never_scheduled', 'conditional_dataset_and_time_based_timetable', 'dataset_produces_1' retrieved from /home/airflow/.local/lib/python3.12/site-packages/airflow/example_dags/example_datasets.py
[2026-09-06T09:11:38.667+0000] {logging_mixin.py:190} INFO - [2026-09-06T09:11:38.667+0000] {dag.py:3239} INFO - Sync 10 DAGs
[2026-09-06T09:11:38.686+0000] {logging_mixin.py:190} INFO - [2026-09-06T09:11:38.686+0000] {dag.py:4180} INFO - Setting next_dagrun for conditional_dataset_and_time_based_timetable to 2026-09-02 01:00:00+00:00, run_after=2026-09-02 01:00:00+00:00
[2026-09-06T09:11:38.690+0000] {logging_mixin.py:190} INFO - [2026-09-06T09:11:38.689+0000] {dag.py:4180} INFO - Setting next_dagrun for consume_1_and_2_with_dataset_expressions to None, run_after=None
[2026-09-06T09:11:38.691+0000] {logging_mixin.py:190} INFO - [2026-09-06T09:11:38.691+0000] {dag.py:4180} INFO - Setting next_dagrun for consume_1_or_2_with_dataset_expressions to None, run_after=None
[2026-09-06T09:11:38.692+0000] {logging_mixin.py:190} INFO - [2026-09-06T09:11:38.692+0000] {dag.py:4180} INFO - Setting next_dagrun for consume_1_or_both_2_and_3_with_dataset_expressions to None, run_after=None
[2026-09-06T09:11:38.693+0000] {logging_mixin.py:190} INFO - [2026-09-06T09:11:38.693+0000] {dag.py:4180} INFO - Setting next_dagrun for dataset_consumes_1 to None, run_after=None
[2026-09-06T09:11:38.694+0000] {logging_mixin.py:190} INFO - [2026-09-06T09:11:38.694+0000] {dag.py:4180} INFO - Setting next_dagrun for dataset_consumes_1_and_2 to None, run_after=None
[2026-09-06T09:11:38.695+0000] {logging_mixin.py:190} INFO - [2026-09-06T09:11:38.695+0000] {dag.py:4180} INFO - Setting next_dagrun for dataset_consumes_1_never_scheduled to None, run_after=None
[2026-09-06T09:11:38.696+0000] {logging_mixin.py:190} INFO - [2026-09-06T09:11:38.696+0000] {dag.py:4180} INFO - Setting next_dagrun for dataset_consumes_unknown_never_scheduled to None, run_after=None
[2026-09-06T09:11:38.698+0000] {logging_mixin.py:190} INFO - [2026-09-06T09:11:38.698+0000] {dag.py:4180} INFO - Setting next_dagrun for dataset_produces_1 to 2026-09-05 00:00:00+00:00, run_after=2026-09-06 00:00:00+00:00
[2026-09-06T09:11:38.700+0000] {logging_mixin.py:190} INFO - [2026-09-06T09:11:38.699+0000] {dag.py:4180} INFO - Setting next_dagrun for dataset_produces_2 to None, run_after=None
[2026-09-06T09:11:38.725+0000] {processor.py:208} INFO - Processing /home/airflow/.local/lib/python3.12/site-packages/airflow/example_dags/example_datasets.py took 0.633 seconds
[2026-09-06T09:12:08.960+0000] {processor.py:186} INFO - Started process (PID=2357) to work on /home/airflow/.local/lib/python3.12/site-packages/airflow/example_dags/example_datasets.py
[2026-09-06T09:12:08.961+0000] {processor.py:914} INFO - Processing file /home/airflow/.local/lib/python3.12/site-packages/airflow/example_dags/example_datasets.py for tasks to queue
[2026-09-06T09:12:08.963+0000] {logging_mixin.py:190} INFO - [2026-09-06T09:12:08.963+0000] {dagbag.py:588} INFO - Filling up the DagBag from /home/airflow/.local/lib/python3.12/site-packages/airflow/example_dags/example_datasets.py
[2026-09-06T09:12:09.453+0000] {processor.py:925} INFO - DAG(s) 'conditional_dataset_and_time_based_timetable', 'consume_1_and_2_with_dataset_expressions', 'consume_1_or_both_2_and_3_with_dataset_expressions', 'dataset_consumes_1', 'dataset_produces_1', 'dataset_consumes_unknown_never_scheduled', 'dataset_consumes_1_and_2', 'consume_1_or_2_with_dataset_expressions', 'dataset_consumes_1_never_scheduled', 'dataset_produces_2' retrieved from /home/airflow/.local/lib/python3.12/site-packages/airflow/example_dags/example_datasets.py
[2026-09-06T09:12:09.484+0000] {logging_mixin.py:190} INFO - [2026-09-06T09:12:09.483+0000] {dag.py:3239} INFO - Sync 10 DAGs
[2026-09-06T09:12:09.503+0000] {logging_mixin.py:190} INFO - [2026-09-06T09:12:09.503+0000] {dag.py:4180} INFO - Setting next_dagrun for conditional_dataset_and_time_based_timetable to 2026-09-02 01:00:00+00:00, run_after=2026-09-02 01:00:00+00:00
[2026-09-06T09:12:09.506+0000] {logging_mixin.py:190} INFO - [2026-09-06T09:12:09.506+0000] {dag.py:4180} INFO - Setting next_dagrun for consume_1_and_2_with_dataset_expressions to None, run_after=None
[2026-09-06T09:12:09.508+0000] {logging_mixin.py:190} INFO - [2026-09-06T09:12:09.507+0000] {dag.py:4180} INFO - Setting next_dagrun for consume_1_or_2_with_dataset_expressions to None, run_after=None
[2026-09-06T09:12:09.509+0000] {logging_mixin.py:190} INFO - [2026-09-06T09:12:09.509+0000] {dag.py:4180} INFO - Setting next_dagrun for consume_1_or_both_2_and_3_with_dataset_expressions to None, run_after=None
[2026-09-06T09:12:09.510+0000] {logging_mixin.py:190} INFO - [2026-09-06T09:12:09.510+0000] {dag.py:4180} INFO - Setting next_dagrun for dataset_consumes_1 to None, run_after=None
[2026-09-06T09:12:09.511+0000] {logging_mixin.py:190} INFO - [2026-09-06T09:12:09.511+0000] {dag.py:4180} INFO - Setting next_dagrun for dataset_consumes_1_and_2 to None, run_after=None
[2026-09-06T09:12:09.512+0000] {logging_mixin.py:190} INFO - [2026-09-06T09:12:09.512+0000] {dag.py:4180} INFO - Setting next_dagrun for dataset_consumes_1_never_scheduled to None, run_after=None
[2026-09-06T09:12:09.513+0000] {logging_mixin.py:190} INFO - [2026-09-06T09:12:09.513+0000] {dag.py:4180} INFO - Setting next_dagrun for dataset_consumes_unknown_never_scheduled to None, run_after=None
[2026-09-06T09:12:09.515+0000] {logging_mixin.py:190} INFO - [2026-09-06T09:12:09.515+0000] {dag.py:4180} INFO - Setting next_dagrun for dataset_produces_1 to 2026-09-05 00:00:00+00:00, run_after=2026-09-06 00:00:00+00:00
[2026-09-06T09:12:09.516+0000] {logging_mixin.py:190} INFO - [2026-09-06T09:12:09.516+0000] {dag.py:4180} INFO - Setting next_dagrun for dataset_produces_2 to None, run_after=None
[2026-09-06T09:12:09.543+0000] {processor.py:208} INFO - Processing /home/airflow/.local/lib/python3.12/site-packages/airflow/example_dags/example_datasets.py took 0.587 seconds
[2026-09-06T09:12:40.085+0000] {processor.py:186} INFO - Started process (PID=2419) to work on /home/airflow/.local/lib/python3.12/site-packages/airflow/example_dags/example_datasets.py
[2026-09-06T09:12:40.086+0000] {processor.py:914} INFO - Processing file /home/airflow/.local/lib/python3.12/site-packages/airflow/example_dags/example_datasets.py for tasks to queue
[2026-09-06T09:12:40.088+0000] {logging_mixin.py:190} INFO - [2026-09-06T09:12:40.088+0000] {dagbag.py:588} INFO - Filling up the DagBag from /home/airflow/.local/lib/python3.12/site-packages/airflow/example_dags/example_datasets.py
[2026-09-06T09:12:40.654+0000] {processor.py:925} INFO - DAG(s) 'dataset_consumes_unknown_never_scheduled', 'consume_1_or_2_with_dataset_expressions', 'dataset_consumes_1_never_scheduled', 'conditional_dataset_and_time_based_timetable', 'dataset_produces_2', 'consume_1_and_2_with_dataset_expressions', 'consume_1_or_both_2_and_3_with_dataset_expressions', 'dataset_consumes_1', 'dataset_consumes_1_and_2', 'dataset_produces_1' retrieved from /home/airflow/.local/lib/python3.12/site-packages/airflow/example_dags/example_datasets.py
[2026-09-06T09:12:40.685+0000] {logging_mixin.py:190} INFO - [2026-09-06T09:12:40.685+0000] {dag.py:3239} INFO - Sync 10 DAGs
[2026-09-06T09:12:40.706+0000] {logging_mixin.py:190} INFO - [2026-09-06T09:12:40.706+0000] {dag.py:4180} INFO - Setting next_dagrun for conditional_dataset_and_time_based_timetable to 2026-09-02 01:00:00+00:00, run_after=2026-09-02 01:00:00+00:00
[2026-09-06T09:12:40.709+0000] {logging_mixin.py:190} INFO - [2026-09-06T09:12:40.709+0000] {dag.py:4180} INFO - Setting next_dagrun for consume_1_and_2_with_dataset_expressions to None, run_after=None
[2026-09-06T09:12:40.710+0000] {logging_mixin.py:190} INFO - [2026-09-06T09:12:40.710+0000] {dag.py:4180} INFO - Setting next_dagrun for consume_1_or_2_with_dataset_expressions to None, run_after=None
[2026-09-06T09:12:40.711+0000] {logging_mixin.py:190} INFO - [2026-09-06T09:12:40.711+0000] {dag.py:4180} INFO - Setting next_dagrun for consume_1_or_both_2_and_3_with_dataset_expressions to None, run_after=None
[2026-09-06T09:12:40.712+0000] {logging_mixin.py:190} INFO - [2026-09-06T09:12:40.712+0000] {dag.py:4180} INFO - Setting next_dagrun for dataset_consumes_1 to None, run_after=None
[2026-09-06T09:12:40.713+0000] {logging_mixin.py:190} INFO - [2026-09-06T09:12:40.713+0000] {dag.py:4180} INFO - Setting next_dagrun for dataset_consumes_1_and_2 to None, run_after=None
[2026-09-06T09:12:40.715+0000] {logging_mixin.py:190} INFO - [2026-09-06T09:12:40.715+0000] {dag.py:4180} INFO - Setting next_dagrun for dataset_consumes_1_never_scheduled to None, run_after=None
[2026-09-06T09:12:40.716+0000] {logging_mixin.py:190} INFO - [2026-09-06T09:12:40.716+0000] {dag.py:4180} INFO - Setting next_dagrun for dataset_consumes_unknown_never_scheduled to None, run_after=None
[2026-09-06T09:12:40.718+0000] {logging_mixin.py:190} INFO - [2026-09-06T09:12:40.718+0000] {dag.py:4180} INFO - Setting next_dagrun for dataset_produces_1 to 2026-09-05 00:00:00+00:00, run_after=2026-09-06 00:00:00+00:00
[2026-09-06T09:12:40.719+0000] {logging_mixin.py:190} INFO - [2026-09-06T09:12:40.719+0000] {dag.py:4180} INFO - Setting next_dagrun for dataset_produces_2 to None, run_after=None
[2026-09-06T09:12:40.746+0000] {processor.py:208} INFO - Processing /home/airflow/.local/lib/python3.12/site-packages/airflow/example_dags/example_datasets.py took 0.667 seconds
[2026-09-06T09:13:11.530+0000] {processor.py:186} INFO - Started process (PID=2483) to work on /home/airflow/.local/lib/python3.12/site-packages/airflow/example_dags/example_datasets.py
[2026-09-06T09:13:11.532+0000] {processor.py:914} INFO - Processing file /home/airflow/.local/lib/python3.12/site-packages/airflow/example_dags/example_datasets.py for tasks to queue
[2026-09-06T09:13:11.534+0000] {logging_mixin.py:190} INFO - [2026-09-06T09:13:11.534+0000] {dagbag.py:588} INFO - Filling up the DagBag from /home/airflow/.local/lib/python3.12/site-packages/airflow/example_dags/example_datasets.py
[2026-09-06T09:13:12.025+0000] {processor.py:925} INFO - DAG(s) 'conditional_dataset_and_time_based_timetable', 'dataset_consumes_unknown_never_scheduled', 'dataset_consumes_1', 'dataset_consumes_1_never_scheduled', 'dataset_produces_2', 'consume_1_or_both_2_and_3_with_dataset_expressions', 'dataset_produces_1', 'dataset_consumes_1_and_2', 'consume_1_and_2_with_dataset_expressions', 'consume_1_or_2_with_dataset_expressions' retrieved from /home/airflow/.local/lib/python3.12/site-packages/airflow/example_dags/example_datasets.py
[2026-09-06T09:13:12.054+0000] {logging_mixin.py:190} INFO - [2026-09-06T09:13:12.054+0000] {dag.py:3239} INFO - Sync 10 DAGs
[2026-09-06T09:13:12.075+0000] {logging_mixin.py:190} INFO - [2026-09-06T09:13:12.074+0000] {dag.py:4180} INFO - Setting next_dagrun for conditional_dataset_and_time_based_timetable to 2026-09-02 01:00:00+00:00, run_after=2026-09-02 01:00:00+00:00
[2026-09-06T09:13:12.078+0000] {logging_mixin.py:190} INFO - [2026-09-06T09:13:12.078+0000] {dag.py:4180} INFO - Setting next_dagrun for consume_1_and_2_with_dataset_expressions to None, run_after=None
[2026-09-06T09:13:12.079+0000] {logging_mixin.py:190} INFO - [2026-09-06T09:13:12.079+0000] {dag.py:4180} INFO - Setting next_dagrun for consume_1_or_2_with_dataset_expressions to None, run_after=None
[2026-09-06T09:13:12.080+0000] {logging_mixin.py:190} INFO - [2026-09-06T09:13:12.080+0000] {dag.py:4180} INFO - Setting next_dagrun for consume_1_or_both_2_and_3_with_dataset_expressions to None, run_after=None
[2026-09-06T09:13:12.082+0000] {logging_mixin.py:190} INFO - [2026-09-06T09:13:12.081+0000] {dag.py:4180} INFO - Setting next_dagrun for dataset_consumes_1 to None, run_after=None
[2026-09-06T09:13:12.083+0000] {logging_mixin.py:190} INFO - [2026-09-06T09:13:12.082+0000] {dag.py:4180} INFO - Setting next_dagrun for dataset_consumes_1_and_2 to None, run_after=None
[2026-09-06T09:13:12.084+0000] {logging_mixin.py:190} INFO - [2026-09-06T09:13:12.084+0000] {dag.py:4180} INFO - Setting next_dagrun for dataset_consumes_1_never_scheduled to None, run_after=None
[2026-09-06T09:13:12.085+0000] {logging_mixin.py:190} INFO - [2026-09-06T09:13:12.085+0000] {dag.py:4180} INFO - Setting next_dagrun for dataset_consumes_unknown_never_scheduled to None, run_after=None
[2026-09-06T09:13:12.087+0000] {logging_mixin.py:190} INFO - [2026-09-06T09:13:12.087+0000] {dag.py:4180} INFO - Setting next_dagrun for dataset_produces_1 to 2026-09-05 00:00:00+00:00, run_after=2026-09-06 00:00:00+00:00
[2026-09-06T09:13:12.088+0000] {logging_mixin.py:190} INFO - [2026-09-06T09:13:12.088+0000] {dag.py:4180} INFO - Setting next_dagrun for dataset_produces_2 to None, run_after=None
[2026-09-06T09:13:12.113+0000] {processor.py:208} INFO - Processing /home/airflow/.local/lib/python3.12/site-packages/airflow/example_dags/example_datasets.py took 0.589 seconds
[2026-09-06T09:13:42.270+0000] {processor.py:186} INFO - Started process (PID=2549) to work on /home/airflow/.local/lib/python3.12/site-packages/airflow/example_dags/example_datasets.py
[2026-09-06T09:13:42.272+0000] {processor.py:914} INFO - Processing file /home/airflow/.local/lib/python3.12/site-packages/airflow/example_dags/example_datasets.py for tasks to queue
[2026-09-06T09:13:42.274+0000] {logging_mixin.py:190} INFO - [2026-09-06T09:13:42.273+0000] {dagbag.py:588} INFO - Filling up the DagBag from /home/airflow/.local/lib/python3.12/site-packages/airflow/example_dags/example_datasets.py
[2026-09-06T09:13:42.711+0000] {processor.py:925} INFO - DAG(s) 'dataset_produces_1', 'dataset_consumes_1', 'consume_1_or_2_with_dataset_expressions', 'dataset_consumes_unknown_never_scheduled', 'consume_1_or_both_2_and_3_with_dataset_expressions', 'conditional_dataset_and_time_based_timetable', 'dataset_produces_2', 'dataset_consumes_1_never_scheduled', 'dataset_consumes_1_and_2', 'consume_1_and_2_with_dataset_expressions' retrieved from /home/airflow/.local/lib/python3.12/site-packages/airflow/example_dags/example_datasets.py
[2026-09-06T09:13:42.740+0000] {logging_mixin.py:190} INFO - [2026-09-06T09:13:42.740+0000] {dag.py:3239} INFO - Sync 10 DAGs
[2026-09-06T09:13:42.758+0000] {logging_mixin.py:190} INFO - [2026-09-06T09:13:42.758+0000] {dag.py:4180} INFO - Setting next_dagrun for conditional_dataset_and_time_based_timetable to 2026-09-02 01:00:00+00:00, run_after=2026-09-02 01:00:00+00:00
[2026-09-06T09:13:42.761+0000] {logging_mixin.py:190} INFO - [2026-09-06T09:13:42.761+0000] {dag.py:4180} INFO - Setting next_dagrun for consume_1_and_2_with_dataset_expressions to None, run_after=None
[2026-09-06T09:13:42.762+0000] {logging_mixin.py:190} INFO - [2026-09-06T09:13:42.762+0000] {dag.py:4180} INFO - Setting next_dagrun for consume_1_or_2_with_dataset_expressions to None, run_after=None
[2026-09-06T09:13:42.763+0000] {logging_mixin.py:190} INFO - [2026-09-06T09:13:42.763+0000] {dag.py:4180} INFO - Setting next_dagrun for consume_1_or_both_2_and_3_with_dataset_expressions to None, run_after=None
[2026-09-06T09:13:42.764+0000] {logging_mixin.py:190} INFO - [2026-09-06T09:13:42.764+0000] {dag.py:4180} INFO - Setting next_dagrun for dataset_consumes_1 to None, run_after=None
[2026-09-06T09:13:42.765+0000] {logging_mixin.py:190} INFO - [2026-09-06T09:13:42.765+0000] {dag.py:4180} INFO - Setting next_dagrun for dataset_consumes_1_and_2 to None, run_after=None
[2026-09-06T09:13:42.766+0000] {logging_mixin.py:190} INFO - [2026-09-06T09:13:42.766+0000] {dag.py:4180} INFO - Setting next_dagrun for dataset_consumes_1_never_scheduled to None, run_after=None
[2026-09-06T09:13:42.768+0000] {logging_mixin.py:190} INFO - [2026-09-06T09:13:42.768+0000] {dag.py:4180} INFO - Setting next_dagrun for dataset_consumes_unknown_never_scheduled to None, run_after=None
[2026-09-06T09:13:42.770+0000] {logging_mixin.py:190} INFO - [2026-09-06T09:13:42.769+0000] {dag.py:4180} INFO - Setting next_dagrun for dataset_produces_1 to 2026-09-05 00:00:00+00:00, run_after=2026-09-06 00:00:00+00:00
[2026-09-06T09:13:42.771+0000] {logging_mixin.py:190} INFO - [2026-09-06T09:13:42.771+0000] {dag.py:4180} INFO - Setting next_dagrun for dataset_produces_2 to None, run_after=None
[2026-09-06T09:13:42.794+0000] {processor.py:208} INFO - Processing /home/airflow/.local/lib/python3.12/site-packages/airflow/example_dags/example_datasets.py took 0.528 seconds
[2026-09-06T09:14:13.385+0000] {processor.py:186} INFO - Started process (PID=2613) to work on /home/airflow/.local/lib/python3.12/site-packages/airflow/example_dags/example_datasets.py
[2026-09-06T09:14:13.386+0000] {processor.py:914} INFO - Processing file /home/airflow/.local/lib/python3.12/site-packages/airflow/example_dags/example_datasets.py for tasks to queue
[2026-09-06T09:14:13.388+0000] {logging_mixin.py:190} INFO - [2026-09-06T09:14:13.388+0000] {dagbag.py:588} INFO - Filling up the DagBag from /home/airflow/.local/lib/python3.12/site-packages/airflow/example_dags/example_datasets.py
[2026-09-06T09:14:13.871+0000] {processor.py:925} INFO - DAG(s) 'dataset_consumes_1_and_2', 'consume_1_and_2_with_dataset_expressions', 'dataset_consumes_1_never_scheduled', 'dataset_consumes_1', 'consume_1_or_both_2_and_3_with_dataset_expressions', 'dataset_consumes_unknown_never_scheduled', 'dataset_produces_2', 'dataset_produces_1', 'conditional_dataset_and_time_based_timetable', 'consume_1_or_2_with_dataset_expressions' retrieved from /home/airflow/.local/lib/python3.12/site-packages/airflow/example_dags/example_datasets.py
[2026-09-06T09:14:13.901+0000] {logging_mixin.py:190} INFO - [2026-09-06T09:14:13.901+0000] {dag.py:3239} INFO - Sync 10 DAGs
[2026-09-06T09:14:13.923+0000] {logging_mixin.py:190} INFO - [2026-09-06T09:14:13.923+0000] {dag.py:4180} INFO - Setting next_dagrun for conditional_dataset_and_time_based_timetable to 2026-09-02 01:00:00+00:00, run_after=2026-09-02 01:00:00+00:00
[2026-09-06T09:14:13.927+0000] {logging_mixin.py:190} INFO - [2026-09-06T09:14:13.927+0000] {dag.py:4180} INFO - Setting next_dagrun for consume_1_and_2_with_dataset_expressions to None, run_after=None
[2026-09-06T09:14:13.928+0000] {logging_mixin.py:190} INFO - [2026-09-06T09:14:13.928+0000] {dag.py:4180} INFO - Setting next_dagrun for consume_1_or_2_with_dataset_expressions to None, run_after=None
[2026-09-06T09:14:13.930+0000] {logging_mixin.py:190} INFO - [2026-09-06T09:14:13.930+0000] {dag.py:4180} INFO - Setting next_dagrun for consume_1_or_both_2_and_3_with_dataset_expressions to None, run_after=None
[2026-09-06T09:14:13.931+0000] {logging_mixin.py:190} INFO - [2026-09-06T09:14:13.931+0000] {dag.py:4180} INFO - Setting next_dagrun for dataset_consumes_1 to None, run_after=None
[2026-09-06T09:14:13.933+0000] {logging_mixin.py:190} INFO - [2026-09-06T09:14:13.932+0000] {dag.py:4180} INFO - Setting next_dagrun for dataset_consumes_1_and_2 to None, run_after=None
[2026-09-06T09:14:13.934+0000] {logging_mixin.py:190} INFO - [2026-09-06T09:14:13.934+0000] {dag.py:4180} INFO - Setting next_dagrun for dataset_consumes_1_never_scheduled to None, run_after=None
[2026-09-06T09:14:13.936+0000] {logging_mixin.py:190} INFO - [2026-09-06T09:14:13.935+0000] {dag.py:4180} INFO - Setting next_dagrun for dataset_consumes_unknown_never_scheduled to None, run_after=None
[2026-09-06T09:14:13.938+0000] {logging_mixin.py:190} INFO - [2026-09-06T09:14:13.938+0000] {dag.py:4180} INFO - Setting next_dagrun for dataset_produces_1 to 2026-09-05 00:00:00+00:00, run_after=2026-09-06 00:00:00+00:00
[2026-09-06T09:14:13.940+0000] {logging_mixin.py:190} INFO - [2026-09-06T09:14:13.940+0000] {dag.py:4180} INFO - Setting next_dagrun for dataset_produces_2 to None, run_after=None
[2026-09-06T09:14:13.975+0000] {processor.py:208} INFO - Processing /home/airflow/.local/lib/python3.12/site-packages/airflow/example_dags/example_datasets.py took 0.595 seconds
[2026-09-06T09:14:44.962+0000] {processor.py:186} INFO - Started process (PID=2679) to work on /home/airflow/.local/lib/python3.12/site-packages/airflow/example_dags/example_datasets.py
[2026-09-06T09:14:44.963+0000] {processor.py:914} INFO - Processing file /home/airflow/.local/lib/python3.12/site-packages/airflow/example_dags/example_datasets.py for tasks to queue
[2026-09-06T09:14:44.965+0000] {logging_mixin.py:190} INFO - [2026-09-06T09:14:44.964+0000] {dagbag.py:588} INFO - Filling up the DagBag from /home/airflow/.local/lib/python3.12/site-packages/airflow/example_dags/example_datasets.py
[2026-09-06T09:14:45.448+0000] {processor.py:925} INFO - DAG(s) 'dataset_consumes_1_and_2', 'dataset_produces_2', 'conditional_dataset_and_time_based_timetable', 'dataset_consumes_1_never_scheduled', 'dataset_consumes_1', 'consume_1_or_both_2_and_3_with_dataset_expressions', 'dataset_produces_1', 'dataset_consumes_unknown_never_scheduled', 'consume_1_or_2_with_dataset_expressions', 'consume_1_and_2_with_dataset_expressions' retrieved from /home/airflow/.local/lib/python3.12/site-packages/airflow/example_dags/example_datasets.py
[2026-09-06T09:14:45.478+0000] {logging_mixin.py:190} INFO - [2026-09-06T09:14:45.478+0000] {dag.py:3239} INFO - Sync 10 DAGs
[2026-09-06T09:14:45.497+0000] {logging_mixin.py:190} INFO - [2026-09-06T09:14:45.497+0000] {dag.py:4180} INFO - Setting next_dagrun for conditional_dataset_and_time_based_timetable to 2026-09-02 01:00:00+00:00, run_after=2026-09-02 01:00:00+00:00
[2026-09-06T09:14:45.500+0000] {logging_mixin.py:190} INFO - [2026-09-06T09:14:45.500+0000] {dag.py:4180} INFO - Setting next_dagrun for consume_1_and_2_with_dataset_expressions to None, run_after=None
[2026-09-06T09:14:45.501+0000] {logging_mixin.py:190} INFO - [2026-09-06T09:14:45.501+0000] {dag.py:4180} INFO - Setting next_dagrun for consume_1_or_2_with_dataset_expressions to None, run_after=None
[2026-09-06T09:14:45.502+0000] {logging_mixin.py:190} INFO - [2026-09-06T09:14:45.502+0000] {dag.py:4180} INFO - Setting next_dagrun for consume_1_or_both_2_and_3_with_dataset_expressions to None, run_after=None
[2026-09-06T09:14:45.503+0000] {logging_mixin.py:190} INFO - [2026-09-06T09:14:45.503+0000] {dag.py:4180} INFO - Setting next_dagrun for dataset_consumes_1 to None, run_after=None
[2026-09-06T09:14:45.504+0000] {logging_mixin.py:190} INFO - [2026-09-06T09:14:45.504+0000] {dag.py:4180} INFO - Setting next_dagrun for dataset_consumes_1_and_2 to None, run_after=None
[2026-09-06T09:14:45.505+0000] {logging_mixin.py:190} INFO - [2026-09-06T09:14:45.505+0000] {dag.py:4180} INFO - Setting next_dagrun for dataset_consumes_1_never_scheduled to None, run_after=None
[2026-09-06T09:14:45.507+0000] {logging_mixin.py:190} INFO - [2026-09-06T09:14:45.506+0000] {dag.py:4180} INFO - Setting next_dagrun for dataset_consumes_unknown_never_scheduled to None, run_after=None
[2026-09-06T09:14:45.508+0000] {logging_mixin.py:190} INFO - [2026-09-06T09:14:45.508+0000] {dag.py:4180} INFO - Setting next_dagrun for dataset_produces_1 to 2026-09-05 00:00:00+00:00, run_after=2026-09-06 00:00:00+00:00
[2026-09-06T09:14:45.509+0000] {logging_mixin.py:190} INFO - [2026-09-06T09:14:45.509+0000] {dag.py:4180} INFO - Setting next_dagrun for dataset_produces_2 to None, run_after=None
[2026-09-06T09:14:45.534+0000] {processor.py:208} INFO - Processing /home/airflow/.local/lib/python3.12/site-packages/airflow/example_dags/example_datasets.py took 0.577 seconds
[2026-09-06T09:15:15.813+0000] {processor.py:186} INFO - Started process (PID=2735) to work on /home/airflow/.local/lib/python3.12/site-packages/airflow/example_dags/example_datasets.py
[2026-09-06T09:15:15.815+0000] {processor.py:914} INFO - Processing file /home/airflow/.local/lib/python3.12/site-packages/airflow/example_dags/example_datasets.py for tasks to queue
[2026-09-06T09:15:15.817+0000] {logging_mixin.py:190} INFO - [2026-09-06T09:15:15.817+0000] {dagbag.py:588} INFO - Filling up the DagBag from /home/airflow/.local/lib/python3.12/site-packages/airflow/example_dags/example_datasets.py
[2026-09-06T09:15:16.362+0000] {processor.py:925} INFO - DAG(s) 'consume_1_or_2_with_dataset_expressions', 'consume_1_or_both_2_and_3_with_dataset_expressions', 'dataset_produces_1', 'dataset_produces_2', 'dataset_consumes_1', 'dataset_consumes_unknown_never_scheduled', 'dataset_consumes_1_and_2', 'dataset_consumes_1_never_scheduled', 'conditional_dataset_and_time_based_timetable', 'consume_1_and_2_with_dataset_expressions' retrieved from /home/airflow/.local/lib/python3.12/site-packages/airflow/example_dags/example_datasets.py
[2026-09-06T09:15:16.393+0000] {logging_mixin.py:190} INFO - [2026-09-06T09:15:16.392+0000] {dag.py:3239} INFO - Sync 10 DAGs
[2026-09-06T09:15:16.410+0000] {logging_mixin.py:190} INFO - [2026-09-06T09:15:16.410+0000] {dag.py:4180} INFO - Setting next_dagrun for conditional_dataset_and_time_based_timetable to 2026-09-02 01:00:00+00:00, run_after=2026-09-02 01:00:00+00:00
[2026-09-06T09:15:16.413+0000] {logging_mixin.py:190} INFO - [2026-09-06T09:15:16.413+0000] {dag.py:4180} INFO - Setting next_dagrun for consume_1_and_2_with_dataset_expressions to None, run_after=None
[2026-09-06T09:15:16.415+0000] {logging_mixin.py:190} INFO - [2026-09-06T09:15:16.414+0000] {dag.py:4180} INFO - Setting next_dagrun for consume_1_or_2_with_dataset_expressions to None, run_after=None
[2026-09-06T09:15:16.416+0000] {logging_mixin.py:190} INFO - [2026-09-06T09:15:16.416+0000] {dag.py:4180} INFO - Setting next_dagrun for consume_1_or_both_2_and_3_with_dataset_expressions to None, run_after=None
[2026-09-06T09:15:16.417+0000] {logging_mixin.py:190} INFO - [2026-09-06T09:15:16.417+0000] {dag.py:4180} INFO - Setting next_dagrun for dataset_consumes_1 to None, run_after=None
[2026-09-06T09:15:16.418+0000] {logging_mixin.py:190} INFO - [2026-09-06T09:15:16.418+0000] {dag.py:4180} INFO - Setting next_dagrun for dataset_consumes_1_and_2 to None, run_after=None
[2026-09-06T09:15:16.419+0000] {logging_mixin.py:190} INFO - [2026-09-06T09:15:16.419+0000] {dag.py:4180} INFO - Setting next_dagrun for dataset_consumes_1_never_scheduled to None, run_after=None
[2026-09-06T09:15:16.420+0000] {logging_mixin.py:190} INFO - [2026-09-06T09:15:16.420+0000] {dag.py:4180} INFO - Setting next_dagrun for dataset_consumes_unknown_never_scheduled to None, run_after=None
[2026-09-06T09:15:16.422+0000] {logging_mixin.py:190} INFO - [2026-09-06T09:15:16.422+0000] {dag.py:4180} INFO - Setting next_dagrun for dataset_produces_1 to 2026-09-05 00:00:00+00:00, run_after=2026-09-06 00:00:00+00:00
[2026-09-06T09:15:16.423+0000] {logging_mixin.py:190} INFO - [2026-09-06T09:15:16.423+0000] {dag.py:4180} INFO - Setting next_dagrun for dataset_produces_2 to None, run_after=None
[2026-09-06T09:15:16.448+0000] {processor.py:208} INFO - Processing /home/airflow/.local/lib/python3.12/site-packages/airflow/example_dags/example_datasets.py took 0.641 seconds
[2026-09-06T09:15:47.462+0000] {processor.py:186} INFO - Started process (PID=2815) to work on /home/airflow/.local/lib/python3.12/site-packages/airflow/example_dags/example_datasets.py
[2026-09-06T09:15:47.463+0000] {processor.py:914} INFO - Processing file /home/airflow/.local/lib/python3.12/site-packages/airflow/example_dags/example_datasets.py for tasks to queue
[2026-09-06T09:15:47.465+0000] {logging_mixin.py:190} INFO - [2026-09-06T09:15:47.465+0000] {dagbag.py:588} INFO - Filling up the DagBag from /home/airflow/.local/lib/python3.12/site-packages/airflow/example_dags/example_datasets.py
[2026-09-06T09:15:47.992+0000] {processor.py:925} INFO - DAG(s) 'dataset_produces_2', 'dataset_produces_1', 'dataset_consumes_unknown_never_scheduled', 'dataset_consumes_1_never_scheduled', 'consume_1_and_2_with_dataset_expressions', 'dataset_consumes_1_and_2', 'consume_1_or_2_with_dataset_expressions', 'dataset_consumes_1', 'consume_1_or_both_2_and_3_with_dataset_expressions', 'conditional_dataset_and_time_based_timetable' retrieved from /home/airflow/.local/lib/python3.12/site-packages/airflow/example_dags/example_datasets.py
[2026-09-06T09:15:48.022+0000] {logging_mixin.py:190} INFO - [2026-09-06T09:15:48.022+0000] {dag.py:3239} INFO - Sync 10 DAGs
[2026-09-06T09:15:48.040+0000] {logging_mixin.py:190} INFO - [2026-09-06T09:15:48.039+0000] {dag.py:4180} INFO - Setting next_dagrun for conditional_dataset_and_time_based_timetable to 2026-09-02 01:00:00+00:00, run_after=2026-09-02 01:00:00+00:00
[2026-09-06T09:15:48.043+0000] {logging_mixin.py:190} INFO - [2026-09-06T09:15:48.042+0000] {dag.py:4180} INFO - Setting next_dagrun for consume_1_and_2_with_dataset_expressions to None, run_after=None
[2026-09-06T09:15:48.044+0000] {logging_mixin.py:190} INFO - [2026-09-06T09:15:48.044+0000] {dag.py:4180} INFO - Setting next_dagrun for consume_1_or_2_with_dataset_expressions to None, run_after=None
[2026-09-06T09:15:48.045+0000] {logging_mixin.py:190} INFO - [2026-09-06T09:15:48.045+0000] {dag.py:4180} INFO - Setting next_dagrun for consume_1_or_both_2_and_3_with_dataset_expressions to None, run_after=None
[2026-09-06T09:15:48.046+0000] {logging_mixin.py:190} INFO - [2026-09-06T09:15:48.046+0000] {dag.py:4180} INFO - Setting next_dagrun for dataset_consumes_1 to None, run_after=None
[2026-09-06T09:15:48.047+0000] {logging_mixin.py:190} INFO - [2026-09-06T09:15:48.047+0000] {dag.py:4180} INFO - Setting next_dagrun for dataset_consumes_1_and_2 to None, run_after=None
[2026-09-06T09:15:48.048+0000] {logging_mixin.py:190} INFO - [2026-09-06T09:15:48.048+0000] {dag.py:4180} INFO - Setting next_dagrun for dataset_consumes_1_never_scheduled to None, run_after=None
[2026-09-06T09:15:48.049+0000] {logging_mixin.py:190} INFO - [2026-09-06T09:15:48.049+0000] {dag.py:4180} INFO - Setting next_dagrun for dataset_consumes_unknown_never_scheduled to None, run_after=None
[2026-09-06T09:15:48.051+0000] {logging_mixin.py:190} INFO - [2026-09-06T09:15:48.051+0000] {dag.py:4180} INFO - Setting next_dagrun for dataset_produces_1 to 2026-09-05 00:00:00+00:00, run_after=2026-09-06 00:00:00+00:00
[2026-09-06T09:15:48.052+0000] {logging_mixin.py:190} INFO - [2026-09-06T09:15:48.052+0000] {dag.py:4180} INFO - Setting next_dagrun for dataset_produces_2 to None, run_after=None
[2026-09-06T09:15:48.086+0000] {processor.py:208} INFO - Processing /home/airflow/.local/lib/python3.12/site-packages/airflow/example_dags/example_datasets.py took 0.629 seconds
[2026-09-06T09:16:19.041+0000] {processor.py:186} INFO - Started process (PID=2883) to work on /home/airflow/.local/lib/python3.12/site-packages/airflow/example_dags/example_datasets.py
[2026-09-06T09:16:19.042+0000] {processor.py:914} INFO - Processing file /home/airflow/.local/lib/python3.12/site-packages/airflow/example_dags/example_datasets.py for tasks to queue
[2026-09-06T09:16:19.044+0000] {logging_mixin.py:190} INFO - [2026-09-06T09:16:19.044+0000] {dagbag.py:588} INFO - Filling up the DagBag from /home/airflow/.local/lib/python3.12/site-packages/airflow/example_dags/example_datasets.py
[2026-09-06T09:16:19.511+0000] {processor.py:925} INFO - DAG(s) 'dataset_produces_2', 'conditional_dataset_and_time_based_timetable', 'consume_1_or_both_2_and_3_with_dataset_expressions', 'dataset_produces_1', 'dataset_consumes_1_and_2', 'dataset_consumes_unknown_never_scheduled', 'dataset_consumes_1_never_scheduled', 'dataset_consumes_1', 'consume_1_and_2_with_dataset_expressions', 'consume_1_or_2_with_dataset_expressions' retrieved from /home/airflow/.local/lib/python3.12/site-packages/airflow/example_dags/example_datasets.py
[2026-09-06T09:16:19.540+0000] {logging_mixin.py:190} INFO - [2026-09-06T09:16:19.539+0000] {dag.py:3239} INFO - Sync 10 DAGs
[2026-09-06T09:16:19.557+0000] {logging_mixin.py:190} INFO - [2026-09-06T09:16:19.557+0000] {dag.py:4180} INFO - Setting next_dagrun for conditional_dataset_and_time_based_timetable to 2026-09-02 01:00:00+00:00, run_after=2026-09-02 01:00:00+00:00
[2026-09-06T09:16:19.560+0000] {logging_mixin.py:190} INFO - [2026-09-06T09:16:19.560+0000] {dag.py:4180} INFO - Setting next_dagrun for consume_1_and_2_with_dataset_expressions to None, run_after=None
[2026-09-06T09:16:19.561+0000] {logging_mixin.py:190} INFO - [2026-09-06T09:16:19.561+0000] {dag.py:4180} INFO - Setting next_dagrun for consume_1_or_2_with_dataset_expressions to None, run_after=None
[2026-09-06T09:16:19.562+0000] {logging_mixin.py:190} INFO - [2026-09-06T09:16:19.562+0000] {dag.py:4180} INFO - Setting next_dagrun for consume_1_or_both_2_and_3_with_dataset_expressions to None, run_after=None
[2026-09-06T09:16:19.563+0000] {logging_mixin.py:190} INFO - [2026-09-06T09:16:19.563+0000] {dag.py:4180} INFO - Setting next_dagrun for dataset_consumes_1 to None, run_after=None
[2026-09-06T09:16:19.564+0000] {logging_mixin.py:190} INFO - [2026-09-06T09:16:19.564+0000] {dag.py:4180} INFO - Setting next_dagrun for dataset_consumes_1_and_2 to None, run_after=None
[2026-09-06T09:16:19.565+0000] {logging_mixin.py:190} INFO - [2026-09-06T09:16:19.565+0000] {dag.py:4180} INFO - Setting next_dagrun for dataset_consumes_1_never_scheduled to None, run_after=None
[2026-09-06T09:16:19.567+0000] {logging_mixin.py:190} INFO - [2026-09-06T09:16:19.566+0000] {dag.py:4180} INFO - Setting next_dagrun for dataset_consumes_unknown_never_scheduled to None, run_after=None
[2026-09-06T09:16:19.568+0000] {logging_mixin.py:190} INFO - [2026-09-06T09:16:19.568+0000] {dag.py:4180} INFO - Setting next_dagrun for dataset_produces_1 to 2026-09-05 00:00:00+00:00, run_after=2026-09-06 00:00:00+00:00
[2026-09-06T09:16:19.569+0000] {logging_mixin.py:190} INFO - [2026-09-06T09:16:19.569+0000] {dag.py:4180} INFO - Setting next_dagrun for dataset_produces_2 to None, run_after=None
[2026-09-06T09:16:19.594+0000] {processor.py:208} INFO - Processing /home/airflow/.local/lib/python3.12/site-packages/airflow/example_dags/example_datasets.py took 0.557 seconds
[2026-09-06T09:16:50.562+0000] {processor.py:186} INFO - Started process (PID=2947) to work on /home/airflow/.local/lib/python3.12/site-packages/airflow/example_dags/example_datasets.py
[2026-09-06T09:16:50.563+0000] {processor.py:914} INFO - Processing file /home/airflow/.local/lib/python3.12/site-packages/airflow/example_dags/example_datasets.py for tasks to queue
[2026-09-06T09:16:50.566+0000] {logging_mixin.py:190} INFO - [2026-09-06T09:16:50.565+0000] {dagbag.py:588} INFO - Filling up the DagBag from /home/airflow/.local/lib/python3.12/site-packages/airflow/example_dags/example_datasets.py
[2026-09-06T09:16:51.035+0000] {processor.py:925} INFO - DAG(s) 'consume_1_or_2_with_dataset_expressions', 'dataset_produces_2', 'dataset_consumes_unknown_never_scheduled', 'conditional_dataset_and_time_based_timetable', 'dataset_produces_1', 'dataset_consumes_1_and_2', 'consume_1_and_2_with_dataset_expressions', 'consume_1_or_both_2_and_3_with_dataset_expressions', 'dataset_consumes_1_never_scheduled', 'dataset_consumes_1' retrieved from /home/airflow/.local/lib/python3.12/site-packages/airflow/example_dags/example_datasets.py
[2026-09-06T09:16:51.064+0000] {logging_mixin.py:190} INFO - [2026-09-06T09:16:51.064+0000] {dag.py:3239} INFO - Sync 10 DAGs
[2026-09-06T09:16:51.083+0000] {logging_mixin.py:190} INFO - [2026-09-06T09:16:51.083+0000] {dag.py:4180} INFO - Setting next_dagrun for conditional_dataset_and_time_based_timetable to 2026-09-02 01:00:00+00:00, run_after=2026-09-02 01:00:00+00:00
[2026-09-06T09:16:51.087+0000] {logging_mixin.py:190} INFO - [2026-09-06T09:16:51.086+0000] {dag.py:4180} INFO - Setting next_dagrun for consume_1_and_2_with_dataset_expressions to None, run_after=None
[2026-09-06T09:16:51.088+0000] {logging_mixin.py:190} INFO - [2026-09-06T09:16:51.088+0000] {dag.py:4180} INFO - Setting next_dagrun for consume_1_or_2_with_dataset_expressions to None, run_after=None
[2026-09-06T09:16:51.089+0000] {logging_mixin.py:190} INFO - [2026-09-06T09:16:51.089+0000] {dag.py:4180} INFO - Setting next_dagrun for consume_1_or_both_2_and_3_with_dataset_expressions to None, run_after=None
[2026-09-06T09:16:51.090+0000] {logging_mixin.py:190} INFO - [2026-09-06T09:16:51.090+0000] {dag.py:4180} INFO - Setting next_dagrun for dataset_consumes_1 to None, run_after=None
[2026-09-06T09:16:51.091+0000] {logging_mixin.py:190} INFO - [2026-09-06T09:16:51.091+0000] {dag.py:4180} INFO - Setting next_dagrun for dataset_consumes_1_and_2 to None, run_after=None
[2026-09-06T09:16:51.092+0000] {logging_mixin.py:190} INFO - [2026-09-06T09:16:51.092+0000] {dag.py:4180} INFO - Setting next_dagrun for dataset_consumes_1_never_scheduled to None, run_after=None
[2026-09-06T09:16:51.094+0000] {logging_mixin.py:190} INFO - [2026-09-06T09:16:51.093+0000] {dag.py:4180} INFO - Setting next_dagrun for dataset_consumes_unknown_never_scheduled to None, run_after=None
[2026-09-06T09:16:51.096+0000] {logging_mixin.py:190} INFO - [2026-09-06T09:16:51.095+0000] {dag.py:4180} INFO - Setting next_dagrun for dataset_produces_1 to 2026-09-05 00:00:00+00:00, run_after=2026-09-06 00:00:00+00:00
[2026-09-06T09:16:51.097+0000] {logging_mixin.py:190} INFO - [2026-09-06T09:16:51.097+0000] {dag.py:4180} INFO - Setting next_dagrun for dataset_produces_2 to None, run_after=None
[2026-09-06T09:16:51.122+0000] {processor.py:208} INFO - Processing /home/airflow/.local/lib/python3.12/site-packages/airflow/example_dags/example_datasets.py took 0.565 seconds
[2026-09-06T09:17:21.525+0000] {processor.py:186} INFO - Started process (PID=3011) to work on /home/airflow/.local/lib/python3.12/site-packages/airflow/example_dags/example_datasets.py
[2026-09-06T09:17:21.526+0000] {processor.py:914} INFO - Processing file /home/airflow/.local/lib/python3.12/site-packages/airflow/example_dags/example_datasets.py for tasks to queue
[2026-09-06T09:17:21.528+0000] {logging_mixin.py:190} INFO - [2026-09-06T09:17:21.528+0000] {dagbag.py:588} INFO - Filling up the DagBag from /home/airflow/.local/lib/python3.12/site-packages/airflow/example_dags/example_datasets.py
[2026-09-06T09:17:22.026+0000] {processor.py:925} INFO - DAG(s) 'dataset_consumes_1_never_scheduled', 'consume_1_or_both_2_and_3_with_dataset_expressions', 'dataset_consumes_1_and_2', 'dataset_consumes_unknown_never_scheduled', 'consume_1_and_2_with_dataset_expressions', 'dataset_consumes_1', 'dataset_produces_1', 'consume_1_or_2_with_dataset_expressions', 'conditional_dataset_and_time_based_timetable', 'dataset_produces_2' retrieved from /home/airflow/.local/lib/python3.12/site-packages/airflow/example_dags/example_datasets.py
[2026-09-06T09:17:22.056+0000] {logging_mixin.py:190} INFO - [2026-09-06T09:17:22.056+0000] {dag.py:3239} INFO - Sync 10 DAGs
[2026-09-06T09:17:22.075+0000] {logging_mixin.py:190} INFO - [2026-09-06T09:17:22.075+0000] {dag.py:4180} INFO - Setting next_dagrun for conditional_dataset_and_time_based_timetable to 2026-09-02 01:00:00+00:00, run_after=2026-09-02 01:00:00+00:00
[2026-09-06T09:17:22.079+0000] {logging_mixin.py:190} INFO - [2026-09-06T09:17:22.079+0000] {dag.py:4180} INFO - Setting next_dagrun for consume_1_and_2_with_dataset_expressions to None, run_after=None
[2026-09-06T09:17:22.081+0000] {logging_mixin.py:190} INFO - [2026-09-06T09:17:22.080+0000] {dag.py:4180} INFO - Setting next_dagrun for consume_1_or_2_with_dataset_expressions to None, run_after=None
[2026-09-06T09:17:22.082+0000] {logging_mixin.py:190} INFO - [2026-09-06T09:17:22.082+0000] {dag.py:4180} INFO - Setting next_dagrun for consume_1_or_both_2_and_3_with_dataset_expressions to None, run_after=None
[2026-09-06T09:17:22.083+0000] {logging_mixin.py:190} INFO - [2026-09-06T09:17:22.083+0000] {dag.py:4180} INFO - Setting next_dagrun for dataset_consumes_1 to None, run_after=None
[2026-09-06T09:17:22.084+0000] {logging_mixin.py:190} INFO - [2026-09-06T09:17:22.084+0000] {dag.py:4180} INFO - Setting next_dagrun for dataset_consumes_1_and_2 to None, run_after=None
[2026-09-06T09:17:22.085+0000] {logging_mixin.py:190} INFO - [2026-09-06T09:17:22.085+0000] {dag.py:4180} INFO - Setting next_dagrun for dataset_consumes_1_never_scheduled to None, run_after=None
[2026-09-06T09:17:22.086+0000] {logging_mixin.py:190} INFO - [2026-09-06T09:17:22.086+0000] {dag.py:4180} INFO - Setting next_dagrun for dataset_consumes_unknown_never_scheduled to None, run_after=None
[2026-09-06T09:17:22.088+0000] {logging_mixin.py:190} INFO - [2026-09-06T09:17:22.088+0000] {dag.py:4180} INFO - Setting next_dagrun for dataset_produces_1 to 2026-09-05 00:00:00+00:00, run_after=2026-09-06 00:00:00+00:00
[2026-09-06T09:17:22.089+0000] {logging_mixin.py:190} INFO - [2026-09-06T09:17:22.089+0000] {dag.py:4180} INFO - Setting next_dagrun for dataset_produces_2 to None, run_after=None
[2026-09-06T09:17:22.114+0000] {processor.py:208} INFO - Processing /home/airflow/.local/lib/python3.12/site-packages/airflow/example_dags/example_datasets.py took 0.594 seconds
[2026-09-06T09:17:52.865+0000] {processor.py:186} INFO - Started process (PID=3075) to work on /home/airflow/.local/lib/python3.12/site-packages/airflow/example_dags/example_datasets.py
[2026-09-06T09:17:52.866+0000] {processor.py:914} INFO - Processing file /home/airflow/.local/lib/python3.12/site-packages/airflow/example_dags/example_datasets.py for tasks to queue
[2026-09-06T09:17:52.868+0000] {logging_mixin.py:190} INFO - [2026-09-06T09:17:52.868+0000] {dagbag.py:588} INFO - Filling up the DagBag from /home/airflow/.local/lib/python3.12/site-packages/airflow/example_dags/example_datasets.py
[2026-09-06T09:17:53.375+0000] {processor.py:925} INFO - DAG(s) 'dataset_consumes_1', 'consume_1_or_2_with_dataset_expressions', 'dataset_produces_2', 'dataset_produces_1', 'conditional_dataset_and_time_based_timetable', 'dataset_consumes_1_never_scheduled', 'dataset_consumes_unknown_never_scheduled', 'consume_1_and_2_with_dataset_expressions', 'consume_1_or_both_2_and_3_with_dataset_expressions', 'dataset_consumes_1_and_2' retrieved from /home/airflow/.local/lib/python3.12/site-packages/airflow/example_dags/example_datasets.py
[2026-09-06T09:17:53.413+0000] {logging_mixin.py:190} INFO - [2026-09-06T09:17:53.413+0000] {dag.py:3239} INFO - Sync 10 DAGs
[2026-09-06T09:17:53.433+0000] {logging_mixin.py:190} INFO - [2026-09-06T09:17:53.433+0000] {dag.py:4180} INFO - Setting next_dagrun for conditional_dataset_and_time_based_timetable to 2026-09-02 01:00:00+00:00, run_after=2026-09-02 01:00:00+00:00
[2026-09-06T09:17:53.436+0000] {logging_mixin.py:190} INFO - [2026-09-06T09:17:53.436+0000] {dag.py:4180} INFO - Setting next_dagrun for consume_1_and_2_with_dataset_expressions to None, run_after=None
[2026-09-06T09:17:53.437+0000] {logging_mixin.py:190} INFO - [2026-09-06T09:17:53.437+0000] {dag.py:4180} INFO - Setting next_dagrun for consume_1_or_2_with_dataset_expressions to None, run_after=None
[2026-09-06T09:17:53.438+0000] {logging_mixin.py:190} INFO - [2026-09-06T09:17:53.438+0000] {dag.py:4180} INFO - Setting next_dagrun for consume_1_or_both_2_and_3_with_dataset_expressions to None, run_after=None
[2026-09-06T09:17:53.439+0000] {logging_mixin.py:190} INFO - [2026-09-06T09:17:53.439+0000] {dag.py:4180} INFO - Setting next_dagrun for dataset_consumes_1 to None, run_after=None
[2026-09-06T09:17:53.440+0000] {logging_mixin.py:190} INFO - [2026-09-06T09:17:53.440+0000] {dag.py:4180} INFO - Setting next_dagrun for dataset_consumes_1_and_2 to None, run_after=None
[2026-09-06T09:17:53.441+0000] {logging_mixin.py:190} INFO - [2026-09-06T09:17:53.441+0000] {dag.py:4180} INFO - Setting next_dagrun for dataset_consumes_1_never_scheduled to None, run_after=None
[2026-09-06T09:17:53.442+0000] {logging_mixin.py:190} INFO - [2026-09-06T09:17:53.442+0000] {dag.py:4180} INFO - Setting next_dagrun for dataset_consumes_unknown_never_scheduled to None, run_after=None
[2026-09-06T09:17:53.444+0000] {logging_mixin.py:190} INFO - [2026-09-06T09:17:53.444+0000] {dag.py:4180} INFO - Setting next_dagrun for dataset_produces_1 to 2026-09-05 00:00:00+00:00, run_after=2026-09-06 00:00:00+00:00
[2026-09-06T09:17:53.446+0000] {logging_mixin.py:190} INFO - [2026-09-06T09:17:53.445+0000] {dag.py:4180} INFO - Setting next_dagrun for dataset_produces_2 to None, run_after=None
[2026-09-06T09:17:53.471+0000] {processor.py:208} INFO - Processing /home/airflow/.local/lib/python3.12/site-packages/airflow/example_dags/example_datasets.py took 0.611 seconds
[2026-09-06T09:18:24.121+0000] {processor.py:186} INFO - Started process (PID=3139) to work on /home/airflow/.local/lib/python3.12/site-packages/airflow/example_dags/example_datasets.py
[2026-09-06T09:18:24.123+0000] {processor.py:914} INFO - Processing file /home/airflow/.local/lib/python3.12/site-packages/airflow/example_dags/example_datasets.py for tasks to queue
[2026-09-06T09:18:24.128+0000] {logging_mixin.py:190} INFO - [2026-09-06T09:18:24.128+0000] {dagbag.py:588} INFO - Filling up the DagBag from /home/airflow/.local/lib/python3.12/site-packages/airflow/example_dags/example_datasets.py
[2026-09-06T09:18:24.676+0000] {processor.py:925} INFO - DAG(s) 'dataset_produces_1', 'dataset_consumes_1', 'consume_1_or_both_2_and_3_with_dataset_expressions', 'dataset_consumes_1_and_2', 'dataset_produces_2', 'conditional_dataset_and_time_based_timetable', 'consume_1_and_2_with_dataset_expressions', 'dataset_consumes_unknown_never_scheduled', 'consume_1_or_2_with_dataset_expressions', 'dataset_consumes_1_never_scheduled' retrieved from /home/airflow/.local/lib/python3.12/site-packages/airflow/example_dags/example_datasets.py
[2026-09-06T09:18:24.704+0000] {logging_mixin.py:190} INFO - [2026-09-06T09:18:24.704+0000] {dag.py:3239} INFO - Sync 10 DAGs
[2026-09-06T09:18:24.721+0000] {logging_mixin.py:190} INFO - [2026-09-06T09:18:24.721+0000] {dag.py:4180} INFO - Setting next_dagrun for conditional_dataset_and_time_based_timetable to 2026-09-02 01:00:00+00:00, run_after=2026-09-02 01:00:00+00:00
[2026-09-06T09:18:24.724+0000] {logging_mixin.py:190} INFO - [2026-09-06T09:18:24.724+0000] {dag.py:4180} INFO - Setting next_dagrun for consume_1_and_2_with_dataset_expressions to None, run_after=None
[2026-09-06T09:18:24.725+0000] {logging_mixin.py:190} INFO - [2026-09-06T09:18:24.725+0000] {dag.py:4180} INFO - Setting next_dagrun for consume_1_or_2_with_dataset_expressions to None, run_after=None
[2026-09-06T09:18:24.726+0000] {logging_mixin.py:190} INFO - [2026-09-06T09:18:24.726+0000] {dag.py:4180} INFO - Setting next_dagrun for consume_1_or_both_2_and_3_with_dataset_expressions to None, run_after=None
[2026-09-06T09:18:24.728+0000] {logging_mixin.py:190} INFO - [2026-09-06T09:18:24.727+0000] {dag.py:4180} INFO - Setting next_dagrun for dataset_consumes_1 to None, run_after=None
[2026-09-06T09:18:24.729+0000] {logging_mixin.py:190} INFO - [2026-09-06T09:18:24.729+0000] {dag.py:4180} INFO - Setting next_dagrun for dataset_consumes_1_and_2 to None, run_after=None
[2026-09-06T09:18:24.730+0000] {logging_mixin.py:190} INFO - [2026-09-06T09:18:24.730+0000] {dag.py:4180} INFO - Setting next_dagrun for dataset_consumes_1_never_scheduled to None, run_after=None
[2026-09-06T09:18:24.731+0000] {logging_mixin.py:190} INFO - [2026-09-06T09:18:24.731+0000] {dag.py:4180} INFO - Setting next_dagrun for dataset_consumes_unknown_never_scheduled to None, run_after=None
[2026-09-06T09:18:24.733+0000] {logging_mixin.py:190} INFO - [2026-09-06T09:18:24.733+0000] {dag.py:4180} INFO - Setting next_dagrun for dataset_produces_1 to 2026-09-05 00:00:00+00:00, run_after=2026-09-06 00:00:00+00:00
[2026-09-06T09:18:24.734+0000] {logging_mixin.py:190} INFO - [2026-09-06T09:18:24.734+0000] {dag.py:4180} INFO - Setting next_dagrun for dataset_produces_2 to None, run_after=None
[2026-09-06T09:18:24.758+0000] {processor.py:208} INFO - Processing /home/airflow/.local/lib/python3.12/site-packages/airflow/example_dags/example_datasets.py took 0.653 seconds
[2026-09-06T09:18:56.290+0000] {processor.py:186} INFO - Started process (PID=3192) to work on /home/airflow/.local/lib/python3.12/site-packages/airflow/example_dags/example_datasets.py
[2026-09-06T09:18:56.291+0000] {processor.py:914} INFO - Processing file /home/airflow/.local/lib/python3.12/site-packages/airflow/example_dags/example_datasets.py for tasks to queue
[2026-09-06T09:18:56.293+0000] {logging_mixin.py:190} INFO - [2026-09-06T09:18:56.293+0000] {dagbag.py:588} INFO - Filling up the DagBag from /home/airflow/.local/lib/python3.12/site-packages/airflow/example_dags/example_datasets.py
[2026-09-06T09:18:56.764+0000] {processor.py:925} INFO - DAG(s) 'dataset_produces_1', 'consume_1_and_2_with_dataset_expressions', 'consume_1_or_both_2_and_3_with_dataset_expressions', 'dataset_produces_2', 'dataset_consumes_1', 'dataset_consumes_1_and_2', 'conditional_dataset_and_time_based_timetable', 'dataset_consumes_1_never_scheduled', 'dataset_consumes_unknown_never_scheduled', 'consume_1_or_2_with_dataset_expressions' retrieved from /home/airflow/.local/lib/python3.12/site-packages/airflow/example_dags/example_datasets.py
[2026-09-06T09:18:56.792+0000] {logging_mixin.py:190} INFO - [2026-09-06T09:18:56.792+0000] {dag.py:3239} INFO - Sync 10 DAGs
[2026-09-06T09:18:56.811+0000] {logging_mixin.py:190} INFO - [2026-09-06T09:18:56.811+0000] {dag.py:4180} INFO - Setting next_dagrun for conditional_dataset_and_time_based_timetable to 2026-09-02 01:00:00+00:00, run_after=2026-09-02 01:00:00+00:00
[2026-09-06T09:18:56.815+0000] {logging_mixin.py:190} INFO - [2026-09-06T09:18:56.815+0000] {dag.py:4180} INFO - Setting next_dagrun for consume_1_and_2_with_dataset_expressions to None, run_after=None
[2026-09-06T09:18:56.816+0000] {logging_mixin.py:190} INFO - [2026-09-06T09:18:56.816+0000] {dag.py:4180} INFO - Setting next_dagrun for consume_1_or_2_with_dataset_expressions to None, run_after=None
[2026-09-06T09:18:56.817+0000] {logging_mixin.py:190} INFO - [2026-09-06T09:18:56.817+0000] {dag.py:4180} INFO - Setting next_dagrun for consume_1_or_both_2_and_3_with_dataset_expressions to None, run_after=None
[2026-09-06T09:18:56.818+0000] {logging_mixin.py:190} INFO - [2026-09-06T09:18:56.818+0000] {dag.py:4180} INFO - Setting next_dagrun for dataset_consumes_1 to None, run_after=None
[2026-09-06T09:18:56.819+0000] {logging_mixin.py:190} INFO - [2026-09-06T09:18:56.819+0000] {dag.py:4180} INFO - Setting next_dagrun for dataset_consumes_1_and_2 to None, run_after=None
[2026-09-06T09:18:56.821+0000] {logging_mixin.py:190} INFO - [2026-09-06T09:18:56.820+0000] {dag.py:4180} INFO - Setting next_dagrun for dataset_consumes_1_never_scheduled to None, run_after=None
[2026-09-06T09:18:56.822+0000] {logging_mixin.py:190} INFO - [2026-09-06T09:18:56.822+0000] {dag.py:4180} INFO - Setting next_dagrun for dataset_consumes_unknown_never_scheduled to None, run_after=None
[2026-09-06T09:18:56.824+0000] {logging_mixin.py:190} INFO - [2026-09-06T09:18:56.824+0000] {dag.py:4180} INFO - Setting next_dagrun for dataset_produces_1 to 2026-09-05 00:00:00+00:00, run_after=2026-09-06 00:00:00+00:00
[2026-09-06T09:18:56.825+0000] {logging_mixin.py:190} INFO - [2026-09-06T09:18:56.825+0000] {dag.py:4180} INFO - Setting next_dagrun for dataset_produces_2 to None, run_after=None
[2026-09-06T09:18:56.852+0000] {processor.py:208} INFO - Processing /home/airflow/.local/lib/python3.12/site-packages/airflow/example_dags/example_datasets.py took 0.566 seconds
[2026-09-06T09:19:27.253+0000] {processor.py:186} INFO - Started process (PID=3256) to work on /home/airflow/.local/lib/python3.12/site-packages/airflow/example_dags/example_datasets.py
[2026-09-06T09:19:27.254+0000] {processor.py:914} INFO - Processing file /home/airflow/.local/lib/python3.12/site-packages/airflow/example_dags/example_datasets.py for tasks to queue
[2026-09-06T09:19:27.257+0000] {logging_mixin.py:190} INFO - [2026-09-06T09:19:27.257+0000] {dagbag.py:588} INFO - Filling up the DagBag from /home/airflow/.local/lib/python3.12/site-packages/airflow/example_dags/example_datasets.py
[2026-09-06T09:19:27.777+0000] {processor.py:925} INFO - DAG(s) 'dataset_produces_2', 'consume_1_or_2_with_dataset_expressions', 'dataset_consumes_unknown_never_scheduled', 'dataset_consumes_1_never_scheduled', 'consume_1_or_both_2_and_3_with_dataset_expressions', 'dataset_consumes_1_and_2', 'dataset_produces_1', 'conditional_dataset_and_time_based_timetable', 'dataset_consumes_1', 'consume_1_and_2_with_dataset_expressions' retrieved from /home/airflow/.local/lib/python3.12/site-packages/airflow/example_dags/example_datasets.py
[2026-09-06T09:19:27.807+0000] {logging_mixin.py:190} INFO - [2026-09-06T09:19:27.807+0000] {dag.py:3239} INFO - Sync 10 DAGs
[2026-09-06T09:19:27.828+0000] {logging_mixin.py:190} INFO - [2026-09-06T09:19:27.827+0000] {dag.py:4180} INFO - Setting next_dagrun for conditional_dataset_and_time_based_timetable to 2026-09-02 01:00:00+00:00, run_after=2026-09-02 01:00:00+00:00
[2026-09-06T09:19:27.831+0000] {logging_mixin.py:190} INFO - [2026-09-06T09:19:27.831+0000] {dag.py:4180} INFO - Setting next_dagrun for consume_1_and_2_with_dataset_expressions to None, run_after=None
[2026-09-06T09:19:27.832+0000] {logging_mixin.py:190} INFO - [2026-09-06T09:19:27.832+0000] {dag.py:4180} INFO - Setting next_dagrun for consume_1_or_2_with_dataset_expressions to None, run_after=None
[2026-09-06T09:19:27.834+0000] {logging_mixin.py:190} INFO - [2026-09-06T09:19:27.833+0000] {dag.py:4180} INFO - Setting next_dagrun for consume_1_or_both_2_and_3_with_dataset_expressions to None, run_after=None
[2026-09-06T09:19:27.835+0000] {logging_mixin.py:190} INFO - [2026-09-06T09:19:27.835+0000] {dag.py:4180} INFO - Setting next_dagrun for dataset_consumes_1 to None, run_after=None
[2026-09-06T09:19:27.836+0000] {logging_mixin.py:190} INFO - [2026-09-06T09:19:27.836+0000] {dag.py:4180} INFO - Setting next_dagrun for dataset_consumes_1_and_2 to None, run_after=None
[2026-09-06T09:19:27.837+0000] {logging_mixin.py:190} INFO - [2026-09-06T09:19:27.837+0000] {dag.py:4180} INFO - Setting next_dagrun for dataset_consumes_1_never_scheduled to None, run_after=None
[2026-09-06T09:19:27.838+0000] {logging_mixin.py:190} INFO - [2026-09-06T09:19:27.838+0000] {dag.py:4180} INFO - Setting next_dagrun for dataset_consumes_unknown_never_scheduled to None, run_after=None
[2026-09-06T09:19:27.840+0000] {logging_mixin.py:190} INFO - [2026-09-06T09:19:27.840+0000] {dag.py:4180} INFO - Setting next_dagrun for dataset_produces_1 to 2026-09-05 00:00:00+00:00, run_after=2026-09-06 00:00:00+00:00
[2026-09-06T09:19:27.841+0000] {logging_mixin.py:190} INFO - [2026-09-06T09:19:27.841+0000] {dag.py:4180} INFO - Setting next_dagrun for dataset_produces_2 to None, run_after=None
[2026-09-06T09:19:27.868+0000] {processor.py:208} INFO - Processing /home/airflow/.local/lib/python3.12/site-packages/airflow/example_dags/example_datasets.py took 0.621 seconds
[2026-09-06T09:19:58.548+0000] {processor.py:186} INFO - Started process (PID=3320) to work on /home/airflow/.local/lib/python3.12/site-packages/airflow/example_dags/example_datasets.py
[2026-09-06T09:19:58.549+0000] {processor.py:914} INFO - Processing file /home/airflow/.local/lib/python3.12/site-packages/airflow/example_dags/example_datasets.py for tasks to queue
[2026-09-06T09:19:58.551+0000] {logging_mixin.py:190} INFO - [2026-09-06T09:19:58.551+0000] {dagbag.py:588} INFO - Filling up the DagBag from /home/airflow/.local/lib/python3.12/site-packages/airflow/example_dags/example_datasets.py
[2026-09-06T09:19:59.031+0000] {processor.py:925} INFO - DAG(s) 'conditional_dataset_and_time_based_timetable', 'dataset_consumes_1_and_2', 'consume_1_or_both_2_and_3_with_dataset_expressions', 'dataset_produces_2', 'dataset_consumes_1', 'dataset_consumes_1_never_scheduled', 'consume_1_or_2_with_dataset_expressions', 'dataset_consumes_unknown_never_scheduled', 'consume_1_and_2_with_dataset_expressions', 'dataset_produces_1' retrieved from /home/airflow/.local/lib/python3.12/site-packages/airflow/example_dags/example_datasets.py
[2026-09-06T09:19:59.060+0000] {logging_mixin.py:190} INFO - [2026-09-06T09:19:59.060+0000] {dag.py:3239} INFO - Sync 10 DAGs
[2026-09-06T09:19:59.079+0000] {logging_mixin.py:190} INFO - [2026-09-06T09:19:59.079+0000] {dag.py:4180} INFO - Setting next_dagrun for conditional_dataset_and_time_based_timetable to 2026-09-02 01:00:00+00:00, run_after=2026-09-02 01:00:00+00:00
[2026-09-06T09:19:59.082+0000] {logging_mixin.py:190} INFO - [2026-09-06T09:19:59.082+0000] {dag.py:4180} INFO - Setting next_dagrun for consume_1_and_2_with_dataset_expressions to None, run_after=None
[2026-09-06T09:19:59.083+0000] {logging_mixin.py:190} INFO - [2026-09-06T09:19:59.083+0000] {dag.py:4180} INFO - Setting next_dagrun for consume_1_or_2_with_dataset_expressions to None, run_after=None
[2026-09-06T09:19:59.084+0000] {logging_mixin.py:190} INFO - [2026-09-06T09:19:59.084+0000] {dag.py:4180} INFO - Setting next_dagrun for consume_1_or_both_2_and_3_with_dataset_expressions to None, run_after=None
[2026-09-06T09:19:59.086+0000] {logging_mixin.py:190} INFO - [2026-09-06T09:19:59.085+0000] {dag.py:4180} INFO - Setting next_dagrun for dataset_consumes_1 to None, run_after=None
[2026-09-06T09:19:59.087+0000] {logging_mixin.py:190} INFO - [2026-09-06T09:19:59.087+0000] {dag.py:4180} INFO - Setting next_dagrun for dataset_consumes_1_and_2 to None, run_after=None
[2026-09-06T09:19:59.088+0000] {logging_mixin.py:190} INFO - [2026-09-06T09:19:59.088+0000] {dag.py:4180} INFO - Setting next_dagrun for dataset_consumes_1_never_scheduled to None, run_after=None
[2026-09-06T09:19:59.089+0000] {logging_mixin.py:190} INFO - [2026-09-06T09:19:59.089+0000] {dag.py:4180} INFO - Setting next_dagrun for dataset_consumes_unknown_never_scheduled to None, run_after=None
[2026-09-06T09:19:59.091+0000] {logging_mixin.py:190} INFO - [2026-09-06T09:19:59.091+0000] {dag.py:4180} INFO - Setting next_dagrun for dataset_produces_1 to 2026-09-05 00:00:00+00:00, run_after=2026-09-06 00:00:00+00:00
[2026-09-06T09:19:59.092+0000] {logging_mixin.py:190} INFO - [2026-09-06T09:19:59.092+0000] {dag.py:4180} INFO - Setting next_dagrun for dataset_produces_2 to None, run_after=None
[2026-09-06T09:19:59.116+0000] {processor.py:208} INFO - Processing /home/airflow/.local/lib/python3.12/site-packages/airflow/example_dags/example_datasets.py took 0.573 seconds
[2026-09-06T09:20:29.762+0000] {processor.py:186} INFO - Started process (PID=3390) to work on /home/airflow/.local/lib/python3.12/site-packages/airflow/example_dags/example_datasets.py
[2026-09-06T09:20:29.763+0000] {processor.py:914} INFO - Processing file /home/airflow/.local/lib/python3.12/site-packages/airflow/example_dags/example_datasets.py for tasks to queue
[2026-09-06T09:20:29.766+0000] {logging_mixin.py:190} INFO - [2026-09-06T09:20:29.765+0000] {dagbag.py:588} INFO - Filling up the DagBag from /home/airflow/.local/lib/python3.12/site-packages/airflow/example_dags/example_datasets.py
[2026-09-06T09:20:30.095+0000] {processor.py:925} INFO - DAG(s) 'consume_1_or_both_2_and_3_with_dataset_expressions', 'dataset_consumes_1_never_scheduled', 'dataset_produces_2', 'dataset_produces_1', 'conditional_dataset_and_time_based_timetable', 'dataset_consumes_1_and_2', 'consume_1_or_2_with_dataset_expressions', 'dataset_consumes_1', 'consume_1_and_2_with_dataset_expressions', 'dataset_consumes_unknown_never_scheduled' retrieved from /home/airflow/.local/lib/python3.12/site-packages/airflow/example_dags/example_datasets.py
[2026-09-06T09:20:30.128+0000] {logging_mixin.py:190} INFO - [2026-09-06T09:20:30.128+0000] {dag.py:3239} INFO - Sync 10 DAGs
[2026-09-06T09:20:30.150+0000] {logging_mixin.py:190} INFO - [2026-09-06T09:20:30.150+0000] {dag.py:4180} INFO - Setting next_dagrun for conditional_dataset_and_time_based_timetable to 2026-09-02 01:00:00+00:00, run_after=2026-09-02 01:00:00+00:00
[2026-09-06T09:20:30.154+0000] {logging_mixin.py:190} INFO - [2026-09-06T09:20:30.153+0000] {dag.py:4180} INFO - Setting next_dagrun for consume_1_and_2_with_dataset_expressions to None, run_after=None
[2026-09-06T09:20:30.155+0000] {logging_mixin.py:190} INFO - [2026-09-06T09:20:30.155+0000] {dag.py:4180} INFO - Setting next_dagrun for consume_1_or_2_with_dataset_expressions to None, run_after=None
[2026-09-06T09:20:30.156+0000] {logging_mixin.py:190} INFO - [2026-09-06T09:20:30.156+0000] {dag.py:4180} INFO - Setting next_dagrun for consume_1_or_both_2_and_3_with_dataset_expressions to None, run_after=None
[2026-09-06T09:20:30.157+0000] {logging_mixin.py:190} INFO - [2026-09-06T09:20:30.157+0000] {dag.py:4180} INFO - Setting next_dagrun for dataset_consumes_1 to None, run_after=None
[2026-09-06T09:20:30.158+0000] {logging_mixin.py:190} INFO - [2026-09-06T09:20:30.158+0000] {dag.py:4180} INFO - Setting next_dagrun for dataset_consumes_1_and_2 to None, run_after=None
[2026-09-06T09:20:30.159+0000] {logging_mixin.py:190} INFO - [2026-09-06T09:20:30.159+0000] {dag.py:4180} INFO - Setting next_dagrun for dataset_consumes_1_never_scheduled to None, run_after=None
[2026-09-06T09:20:30.160+0000] {logging_mixin.py:190} INFO - [2026-09-06T09:20:30.160+0000] {dag.py:4180} INFO - Setting next_dagrun for dataset_consumes_unknown_never_scheduled to None, run_after=None
[2026-09-06T09:20:30.162+0000] {logging_mixin.py:190} INFO - [2026-09-06T09:20:30.162+0000] {dag.py:4180} INFO - Setting next_dagrun for dataset_produces_1 to 2026-09-05 00:00:00+00:00, run_after=2026-09-06 00:00:00+00:00
[2026-09-06T09:20:30.164+0000] {logging_mixin.py:190} INFO - [2026-09-06T09:20:30.163+0000] {dag.py:4180} INFO - Setting next_dagrun for dataset_produces_2 to None, run_after=None
[2026-09-06T09:20:30.191+0000] {processor.py:208} INFO - Processing /home/airflow/.local/lib/python3.12/site-packages/airflow/example_dags/example_datasets.py took 0.434 seconds
[2026-09-06T09:21:00.272+0000] {processor.py:186} INFO - Started process (PID=3457) to work on /home/airflow/.local/lib/python3.12/site-packages/airflow/example_dags/example_datasets.py
[2026-09-06T09:21:00.273+0000] {processor.py:914} INFO - Processing file /home/airflow/.local/lib/python3.12/site-packages/airflow/example_dags/example_datasets.py for tasks to queue
[2026-09-06T09:21:00.275+0000] {logging_mixin.py:190} INFO - [2026-09-06T09:21:00.275+0000] {dagbag.py:588} INFO - Filling up the DagBag from /home/airflow/.local/lib/python3.12/site-packages/airflow/example_dags/example_datasets.py
[2026-09-06T09:21:00.626+0000] {processor.py:925} INFO - DAG(s) 'conditional_dataset_and_time_based_timetable', 'dataset_produces_2', 'consume_1_or_both_2_and_3_with_dataset_expressions', 'dataset_consumes_unknown_never_scheduled', 'dataset_consumes_1_never_scheduled', 'consume_1_and_2_with_dataset_expressions', 'dataset_consumes_1_and_2', 'dataset_produces_1', 'consume_1_or_2_with_dataset_expressions', 'dataset_consumes_1' retrieved from /home/airflow/.local/lib/python3.12/site-packages/airflow/example_dags/example_datasets.py
[2026-09-06T09:21:00.660+0000] {logging_mixin.py:190} INFO - [2026-09-06T09:21:00.660+0000] {dag.py:3239} INFO - Sync 10 DAGs
[2026-09-06T09:21:00.681+0000] {logging_mixin.py:190} INFO - [2026-09-06T09:21:00.680+0000] {dag.py:4180} INFO - Setting next_dagrun for conditional_dataset_and_time_based_timetable to 2026-09-02 01:00:00+00:00, run_after=2026-09-02 01:00:00+00:00
[2026-09-06T09:21:00.685+0000] {logging_mixin.py:190} INFO - [2026-09-06T09:21:00.685+0000] {dag.py:4180} INFO - Setting next_dagrun for consume_1_and_2_with_dataset_expressions to None, run_after=None
[2026-09-06T09:21:00.686+0000] {logging_mixin.py:190} INFO - [2026-09-06T09:21:00.686+0000] {dag.py:4180} INFO - Setting next_dagrun for consume_1_or_2_with_dataset_expressions to None, run_after=None
[2026-09-06T09:21:00.687+0000] {logging_mixin.py:190} INFO - [2026-09-06T09:21:00.687+0000] {dag.py:4180} INFO - Setting next_dagrun for consume_1_or_both_2_and_3_with_dataset_expressions to None, run_after=None
[2026-09-06T09:21:00.689+0000] {logging_mixin.py:190} INFO - [2026-09-06T09:21:00.689+0000] {dag.py:4180} INFO - Setting next_dagrun for dataset_consumes_1 to None, run_after=None
[2026-09-06T09:21:00.690+0000] {logging_mixin.py:190} INFO - [2026-09-06T09:21:00.690+0000] {dag.py:4180} INFO - Setting next_dagrun for dataset_consumes_1_and_2 to None, run_after=None
[2026-09-06T09:21:00.691+0000] {logging_mixin.py:190} INFO - [2026-09-06T09:21:00.691+0000] {dag.py:4180} INFO - Setting next_dagrun for dataset_consumes_1_never_scheduled to None, run_after=None
[2026-09-06T09:21:00.692+0000] {logging_mixin.py:190} INFO - [2026-09-06T09:21:00.692+0000] {dag.py:4180} INFO - Setting next_dagrun for dataset_consumes_unknown_never_scheduled to None, run_after=None
[2026-09-06T09:21:00.694+0000] {logging_mixin.py:190} INFO - [2026-09-06T09:21:00.694+0000] {dag.py:4180} INFO - Setting next_dagrun for dataset_produces_1 to 2026-09-05 00:00:00+00:00, run_after=2026-09-06 00:00:00+00:00
[2026-09-06T09:21:00.696+0000] {logging_mixin.py:190} INFO - [2026-09-06T09:21:00.695+0000] {dag.py:4180} INFO - Setting next_dagrun for dataset_produces_2 to None, run_after=None
[2026-09-06T09:21:00.723+0000] {processor.py:208} INFO - Processing /home/airflow/.local/lib/python3.12/site-packages/airflow/example_dags/example_datasets.py took 0.457 seconds
[2026-09-06T09:21:30.839+0000] {processor.py:186} INFO - Started process (PID=3522) to work on /home/airflow/.local/lib/python3.12/site-packages/airflow/example_dags/example_datasets.py
[2026-09-06T09:21:30.840+0000] {processor.py:914} INFO - Processing file /home/airflow/.local/lib/python3.12/site-packages/airflow/example_dags/example_datasets.py for tasks to queue
[2026-09-06T09:21:30.844+0000] {logging_mixin.py:190} INFO - [2026-09-06T09:21:30.843+0000] {dagbag.py:588} INFO - Filling up the DagBag from /home/airflow/.local/lib/python3.12/site-packages/airflow/example_dags/example_datasets.py
[2026-09-06T09:21:31.227+0000] {processor.py:925} INFO - DAG(s) 'consume_1_and_2_with_dataset_expressions', 'dataset_produces_1', 'dataset_consumes_1', 'consume_1_or_both_2_and_3_with_dataset_expressions', 'dataset_produces_2', 'dataset_consumes_1_and_2', 'dataset_consumes_unknown_never_scheduled', 'conditional_dataset_and_time_based_timetable', 'dataset_consumes_1_never_scheduled', 'consume_1_or_2_with_dataset_expressions' retrieved from /home/airflow/.local/lib/python3.12/site-packages/airflow/example_dags/example_datasets.py
[2026-09-06T09:21:31.262+0000] {logging_mixin.py:190} INFO - [2026-09-06T09:21:31.262+0000] {dag.py:3239} INFO - Sync 10 DAGs
[2026-09-06T09:21:31.286+0000] {logging_mixin.py:190} INFO - [2026-09-06T09:21:31.286+0000] {dag.py:4180} INFO - Setting next_dagrun for conditional_dataset_and_time_based_timetable to 2026-09-02 01:00:00+00:00, run_after=2026-09-02 01:00:00+00:00
[2026-09-06T09:21:31.291+0000] {logging_mixin.py:190} INFO - [2026-09-06T09:21:31.290+0000] {dag.py:4180} INFO - Setting next_dagrun for consume_1_and_2_with_dataset_expressions to None, run_after=None
[2026-09-06T09:21:31.292+0000] {logging_mixin.py:190} INFO - [2026-09-06T09:21:31.292+0000] {dag.py:4180} INFO - Setting next_dagrun for consume_1_or_2_with_dataset_expressions to None, run_after=None
[2026-09-06T09:21:31.294+0000] {logging_mixin.py:190} INFO - [2026-09-06T09:21:31.293+0000] {dag.py:4180} INFO - Setting next_dagrun for consume_1_or_both_2_and_3_with_dataset_expressions to None, run_after=None
[2026-09-06T09:21:31.295+0000] {logging_mixin.py:190} INFO - [2026-09-06T09:21:31.295+0000] {dag.py:4180} INFO - Setting next_dagrun for dataset_consumes_1 to None, run_after=None
[2026-09-06T09:21:31.297+0000] {logging_mixin.py:190} INFO - [2026-09-06T09:21:31.296+0000] {dag.py:4180} INFO - Setting next_dagrun for dataset_consumes_1_and_2 to None, run_after=None
[2026-09-06T09:21:31.298+0000] {logging_mixin.py:190} INFO - [2026-09-06T09:21:31.298+0000] {dag.py:4180} INFO - Setting next_dagrun for dataset_consumes_1_never_scheduled to None, run_after=None
[2026-09-06T09:21:31.299+0000] {logging_mixin.py:190} INFO - [2026-09-06T09:21:31.299+0000] {dag.py:4180} INFO - Setting next_dagrun for dataset_consumes_unknown_never_scheduled to None, run_after=None
[2026-09-06T09:21:31.301+0000] {logging_mixin.py:190} INFO - [2026-09-06T09:21:31.301+0000] {dag.py:4180} INFO - Setting next_dagrun for dataset_produces_1 to 2026-09-05 00:00:00+00:00, run_after=2026-09-06 00:00:00+00:00
[2026-09-06T09:21:31.303+0000] {logging_mixin.py:190} INFO - [2026-09-06T09:21:31.302+0000] {dag.py:4180} INFO - Setting next_dagrun for dataset_produces_2 to None, run_after=None
[2026-09-06T09:21:31.332+0000] {processor.py:208} INFO - Processing /home/airflow/.local/lib/python3.12/site-packages/airflow/example_dags/example_datasets.py took 0.499 seconds
[2026-09-06T09:22:01.699+0000] {processor.py:186} INFO - Started process (PID=3584) to work on /home/airflow/.local/lib/python3.12/site-packages/airflow/example_dags/example_datasets.py
[2026-09-06T09:22:01.700+0000] {processor.py:914} INFO - Processing file /home/airflow/.local/lib/python3.12/site-packages/airflow/example_dags/example_datasets.py for tasks to queue
[2026-09-06T09:22:01.702+0000] {logging_mixin.py:190} INFO - [2026-09-06T09:22:01.702+0000] {dagbag.py:588} INFO - Filling up the DagBag from /home/airflow/.local/lib/python3.12/site-packages/airflow/example_dags/example_datasets.py
[2026-09-06T09:22:02.021+0000] {processor.py:925} INFO - DAG(s) 'dataset_consumes_1_never_scheduled', 'dataset_consumes_1_and_2', 'dataset_consumes_unknown_never_scheduled', 'dataset_consumes_1', 'dataset_produces_1', 'consume_1_or_2_with_dataset_expressions', 'consume_1_or_both_2_and_3_with_dataset_expressions', 'consume_1_and_2_with_dataset_expressions', 'dataset_produces_2', 'conditional_dataset_and_time_based_timetable' retrieved from /home/airflow/.local/lib/python3.12/site-packages/airflow/example_dags/example_datasets.py
[2026-09-06T09:22:02.062+0000] {logging_mixin.py:190} INFO - [2026-09-06T09:22:02.061+0000] {dag.py:3239} INFO - Sync 10 DAGs
[2026-09-06T09:22:02.084+0000] {logging_mixin.py:190} INFO - [2026-09-06T09:22:02.084+0000] {dag.py:4180} INFO - Setting next_dagrun for conditional_dataset_and_time_based_timetable to 2026-09-02 01:00:00+00:00, run_after=2026-09-02 01:00:00+00:00
[2026-09-06T09:22:02.088+0000] {logging_mixin.py:190} INFO - [2026-09-06T09:22:02.088+0000] {dag.py:4180} INFO - Setting next_dagrun for consume_1_and_2_with_dataset_expressions to None, run_after=None
[2026-09-06T09:22:02.089+0000] {logging_mixin.py:190} INFO - [2026-09-06T09:22:02.089+0000] {dag.py:4180} INFO - Setting next_dagrun for consume_1_or_2_with_dataset_expressions to None, run_after=None
[2026-09-06T09:22:02.090+0000] {logging_mixin.py:190} INFO - [2026-09-06T09:22:02.090+0000] {dag.py:4180} INFO - Setting next_dagrun for consume_1_or_both_2_and_3_with_dataset_expressions to None, run_after=None
[2026-09-06T09:22:02.091+0000] {logging_mixin.py:190} INFO - [2026-09-06T09:22:02.091+0000] {dag.py:4180} INFO - Setting next_dagrun for dataset_consumes_1 to None, run_after=None
[2026-09-06T09:22:02.093+0000] {logging_mixin.py:190} INFO - [2026-09-06T09:22:02.093+0000] {dag.py:4180} INFO - Setting next_dagrun for dataset_consumes_1_and_2 to None, run_after=None
[2026-09-06T09:22:02.094+0000] {logging_mixin.py:190} INFO - [2026-09-06T09:22:02.094+0000] {dag.py:4180} INFO - Setting next_dagrun for dataset_consumes_1_never_scheduled to None, run_after=None
[2026-09-06T09:22:02.095+0000] {logging_mixin.py:190} INFO - [2026-09-06T09:22:02.095+0000] {dag.py:4180} INFO - Setting next_dagrun for dataset_consumes_unknown_never_scheduled to None, run_after=None
[2026-09-06T09:22:02.097+0000] {logging_mixin.py:190} INFO - [2026-09-06T09:22:02.097+0000] {dag.py:4180} INFO - Setting next_dagrun for dataset_produces_1 to 2026-09-05 00:00:00+00:00, run_after=2026-09-06 00:00:00+00:00
[2026-09-06T09:22:02.099+0000] {logging_mixin.py:190} INFO - [2026-09-06T09:22:02.099+0000] {dag.py:4180} INFO - Setting next_dagrun for dataset_produces_2 to None, run_after=None
[2026-09-06T09:22:02.126+0000] {processor.py:208} INFO - Processing /home/airflow/.local/lib/python3.12/site-packages/airflow/example_dags/example_datasets.py took 0.431 seconds
[2026-09-06T09:22:32.593+0000] {processor.py:186} INFO - Started process (PID=3646) to work on /home/airflow/.local/lib/python3.12/site-packages/airflow/example_dags/example_datasets.py
[2026-09-06T09:22:32.594+0000] {processor.py:914} INFO - Processing file /home/airflow/.local/lib/python3.12/site-packages/airflow/example_dags/example_datasets.py for tasks to queue
[2026-09-06T09:22:32.596+0000] {logging_mixin.py:190} INFO - [2026-09-06T09:22:32.596+0000] {dagbag.py:588} INFO - Filling up the DagBag from /home/airflow/.local/lib/python3.12/site-packages/airflow/example_dags/example_datasets.py
[2026-09-06T09:22:32.907+0000] {processor.py:925} INFO - DAG(s) 'dataset_produces_1', 'consume_1_and_2_with_dataset_expressions', 'dataset_produces_2', 'consume_1_or_2_with_dataset_expressions', 'dataset_consumes_1', 'dataset_consumes_1_and_2', 'dataset_consumes_unknown_never_scheduled', 'conditional_dataset_and_time_based_timetable', 'dataset_consumes_1_never_scheduled', 'consume_1_or_both_2_and_3_with_dataset_expressions' retrieved from /home/airflow/.local/lib/python3.12/site-packages/airflow/example_dags/example_datasets.py
[2026-09-06T09:22:32.938+0000] {logging_mixin.py:190} INFO - [2026-09-06T09:22:32.938+0000] {dag.py:3239} INFO - Sync 10 DAGs
[2026-09-06T09:22:32.959+0000] {logging_mixin.py:190} INFO - [2026-09-06T09:22:32.958+0000] {dag.py:4180} INFO - Setting next_dagrun for conditional_dataset_and_time_based_timetable to 2026-09-02 01:00:00+00:00, run_after=2026-09-02 01:00:00+00:00
[2026-09-06T09:22:32.961+0000] {logging_mixin.py:190} INFO - [2026-09-06T09:22:32.961+0000] {dag.py:4180} INFO - Setting next_dagrun for consume_1_and_2_with_dataset_expressions to None, run_after=None
[2026-09-06T09:22:32.962+0000] {logging_mixin.py:190} INFO - [2026-09-06T09:22:32.962+0000] {dag.py:4180} INFO - Setting next_dagrun for consume_1_or_2_with_dataset_expressions to None, run_after=None
[2026-09-06T09:22:32.964+0000] {logging_mixin.py:190} INFO - [2026-09-06T09:22:32.963+0000] {dag.py:4180} INFO - Setting next_dagrun for consume_1_or_both_2_and_3_with_dataset_expressions to None, run_after=None
[2026-09-06T09:22:32.965+0000] {logging_mixin.py:190} INFO - [2026-09-06T09:22:32.965+0000] {dag.py:4180} INFO - Setting next_dagrun for dataset_consumes_1 to None, run_after=None
[2026-09-06T09:22:32.966+0000] {logging_mixin.py:190} INFO - [2026-09-06T09:22:32.966+0000] {dag.py:4180} INFO - Setting next_dagrun for dataset_consumes_1_and_2 to None, run_after=None
[2026-09-06T09:22:32.967+0000] {logging_mixin.py:190} INFO - [2026-09-06T09:22:32.967+0000] {dag.py:4180} INFO - Setting next_dagrun for dataset_consumes_1_never_scheduled to None, run_after=None
[2026-09-06T09:22:32.968+0000] {logging_mixin.py:190} INFO - [2026-09-06T09:22:32.968+0000] {dag.py:4180} INFO - Setting next_dagrun for dataset_consumes_unknown_never_scheduled to None, run_after=None
[2026-09-06T09:22:32.970+0000] {logging_mixin.py:190} INFO - [2026-09-06T09:22:32.970+0000] {dag.py:4180} INFO - Setting next_dagrun for dataset_produces_1 to 2026-09-05 00:00:00+00:00, run_after=2026-09-06 00:00:00+00:00
[2026-09-06T09:22:32.971+0000] {logging_mixin.py:190} INFO - [2026-09-06T09:22:32.971+0000] {dag.py:4180} INFO - Setting next_dagrun for dataset_produces_2 to None, run_after=None
[2026-09-06T09:22:32.997+0000] {processor.py:208} INFO - Processing /home/airflow/.local/lib/python3.12/site-packages/airflow/example_dags/example_datasets.py took 0.409 seconds
[2026-09-06T09:23:03.697+0000] {processor.py:186} INFO - Started process (PID=3710) to work on /home/airflow/.local/lib/python3.12/site-packages/airflow/example_dags/example_datasets.py
[2026-09-06T09:23:03.698+0000] {processor.py:914} INFO - Processing file /home/airflow/.local/lib/python3.12/site-packages/airflow/example_dags/example_datasets.py for tasks to queue
[2026-09-06T09:23:03.700+0000] {logging_mixin.py:190} INFO - [2026-09-06T09:23:03.700+0000] {dagbag.py:588} INFO - Filling up the DagBag from /home/airflow/.local/lib/python3.12/site-packages/airflow/example_dags/example_datasets.py
[2026-09-06T09:23:04.034+0000] {processor.py:925} INFO - DAG(s) 'dataset_consumes_1_and_2', 'dataset_consumes_1_never_scheduled', 'dataset_consumes_1', 'consume_1_or_2_with_dataset_expressions', 'dataset_consumes_unknown_never_scheduled', 'dataset_produces_2', 'conditional_dataset_and_time_based_timetable', 'consume_1_or_both_2_and_3_with_dataset_expressions', 'consume_1_and_2_with_dataset_expressions', 'dataset_produces_1' retrieved from /home/airflow/.local/lib/python3.12/site-packages/airflow/example_dags/example_datasets.py
[2026-09-06T09:23:04.067+0000] {logging_mixin.py:190} INFO - [2026-09-06T09:23:04.067+0000] {dag.py:3239} INFO - Sync 10 DAGs
[2026-09-06T09:23:04.089+0000] {logging_mixin.py:190} INFO - [2026-09-06T09:23:04.089+0000] {dag.py:4180} INFO - Setting next_dagrun for conditional_dataset_and_time_based_timetable to 2026-09-02 01:00:00+00:00, run_after=2026-09-02 01:00:00+00:00
[2026-09-06T09:23:04.093+0000] {logging_mixin.py:190} INFO - [2026-09-06T09:23:04.093+0000] {dag.py:4180} INFO - Setting next_dagrun for consume_1_and_2_with_dataset_expressions to None, run_after=None
[2026-09-06T09:23:04.094+0000] {logging_mixin.py:190} INFO - [2026-09-06T09:23:04.094+0000] {dag.py:4180} INFO - Setting next_dagrun for consume_1_or_2_with_dataset_expressions to None, run_after=None
[2026-09-06T09:23:04.095+0000] {logging_mixin.py:190} INFO - [2026-09-06T09:23:04.095+0000] {dag.py:4180} INFO - Setting next_dagrun for consume_1_or_both_2_and_3_with_dataset_expressions to None, run_after=None
[2026-09-06T09:23:04.096+0000] {logging_mixin.py:190} INFO - [2026-09-06T09:23:04.096+0000] {dag.py:4180} INFO - Setting next_dagrun for dataset_consumes_1 to None, run_after=None
[2026-09-06T09:23:04.098+0000] {logging_mixin.py:190} INFO - [2026-09-06T09:23:04.098+0000] {dag.py:4180} INFO - Setting next_dagrun for dataset_consumes_1_and_2 to None, run_after=None
[2026-09-06T09:23:04.099+0000] {logging_mixin.py:190} INFO - [2026-09-06T09:23:04.099+0000] {dag.py:4180} INFO - Setting next_dagrun for dataset_consumes_1_never_scheduled to None, run_after=None
[2026-09-06T09:23:04.100+0000] {logging_mixin.py:190} INFO - [2026-09-06T09:23:04.100+0000] {dag.py:4180} INFO - Setting next_dagrun for dataset_consumes_unknown_never_scheduled to None, run_after=None
[2026-09-06T09:23:04.102+0000] {logging_mixin.py:190} INFO - [2026-09-06T09:23:04.102+0000] {dag.py:4180} INFO - Setting next_dagrun for dataset_produces_1 to 2026-09-05 00:00:00+00:00, run_after=2026-09-06 00:00:00+00:00
[2026-09-06T09:23:04.103+0000] {logging_mixin.py:190} INFO - [2026-09-06T09:23:04.103+0000] {dag.py:4180} INFO - Setting next_dagrun for dataset_produces_2 to None, run_after=None
[2026-09-06T09:23:04.131+0000] {processor.py:208} INFO - Processing /home/airflow/.local/lib/python3.12/site-packages/airflow/example_dags/example_datasets.py took 0.440 seconds
[2026-09-06T09:23:34.414+0000] {processor.py:186} INFO - Started process (PID=3772) to work on /home/airflow/.local/lib/python3.12/site-packages/airflow/example_dags/example_datasets.py
[2026-09-06T09:23:34.415+0000] {processor.py:914} INFO - Processing file /home/airflow/.local/lib/python3.12/site-packages/airflow/example_dags/example_datasets.py for tasks to queue
[2026-09-06T09:23:34.417+0000] {logging_mixin.py:190} INFO - [2026-09-06T09:23:34.417+0000] {dagbag.py:588} INFO - Filling up the DagBag from /home/airflow/.local/lib/python3.12/site-packages/airflow/example_dags/example_datasets.py
[2026-09-06T09:23:34.761+0000] {processor.py:925} INFO - DAG(s) 'dataset_produces_1', 'consume_1_or_both_2_and_3_with_dataset_expressions', 'dataset_consumes_1', 'conditional_dataset_and_time_based_timetable', 'dataset_consumes_unknown_never_scheduled', 'dataset_consumes_1_never_scheduled', 'dataset_consumes_1_and_2', 'consume_1_and_2_with_dataset_expressions', 'consume_1_or_2_with_dataset_expressions', 'dataset_produces_2' retrieved from /home/airflow/.local/lib/python3.12/site-packages/airflow/example_dags/example_datasets.py
[2026-09-06T09:23:34.795+0000] {logging_mixin.py:190} INFO - [2026-09-06T09:23:34.795+0000] {dag.py:3239} INFO - Sync 10 DAGs
[2026-09-06T09:23:34.817+0000] {logging_mixin.py:190} INFO - [2026-09-06T09:23:34.817+0000] {dag.py:4180} INFO - Setting next_dagrun for conditional_dataset_and_time_based_timetable to 2026-09-02 01:00:00+00:00, run_after=2026-09-02 01:00:00+00:00
[2026-09-06T09:23:34.820+0000] {logging_mixin.py:190} INFO - [2026-09-06T09:23:34.820+0000] {dag.py:4180} INFO - Setting next_dagrun for consume_1_and_2_with_dataset_expressions to None, run_after=None
[2026-09-06T09:23:34.822+0000] {logging_mixin.py:190} INFO - [2026-09-06T09:23:34.822+0000] {dag.py:4180} INFO - Setting next_dagrun for consume_1_or_2_with_dataset_expressions to None, run_after=None
[2026-09-06T09:23:34.823+0000] {logging_mixin.py:190} INFO - [2026-09-06T09:23:34.823+0000] {dag.py:4180} INFO - Setting next_dagrun for consume_1_or_both_2_and_3_with_dataset_expressions to None, run_after=None
[2026-09-06T09:23:34.824+0000] {logging_mixin.py:190} INFO - [2026-09-06T09:23:34.824+0000] {dag.py:4180} INFO - Setting next_dagrun for dataset_consumes_1 to None, run_after=None
[2026-09-06T09:23:34.825+0000] {logging_mixin.py:190} INFO - [2026-09-06T09:23:34.825+0000] {dag.py:4180} INFO - Setting next_dagrun for dataset_consumes_1_and_2 to None, run_after=None
[2026-09-06T09:23:34.826+0000] {logging_mixin.py:190} INFO - [2026-09-06T09:23:34.826+0000] {dag.py:4180} INFO - Setting next_dagrun for dataset_consumes_1_never_scheduled to None, run_after=None
[2026-09-06T09:23:34.828+0000] {logging_mixin.py:190} INFO - [2026-09-06T09:23:34.827+0000] {dag.py:4180} INFO - Setting next_dagrun for dataset_consumes_unknown_never_scheduled to None, run_after=None
[2026-09-06T09:23:34.830+0000] {logging_mixin.py:190} INFO - [2026-09-06T09:23:34.829+0000] {dag.py:4180} INFO - Setting next_dagrun for dataset_produces_1 to 2026-09-05 00:00:00+00:00, run_after=2026-09-06 00:00:00+00:00
[2026-09-06T09:23:34.831+0000] {logging_mixin.py:190} INFO - [2026-09-06T09:23:34.831+0000] {dag.py:4180} INFO - Setting next_dagrun for dataset_produces_2 to None, run_after=None
[2026-09-06T09:23:34.858+0000] {processor.py:208} INFO - Processing /home/airflow/.local/lib/python3.12/site-packages/airflow/example_dags/example_datasets.py took 0.450 seconds
[2026-09-06T09:24:05.704+0000] {processor.py:186} INFO - Started process (PID=3838) to work on /home/airflow/.local/lib/python3.12/site-packages/airflow/example_dags/example_datasets.py
[2026-09-06T09:24:05.705+0000] {processor.py:914} INFO - Processing file /home/airflow/.local/lib/python3.12/site-packages/airflow/example_dags/example_datasets.py for tasks to queue
[2026-09-06T09:24:05.708+0000] {logging_mixin.py:190} INFO - [2026-09-06T09:24:05.708+0000] {dagbag.py:588} INFO - Filling up the DagBag from /home/airflow/.local/lib/python3.12/site-packages/airflow/example_dags/example_datasets.py
[2026-09-06T09:24:06.035+0000] {processor.py:925} INFO - DAG(s) 'dataset_produces_2', 'consume_1_or_both_2_and_3_with_dataset_expressions', 'dataset_consumes_1_and_2', 'consume_1_and_2_with_dataset_expressions', 'dataset_consumes_1', 'dataset_consumes_1_never_scheduled', 'conditional_dataset_and_time_based_timetable', 'dataset_consumes_unknown_never_scheduled', 'dataset_produces_1', 'consume_1_or_2_with_dataset_expressions' retrieved from /home/airflow/.local/lib/python3.12/site-packages/airflow/example_dags/example_datasets.py
[2026-09-06T09:24:06.067+0000] {logging_mixin.py:190} INFO - [2026-09-06T09:24:06.067+0000] {dag.py:3239} INFO - Sync 10 DAGs
[2026-09-06T09:24:06.089+0000] {logging_mixin.py:190} INFO - [2026-09-06T09:24:06.089+0000] {dag.py:4180} INFO - Setting next_dagrun for conditional_dataset_and_time_based_timetable to 2026-09-02 01:00:00+00:00, run_after=2026-09-02 01:00:00+00:00
[2026-09-06T09:24:06.092+0000] {logging_mixin.py:190} INFO - [2026-09-06T09:24:06.092+0000] {dag.py:4180} INFO - Setting next_dagrun for consume_1_and_2_with_dataset_expressions to None, run_after=None
[2026-09-06T09:24:06.093+0000] {logging_mixin.py:190} INFO - [2026-09-06T09:24:06.093+0000] {dag.py:4180} INFO - Setting next_dagrun for consume_1_or_2_with_dataset_expressions to None, run_after=None
[2026-09-06T09:24:06.095+0000] {logging_mixin.py:190} INFO - [2026-09-06T09:24:06.095+0000] {dag.py:4180} INFO - Setting next_dagrun for consume_1_or_both_2_and_3_with_dataset_expressions to None, run_after=None
[2026-09-06T09:24:06.096+0000] {logging_mixin.py:190} INFO - [2026-09-06T09:24:06.096+0000] {dag.py:4180} INFO - Setting next_dagrun for dataset_consumes_1 to None, run_after=None
[2026-09-06T09:24:06.097+0000] {logging_mixin.py:190} INFO - [2026-09-06T09:24:06.097+0000] {dag.py:4180} INFO - Setting next_dagrun for dataset_consumes_1_and_2 to None, run_after=None
[2026-09-06T09:24:06.098+0000] {logging_mixin.py:190} INFO - [2026-09-06T09:24:06.098+0000] {dag.py:4180} INFO - Setting next_dagrun for dataset_consumes_1_never_scheduled to None, run_after=None
[2026-09-06T09:24:06.099+0000] {logging_mixin.py:190} INFO - [2026-09-06T09:24:06.099+0000] {dag.py:4180} INFO - Setting next_dagrun for dataset_consumes_unknown_never_scheduled to None, run_after=None
[2026-09-06T09:24:06.101+0000] {logging_mixin.py:190} INFO - [2026-09-06T09:24:06.101+0000] {dag.py:4180} INFO - Setting next_dagrun for dataset_produces_1 to 2026-09-05 00:00:00+00:00, run_after=2026-09-06 00:00:00+00:00
[2026-09-06T09:24:06.102+0000] {logging_mixin.py:190} INFO - [2026-09-06T09:24:06.102+0000] {dag.py:4180} INFO - Setting next_dagrun for dataset_produces_2 to None, run_after=None
[2026-09-06T09:24:06.130+0000] {processor.py:208} INFO - Processing /home/airflow/.local/lib/python3.12/site-packages/airflow/example_dags/example_datasets.py took 0.430 seconds
[2026-09-06T09:24:36.985+0000] {processor.py:186} INFO - Started process (PID=3903) to work on /home/airflow/.local/lib/python3.12/site-packages/airflow/example_dags/example_datasets.py
[2026-09-06T09:24:36.986+0000] {processor.py:914} INFO - Processing file /home/airflow/.local/lib/python3.12/site-packages/airflow/example_dags/example_datasets.py for tasks to queue
[2026-09-06T09:24:36.988+0000] {logging_mixin.py:190} INFO - [2026-09-06T09:24:36.988+0000] {dagbag.py:588} INFO - Filling up the DagBag from /home/airflow/.local/lib/python3.12/site-packages/airflow/example_dags/example_datasets.py
[2026-09-06T09:24:37.308+0000] {processor.py:925} INFO - DAG(s) 'dataset_produces_1', 'consume_1_or_both_2_and_3_with_dataset_expressions', 'dataset_consumes_1', 'dataset_consumes_unknown_never_scheduled', 'conditional_dataset_and_time_based_timetable', 'consume_1_and_2_with_dataset_expressions', 'dataset_consumes_1_never_scheduled', 'dataset_consumes_1_and_2', 'dataset_produces_2', 'consume_1_or_2_with_dataset_expressions' retrieved from /home/airflow/.local/lib/python3.12/site-packages/airflow/example_dags/example_datasets.py
[2026-09-06T09:24:37.341+0000] {logging_mixin.py:190} INFO - [2026-09-06T09:24:37.340+0000] {dag.py:3239} INFO - Sync 10 DAGs
[2026-09-06T09:24:37.362+0000] {logging_mixin.py:190} INFO - [2026-09-06T09:24:37.361+0000] {dag.py:4180} INFO - Setting next_dagrun for conditional_dataset_and_time_based_timetable to 2026-09-02 01:00:00+00:00, run_after=2026-09-02 01:00:00+00:00
[2026-09-06T09:24:37.365+0000] {logging_mixin.py:190} INFO - [2026-09-06T09:24:37.365+0000] {dag.py:4180} INFO - Setting next_dagrun for consume_1_and_2_with_dataset_expressions to None, run_after=None
[2026-09-06T09:24:37.366+0000] {logging_mixin.py:190} INFO - [2026-09-06T09:24:37.366+0000] {dag.py:4180} INFO - Setting next_dagrun for consume_1_or_2_with_dataset_expressions to None, run_after=None
[2026-09-06T09:24:37.367+0000] {logging_mixin.py:190} INFO - [2026-09-06T09:24:37.367+0000] {dag.py:4180} INFO - Setting next_dagrun for consume_1_or_both_2_and_3_with_dataset_expressions to None, run_after=None
[2026-09-06T09:24:37.368+0000] {logging_mixin.py:190} INFO - [2026-09-06T09:24:37.368+0000] {dag.py:4180} INFO - Setting next_dagrun for dataset_consumes_1 to None, run_after=None
[2026-09-06T09:24:37.370+0000] {logging_mixin.py:190} INFO - [2026-09-06T09:24:37.370+0000] {dag.py:4180} INFO - Setting next_dagrun for dataset_consumes_1_and_2 to None, run_after=None
[2026-09-06T09:24:37.371+0000] {logging_mixin.py:190} INFO - [2026-09-06T09:24:37.371+0000] {dag.py:4180} INFO - Setting next_dagrun for dataset_consumes_1_never_scheduled to None, run_after=None
[2026-09-06T09:24:37.372+0000] {logging_mixin.py:190} INFO - [2026-09-06T09:24:37.372+0000] {dag.py:4180} INFO - Setting next_dagrun for dataset_consumes_unknown_never_scheduled to None, run_after=None
[2026-09-06T09:24:37.374+0000] {logging_mixin.py:190} INFO - [2026-09-06T09:24:37.374+0000] {dag.py:4180} INFO - Setting next_dagrun for dataset_produces_1 to 2026-09-05 00:00:00+00:00, run_after=2026-09-06 00:00:00+00:00
[2026-09-06T09:24:37.375+0000] {logging_mixin.py:190} INFO - [2026-09-06T09:24:37.375+0000] {dag.py:4180} INFO - Setting next_dagrun for dataset_produces_2 to None, run_after=None
[2026-09-06T09:24:37.402+0000] {processor.py:208} INFO - Processing /home/airflow/.local/lib/python3.12/site-packages/airflow/example_dags/example_datasets.py took 0.421 seconds
[2026-09-06T09:25:07.776+0000] {processor.py:186} INFO - Started process (PID=3962) to work on /home/airflow/.local/lib/python3.12/site-packages/airflow/example_dags/example_datasets.py
[2026-09-06T09:25:07.778+0000] {processor.py:914} INFO - Processing file /home/airflow/.local/lib/python3.12/site-packages/airflow/example_dags/example_datasets.py for tasks to queue
[2026-09-06T09:25:07.780+0000] {logging_mixin.py:190} INFO - [2026-09-06T09:25:07.780+0000] {dagbag.py:588} INFO - Filling up the DagBag from /home/airflow/.local/lib/python3.12/site-packages/airflow/example_dags/example_datasets.py
[2026-09-06T09:25:08.175+0000] {processor.py:925} INFO - DAG(s) 'dataset_consumes_1_and_2', 'dataset_consumes_1', 'consume_1_and_2_with_dataset_expressions', 'dataset_produces_1', 'consume_1_or_both_2_and_3_with_dataset_expressions', 'dataset_produces_2', 'conditional_dataset_and_time_based_timetable', 'dataset_consumes_unknown_never_scheduled', 'consume_1_or_2_with_dataset_expressions', 'dataset_consumes_1_never_scheduled' retrieved from /home/airflow/.local/lib/python3.12/site-packages/airflow/example_dags/example_datasets.py
[2026-09-06T09:25:08.210+0000] {logging_mixin.py:190} INFO - [2026-09-06T09:25:08.210+0000] {dag.py:3239} INFO - Sync 10 DAGs
[2026-09-06T09:25:08.241+0000] {logging_mixin.py:190} INFO - [2026-09-06T09:25:08.240+0000] {dag.py:4180} INFO - Setting next_dagrun for conditional_dataset_and_time_based_timetable to 2026-09-02 01:00:00+00:00, run_after=2026-09-02 01:00:00+00:00
[2026-09-06T09:25:08.245+0000] {logging_mixin.py:190} INFO - [2026-09-06T09:25:08.245+0000] {dag.py:4180} INFO - Setting next_dagrun for consume_1_and_2_with_dataset_expressions to None, run_after=None
[2026-09-06T09:25:08.248+0000] {logging_mixin.py:190} INFO - [2026-09-06T09:25:08.248+0000] {dag.py:4180} INFO - Setting next_dagrun for consume_1_or_2_with_dataset_expressions to None, run_after=None
[2026-09-06T09:25:08.249+0000] {logging_mixin.py:190} INFO - [2026-09-06T09:25:08.249+0000] {dag.py:4180} INFO - Setting next_dagrun for consume_1_or_both_2_and_3_with_dataset_expressions to None, run_after=None
[2026-09-06T09:25:08.251+0000] {logging_mixin.py:190} INFO - [2026-09-06T09:25:08.251+0000] {dag.py:4180} INFO - Setting next_dagrun for dataset_consumes_1 to None, run_after=None
[2026-09-06T09:25:08.253+0000] {logging_mixin.py:190} INFO - [2026-09-06T09:25:08.252+0000] {dag.py:4180} INFO - Setting next_dagrun for dataset_consumes_1_and_2 to None, run_after=None
[2026-09-06T09:25:08.254+0000] {logging_mixin.py:190} INFO - [2026-09-06T09:25:08.254+0000] {dag.py:4180} INFO - Setting next_dagrun for dataset_consumes_1_never_scheduled to None, run_after=None
[2026-09-06T09:25:08.255+0000] {logging_mixin.py:190} INFO - [2026-09-06T09:25:08.255+0000] {dag.py:4180} INFO - Setting next_dagrun for dataset_consumes_unknown_never_scheduled to None, run_after=None
[2026-09-06T09:25:08.258+0000] {logging_mixin.py:190} INFO - [2026-09-06T09:25:08.258+0000] {dag.py:4180} INFO - Setting next_dagrun for dataset_produces_1 to 2026-09-05 00:00:00+00:00, run_after=2026-09-06 00:00:00+00:00
[2026-09-06T09:25:08.260+0000] {logging_mixin.py:190} INFO - [2026-09-06T09:25:08.260+0000] {dag.py:4180} INFO - Setting next_dagrun for dataset_produces_2 to None, run_after=None
[2026-09-06T09:25:08.297+0000] {processor.py:208} INFO - Processing /home/airflow/.local/lib/python3.12/site-packages/airflow/example_dags/example_datasets.py took 0.526 seconds
[2026-09-06T09:25:38.346+0000] {processor.py:186} INFO - Started process (PID=4030) to work on /home/airflow/.local/lib/python3.12/site-packages/airflow/example_dags/example_datasets.py
[2026-09-06T09:25:38.347+0000] {processor.py:914} INFO - Processing file /home/airflow/.local/lib/python3.12/site-packages/airflow/example_dags/example_datasets.py for tasks to queue
[2026-09-06T09:25:38.349+0000] {logging_mixin.py:190} INFO - [2026-09-06T09:25:38.349+0000] {dagbag.py:588} INFO - Filling up the DagBag from /home/airflow/.local/lib/python3.12/site-packages/airflow/example_dags/example_datasets.py
[2026-09-06T09:25:38.679+0000] {processor.py:925} INFO - DAG(s) 'consume_1_and_2_with_dataset_expressions', 'dataset_produces_1', 'consume_1_or_2_with_dataset_expressions', 'dataset_consumes_1_and_2', 'dataset_consumes_1_never_scheduled', 'consume_1_or_both_2_and_3_with_dataset_expressions', 'conditional_dataset_and_time_based_timetable', 'dataset_consumes_1', 'dataset_consumes_unknown_never_scheduled', 'dataset_produces_2' retrieved from /home/airflow/.local/lib/python3.12/site-packages/airflow/example_dags/example_datasets.py
[2026-09-06T09:25:38.711+0000] {logging_mixin.py:190} INFO - [2026-09-06T09:25:38.711+0000] {dag.py:3239} INFO - Sync 10 DAGs
[2026-09-06T09:25:38.739+0000] {logging_mixin.py:190} INFO - [2026-09-06T09:25:38.739+0000] {dag.py:4180} INFO - Setting next_dagrun for conditional_dataset_and_time_based_timetable to 2026-09-02 01:00:00+00:00, run_after=2026-09-02 01:00:00+00:00
[2026-09-06T09:25:38.742+0000] {logging_mixin.py:190} INFO - [2026-09-06T09:25:38.742+0000] {dag.py:4180} INFO - Setting next_dagrun for consume_1_and_2_with_dataset_expressions to None, run_after=None
[2026-09-06T09:25:38.744+0000] {logging_mixin.py:190} INFO - [2026-09-06T09:25:38.744+0000] {dag.py:4180} INFO - Setting next_dagrun for consume_1_or_2_with_dataset_expressions to None, run_after=None
[2026-09-06T09:25:38.745+0000] {logging_mixin.py:190} INFO - [2026-09-06T09:25:38.745+0000] {dag.py:4180} INFO - Setting next_dagrun for consume_1_or_both_2_and_3_with_dataset_expressions to None, run_after=None
[2026-09-06T09:25:38.746+0000] {logging_mixin.py:190} INFO - [2026-09-06T09:25:38.746+0000] {dag.py:4180} INFO - Setting next_dagrun for dataset_consumes_1 to None, run_after=None
[2026-09-06T09:25:38.747+0000] {logging_mixin.py:190} INFO - [2026-09-06T09:25:38.747+0000] {dag.py:4180} INFO - Setting next_dagrun for dataset_consumes_1_and_2 to None, run_after=None
[2026-09-06T09:25:38.748+0000] {logging_mixin.py:190} INFO - [2026-09-06T09:25:38.748+0000] {dag.py:4180} INFO - Setting next_dagrun for dataset_consumes_1_never_scheduled to None, run_after=None
[2026-09-06T09:25:38.749+0000] {logging_mixin.py:190} INFO - [2026-09-06T09:25:38.749+0000] {dag.py:4180} INFO - Setting next_dagrun for dataset_consumes_unknown_never_scheduled to None, run_after=None
[2026-09-06T09:25:38.751+0000] {logging_mixin.py:190} INFO - [2026-09-06T09:25:38.751+0000] {dag.py:4180} INFO - Setting next_dagrun for dataset_produces_1 to 2026-09-05 00:00:00+00:00, run_after=2026-09-06 00:00:00+00:00
[2026-09-06T09:25:38.753+0000] {logging_mixin.py:190} INFO - [2026-09-06T09:25:38.752+0000] {dag.py:4180} INFO - Setting next_dagrun for dataset_produces_2 to None, run_after=None
[2026-09-06T09:25:38.779+0000] {processor.py:208} INFO - Processing /home/airflow/.local/lib/python3.12/site-packages/airflow/example_dags/example_datasets.py took 0.438 seconds
[2026-09-06T09:26:08.828+0000] {processor.py:186} INFO - Started process (PID=4094) to work on /home/airflow/.local/lib/python3.12/site-packages/airflow/example_dags/example_datasets.py
[2026-09-06T09:26:08.829+0000] {processor.py:914} INFO - Processing file /home/airflow/.local/lib/python3.12/site-packages/airflow/example_dags/example_datasets.py for tasks to queue
[2026-09-06T09:26:08.832+0000] {logging_mixin.py:190} INFO - [2026-09-06T09:26:08.831+0000] {dagbag.py:588} INFO - Filling up the DagBag from /home/airflow/.local/lib/python3.12/site-packages/airflow/example_dags/example_datasets.py
[2026-09-06T09:26:09.177+0000] {processor.py:925} INFO - DAG(s) 'consume_1_or_2_with_dataset_expressions', 'conditional_dataset_and_time_based_timetable', 'consume_1_or_both_2_and_3_with_dataset_expressions', 'dataset_consumes_1_never_scheduled', 'dataset_produces_1', 'dataset_consumes_1', 'dataset_consumes_unknown_never_scheduled', 'dataset_consumes_1_and_2', 'consume_1_and_2_with_dataset_expressions', 'dataset_produces_2' retrieved from /home/airflow/.local/lib/python3.12/site-packages/airflow/example_dags/example_datasets.py
[2026-09-06T09:26:09.208+0000] {logging_mixin.py:190} INFO - [2026-09-06T09:26:09.208+0000] {dag.py:3239} INFO - Sync 10 DAGs
[2026-09-06T09:26:09.229+0000] {logging_mixin.py:190} INFO - [2026-09-06T09:26:09.229+0000] {dag.py:4180} INFO - Setting next_dagrun for conditional_dataset_and_time_based_timetable to 2026-09-02 01:00:00+00:00, run_after=2026-09-02 01:00:00+00:00
[2026-09-06T09:26:09.233+0000] {logging_mixin.py:190} INFO - [2026-09-06T09:26:09.232+0000] {dag.py:4180} INFO - Setting next_dagrun for consume_1_and_2_with_dataset_expressions to None, run_after=None
[2026-09-06T09:26:09.234+0000] {logging_mixin.py:190} INFO - [2026-09-06T09:26:09.234+0000] {dag.py:4180} INFO - Setting next_dagrun for consume_1_or_2_with_dataset_expressions to None, run_after=None
[2026-09-06T09:26:09.235+0000] {logging_mixin.py:190} INFO - [2026-09-06T09:26:09.235+0000] {dag.py:4180} INFO - Setting next_dagrun for consume_1_or_both_2_and_3_with_dataset_expressions to None, run_after=None
[2026-09-06T09:26:09.236+0000] {logging_mixin.py:190} INFO - [2026-09-06T09:26:09.236+0000] {dag.py:4180} INFO - Setting next_dagrun for dataset_consumes_1 to None, run_after=None
[2026-09-06T09:26:09.237+0000] {logging_mixin.py:190} INFO - [2026-09-06T09:26:09.237+0000] {dag.py:4180} INFO - Setting next_dagrun for dataset_consumes_1_and_2 to None, run_after=None
[2026-09-06T09:26:09.238+0000] {logging_mixin.py:190} INFO - [2026-09-06T09:26:09.238+0000] {dag.py:4180} INFO - Setting next_dagrun for dataset_consumes_1_never_scheduled to None, run_after=None
[2026-09-06T09:26:09.239+0000] {logging_mixin.py:190} INFO - [2026-09-06T09:26:09.239+0000] {dag.py:4180} INFO - Setting next_dagrun for dataset_consumes_unknown_never_scheduled to None, run_after=None
[2026-09-06T09:26:09.241+0000] {logging_mixin.py:190} INFO - [2026-09-06T09:26:09.241+0000] {dag.py:4180} INFO - Setting next_dagrun for dataset_produces_1 to 2026-09-05 00:00:00+00:00, run_after=2026-09-06 00:00:00+00:00
[2026-09-06T09:26:09.242+0000] {logging_mixin.py:190} INFO - [2026-09-06T09:26:09.242+0000] {dag.py:4180} INFO - Setting next_dagrun for dataset_produces_2 to None, run_after=None
[2026-09-06T09:26:09.269+0000] {processor.py:208} INFO - Processing /home/airflow/.local/lib/python3.12/site-packages/airflow/example_dags/example_datasets.py took 0.446 seconds
[2026-09-06T09:26:40.160+0000] {processor.py:186} INFO - Started process (PID=4158) to work on /home/airflow/.local/lib/python3.12/site-packages/airflow/example_dags/example_datasets.py
[2026-09-06T09:26:40.161+0000] {processor.py:914} INFO - Processing file /home/airflow/.local/lib/python3.12/site-packages/airflow/example_dags/example_datasets.py for tasks to queue
[2026-09-06T09:26:40.164+0000] {logging_mixin.py:190} INFO - [2026-09-06T09:26:40.164+0000] {dagbag.py:588} INFO - Filling up the DagBag from /home/airflow/.local/lib/python3.12/site-packages/airflow/example_dags/example_datasets.py
[2026-09-06T09:26:40.521+0000] {processor.py:925} INFO - DAG(s) 'dataset_produces_1', 'conditional_dataset_and_time_based_timetable', 'dataset_consumes_1_and_2', 'dataset_consumes_1_never_scheduled', 'consume_1_or_both_2_and_3_with_dataset_expressions', 'dataset_consumes_1', 'consume_1_or_2_with_dataset_expressions', 'dataset_consumes_unknown_never_scheduled', 'consume_1_and_2_with_dataset_expressions', 'dataset_produces_2' retrieved from /home/airflow/.local/lib/python3.12/site-packages/airflow/example_dags/example_datasets.py
[2026-09-06T09:26:40.564+0000] {logging_mixin.py:190} INFO - [2026-09-06T09:26:40.564+0000] {dag.py:3239} INFO - Sync 10 DAGs
[2026-09-06T09:26:40.605+0000] {logging_mixin.py:190} INFO - [2026-09-06T09:26:40.605+0000] {dag.py:4180} INFO - Setting next_dagrun for conditional_dataset_and_time_based_timetable to 2026-09-02 01:00:00+00:00, run_after=2026-09-02 01:00:00+00:00
[2026-09-06T09:26:40.609+0000] {logging_mixin.py:190} INFO - [2026-09-06T09:26:40.609+0000] {dag.py:4180} INFO - Setting next_dagrun for consume_1_and_2_with_dataset_expressions to None, run_after=None
[2026-09-06T09:26:40.611+0000] {logging_mixin.py:190} INFO - [2026-09-06T09:26:40.611+0000] {dag.py:4180} INFO - Setting next_dagrun for consume_1_or_2_with_dataset_expressions to None, run_after=None
[2026-09-06T09:26:40.612+0000] {logging_mixin.py:190} INFO - [2026-09-06T09:26:40.612+0000] {dag.py:4180} INFO - Setting next_dagrun for consume_1_or_both_2_and_3_with_dataset_expressions to None, run_after=None
[2026-09-06T09:26:40.613+0000] {logging_mixin.py:190} INFO - [2026-09-06T09:26:40.613+0000] {dag.py:4180} INFO - Setting next_dagrun for dataset_consumes_1 to None, run_after=None
[2026-09-06T09:26:40.614+0000] {logging_mixin.py:190} INFO - [2026-09-06T09:26:40.614+0000] {dag.py:4180} INFO - Setting next_dagrun for dataset_consumes_1_and_2 to None, run_after=None
[2026-09-06T09:26:40.616+0000] {logging_mixin.py:190} INFO - [2026-09-06T09:26:40.616+0000] {dag.py:4180} INFO - Setting next_dagrun for dataset_consumes_1_never_scheduled to None, run_after=None
[2026-09-06T09:26:40.617+0000] {logging_mixin.py:190} INFO - [2026-09-06T09:26:40.617+0000] {dag.py:4180} INFO - Setting next_dagrun for dataset_consumes_unknown_never_scheduled to None, run_after=None
[2026-09-06T09:26:40.619+0000] {logging_mixin.py:190} INFO - [2026-09-06T09:26:40.619+0000] {dag.py:4180} INFO - Setting next_dagrun for dataset_produces_1 to 2026-09-05 00:00:00+00:00, run_after=2026-09-06 00:00:00+00:00
[2026-09-06T09:26:40.621+0000] {logging_mixin.py:190} INFO - [2026-09-06T09:26:40.621+0000] {dag.py:4180} INFO - Setting next_dagrun for dataset_produces_2 to None, run_after=None
[2026-09-06T09:26:40.651+0000] {processor.py:208} INFO - Processing /home/airflow/.local/lib/python3.12/site-packages/airflow/example_dags/example_datasets.py took 0.497 seconds
[2026-09-06T09:27:11.370+0000] {processor.py:186} INFO - Started process (PID=4224) to work on /home/airflow/.local/lib/python3.12/site-packages/airflow/example_dags/example_datasets.py
[2026-09-06T09:27:11.371+0000] {processor.py:914} INFO - Processing file /home/airflow/.local/lib/python3.12/site-packages/airflow/example_dags/example_datasets.py for tasks to queue
[2026-09-06T09:27:11.373+0000] {logging_mixin.py:190} INFO - [2026-09-06T09:27:11.373+0000] {dagbag.py:588} INFO - Filling up the DagBag from /home/airflow/.local/lib/python3.12/site-packages/airflow/example_dags/example_datasets.py
[2026-09-06T09:27:11.690+0000] {processor.py:925} INFO - DAG(s) 'dataset_consumes_1_and_2', 'consume_1_or_2_with_dataset_expressions', 'dataset_produces_2', 'dataset_consumes_1_never_scheduled', 'dataset_consumes_unknown_never_scheduled', 'consume_1_and_2_with_dataset_expressions', 'consume_1_or_both_2_and_3_with_dataset_expressions', 'dataset_produces_1', 'conditional_dataset_and_time_based_timetable', 'dataset_consumes_1' retrieved from /home/airflow/.local/lib/python3.12/site-packages/airflow/example_dags/example_datasets.py
[2026-09-06T09:27:11.723+0000] {logging_mixin.py:190} INFO - [2026-09-06T09:27:11.723+0000] {dag.py:3239} INFO - Sync 10 DAGs
[2026-09-06T09:27:11.744+0000] {logging_mixin.py:190} INFO - [2026-09-06T09:27:11.744+0000] {dag.py:4180} INFO - Setting next_dagrun for conditional_dataset_and_time_based_timetable to 2026-09-02 01:00:00+00:00, run_after=2026-09-02 01:00:00+00:00
[2026-09-06T09:27:11.748+0000] {logging_mixin.py:190} INFO - [2026-09-06T09:27:11.748+0000] {dag.py:4180} INFO - Setting next_dagrun for consume_1_and_2_with_dataset_expressions to None, run_after=None
[2026-09-06T09:27:11.751+0000] {logging_mixin.py:190} INFO - [2026-09-06T09:27:11.751+0000] {dag.py:4180} INFO - Setting next_dagrun for consume_1_or_2_with_dataset_expressions to None, run_after=None
[2026-09-06T09:27:11.752+0000] {logging_mixin.py:190} INFO - [2026-09-06T09:27:11.752+0000] {dag.py:4180} INFO - Setting next_dagrun for consume_1_or_both_2_and_3_with_dataset_expressions to None, run_after=None
[2026-09-06T09:27:11.753+0000] {logging_mixin.py:190} INFO - [2026-09-06T09:27:11.753+0000] {dag.py:4180} INFO - Setting next_dagrun for dataset_consumes_1 to None, run_after=None
[2026-09-06T09:27:11.754+0000] {logging_mixin.py:190} INFO - [2026-09-06T09:27:11.754+0000] {dag.py:4180} INFO - Setting next_dagrun for dataset_consumes_1_and_2 to None, run_after=None
[2026-09-06T09:27:11.755+0000] {logging_mixin.py:190} INFO - [2026-09-06T09:27:11.755+0000] {dag.py:4180} INFO - Setting next_dagrun for dataset_consumes_1_never_scheduled to None, run_after=None
[2026-09-06T09:27:11.756+0000] {logging_mixin.py:190} INFO - [2026-09-06T09:27:11.756+0000] {dag.py:4180} INFO - Setting next_dagrun for dataset_consumes_unknown_never_scheduled to None, run_after=None
[2026-09-06T09:27:11.758+0000] {logging_mixin.py:190} INFO - [2026-09-06T09:27:11.758+0000] {dag.py:4180} INFO - Setting next_dagrun for dataset_produces_1 to 2026-09-05 00:00:00+00:00, run_after=2026-09-06 00:00:00+00:00
[2026-09-06T09:27:11.760+0000] {logging_mixin.py:190} INFO - [2026-09-06T09:27:11.759+0000] {dag.py:4180} INFO - Setting next_dagrun for dataset_produces_2 to None, run_after=None
[2026-09-06T09:27:11.787+0000] {processor.py:208} INFO - Processing /home/airflow/.local/lib/python3.12/site-packages/airflow/example_dags/example_datasets.py took 0.422 seconds
[2026-09-06T09:27:42.088+0000] {processor.py:186} INFO - Started process (PID=4288) to work on /home/airflow/.local/lib/python3.12/site-packages/airflow/example_dags/example_datasets.py
[2026-09-06T09:27:42.090+0000] {processor.py:914} INFO - Processing file /home/airflow/.local/lib/python3.12/site-packages/airflow/example_dags/example_datasets.py for tasks to queue
[2026-09-06T09:27:42.092+0000] {logging_mixin.py:190} INFO - [2026-09-06T09:27:42.092+0000] {dagbag.py:588} INFO - Filling up the DagBag from /home/airflow/.local/lib/python3.12/site-packages/airflow/example_dags/example_datasets.py
[2026-09-06T09:27:42.472+0000] {processor.py:925} INFO - DAG(s) 'dataset_consumes_1_never_scheduled', 'dataset_produces_1', 'conditional_dataset_and_time_based_timetable', 'consume_1_and_2_with_dataset_expressions', 'consume_1_or_2_with_dataset_expressions', 'dataset_consumes_unknown_never_scheduled', 'consume_1_or_both_2_and_3_with_dataset_expressions', 'dataset_consumes_1_and_2', 'dataset_produces_2', 'dataset_consumes_1' retrieved from /home/airflow/.local/lib/python3.12/site-packages/airflow/example_dags/example_datasets.py
[2026-09-06T09:27:42.510+0000] {logging_mixin.py:190} INFO - [2026-09-06T09:27:42.510+0000] {dag.py:3239} INFO - Sync 10 DAGs
[2026-09-06T09:27:42.535+0000] {logging_mixin.py:190} INFO - [2026-09-06T09:27:42.535+0000] {dag.py:4180} INFO - Setting next_dagrun for conditional_dataset_and_time_based_timetable to 2026-09-02 01:00:00+00:00, run_after=2026-09-02 01:00:00+00:00
[2026-09-06T09:27:42.539+0000] {logging_mixin.py:190} INFO - [2026-09-06T09:27:42.539+0000] {dag.py:4180} INFO - Setting next_dagrun for consume_1_and_2_with_dataset_expressions to None, run_after=None
[2026-09-06T09:27:42.541+0000] {logging_mixin.py:190} INFO - [2026-09-06T09:27:42.541+0000] {dag.py:4180} INFO - Setting next_dagrun for consume_1_or_2_with_dataset_expressions to None, run_after=None
[2026-09-06T09:27:42.542+0000] {logging_mixin.py:190} INFO - [2026-09-06T09:27:42.542+0000] {dag.py:4180} INFO - Setting next_dagrun for consume_1_or_both_2_and_3_with_dataset_expressions to None, run_after=None
[2026-09-06T09:27:42.543+0000] {logging_mixin.py:190} INFO - [2026-09-06T09:27:42.543+0000] {dag.py:4180} INFO - Setting next_dagrun for dataset_consumes_1 to None, run_after=None
[2026-09-06T09:27:42.545+0000] {logging_mixin.py:190} INFO - [2026-09-06T09:27:42.545+0000] {dag.py:4180} INFO - Setting next_dagrun for dataset_consumes_1_and_2 to None, run_after=None
[2026-09-06T09:27:42.546+0000] {logging_mixin.py:190} INFO - [2026-09-06T09:27:42.546+0000] {dag.py:4180} INFO - Setting next_dagrun for dataset_consumes_1_never_scheduled to None, run_after=None
[2026-09-06T09:27:42.547+0000] {logging_mixin.py:190} INFO - [2026-09-06T09:27:42.547+0000] {dag.py:4180} INFO - Setting next_dagrun for dataset_consumes_unknown_never_scheduled to None, run_after=None
[2026-09-06T09:27:42.550+0000] {logging_mixin.py:190} INFO - [2026-09-06T09:27:42.549+0000] {dag.py:4180} INFO - Setting next_dagrun for dataset_produces_1 to 2026-09-05 00:00:00+00:00, run_after=2026-09-06 00:00:00+00:00
[2026-09-06T09:27:42.552+0000] {logging_mixin.py:190} INFO - [2026-09-06T09:27:42.552+0000] {dag.py:4180} INFO - Setting next_dagrun for dataset_produces_2 to None, run_after=None
[2026-09-06T09:27:42.580+0000] {processor.py:208} INFO - Processing /home/airflow/.local/lib/python3.12/site-packages/airflow/example_dags/example_datasets.py took 0.496 seconds
[2026-09-06T09:28:12.901+0000] {processor.py:186} INFO - Started process (PID=4355) to work on /home/airflow/.local/lib/python3.12/site-packages/airflow/example_dags/example_datasets.py
[2026-09-06T09:28:12.902+0000] {processor.py:914} INFO - Processing file /home/airflow/.local/lib/python3.12/site-packages/airflow/example_dags/example_datasets.py for tasks to queue
[2026-09-06T09:28:12.905+0000] {logging_mixin.py:190} INFO - [2026-09-06T09:28:12.904+0000] {dagbag.py:588} INFO - Filling up the DagBag from /home/airflow/.local/lib/python3.12/site-packages/airflow/example_dags/example_datasets.py
[2026-09-06T09:28:13.359+0000] {processor.py:925} INFO - DAG(s) 'dataset_consumes_1_and_2', 'dataset_consumes_1', 'dataset_produces_2', 'consume_1_or_2_with_dataset_expressions', 'conditional_dataset_and_time_based_timetable', 'consume_1_or_both_2_and_3_with_dataset_expressions', 'dataset_produces_1', 'consume_1_and_2_with_dataset_expressions', 'dataset_consumes_1_never_scheduled', 'dataset_consumes_unknown_never_scheduled' retrieved from /home/airflow/.local/lib/python3.12/site-packages/airflow/example_dags/example_datasets.py
[2026-09-06T09:28:13.409+0000] {logging_mixin.py:190} INFO - [2026-09-06T09:28:13.409+0000] {dag.py:3239} INFO - Sync 10 DAGs
[2026-09-06T09:28:13.439+0000] {logging_mixin.py:190} INFO - [2026-09-06T09:28:13.439+0000] {dag.py:4180} INFO - Setting next_dagrun for conditional_dataset_and_time_based_timetable to 2026-09-02 01:00:00+00:00, run_after=2026-09-02 01:00:00+00:00
[2026-09-06T09:28:13.444+0000] {logging_mixin.py:190} INFO - [2026-09-06T09:28:13.444+0000] {dag.py:4180} INFO - Setting next_dagrun for consume_1_and_2_with_dataset_expressions to None, run_after=None
[2026-09-06T09:28:13.446+0000] {logging_mixin.py:190} INFO - [2026-09-06T09:28:13.446+0000] {dag.py:4180} INFO - Setting next_dagrun for consume_1_or_2_with_dataset_expressions to None, run_after=None
[2026-09-06T09:28:13.448+0000] {logging_mixin.py:190} INFO - [2026-09-06T09:28:13.448+0000] {dag.py:4180} INFO - Setting next_dagrun for consume_1_or_both_2_and_3_with_dataset_expressions to None, run_after=None
[2026-09-06T09:28:13.450+0000] {logging_mixin.py:190} INFO - [2026-09-06T09:28:13.450+0000] {dag.py:4180} INFO - Setting next_dagrun for dataset_consumes_1 to None, run_after=None
[2026-09-06T09:28:13.452+0000] {logging_mixin.py:190} INFO - [2026-09-06T09:28:13.451+0000] {dag.py:4180} INFO - Setting next_dagrun for dataset_consumes_1_and_2 to None, run_after=None
[2026-09-06T09:28:13.453+0000] {logging_mixin.py:190} INFO - [2026-09-06T09:28:13.453+0000] {dag.py:4180} INFO - Setting next_dagrun for dataset_consumes_1_never_scheduled to None, run_after=None
[2026-09-06T09:28:13.455+0000] {logging_mixin.py:190} INFO - [2026-09-06T09:28:13.455+0000] {dag.py:4180} INFO - Setting next_dagrun for dataset_consumes_unknown_never_scheduled to None, run_after=None
[2026-09-06T09:28:13.458+0000] {logging_mixin.py:190} INFO - [2026-09-06T09:28:13.458+0000] {dag.py:4180} INFO - Setting next_dagrun for dataset_produces_1 to 2026-09-05 00:00:00+00:00, run_after=2026-09-06 00:00:00+00:00
[2026-09-06T09:28:13.460+0000] {logging_mixin.py:190} INFO - [2026-09-06T09:28:13.460+0000] {dag.py:4180} INFO - Setting next_dagrun for dataset_produces_2 to None, run_after=None
[2026-09-06T09:28:13.505+0000] {processor.py:208} INFO - Processing /home/airflow/.local/lib/python3.12/site-packages/airflow/example_dags/example_datasets.py took 0.609 seconds
[2026-09-06T09:28:43.718+0000] {processor.py:186} INFO - Started process (PID=4424) to work on /home/airflow/.local/lib/python3.12/site-packages/airflow/example_dags/example_datasets.py
[2026-09-06T09:28:43.719+0000] {processor.py:914} INFO - Processing file /home/airflow/.local/lib/python3.12/site-packages/airflow/example_dags/example_datasets.py for tasks to queue
[2026-09-06T09:28:43.721+0000] {logging_mixin.py:190} INFO - [2026-09-06T09:28:43.721+0000] {dagbag.py:588} INFO - Filling up the DagBag from /home/airflow/.local/lib/python3.12/site-packages/airflow/example_dags/example_datasets.py
[2026-09-06T09:28:44.031+0000] {processor.py:925} INFO - DAG(s) 'consume_1_and_2_with_dataset_expressions', 'dataset_consumes_unknown_never_scheduled', 'conditional_dataset_and_time_based_timetable', 'dataset_consumes_1_and_2', 'consume_1_or_both_2_and_3_with_dataset_expressions', 'dataset_produces_2', 'consume_1_or_2_with_dataset_expressions', 'dataset_consumes_1_never_scheduled', 'dataset_consumes_1', 'dataset_produces_1' retrieved from /home/airflow/.local/lib/python3.12/site-packages/airflow/example_dags/example_datasets.py
[2026-09-06T09:28:44.063+0000] {logging_mixin.py:190} INFO - [2026-09-06T09:28:44.062+0000] {dag.py:3239} INFO - Sync 10 DAGs
[2026-09-06T09:28:44.082+0000] {logging_mixin.py:190} INFO - [2026-09-06T09:28:44.082+0000] {dag.py:4180} INFO - Setting next_dagrun for conditional_dataset_and_time_based_timetable to 2026-09-02 01:00:00+00:00, run_after=2026-09-02 01:00:00+00:00
[2026-09-06T09:28:44.085+0000] {logging_mixin.py:190} INFO - [2026-09-06T09:28:44.085+0000] {dag.py:4180} INFO - Setting next_dagrun for consume_1_and_2_with_dataset_expressions to None, run_after=None
[2026-09-06T09:28:44.087+0000] {logging_mixin.py:190} INFO - [2026-09-06T09:28:44.086+0000] {dag.py:4180} INFO - Setting next_dagrun for consume_1_or_2_with_dataset_expressions to None, run_after=None
[2026-09-06T09:28:44.088+0000] {logging_mixin.py:190} INFO - [2026-09-06T09:28:44.088+0000] {dag.py:4180} INFO - Setting next_dagrun for consume_1_or_both_2_and_3_with_dataset_expressions to None, run_after=None
[2026-09-06T09:28:44.089+0000] {logging_mixin.py:190} INFO - [2026-09-06T09:28:44.089+0000] {dag.py:4180} INFO - Setting next_dagrun for dataset_consumes_1 to None, run_after=None
[2026-09-06T09:28:44.090+0000] {logging_mixin.py:190} INFO - [2026-09-06T09:28:44.090+0000] {dag.py:4180} INFO - Setting next_dagrun for dataset_consumes_1_and_2 to None, run_after=None
[2026-09-06T09:28:44.091+0000] {logging_mixin.py:190} INFO - [2026-09-06T09:28:44.091+0000] {dag.py:4180} INFO - Setting next_dagrun for dataset_consumes_1_never_scheduled to None, run_after=None
[2026-09-06T09:28:44.092+0000] {logging_mixin.py:190} INFO - [2026-09-06T09:28:44.092+0000] {dag.py:4180} INFO - Setting next_dagrun for dataset_consumes_unknown_never_scheduled to None, run_after=None
[2026-09-06T09:28:44.094+0000] {logging_mixin.py:190} INFO - [2026-09-06T09:28:44.094+0000] {dag.py:4180} INFO - Setting next_dagrun for dataset_produces_1 to 2026-09-05 00:00:00+00:00, run_after=2026-09-06 00:00:00+00:00
[2026-09-06T09:28:44.095+0000] {logging_mixin.py:190} INFO - [2026-09-06T09:28:44.095+0000] {dag.py:4180} INFO - Setting next_dagrun for dataset_produces_2 to None, run_after=None
[2026-09-06T09:28:44.120+0000] {processor.py:208} INFO - Processing /home/airflow/.local/lib/python3.12/site-packages/airflow/example_dags/example_datasets.py took 0.407 seconds
[2026-09-06T09:29:15.105+0000] {processor.py:186} INFO - Started process (PID=4490) to work on /home/airflow/.local/lib/python3.12/site-packages/airflow/example_dags/example_datasets.py
[2026-09-06T09:29:15.106+0000] {processor.py:914} INFO - Processing file /home/airflow/.local/lib/python3.12/site-packages/airflow/example_dags/example_datasets.py for tasks to queue
[2026-09-06T09:29:15.108+0000] {logging_mixin.py:190} INFO - [2026-09-06T09:29:15.108+0000] {dagbag.py:588} INFO - Filling up the DagBag from /home/airflow/.local/lib/python3.12/site-packages/airflow/example_dags/example_datasets.py
[2026-09-06T09:29:15.411+0000] {processor.py:925} INFO - DAG(s) 'dataset_consumes_1_and_2', 'dataset_consumes_unknown_never_scheduled', 'conditional_dataset_and_time_based_timetable', 'consume_1_or_both_2_and_3_with_dataset_expressions', 'consume_1_and_2_with_dataset_expressions', 'dataset_produces_2', 'dataset_consumes_1', 'consume_1_or_2_with_dataset_expressions', 'dataset_consumes_1_never_scheduled', 'dataset_produces_1' retrieved from /home/airflow/.local/lib/python3.12/site-packages/airflow/example_dags/example_datasets.py
[2026-09-06T09:29:15.444+0000] {logging_mixin.py:190} INFO - [2026-09-06T09:29:15.444+0000] {dag.py:3239} INFO - Sync 10 DAGs
[2026-09-06T09:29:15.465+0000] {logging_mixin.py:190} INFO - [2026-09-06T09:29:15.465+0000] {dag.py:4180} INFO - Setting next_dagrun for conditional_dataset_and_time_based_timetable to 2026-09-02 01:00:00+00:00, run_after=2026-09-02 01:00:00+00:00
[2026-09-06T09:29:15.468+0000] {logging_mixin.py:190} INFO - [2026-09-06T09:29:15.468+0000] {dag.py:4180} INFO - Setting next_dagrun for consume_1_and_2_with_dataset_expressions to None, run_after=None
[2026-09-06T09:29:15.469+0000] {logging_mixin.py:190} INFO - [2026-09-06T09:29:15.469+0000] {dag.py:4180} INFO - Setting next_dagrun for consume_1_or_2_with_dataset_expressions to None, run_after=None
[2026-09-06T09:29:15.470+0000] {logging_mixin.py:190} INFO - [2026-09-06T09:29:15.470+0000] {dag.py:4180} INFO - Setting next_dagrun for consume_1_or_both_2_and_3_with_dataset_expressions to None, run_after=None
[2026-09-06T09:29:15.471+0000] {logging_mixin.py:190} INFO - [2026-09-06T09:29:15.471+0000] {dag.py:4180} INFO - Setting next_dagrun for dataset_consumes_1 to None, run_after=None
[2026-09-06T09:29:15.472+0000] {logging_mixin.py:190} INFO - [2026-09-06T09:29:15.472+0000] {dag.py:4180} INFO - Setting next_dagrun for dataset_consumes_1_and_2 to None, run_after=None
[2026-09-06T09:29:15.473+0000] {logging_mixin.py:190} INFO - [2026-09-06T09:29:15.473+0000] {dag.py:4180} INFO - Setting next_dagrun for dataset_consumes_1_never_scheduled to None, run_after=None
[2026-09-06T09:29:15.475+0000] {logging_mixin.py:190} INFO - [2026-09-06T09:29:15.474+0000] {dag.py:4180} INFO - Setting next_dagrun for dataset_consumes_unknown_never_scheduled to None, run_after=None
[2026-09-06T09:29:15.477+0000] {logging_mixin.py:190} INFO - [2026-09-06T09:29:15.476+0000] {dag.py:4180} INFO - Setting next_dagrun for dataset_produces_1 to 2026-09-05 00:00:00+00:00, run_after=2026-09-06 00:00:00+00:00
[2026-09-06T09:29:15.478+0000] {logging_mixin.py:190} INFO - [2026-09-06T09:29:15.477+0000] {dag.py:4180} INFO - Setting next_dagrun for dataset_produces_2 to None, run_after=None
[2026-09-06T09:29:15.504+0000] {processor.py:208} INFO - Processing /home/airflow/.local/lib/python3.12/site-packages/airflow/example_dags/example_datasets.py took 0.403 seconds
[2026-09-06T09:29:45.783+0000] {processor.py:186} INFO - Started process (PID=4554) to work on /home/airflow/.local/lib/python3.12/site-packages/airflow/example_dags/example_datasets.py
[2026-09-06T09:29:45.784+0000] {processor.py:914} INFO - Processing file /home/airflow/.local/lib/python3.12/site-packages/airflow/example_dags/example_datasets.py for tasks to queue
[2026-09-06T09:29:45.786+0000] {logging_mixin.py:190} INFO - [2026-09-06T09:29:45.786+0000] {dagbag.py:588} INFO - Filling up the DagBag from /home/airflow/.local/lib/python3.12/site-packages/airflow/example_dags/example_datasets.py
[2026-09-06T09:29:46.087+0000] {processor.py:925} INFO - DAG(s) 'dataset_produces_2', 'dataset_consumes_unknown_never_scheduled', 'consume_1_or_both_2_and_3_with_dataset_expressions', 'dataset_produces_1', 'dataset_consumes_1_and_2', 'dataset_consumes_1_never_scheduled', 'consume_1_or_2_with_dataset_expressions', 'consume_1_and_2_with_dataset_expressions', 'dataset_consumes_1', 'conditional_dataset_and_time_based_timetable' retrieved from /home/airflow/.local/lib/python3.12/site-packages/airflow/example_dags/example_datasets.py
[2026-09-06T09:29:46.117+0000] {logging_mixin.py:190} INFO - [2026-09-06T09:29:46.117+0000] {dag.py:3239} INFO - Sync 10 DAGs
[2026-09-06T09:29:46.138+0000] {logging_mixin.py:190} INFO - [2026-09-06T09:29:46.138+0000] {dag.py:4180} INFO - Setting next_dagrun for conditional_dataset_and_time_based_timetable to 2026-09-02 01:00:00+00:00, run_after=2026-09-02 01:00:00+00:00
[2026-09-06T09:29:46.142+0000] {logging_mixin.py:190} INFO - [2026-09-06T09:29:46.142+0000] {dag.py:4180} INFO - Setting next_dagrun for consume_1_and_2_with_dataset_expressions to None, run_after=None
[2026-09-06T09:29:46.143+0000] {logging_mixin.py:190} INFO - [2026-09-06T09:29:46.143+0000] {dag.py:4180} INFO - Setting next_dagrun for consume_1_or_2_with_dataset_expressions to None, run_after=None
[2026-09-06T09:29:46.144+0000] {logging_mixin.py:190} INFO - [2026-09-06T09:29:46.144+0000] {dag.py:4180} INFO - Setting next_dagrun for consume_1_or_both_2_and_3_with_dataset_expressions to None, run_after=None
[2026-09-06T09:29:46.146+0000] {logging_mixin.py:190} INFO - [2026-09-06T09:29:46.145+0000] {dag.py:4180} INFO - Setting next_dagrun for dataset_consumes_1 to None, run_after=None
[2026-09-06T09:29:46.147+0000] {logging_mixin.py:190} INFO - [2026-09-06T09:29:46.147+0000] {dag.py:4180} INFO - Setting next_dagrun for dataset_consumes_1_and_2 to None, run_after=None
[2026-09-06T09:29:46.148+0000] {logging_mixin.py:190} INFO - [2026-09-06T09:29:46.148+0000] {dag.py:4180} INFO - Setting next_dagrun for dataset_consumes_1_never_scheduled to None, run_after=None
[2026-09-06T09:29:46.149+0000] {logging_mixin.py:190} INFO - [2026-09-06T09:29:46.149+0000] {dag.py:4180} INFO - Setting next_dagrun for dataset_consumes_unknown_never_scheduled to None, run_after=None
[2026-09-06T09:29:46.151+0000] {logging_mixin.py:190} INFO - [2026-09-06T09:29:46.151+0000] {dag.py:4180} INFO - Setting next_dagrun for dataset_produces_1 to 2026-09-05 00:00:00+00:00, run_after=2026-09-06 00:00:00+00:00
[2026-09-06T09:29:46.152+0000] {logging_mixin.py:190} INFO - [2026-09-06T09:29:46.152+0000] {dag.py:4180} INFO - Setting next_dagrun for dataset_produces_2 to None, run_after=None
[2026-09-06T09:29:46.179+0000] {processor.py:208} INFO - Processing /home/airflow/.local/lib/python3.12/site-packages/airflow/example_dags/example_datasets.py took 0.401 seconds
[2026-09-06T09:30:16.313+0000] {processor.py:186} INFO - Started process (PID=4618) to work on /home/airflow/.local/lib/python3.12/site-packages/airflow/example_dags/example_datasets.py
[2026-09-06T09:30:16.314+0000] {processor.py:914} INFO - Processing file /home/airflow/.local/lib/python3.12/site-packages/airflow/example_dags/example_datasets.py for tasks to queue
[2026-09-06T09:30:16.316+0000] {logging_mixin.py:190} INFO - [2026-09-06T09:30:16.316+0000] {dagbag.py:588} INFO - Filling up the DagBag from /home/airflow/.local/lib/python3.12/site-packages/airflow/example_dags/example_datasets.py
[2026-09-06T09:30:16.613+0000] {processor.py:925} INFO - DAG(s) 'consume_1_or_both_2_and_3_with_dataset_expressions', 'consume_1_or_2_with_dataset_expressions', 'dataset_consumes_unknown_never_scheduled', 'dataset_consumes_1_never_scheduled', 'dataset_produces_1', 'dataset_consumes_1', 'conditional_dataset_and_time_based_timetable', 'consume_1_and_2_with_dataset_expressions', 'dataset_produces_2', 'dataset_consumes_1_and_2' retrieved from /home/airflow/.local/lib/python3.12/site-packages/airflow/example_dags/example_datasets.py
[2026-09-06T09:30:16.645+0000] {logging_mixin.py:190} INFO - [2026-09-06T09:30:16.644+0000] {dag.py:3239} INFO - Sync 10 DAGs
[2026-09-06T09:30:16.821+0000] {logging_mixin.py:190} INFO - [2026-09-06T09:30:16.821+0000] {dag.py:4180} INFO - Setting next_dagrun for conditional_dataset_and_time_based_timetable to 2026-09-02 01:00:00+00:00, run_after=2026-09-02 01:00:00+00:00
[2026-09-06T09:30:16.824+0000] {logging_mixin.py:190} INFO - [2026-09-06T09:30:16.824+0000] {dag.py:4180} INFO - Setting next_dagrun for consume_1_and_2_with_dataset_expressions to None, run_after=None
[2026-09-06T09:30:16.826+0000] {logging_mixin.py:190} INFO - [2026-09-06T09:30:16.826+0000] {dag.py:4180} INFO - Setting next_dagrun for consume_1_or_2_with_dataset_expressions to None, run_after=None
[2026-09-06T09:30:16.827+0000] {logging_mixin.py:190} INFO - [2026-09-06T09:30:16.827+0000] {dag.py:4180} INFO - Setting next_dagrun for consume_1_or_both_2_and_3_with_dataset_expressions to None, run_after=None
[2026-09-06T09:30:16.828+0000] {logging_mixin.py:190} INFO - [2026-09-06T09:30:16.828+0000] {dag.py:4180} INFO - Setting next_dagrun for dataset_consumes_1 to None, run_after=None
[2026-09-06T09:30:16.829+0000] {logging_mixin.py:190} INFO - [2026-09-06T09:30:16.829+0000] {dag.py:4180} INFO - Setting next_dagrun for dataset_consumes_1_and_2 to None, run_after=None
[2026-09-06T09:30:16.830+0000] {logging_mixin.py:190} INFO - [2026-09-06T09:30:16.830+0000] {dag.py:4180} INFO - Setting next_dagrun for dataset_consumes_1_never_scheduled to None, run_after=None
[2026-09-06T09:30:16.831+0000] {logging_mixin.py:190} INFO - [2026-09-06T09:30:16.831+0000] {dag.py:4180} INFO - Setting next_dagrun for dataset_consumes_unknown_never_scheduled to None, run_after=None
[2026-09-06T09:30:16.833+0000] {logging_mixin.py:190} INFO - [2026-09-06T09:30:16.833+0000] {dag.py:4180} INFO - Setting next_dagrun for dataset_produces_1 to 2026-09-05 00:00:00+00:00, run_after=2026-09-06 00:00:00+00:00
[2026-09-06T09:30:16.835+0000] {logging_mixin.py:190} INFO - [2026-09-06T09:30:16.834+0000] {dag.py:4180} INFO - Setting next_dagrun for dataset_produces_2 to None, run_after=None
[2026-09-06T09:30:16.860+0000] {processor.py:208} INFO - Processing /home/airflow/.local/lib/python3.12/site-packages/airflow/example_dags/example_datasets.py took 0.551 seconds
[2026-09-06T09:30:47.013+0000] {processor.py:186} INFO - Started process (PID=4682) to work on /home/airflow/.local/lib/python3.12/site-packages/airflow/example_dags/example_datasets.py
[2026-09-06T09:30:47.014+0000] {processor.py:914} INFO - Processing file /home/airflow/.local/lib/python3.12/site-packages/airflow/example_dags/example_datasets.py for tasks to queue
[2026-09-06T09:30:47.016+0000] {logging_mixin.py:190} INFO - [2026-09-06T09:30:47.016+0000] {dagbag.py:588} INFO - Filling up the DagBag from /home/airflow/.local/lib/python3.12/site-packages/airflow/example_dags/example_datasets.py
[2026-09-06T09:30:47.323+0000] {processor.py:925} INFO - DAG(s) 'conditional_dataset_and_time_based_timetable', 'dataset_consumes_unknown_never_scheduled', 'dataset_consumes_1', 'dataset_produces_1', 'consume_1_or_2_with_dataset_expressions', 'consume_1_or_both_2_and_3_with_dataset_expressions', 'dataset_consumes_1_never_scheduled', 'dataset_consumes_1_and_2', 'consume_1_and_2_with_dataset_expressions', 'dataset_produces_2' retrieved from /home/airflow/.local/lib/python3.12/site-packages/airflow/example_dags/example_datasets.py
[2026-09-06T09:30:47.358+0000] {logging_mixin.py:190} INFO - [2026-09-06T09:30:47.358+0000] {dag.py:3239} INFO - Sync 10 DAGs
[2026-09-06T09:30:47.560+0000] {logging_mixin.py:190} INFO - [2026-09-06T09:30:47.560+0000] {dag.py:4180} INFO - Setting next_dagrun for conditional_dataset_and_time_based_timetable to 2026-09-02 01:00:00+00:00, run_after=2026-09-02 01:00:00+00:00
[2026-09-06T09:30:47.563+0000] {logging_mixin.py:190} INFO - [2026-09-06T09:30:47.563+0000] {dag.py:4180} INFO - Setting next_dagrun for consume_1_and_2_with_dataset_expressions to None, run_after=None
[2026-09-06T09:30:47.564+0000] {logging_mixin.py:190} INFO - [2026-09-06T09:30:47.564+0000] {dag.py:4180} INFO - Setting next_dagrun for consume_1_or_2_with_dataset_expressions to None, run_after=None
[2026-09-06T09:30:47.566+0000] {logging_mixin.py:190} INFO - [2026-09-06T09:30:47.566+0000] {dag.py:4180} INFO - Setting next_dagrun for consume_1_or_both_2_and_3_with_dataset_expressions to None, run_after=None
[2026-09-06T09:30:47.567+0000] {logging_mixin.py:190} INFO - [2026-09-06T09:30:47.567+0000] {dag.py:4180} INFO - Setting next_dagrun for dataset_consumes_1 to None, run_after=None
[2026-09-06T09:30:47.568+0000] {logging_mixin.py:190} INFO - [2026-09-06T09:30:47.568+0000] {dag.py:4180} INFO - Setting next_dagrun for dataset_consumes_1_and_2 to None, run_after=None
[2026-09-06T09:30:47.569+0000] {logging_mixin.py:190} INFO - [2026-09-06T09:30:47.569+0000] {dag.py:4180} INFO - Setting next_dagrun for dataset_consumes_1_never_scheduled to None, run_after=None
[2026-09-06T09:30:47.570+0000] {logging_mixin.py:190} INFO - [2026-09-06T09:30:47.570+0000] {dag.py:4180} INFO - Setting next_dagrun for dataset_consumes_unknown_never_scheduled to None, run_after=None
[2026-09-06T09:30:47.572+0000] {logging_mixin.py:190} INFO - [2026-09-06T09:30:47.572+0000] {dag.py:4180} INFO - Setting next_dagrun for dataset_produces_1 to 2026-09-05 00:00:00+00:00, run_after=2026-09-06 00:00:00+00:00
[2026-09-06T09:30:47.573+0000] {logging_mixin.py:190} INFO - [2026-09-06T09:30:47.573+0000] {dag.py:4180} INFO - Setting next_dagrun for dataset_produces_2 to None, run_after=None
[2026-09-06T09:30:47.596+0000] {processor.py:208} INFO - Processing /home/airflow/.local/lib/python3.12/site-packages/airflow/example_dags/example_datasets.py took 0.588 seconds
[2026-09-06T09:31:17.718+0000] {processor.py:186} INFO - Started process (PID=4746) to work on /home/airflow/.local/lib/python3.12/site-packages/airflow/example_dags/example_datasets.py
[2026-09-06T09:31:17.720+0000] {processor.py:914} INFO - Processing file /home/airflow/.local/lib/python3.12/site-packages/airflow/example_dags/example_datasets.py for tasks to queue
[2026-09-06T09:31:17.723+0000] {logging_mixin.py:190} INFO - [2026-09-06T09:31:17.723+0000] {dagbag.py:588} INFO - Filling up the DagBag from /home/airflow/.local/lib/python3.12/site-packages/airflow/example_dags/example_datasets.py
[2026-09-06T09:31:18.147+0000] {processor.py:925} INFO - DAG(s) 'dataset_consumes_1_never_scheduled', 'conditional_dataset_and_time_based_timetable', 'dataset_consumes_unknown_never_scheduled', 'dataset_produces_2', 'dataset_consumes_1', 'dataset_produces_1', 'consume_1_and_2_with_dataset_expressions', 'consume_1_or_2_with_dataset_expressions', 'consume_1_or_both_2_and_3_with_dataset_expressions', 'dataset_consumes_1_and_2' retrieved from /home/airflow/.local/lib/python3.12/site-packages/airflow/example_dags/example_datasets.py
[2026-09-06T09:31:18.181+0000] {logging_mixin.py:190} INFO - [2026-09-06T09:31:18.181+0000] {dag.py:3239} INFO - Sync 10 DAGs
[2026-09-06T09:31:18.398+0000] {logging_mixin.py:190} INFO - [2026-09-06T09:31:18.398+0000] {dag.py:4180} INFO - Setting next_dagrun for conditional_dataset_and_time_based_timetable to 2026-09-02 01:00:00+00:00, run_after=2026-09-02 01:00:00+00:00
[2026-09-06T09:31:18.402+0000] {logging_mixin.py:190} INFO - [2026-09-06T09:31:18.402+0000] {dag.py:4180} INFO - Setting next_dagrun for consume_1_and_2_with_dataset_expressions to None, run_after=None
[2026-09-06T09:31:18.403+0000] {logging_mixin.py:190} INFO - [2026-09-06T09:31:18.403+0000] {dag.py:4180} INFO - Setting next_dagrun for consume_1_or_2_with_dataset_expressions to None, run_after=None
[2026-09-06T09:31:18.404+0000] {logging_mixin.py:190} INFO - [2026-09-06T09:31:18.404+0000] {dag.py:4180} INFO - Setting next_dagrun for consume_1_or_both_2_and_3_with_dataset_expressions to None, run_after=None
[2026-09-06T09:31:18.405+0000] {logging_mixin.py:190} INFO - [2026-09-06T09:31:18.405+0000] {dag.py:4180} INFO - Setting next_dagrun for dataset_consumes_1 to None, run_after=None
[2026-09-06T09:31:18.407+0000] {logging_mixin.py:190} INFO - [2026-09-06T09:31:18.407+0000] {dag.py:4180} INFO - Setting next_dagrun for dataset_consumes_1_and_2 to None, run_after=None
[2026-09-06T09:31:18.408+0000] {logging_mixin.py:190} INFO - [2026-09-06T09:31:18.408+0000] {dag.py:4180} INFO - Setting next_dagrun for dataset_consumes_1_never_scheduled to None, run_after=None
[2026-09-06T09:31:18.409+0000] {logging_mixin.py:190} INFO - [2026-09-06T09:31:18.409+0000] {dag.py:4180} INFO - Setting next_dagrun for dataset_consumes_unknown_never_scheduled to None, run_after=None
[2026-09-06T09:31:18.411+0000] {logging_mixin.py:190} INFO - [2026-09-06T09:31:18.411+0000] {dag.py:4180} INFO - Setting next_dagrun for dataset_produces_1 to 2026-09-05 00:00:00+00:00, run_after=2026-09-06 00:00:00+00:00
[2026-09-06T09:31:18.412+0000] {logging_mixin.py:190} INFO - [2026-09-06T09:31:18.412+0000] {dag.py:4180} INFO - Setting next_dagrun for dataset_produces_2 to None, run_after=None
[2026-09-06T09:31:18.438+0000] {processor.py:208} INFO - Processing /home/airflow/.local/lib/python3.12/site-packages/airflow/example_dags/example_datasets.py took 0.727 seconds
[2026-09-06T09:31:48.784+0000] {processor.py:186} INFO - Started process (PID=4810) to work on /home/airflow/.local/lib/python3.12/site-packages/airflow/example_dags/example_datasets.py
[2026-09-06T09:31:48.785+0000] {processor.py:914} INFO - Processing file /home/airflow/.local/lib/python3.12/site-packages/airflow/example_dags/example_datasets.py for tasks to queue
[2026-09-06T09:31:48.787+0000] {logging_mixin.py:190} INFO - [2026-09-06T09:31:48.787+0000] {dagbag.py:588} INFO - Filling up the DagBag from /home/airflow/.local/lib/python3.12/site-packages/airflow/example_dags/example_datasets.py
[2026-09-06T09:31:49.126+0000] {processor.py:925} INFO - DAG(s) 'dataset_consumes_unknown_never_scheduled', 'consume_1_or_both_2_and_3_with_dataset_expressions', 'dataset_consumes_1_never_scheduled', 'dataset_produces_2', 'consume_1_and_2_with_dataset_expressions', 'dataset_consumes_1_and_2', 'consume_1_or_2_with_dataset_expressions', 'dataset_produces_1', 'conditional_dataset_and_time_based_timetable', 'dataset_consumes_1' retrieved from /home/airflow/.local/lib/python3.12/site-packages/airflow/example_dags/example_datasets.py
[2026-09-06T09:31:49.157+0000] {logging_mixin.py:190} INFO - [2026-09-06T09:31:49.157+0000] {dag.py:3239} INFO - Sync 10 DAGs
[2026-09-06T09:31:49.178+0000] {logging_mixin.py:190} INFO - [2026-09-06T09:31:49.178+0000] {dag.py:4180} INFO - Setting next_dagrun for conditional_dataset_and_time_based_timetable to 2026-09-02 01:00:00+00:00, run_after=2026-09-02 01:00:00+00:00
[2026-09-06T09:31:49.385+0000] {logging_mixin.py:190} INFO - [2026-09-06T09:31:49.385+0000] {dag.py:4180} INFO - Setting next_dagrun for consume_1_and_2_with_dataset_expressions to None, run_after=None
[2026-09-06T09:31:49.387+0000] {logging_mixin.py:190} INFO - [2026-09-06T09:31:49.387+0000] {dag.py:4180} INFO - Setting next_dagrun for consume_1_or_2_with_dataset_expressions to None, run_after=None
[2026-09-06T09:31:49.388+0000] {logging_mixin.py:190} INFO - [2026-09-06T09:31:49.388+0000] {dag.py:4180} INFO - Setting next_dagrun for consume_1_or_both_2_and_3_with_dataset_expressions to None, run_after=None
[2026-09-06T09:31:49.389+0000] {logging_mixin.py:190} INFO - [2026-09-06T09:31:49.389+0000] {dag.py:4180} INFO - Setting next_dagrun for dataset_consumes_1 to None, run_after=None
[2026-09-06T09:31:49.390+0000] {logging_mixin.py:190} INFO - [2026-09-06T09:31:49.390+0000] {dag.py:4180} INFO - Setting next_dagrun for dataset_consumes_1_and_2 to None, run_after=None
[2026-09-06T09:31:49.391+0000] {logging_mixin.py:190} INFO - [2026-09-06T09:31:49.391+0000] {dag.py:4180} INFO - Setting next_dagrun for dataset_consumes_1_never_scheduled to None, run_after=None
[2026-09-06T09:31:49.392+0000] {logging_mixin.py:190} INFO - [2026-09-06T09:31:49.392+0000] {dag.py:4180} INFO - Setting next_dagrun for dataset_consumes_unknown_never_scheduled to None, run_after=None
[2026-09-06T09:31:49.394+0000] {logging_mixin.py:190} INFO - [2026-09-06T09:31:49.394+0000] {dag.py:4180} INFO - Setting next_dagrun for dataset_produces_1 to 2026-09-05 00:00:00+00:00, run_after=2026-09-06 00:00:00+00:00
[2026-09-06T09:31:49.395+0000] {logging_mixin.py:190} INFO - [2026-09-06T09:31:49.395+0000] {dag.py:4180} INFO - Setting next_dagrun for dataset_produces_2 to None, run_after=None
[2026-09-06T09:31:49.419+0000] {processor.py:208} INFO - Processing /home/airflow/.local/lib/python3.12/site-packages/airflow/example_dags/example_datasets.py took 0.639 seconds
[2026-09-06T09:32:20.347+0000] {processor.py:186} INFO - Started process (PID=4874) to work on /home/airflow/.local/lib/python3.12/site-packages/airflow/example_dags/example_datasets.py
[2026-09-06T09:32:20.348+0000] {processor.py:914} INFO - Processing file /home/airflow/.local/lib/python3.12/site-packages/airflow/example_dags/example_datasets.py for tasks to queue
[2026-09-06T09:32:20.350+0000] {logging_mixin.py:190} INFO - [2026-09-06T09:32:20.350+0000] {dagbag.py:588} INFO - Filling up the DagBag from /home/airflow/.local/lib/python3.12/site-packages/airflow/example_dags/example_datasets.py
[2026-09-06T09:32:20.657+0000] {processor.py:925} INFO - DAG(s) 'dataset_consumes_1_and_2', 'dataset_consumes_1_never_scheduled', 'consume_1_or_both_2_and_3_with_dataset_expressions', 'dataset_consumes_unknown_never_scheduled', 'conditional_dataset_and_time_based_timetable', 'dataset_consumes_1', 'consume_1_and_2_with_dataset_expressions', 'consume_1_or_2_with_dataset_expressions', 'dataset_produces_1', 'dataset_produces_2' retrieved from /home/airflow/.local/lib/python3.12/site-packages/airflow/example_dags/example_datasets.py
[2026-09-06T09:32:20.689+0000] {logging_mixin.py:190} INFO - [2026-09-06T09:32:20.689+0000] {dag.py:3239} INFO - Sync 10 DAGs
[2026-09-06T09:32:20.712+0000] {logging_mixin.py:190} INFO - [2026-09-06T09:32:20.711+0000] {dag.py:4180} INFO - Setting next_dagrun for conditional_dataset_and_time_based_timetable to 2026-09-02 01:00:00+00:00, run_after=2026-09-02 01:00:00+00:00
[2026-09-06T09:32:20.716+0000] {logging_mixin.py:190} INFO - [2026-09-06T09:32:20.716+0000] {dag.py:4180} INFO - Setting next_dagrun for consume_1_and_2_with_dataset_expressions to None, run_after=None
[2026-09-06T09:32:20.718+0000] {logging_mixin.py:190} INFO - [2026-09-06T09:32:20.718+0000] {dag.py:4180} INFO - Setting next_dagrun for consume_1_or_2_with_dataset_expressions to None, run_after=None
[2026-09-06T09:32:20.719+0000] {logging_mixin.py:190} INFO - [2026-09-06T09:32:20.719+0000] {dag.py:4180} INFO - Setting next_dagrun for consume_1_or_both_2_and_3_with_dataset_expressions to None, run_after=None
[2026-09-06T09:32:20.720+0000] {logging_mixin.py:190} INFO - [2026-09-06T09:32:20.720+0000] {dag.py:4180} INFO - Setting next_dagrun for dataset_consumes_1 to None, run_after=None
[2026-09-06T09:32:20.721+0000] {logging_mixin.py:190} INFO - [2026-09-06T09:32:20.721+0000] {dag.py:4180} INFO - Setting next_dagrun for dataset_consumes_1_and_2 to None, run_after=None
[2026-09-06T09:32:20.722+0000] {logging_mixin.py:190} INFO - [2026-09-06T09:32:20.722+0000] {dag.py:4180} INFO - Setting next_dagrun for dataset_consumes_1_never_scheduled to None, run_after=None
[2026-09-06T09:32:20.724+0000] {logging_mixin.py:190} INFO - [2026-09-06T09:32:20.723+0000] {dag.py:4180} INFO - Setting next_dagrun for dataset_consumes_unknown_never_scheduled to None, run_after=None
[2026-09-06T09:32:20.726+0000] {logging_mixin.py:190} INFO - [2026-09-06T09:32:20.725+0000] {dag.py:4180} INFO - Setting next_dagrun for dataset_produces_1 to 2026-09-05 00:00:00+00:00, run_after=2026-09-06 00:00:00+00:00
[2026-09-06T09:32:20.727+0000] {logging_mixin.py:190} INFO - [2026-09-06T09:32:20.727+0000] {dag.py:4180} INFO - Setting next_dagrun for dataset_produces_2 to None, run_after=None
[2026-09-06T09:32:20.962+0000] {processor.py:208} INFO - Processing /home/airflow/.local/lib/python3.12/site-packages/airflow/example_dags/example_datasets.py took 0.620 seconds
[2026-09-06T09:32:51.145+0000] {processor.py:186} INFO - Started process (PID=4938) to work on /home/airflow/.local/lib/python3.12/site-packages/airflow/example_dags/example_datasets.py
[2026-09-06T09:32:51.146+0000] {processor.py:914} INFO - Processing file /home/airflow/.local/lib/python3.12/site-packages/airflow/example_dags/example_datasets.py for tasks to queue
[2026-09-06T09:32:51.148+0000] {logging_mixin.py:190} INFO - [2026-09-06T09:32:51.148+0000] {dagbag.py:588} INFO - Filling up the DagBag from /home/airflow/.local/lib/python3.12/site-packages/airflow/example_dags/example_datasets.py
[2026-09-06T09:32:51.455+0000] {processor.py:925} INFO - DAG(s) 'dataset_consumes_1_and_2', 'dataset_consumes_unknown_never_scheduled', 'conditional_dataset_and_time_based_timetable', 'consume_1_and_2_with_dataset_expressions', 'dataset_consumes_1', 'dataset_produces_2', 'dataset_produces_1', 'dataset_consumes_1_never_scheduled', 'consume_1_or_2_with_dataset_expressions', 'consume_1_or_both_2_and_3_with_dataset_expressions' retrieved from /home/airflow/.local/lib/python3.12/site-packages/airflow/example_dags/example_datasets.py
[2026-09-06T09:32:51.488+0000] {logging_mixin.py:190} INFO - [2026-09-06T09:32:51.487+0000] {dag.py:3239} INFO - Sync 10 DAGs
[2026-09-06T09:32:51.508+0000] {logging_mixin.py:190} INFO - [2026-09-06T09:32:51.508+0000] {dag.py:4180} INFO - Setting next_dagrun for conditional_dataset_and_time_based_timetable to 2026-09-02 01:00:00+00:00, run_after=2026-09-02 01:00:00+00:00
[2026-09-06T09:32:51.511+0000] {logging_mixin.py:190} INFO - [2026-09-06T09:32:51.511+0000] {dag.py:4180} INFO - Setting next_dagrun for consume_1_and_2_with_dataset_expressions to None, run_after=None
[2026-09-06T09:32:51.512+0000] {logging_mixin.py:190} INFO - [2026-09-06T09:32:51.512+0000] {dag.py:4180} INFO - Setting next_dagrun for consume_1_or_2_with_dataset_expressions to None, run_after=None
[2026-09-06T09:32:51.513+0000] {logging_mixin.py:190} INFO - [2026-09-06T09:32:51.513+0000] {dag.py:4180} INFO - Setting next_dagrun for consume_1_or_both_2_and_3_with_dataset_expressions to None, run_after=None
[2026-09-06T09:32:51.514+0000] {logging_mixin.py:190} INFO - [2026-09-06T09:32:51.514+0000] {dag.py:4180} INFO - Setting next_dagrun for dataset_consumes_1 to None, run_after=None
[2026-09-06T09:32:51.516+0000] {logging_mixin.py:190} INFO - [2026-09-06T09:32:51.515+0000] {dag.py:4180} INFO - Setting next_dagrun for dataset_consumes_1_and_2 to None, run_after=None
[2026-09-06T09:32:51.517+0000] {logging_mixin.py:190} INFO - [2026-09-06T09:32:51.517+0000] {dag.py:4180} INFO - Setting next_dagrun for dataset_consumes_1_never_scheduled to None, run_after=None
[2026-09-06T09:32:51.518+0000] {logging_mixin.py:190} INFO - [2026-09-06T09:32:51.518+0000] {dag.py:4180} INFO - Setting next_dagrun for dataset_consumes_unknown_never_scheduled to None, run_after=None
[2026-09-06T09:32:51.520+0000] {logging_mixin.py:190} INFO - [2026-09-06T09:32:51.520+0000] {dag.py:4180} INFO - Setting next_dagrun for dataset_produces_1 to 2026-09-05 00:00:00+00:00, run_after=2026-09-06 00:00:00+00:00
[2026-09-06T09:32:51.521+0000] {logging_mixin.py:190} INFO - [2026-09-06T09:32:51.521+0000] {dag.py:4180} INFO - Setting next_dagrun for dataset_produces_2 to None, run_after=None
[2026-09-06T09:32:51.732+0000] {processor.py:208} INFO - Processing /home/airflow/.local/lib/python3.12/site-packages/airflow/example_dags/example_datasets.py took 0.592 seconds
[2026-09-06T09:33:22.076+0000] {processor.py:186} INFO - Started process (PID=5002) to work on /home/airflow/.local/lib/python3.12/site-packages/airflow/example_dags/example_datasets.py
[2026-09-06T09:33:22.077+0000] {processor.py:914} INFO - Processing file /home/airflow/.local/lib/python3.12/site-packages/airflow/example_dags/example_datasets.py for tasks to queue
[2026-09-06T09:33:22.079+0000] {logging_mixin.py:190} INFO - [2026-09-06T09:33:22.079+0000] {dagbag.py:588} INFO - Filling up the DagBag from /home/airflow/.local/lib/python3.12/site-packages/airflow/example_dags/example_datasets.py
[2026-09-06T09:33:22.565+0000] {processor.py:925} INFO - DAG(s) 'consume_1_and_2_with_dataset_expressions', 'consume_1_or_2_with_dataset_expressions', 'dataset_consumes_unknown_never_scheduled', 'dataset_consumes_1_never_scheduled', 'dataset_produces_1', 'conditional_dataset_and_time_based_timetable', 'consume_1_or_both_2_and_3_with_dataset_expressions', 'dataset_produces_2', 'dataset_consumes_1_and_2', 'dataset_consumes_1' retrieved from /home/airflow/.local/lib/python3.12/site-packages/airflow/example_dags/example_datasets.py
[2026-09-06T09:33:22.597+0000] {logging_mixin.py:190} INFO - [2026-09-06T09:33:22.596+0000] {dag.py:3239} INFO - Sync 10 DAGs
[2026-09-06T09:33:22.615+0000] {logging_mixin.py:190} INFO - [2026-09-06T09:33:22.615+0000] {dag.py:4180} INFO - Setting next_dagrun for conditional_dataset_and_time_based_timetable to 2026-09-02 01:00:00+00:00, run_after=2026-09-02 01:00:00+00:00
[2026-09-06T09:33:22.619+0000] {logging_mixin.py:190} INFO - [2026-09-06T09:33:22.618+0000] {dag.py:4180} INFO - Setting next_dagrun for consume_1_and_2_with_dataset_expressions to None, run_after=None
[2026-09-06T09:33:22.620+0000] {logging_mixin.py:190} INFO - [2026-09-06T09:33:22.620+0000] {dag.py:4180} INFO - Setting next_dagrun for consume_1_or_2_with_dataset_expressions to None, run_after=None
[2026-09-06T09:33:22.621+0000] {logging_mixin.py:190} INFO - [2026-09-06T09:33:22.621+0000] {dag.py:4180} INFO - Setting next_dagrun for consume_1_or_both_2_and_3_with_dataset_expressions to None, run_after=None
[2026-09-06T09:33:22.622+0000] {logging_mixin.py:190} INFO - [2026-09-06T09:33:22.622+0000] {dag.py:4180} INFO - Setting next_dagrun for dataset_consumes_1 to None, run_after=None
[2026-09-06T09:33:22.623+0000] {logging_mixin.py:190} INFO - [2026-09-06T09:33:22.623+0000] {dag.py:4180} INFO - Setting next_dagrun for dataset_consumes_1_and_2 to None, run_after=None
[2026-09-06T09:33:22.625+0000] {logging_mixin.py:190} INFO - [2026-09-06T09:33:22.625+0000] {dag.py:4180} INFO - Setting next_dagrun for dataset_consumes_1_never_scheduled to None, run_after=None
[2026-09-06T09:33:22.626+0000] {logging_mixin.py:190} INFO - [2026-09-06T09:33:22.626+0000] {dag.py:4180} INFO - Setting next_dagrun for dataset_consumes_unknown_never_scheduled to None, run_after=None
[2026-09-06T09:33:22.628+0000] {logging_mixin.py:190} INFO - [2026-09-06T09:33:22.628+0000] {dag.py:4180} INFO - Setting next_dagrun for dataset_produces_1 to 2026-09-05 00:00:00+00:00, run_after=2026-09-06 00:00:00+00:00
[2026-09-06T09:33:22.629+0000] {logging_mixin.py:190} INFO - [2026-09-06T09:33:22.629+0000] {dag.py:4180} INFO - Setting next_dagrun for dataset_produces_2 to None, run_after=None
[2026-09-06T09:33:22.671+0000] {processor.py:208} INFO - Processing /home/airflow/.local/lib/python3.12/site-packages/airflow/example_dags/example_datasets.py took 0.600 seconds
[2026-09-06T09:33:52.925+0000] {processor.py:186} INFO - Started process (PID=5066) to work on /home/airflow/.local/lib/python3.12/site-packages/airflow/example_dags/example_datasets.py
[2026-09-06T09:33:52.926+0000] {processor.py:914} INFO - Processing file /home/airflow/.local/lib/python3.12/site-packages/airflow/example_dags/example_datasets.py for tasks to queue
[2026-09-06T09:33:52.928+0000] {logging_mixin.py:190} INFO - [2026-09-06T09:33:52.928+0000] {dagbag.py:588} INFO - Filling up the DagBag from /home/airflow/.local/lib/python3.12/site-packages/airflow/example_dags/example_datasets.py
[2026-09-06T09:33:53.239+0000] {processor.py:925} INFO - DAG(s) 'dataset_consumes_1_never_scheduled', 'dataset_consumes_unknown_never_scheduled', 'consume_1_and_2_with_dataset_expressions', 'dataset_produces_1', 'conditional_dataset_and_time_based_timetable', 'consume_1_or_2_with_dataset_expressions', 'dataset_produces_2', 'consume_1_or_both_2_and_3_with_dataset_expressions', 'dataset_consumes_1_and_2', 'dataset_consumes_1' retrieved from /home/airflow/.local/lib/python3.12/site-packages/airflow/example_dags/example_datasets.py
[2026-09-06T09:33:53.454+0000] {logging_mixin.py:190} INFO - [2026-09-06T09:33:53.453+0000] {dag.py:3239} INFO - Sync 10 DAGs
[2026-09-06T09:33:53.473+0000] {logging_mixin.py:190} INFO - [2026-09-06T09:33:53.473+0000] {dag.py:4180} INFO - Setting next_dagrun for conditional_dataset_and_time_based_timetable to 2026-09-02 01:00:00+00:00, run_after=2026-09-02 01:00:00+00:00
[2026-09-06T09:33:53.476+0000] {logging_mixin.py:190} INFO - [2026-09-06T09:33:53.476+0000] {dag.py:4180} INFO - Setting next_dagrun for consume_1_and_2_with_dataset_expressions to None, run_after=None
[2026-09-06T09:33:53.477+0000] {logging_mixin.py:190} INFO - [2026-09-06T09:33:53.477+0000] {dag.py:4180} INFO - Setting next_dagrun for consume_1_or_2_with_dataset_expressions to None, run_after=None
[2026-09-06T09:33:53.478+0000] {logging_mixin.py:190} INFO - [2026-09-06T09:33:53.478+0000] {dag.py:4180} INFO - Setting next_dagrun for consume_1_or_both_2_and_3_with_dataset_expressions to None, run_after=None
[2026-09-06T09:33:53.479+0000] {logging_mixin.py:190} INFO - [2026-09-06T09:33:53.479+0000] {dag.py:4180} INFO - Setting next_dagrun for dataset_consumes_1 to None, run_after=None
[2026-09-06T09:33:53.480+0000] {logging_mixin.py:190} INFO - [2026-09-06T09:33:53.480+0000] {dag.py:4180} INFO - Setting next_dagrun for dataset_consumes_1_and_2 to None, run_after=None
[2026-09-06T09:33:53.481+0000] {logging_mixin.py:190} INFO - [2026-09-06T09:33:53.481+0000] {dag.py:4180} INFO - Setting next_dagrun for dataset_consumes_1_never_scheduled to None, run_after=None
[2026-09-06T09:33:53.482+0000] {logging_mixin.py:190} INFO - [2026-09-06T09:33:53.482+0000] {dag.py:4180} INFO - Setting next_dagrun for dataset_consumes_unknown_never_scheduled to None, run_after=None
[2026-09-06T09:33:53.484+0000] {logging_mixin.py:190} INFO - [2026-09-06T09:33:53.484+0000] {dag.py:4180} INFO - Setting next_dagrun for dataset_produces_1 to 2026-09-05 00:00:00+00:00, run_after=2026-09-06 00:00:00+00:00
[2026-09-06T09:33:53.486+0000] {logging_mixin.py:190} INFO - [2026-09-06T09:33:53.485+0000] {dag.py:4180} INFO - Setting next_dagrun for dataset_produces_2 to None, run_after=None
[2026-09-06T09:33:53.510+0000] {processor.py:208} INFO - Processing /home/airflow/.local/lib/python3.12/site-packages/airflow/example_dags/example_datasets.py took 0.589 seconds
[2026-09-06T09:34:23.755+0000] {processor.py:186} INFO - Started process (PID=5130) to work on /home/airflow/.local/lib/python3.12/site-packages/airflow/example_dags/example_datasets.py
[2026-09-06T09:34:23.756+0000] {processor.py:914} INFO - Processing file /home/airflow/.local/lib/python3.12/site-packages/airflow/example_dags/example_datasets.py for tasks to queue
[2026-09-06T09:34:23.761+0000] {logging_mixin.py:190} INFO - [2026-09-06T09:34:23.761+0000] {dagbag.py:588} INFO - Filling up the DagBag from /home/airflow/.local/lib/python3.12/site-packages/airflow/example_dags/example_datasets.py
[2026-09-06T09:34:24.138+0000] {processor.py:925} INFO - DAG(s) 'dataset_consumes_1', 'dataset_produces_2', 'dataset_consumes_1_never_scheduled', 'dataset_consumes_unknown_never_scheduled', 'consume_1_or_both_2_and_3_with_dataset_expressions', 'consume_1_or_2_with_dataset_expressions', 'consume_1_and_2_with_dataset_expressions', 'dataset_produces_1', 'conditional_dataset_and_time_based_timetable', 'dataset_consumes_1_and_2' retrieved from /home/airflow/.local/lib/python3.12/site-packages/airflow/example_dags/example_datasets.py
[2026-09-06T09:34:24.386+0000] {logging_mixin.py:190} INFO - [2026-09-06T09:34:24.386+0000] {dag.py:3239} INFO - Sync 10 DAGs
[2026-09-06T09:34:24.405+0000] {logging_mixin.py:190} INFO - [2026-09-06T09:34:24.405+0000] {dag.py:4180} INFO - Setting next_dagrun for conditional_dataset_and_time_based_timetable to 2026-09-02 01:00:00+00:00, run_after=2026-09-02 01:00:00+00:00
[2026-09-06T09:34:24.409+0000] {logging_mixin.py:190} INFO - [2026-09-06T09:34:24.409+0000] {dag.py:4180} INFO - Setting next_dagrun for consume_1_and_2_with_dataset_expressions to None, run_after=None
[2026-09-06T09:34:24.410+0000] {logging_mixin.py:190} INFO - [2026-09-06T09:34:24.410+0000] {dag.py:4180} INFO - Setting next_dagrun for consume_1_or_2_with_dataset_expressions to None, run_after=None
[2026-09-06T09:34:24.412+0000] {logging_mixin.py:190} INFO - [2026-09-06T09:34:24.412+0000] {dag.py:4180} INFO - Setting next_dagrun for consume_1_or_both_2_and_3_with_dataset_expressions to None, run_after=None
[2026-09-06T09:34:24.413+0000] {logging_mixin.py:190} INFO - [2026-09-06T09:34:24.413+0000] {dag.py:4180} INFO - Setting next_dagrun for dataset_consumes_1 to None, run_after=None
[2026-09-06T09:34:24.414+0000] {logging_mixin.py:190} INFO - [2026-09-06T09:34:24.414+0000] {dag.py:4180} INFO - Setting next_dagrun for dataset_consumes_1_and_2 to None, run_after=None
[2026-09-06T09:34:24.415+0000] {logging_mixin.py:190} INFO - [2026-09-06T09:34:24.415+0000] {dag.py:4180} INFO - Setting next_dagrun for dataset_consumes_1_never_scheduled to None, run_after=None
[2026-09-06T09:34:24.416+0000] {logging_mixin.py:190} INFO - [2026-09-06T09:34:24.416+0000] {dag.py:4180} INFO - Setting next_dagrun for dataset_consumes_unknown_never_scheduled to None, run_after=None
[2026-09-06T09:34:24.419+0000] {logging_mixin.py:190} INFO - [2026-09-06T09:34:24.418+0000] {dag.py:4180} INFO - Setting next_dagrun for dataset_produces_1 to 2026-09-05 00:00:00+00:00, run_after=2026-09-06 00:00:00+00:00
[2026-09-06T09:34:24.420+0000] {logging_mixin.py:190} INFO - [2026-09-06T09:34:24.420+0000] {dag.py:4180} INFO - Setting next_dagrun for dataset_produces_2 to None, run_after=None
[2026-09-06T09:34:24.445+0000] {processor.py:208} INFO - Processing /home/airflow/.local/lib/python3.12/site-packages/airflow/example_dags/example_datasets.py took 0.696 seconds
[2026-09-06T09:34:54.623+0000] {processor.py:186} INFO - Started process (PID=5194) to work on /home/airflow/.local/lib/python3.12/site-packages/airflow/example_dags/example_datasets.py
[2026-09-06T09:34:54.624+0000] {processor.py:914} INFO - Processing file /home/airflow/.local/lib/python3.12/site-packages/airflow/example_dags/example_datasets.py for tasks to queue
[2026-09-06T09:34:54.627+0000] {logging_mixin.py:190} INFO - [2026-09-06T09:34:54.626+0000] {dagbag.py:588} INFO - Filling up the DagBag from /home/airflow/.local/lib/python3.12/site-packages/airflow/example_dags/example_datasets.py
[2026-09-06T09:34:55.006+0000] {processor.py:925} INFO - DAG(s) 'dataset_consumes_1_never_scheduled', 'dataset_consumes_1_and_2', 'consume_1_and_2_with_dataset_expressions', 'dataset_consumes_1', 'conditional_dataset_and_time_based_timetable', 'dataset_consumes_unknown_never_scheduled', 'dataset_produces_2', 'dataset_produces_1', 'consume_1_or_2_with_dataset_expressions', 'consume_1_or_both_2_and_3_with_dataset_expressions' retrieved from /home/airflow/.local/lib/python3.12/site-packages/airflow/example_dags/example_datasets.py
[2026-09-06T09:34:55.042+0000] {logging_mixin.py:190} INFO - [2026-09-06T09:34:55.041+0000] {dag.py:3239} INFO - Sync 10 DAGs
[2026-09-06T09:34:55.257+0000] {logging_mixin.py:190} INFO - [2026-09-06T09:34:55.257+0000] {dag.py:4180} INFO - Setting next_dagrun for conditional_dataset_and_time_based_timetable to 2026-09-02 01:00:00+00:00, run_after=2026-09-02 01:00:00+00:00
[2026-09-06T09:34:55.260+0000] {logging_mixin.py:190} INFO - [2026-09-06T09:34:55.260+0000] {dag.py:4180} INFO - Setting next_dagrun for consume_1_and_2_with_dataset_expressions to None, run_after=None
[2026-09-06T09:34:55.261+0000] {logging_mixin.py:190} INFO - [2026-09-06T09:34:55.261+0000] {dag.py:4180} INFO - Setting next_dagrun for consume_1_or_2_with_dataset_expressions to None, run_after=None
[2026-09-06T09:34:55.263+0000] {logging_mixin.py:190} INFO - [2026-09-06T09:34:55.262+0000] {dag.py:4180} INFO - Setting next_dagrun for consume_1_or_both_2_and_3_with_dataset_expressions to None, run_after=None
[2026-09-06T09:34:55.264+0000] {logging_mixin.py:190} INFO - [2026-09-06T09:34:55.263+0000] {dag.py:4180} INFO - Setting next_dagrun for dataset_consumes_1 to None, run_after=None
[2026-09-06T09:34:55.265+0000] {logging_mixin.py:190} INFO - [2026-09-06T09:34:55.265+0000] {dag.py:4180} INFO - Setting next_dagrun for dataset_consumes_1_and_2 to None, run_after=None
[2026-09-06T09:34:55.266+0000] {logging_mixin.py:190} INFO - [2026-09-06T09:34:55.266+0000] {dag.py:4180} INFO - Setting next_dagrun for dataset_consumes_1_never_scheduled to None, run_after=None
[2026-09-06T09:34:55.267+0000] {logging_mixin.py:190} INFO - [2026-09-06T09:34:55.267+0000] {dag.py:4180} INFO - Setting next_dagrun for dataset_consumes_unknown_never_scheduled to None, run_after=None
[2026-09-06T09:34:55.269+0000] {logging_mixin.py:190} INFO - [2026-09-06T09:34:55.269+0000] {dag.py:4180} INFO - Setting next_dagrun for dataset_produces_1 to 2026-09-05 00:00:00+00:00, run_after=2026-09-06 00:00:00+00:00
[2026-09-06T09:34:55.270+0000] {logging_mixin.py:190} INFO - [2026-09-06T09:34:55.270+0000] {dag.py:4180} INFO - Setting next_dagrun for dataset_produces_2 to None, run_after=None
[2026-09-06T09:34:55.294+0000] {processor.py:208} INFO - Processing /home/airflow/.local/lib/python3.12/site-packages/airflow/example_dags/example_datasets.py took 0.676 seconds
[2026-09-06T09:35:25.742+0000] {processor.py:186} INFO - Started process (PID=5258) to work on /home/airflow/.local/lib/python3.12/site-packages/airflow/example_dags/example_datasets.py
[2026-09-06T09:35:25.744+0000] {processor.py:914} INFO - Processing file /home/airflow/.local/lib/python3.12/site-packages/airflow/example_dags/example_datasets.py for tasks to queue
[2026-09-06T09:35:25.747+0000] {logging_mixin.py:190} INFO - [2026-09-06T09:35:25.747+0000] {dagbag.py:588} INFO - Filling up the DagBag from /home/airflow/.local/lib/python3.12/site-packages/airflow/example_dags/example_datasets.py
[2026-09-06T09:35:26.137+0000] {processor.py:925} INFO - DAG(s) 'consume_1_and_2_with_dataset_expressions', 'dataset_consumes_unknown_never_scheduled', 'conditional_dataset_and_time_based_timetable', 'dataset_consumes_1_and_2', 'dataset_produces_1', 'consume_1_or_2_with_dataset_expressions', 'dataset_produces_2', 'dataset_consumes_1', 'consume_1_or_both_2_and_3_with_dataset_expressions', 'dataset_consumes_1_never_scheduled' retrieved from /home/airflow/.local/lib/python3.12/site-packages/airflow/example_dags/example_datasets.py
[2026-09-06T09:35:26.171+0000] {logging_mixin.py:190} INFO - [2026-09-06T09:35:26.170+0000] {dag.py:3239} INFO - Sync 10 DAGs
[2026-09-06T09:35:26.399+0000] {logging_mixin.py:190} INFO - [2026-09-06T09:35:26.399+0000] {dag.py:4180} INFO - Setting next_dagrun for conditional_dataset_and_time_based_timetable to 2026-09-02 01:00:00+00:00, run_after=2026-09-02 01:00:00+00:00
[2026-09-06T09:35:26.402+0000] {logging_mixin.py:190} INFO - [2026-09-06T09:35:26.402+0000] {dag.py:4180} INFO - Setting next_dagrun for consume_1_and_2_with_dataset_expressions to None, run_after=None
[2026-09-06T09:35:26.403+0000] {logging_mixin.py:190} INFO - [2026-09-06T09:35:26.403+0000] {dag.py:4180} INFO - Setting next_dagrun for consume_1_or_2_with_dataset_expressions to None, run_after=None
[2026-09-06T09:35:26.405+0000] {logging_mixin.py:190} INFO - [2026-09-06T09:35:26.405+0000] {dag.py:4180} INFO - Setting next_dagrun for consume_1_or_both_2_and_3_with_dataset_expressions to None, run_after=None
[2026-09-06T09:35:26.406+0000] {logging_mixin.py:190} INFO - [2026-09-06T09:35:26.406+0000] {dag.py:4180} INFO - Setting next_dagrun for dataset_consumes_1 to None, run_after=None
[2026-09-06T09:35:26.407+0000] {logging_mixin.py:190} INFO - [2026-09-06T09:35:26.407+0000] {dag.py:4180} INFO - Setting next_dagrun for dataset_consumes_1_and_2 to None, run_after=None
[2026-09-06T09:35:26.408+0000] {logging_mixin.py:190} INFO - [2026-09-06T09:35:26.408+0000] {dag.py:4180} INFO - Setting next_dagrun for dataset_consumes_1_never_scheduled to None, run_after=None
[2026-09-06T09:35:26.409+0000] {logging_mixin.py:190} INFO - [2026-09-06T09:35:26.409+0000] {dag.py:4180} INFO - Setting next_dagrun for dataset_consumes_unknown_never_scheduled to None, run_after=None
[2026-09-06T09:35:26.412+0000] {logging_mixin.py:190} INFO - [2026-09-06T09:35:26.411+0000] {dag.py:4180} INFO - Setting next_dagrun for dataset_produces_1 to 2026-09-05 00:00:00+00:00, run_after=2026-09-06 00:00:00+00:00
[2026-09-06T09:35:26.413+0000] {logging_mixin.py:190} INFO - [2026-09-06T09:35:26.413+0000] {dag.py:4180} INFO - Setting next_dagrun for dataset_produces_2 to None, run_after=None
[2026-09-06T09:35:26.438+0000] {processor.py:208} INFO - Processing /home/airflow/.local/lib/python3.12/site-packages/airflow/example_dags/example_datasets.py took 0.704 seconds
[2026-09-06T09:35:56.584+0000] {processor.py:186} INFO - Started process (PID=5322) to work on /home/airflow/.local/lib/python3.12/site-packages/airflow/example_dags/example_datasets.py
[2026-09-06T09:35:56.585+0000] {processor.py:914} INFO - Processing file /home/airflow/.local/lib/python3.12/site-packages/airflow/example_dags/example_datasets.py for tasks to queue
[2026-09-06T09:35:56.588+0000] {logging_mixin.py:190} INFO - [2026-09-06T09:35:56.588+0000] {dagbag.py:588} INFO - Filling up the DagBag from /home/airflow/.local/lib/python3.12/site-packages/airflow/example_dags/example_datasets.py
[2026-09-06T09:35:57.132+0000] {processor.py:925} INFO - DAG(s) 'consume_1_and_2_with_dataset_expressions', 'dataset_consumes_1_and_2', 'dataset_produces_1', 'dataset_consumes_1_never_scheduled', 'conditional_dataset_and_time_based_timetable', 'dataset_consumes_unknown_never_scheduled', 'dataset_consumes_1', 'consume_1_or_2_with_dataset_expressions', 'consume_1_or_both_2_and_3_with_dataset_expressions', 'dataset_produces_2' retrieved from /home/airflow/.local/lib/python3.12/site-packages/airflow/example_dags/example_datasets.py
[2026-09-06T09:35:57.168+0000] {logging_mixin.py:190} INFO - [2026-09-06T09:35:57.168+0000] {dag.py:3239} INFO - Sync 10 DAGs
[2026-09-06T09:35:57.194+0000] {logging_mixin.py:190} INFO - [2026-09-06T09:35:57.193+0000] {dag.py:4180} INFO - Setting next_dagrun for conditional_dataset_and_time_based_timetable to 2026-09-02 01:00:00+00:00, run_after=2026-09-02 01:00:00+00:00
[2026-09-06T09:35:57.197+0000] {logging_mixin.py:190} INFO - [2026-09-06T09:35:57.197+0000] {dag.py:4180} INFO - Setting next_dagrun for consume_1_and_2_with_dataset_expressions to None, run_after=None
[2026-09-06T09:35:57.199+0000] {logging_mixin.py:190} INFO - [2026-09-06T09:35:57.198+0000] {dag.py:4180} INFO - Setting next_dagrun for consume_1_or_2_with_dataset_expressions to None, run_after=None
[2026-09-06T09:35:57.200+0000] {logging_mixin.py:190} INFO - [2026-09-06T09:35:57.200+0000] {dag.py:4180} INFO - Setting next_dagrun for consume_1_or_both_2_and_3_with_dataset_expressions to None, run_after=None
[2026-09-06T09:35:57.201+0000] {logging_mixin.py:190} INFO - [2026-09-06T09:35:57.201+0000] {dag.py:4180} INFO - Setting next_dagrun for dataset_consumes_1 to None, run_after=None
[2026-09-06T09:35:57.202+0000] {logging_mixin.py:190} INFO - [2026-09-06T09:35:57.202+0000] {dag.py:4180} INFO - Setting next_dagrun for dataset_consumes_1_and_2 to None, run_after=None
[2026-09-06T09:35:57.204+0000] {logging_mixin.py:190} INFO - [2026-09-06T09:35:57.203+0000] {dag.py:4180} INFO - Setting next_dagrun for dataset_consumes_1_never_scheduled to None, run_after=None
[2026-09-06T09:35:57.205+0000] {logging_mixin.py:190} INFO - [2026-09-06T09:35:57.205+0000] {dag.py:4180} INFO - Setting next_dagrun for dataset_consumes_unknown_never_scheduled to None, run_after=None
[2026-09-06T09:35:57.207+0000] {logging_mixin.py:190} INFO - [2026-09-06T09:35:57.207+0000] {dag.py:4180} INFO - Setting next_dagrun for dataset_produces_1 to 2026-09-05 00:00:00+00:00, run_after=2026-09-06 00:00:00+00:00
[2026-09-06T09:35:57.208+0000] {logging_mixin.py:190} INFO - [2026-09-06T09:35:57.208+0000] {dag.py:4180} INFO - Setting next_dagrun for dataset_produces_2 to None, run_after=None
[2026-09-06T09:35:57.235+0000] {processor.py:208} INFO - Processing /home/airflow/.local/lib/python3.12/site-packages/airflow/example_dags/example_datasets.py took 0.656 seconds
[2026-09-06T09:36:27.339+0000] {processor.py:186} INFO - Started process (PID=5386) to work on /home/airflow/.local/lib/python3.12/site-packages/airflow/example_dags/example_datasets.py
[2026-09-06T09:36:27.341+0000] {processor.py:914} INFO - Processing file /home/airflow/.local/lib/python3.12/site-packages/airflow/example_dags/example_datasets.py for tasks to queue
[2026-09-06T09:36:27.343+0000] {logging_mixin.py:190} INFO - [2026-09-06T09:36:27.343+0000] {dagbag.py:588} INFO - Filling up the DagBag from /home/airflow/.local/lib/python3.12/site-packages/airflow/example_dags/example_datasets.py
[2026-09-06T09:36:27.858+0000] {processor.py:925} INFO - DAG(s) 'dataset_consumes_1_and_2', 'consume_1_and_2_with_dataset_expressions', 'dataset_produces_1', 'consume_1_or_2_with_dataset_expressions', 'dataset_consumes_1', 'dataset_produces_2', 'consume_1_or_both_2_and_3_with_dataset_expressions', 'conditional_dataset_and_time_based_timetable', 'dataset_consumes_1_never_scheduled', 'dataset_consumes_unknown_never_scheduled' retrieved from /home/airflow/.local/lib/python3.12/site-packages/airflow/example_dags/example_datasets.py
[2026-09-06T09:36:27.887+0000] {logging_mixin.py:190} INFO - [2026-09-06T09:36:27.886+0000] {dag.py:3239} INFO - Sync 10 DAGs
[2026-09-06T09:36:27.905+0000] {logging_mixin.py:190} INFO - [2026-09-06T09:36:27.905+0000] {dag.py:4180} INFO - Setting next_dagrun for conditional_dataset_and_time_based_timetable to 2026-09-02 01:00:00+00:00, run_after=2026-09-02 01:00:00+00:00
[2026-09-06T09:36:27.908+0000] {logging_mixin.py:190} INFO - [2026-09-06T09:36:27.908+0000] {dag.py:4180} INFO - Setting next_dagrun for consume_1_and_2_with_dataset_expressions to None, run_after=None
[2026-09-06T09:36:27.909+0000] {logging_mixin.py:190} INFO - [2026-09-06T09:36:27.909+0000] {dag.py:4180} INFO - Setting next_dagrun for consume_1_or_2_with_dataset_expressions to None, run_after=None
[2026-09-06T09:36:27.910+0000] {logging_mixin.py:190} INFO - [2026-09-06T09:36:27.910+0000] {dag.py:4180} INFO - Setting next_dagrun for consume_1_or_both_2_and_3_with_dataset_expressions to None, run_after=None
[2026-09-06T09:36:27.911+0000] {logging_mixin.py:190} INFO - [2026-09-06T09:36:27.911+0000] {dag.py:4180} INFO - Setting next_dagrun for dataset_consumes_1 to None, run_after=None
[2026-09-06T09:36:27.912+0000] {logging_mixin.py:190} INFO - [2026-09-06T09:36:27.912+0000] {dag.py:4180} INFO - Setting next_dagrun for dataset_consumes_1_and_2 to None, run_after=None
[2026-09-06T09:36:27.913+0000] {logging_mixin.py:190} INFO - [2026-09-06T09:36:27.913+0000] {dag.py:4180} INFO - Setting next_dagrun for dataset_consumes_1_never_scheduled to None, run_after=None
[2026-09-06T09:36:27.914+0000] {logging_mixin.py:190} INFO - [2026-09-06T09:36:27.914+0000] {dag.py:4180} INFO - Setting next_dagrun for dataset_consumes_unknown_never_scheduled to None, run_after=None
[2026-09-06T09:36:27.916+0000] {logging_mixin.py:190} INFO - [2026-09-06T09:36:27.916+0000] {dag.py:4180} INFO - Setting next_dagrun for dataset_produces_1 to 2026-09-05 00:00:00+00:00, run_after=2026-09-06 00:00:00+00:00
[2026-09-06T09:36:27.917+0000] {logging_mixin.py:190} INFO - [2026-09-06T09:36:27.917+0000] {dag.py:4180} INFO - Setting next_dagrun for dataset_produces_2 to None, run_after=None
[2026-09-06T09:36:27.943+0000] {processor.py:208} INFO - Processing /home/airflow/.local/lib/python3.12/site-packages/airflow/example_dags/example_datasets.py took 0.608 seconds
[2026-09-06T09:36:58.469+0000] {processor.py:186} INFO - Started process (PID=5450) to work on /home/airflow/.local/lib/python3.12/site-packages/airflow/example_dags/example_datasets.py
[2026-09-06T09:36:58.469+0000] {processor.py:914} INFO - Processing file /home/airflow/.local/lib/python3.12/site-packages/airflow/example_dags/example_datasets.py for tasks to queue
[2026-09-06T09:36:58.471+0000] {logging_mixin.py:190} INFO - [2026-09-06T09:36:58.471+0000] {dagbag.py:588} INFO - Filling up the DagBag from /home/airflow/.local/lib/python3.12/site-packages/airflow/example_dags/example_datasets.py
[2026-09-06T09:36:58.933+0000] {processor.py:925} INFO - DAG(s) 'consume_1_or_both_2_and_3_with_dataset_expressions', 'dataset_consumes_unknown_never_scheduled', 'dataset_produces_1', 'consume_1_and_2_with_dataset_expressions', 'dataset_consumes_1', 'consume_1_or_2_with_dataset_expressions', 'conditional_dataset_and_time_based_timetable', 'dataset_consumes_1_never_scheduled', 'dataset_produces_2', 'dataset_consumes_1_and_2' retrieved from /home/airflow/.local/lib/python3.12/site-packages/airflow/example_dags/example_datasets.py
[2026-09-06T09:36:58.963+0000] {logging_mixin.py:190} INFO - [2026-09-06T09:36:58.963+0000] {dag.py:3239} INFO - Sync 10 DAGs
[2026-09-06T09:36:58.981+0000] {logging_mixin.py:190} INFO - [2026-09-06T09:36:58.981+0000] {dag.py:4180} INFO - Setting next_dagrun for conditional_dataset_and_time_based_timetable to 2026-09-02 01:00:00+00:00, run_after=2026-09-02 01:00:00+00:00
[2026-09-06T09:36:58.985+0000] {logging_mixin.py:190} INFO - [2026-09-06T09:36:58.984+0000] {dag.py:4180} INFO - Setting next_dagrun for consume_1_and_2_with_dataset_expressions to None, run_after=None
[2026-09-06T09:36:58.986+0000] {logging_mixin.py:190} INFO - [2026-09-06T09:36:58.986+0000] {dag.py:4180} INFO - Setting next_dagrun for consume_1_or_2_with_dataset_expressions to None, run_after=None
[2026-09-06T09:36:58.987+0000] {logging_mixin.py:190} INFO - [2026-09-06T09:36:58.987+0000] {dag.py:4180} INFO - Setting next_dagrun for consume_1_or_both_2_and_3_with_dataset_expressions to None, run_after=None
[2026-09-06T09:36:58.988+0000] {logging_mixin.py:190} INFO - [2026-09-06T09:36:58.988+0000] {dag.py:4180} INFO - Setting next_dagrun for dataset_consumes_1 to None, run_after=None
[2026-09-06T09:36:58.989+0000] {logging_mixin.py:190} INFO - [2026-09-06T09:36:58.989+0000] {dag.py:4180} INFO - Setting next_dagrun for dataset_consumes_1_and_2 to None, run_after=None
[2026-09-06T09:36:58.990+0000] {logging_mixin.py:190} INFO - [2026-09-06T09:36:58.990+0000] {dag.py:4180} INFO - Setting next_dagrun for dataset_consumes_1_never_scheduled to None, run_after=None
[2026-09-06T09:36:58.991+0000] {logging_mixin.py:190} INFO - [2026-09-06T09:36:58.991+0000] {dag.py:4180} INFO - Setting next_dagrun for dataset_consumes_unknown_never_scheduled to None, run_after=None
[2026-09-06T09:36:58.993+0000] {logging_mixin.py:190} INFO - [2026-09-06T09:36:58.993+0000] {dag.py:4180} INFO - Setting next_dagrun for dataset_produces_1 to 2026-09-05 00:00:00+00:00, run_after=2026-09-06 00:00:00+00:00
[2026-09-06T09:36:58.995+0000] {logging_mixin.py:190} INFO - [2026-09-06T09:36:58.995+0000] {dag.py:4180} INFO - Setting next_dagrun for dataset_produces_2 to None, run_after=None
[2026-09-06T09:36:59.018+0000] {processor.py:208} INFO - Processing /home/airflow/.local/lib/python3.12/site-packages/airflow/example_dags/example_datasets.py took 0.554 seconds
[2026-09-06T09:37:29.156+0000] {processor.py:186} INFO - Started process (PID=5514) to work on /home/airflow/.local/lib/python3.12/site-packages/airflow/example_dags/example_datasets.py
[2026-09-06T09:37:29.157+0000] {processor.py:914} INFO - Processing file /home/airflow/.local/lib/python3.12/site-packages/airflow/example_dags/example_datasets.py for tasks to queue
[2026-09-06T09:37:29.159+0000] {logging_mixin.py:190} INFO - [2026-09-06T09:37:29.159+0000] {dagbag.py:588} INFO - Filling up the DagBag from /home/airflow/.local/lib/python3.12/site-packages/airflow/example_dags/example_datasets.py
[2026-09-06T09:37:29.667+0000] {processor.py:925} INFO - DAG(s) 'consume_1_and_2_with_dataset_expressions', 'conditional_dataset_and_time_based_timetable', 'dataset_consumes_1_and_2', 'consume_1_or_2_with_dataset_expressions', 'dataset_consumes_unknown_never_scheduled', 'dataset_produces_1', 'consume_1_or_both_2_and_3_with_dataset_expressions', 'dataset_consumes_1', 'dataset_consumes_1_never_scheduled', 'dataset_produces_2' retrieved from /home/airflow/.local/lib/python3.12/site-packages/airflow/example_dags/example_datasets.py
[2026-09-06T09:37:29.696+0000] {logging_mixin.py:190} INFO - [2026-09-06T09:37:29.696+0000] {dag.py:3239} INFO - Sync 10 DAGs
[2026-09-06T09:37:29.715+0000] {logging_mixin.py:190} INFO - [2026-09-06T09:37:29.714+0000] {dag.py:4180} INFO - Setting next_dagrun for conditional_dataset_and_time_based_timetable to 2026-09-02 01:00:00+00:00, run_after=2026-09-02 01:00:00+00:00
[2026-09-06T09:37:29.718+0000] {logging_mixin.py:190} INFO - [2026-09-06T09:37:29.717+0000] {dag.py:4180} INFO - Setting next_dagrun for consume_1_and_2_with_dataset_expressions to None, run_after=None
[2026-09-06T09:37:29.719+0000] {logging_mixin.py:190} INFO - [2026-09-06T09:37:29.719+0000] {dag.py:4180} INFO - Setting next_dagrun for consume_1_or_2_with_dataset_expressions to None, run_after=None
[2026-09-06T09:37:29.720+0000] {logging_mixin.py:190} INFO - [2026-09-06T09:37:29.720+0000] {dag.py:4180} INFO - Setting next_dagrun for consume_1_or_both_2_and_3_with_dataset_expressions to None, run_after=None
[2026-09-06T09:37:29.721+0000] {logging_mixin.py:190} INFO - [2026-09-06T09:37:29.721+0000] {dag.py:4180} INFO - Setting next_dagrun for dataset_consumes_1 to None, run_after=None
[2026-09-06T09:37:29.722+0000] {logging_mixin.py:190} INFO - [2026-09-06T09:37:29.722+0000] {dag.py:4180} INFO - Setting next_dagrun for dataset_consumes_1_and_2 to None, run_after=None
[2026-09-06T09:37:29.723+0000] {logging_mixin.py:190} INFO - [2026-09-06T09:37:29.723+0000] {dag.py:4180} INFO - Setting next_dagrun for dataset_consumes_1_never_scheduled to None, run_after=None
[2026-09-06T09:37:29.724+0000] {logging_mixin.py:190} INFO - [2026-09-06T09:37:29.724+0000] {dag.py:4180} INFO - Setting next_dagrun for dataset_consumes_unknown_never_scheduled to None, run_after=None
[2026-09-06T09:37:29.726+0000] {logging_mixin.py:190} INFO - [2026-09-06T09:37:29.726+0000] {dag.py:4180} INFO - Setting next_dagrun for dataset_produces_1 to 2026-09-05 00:00:00+00:00, run_after=2026-09-06 00:00:00+00:00
[2026-09-06T09:37:29.727+0000] {logging_mixin.py:190} INFO - [2026-09-06T09:37:29.727+0000] {dag.py:4180} INFO - Setting next_dagrun for dataset_produces_2 to None, run_after=None
[2026-09-06T09:37:29.754+0000] {processor.py:208} INFO - Processing /home/airflow/.local/lib/python3.12/site-packages/airflow/example_dags/example_datasets.py took 0.603 seconds
[2026-09-06T09:37:59.828+0000] {processor.py:186} INFO - Started process (PID=5578) to work on /home/airflow/.local/lib/python3.12/site-packages/airflow/example_dags/example_datasets.py
[2026-09-06T09:37:59.829+0000] {processor.py:914} INFO - Processing file /home/airflow/.local/lib/python3.12/site-packages/airflow/example_dags/example_datasets.py for tasks to queue
[2026-09-06T09:37:59.831+0000] {logging_mixin.py:190} INFO - [2026-09-06T09:37:59.831+0000] {dagbag.py:588} INFO - Filling up the DagBag from /home/airflow/.local/lib/python3.12/site-packages/airflow/example_dags/example_datasets.py
[2026-09-06T09:38:00.363+0000] {processor.py:925} INFO - DAG(s) 'dataset_consumes_1_never_scheduled', 'dataset_consumes_unknown_never_scheduled', 'consume_1_and_2_with_dataset_expressions', 'consume_1_or_2_with_dataset_expressions', 'dataset_produces_1', 'dataset_consumes_1', 'consume_1_or_both_2_and_3_with_dataset_expressions', 'conditional_dataset_and_time_based_timetable', 'dataset_produces_2', 'dataset_consumes_1_and_2' retrieved from /home/airflow/.local/lib/python3.12/site-packages/airflow/example_dags/example_datasets.py
[2026-09-06T09:38:00.393+0000] {logging_mixin.py:190} INFO - [2026-09-06T09:38:00.392+0000] {dag.py:3239} INFO - Sync 10 DAGs
[2026-09-06T09:38:00.410+0000] {logging_mixin.py:190} INFO - [2026-09-06T09:38:00.410+0000] {dag.py:4180} INFO - Setting next_dagrun for conditional_dataset_and_time_based_timetable to 2026-09-02 01:00:00+00:00, run_after=2026-09-02 01:00:00+00:00
[2026-09-06T09:38:00.413+0000] {logging_mixin.py:190} INFO - [2026-09-06T09:38:00.413+0000] {dag.py:4180} INFO - Setting next_dagrun for consume_1_and_2_with_dataset_expressions to None, run_after=None
[2026-09-06T09:38:00.414+0000] {logging_mixin.py:190} INFO - [2026-09-06T09:38:00.414+0000] {dag.py:4180} INFO - Setting next_dagrun for consume_1_or_2_with_dataset_expressions to None, run_after=None
[2026-09-06T09:38:00.415+0000] {logging_mixin.py:190} INFO - [2026-09-06T09:38:00.415+0000] {dag.py:4180} INFO - Setting next_dagrun for consume_1_or_both_2_and_3_with_dataset_expressions to None, run_after=None
[2026-09-06T09:38:00.416+0000] {logging_mixin.py:190} INFO - [2026-09-06T09:38:00.416+0000] {dag.py:4180} INFO - Setting next_dagrun for dataset_consumes_1 to None, run_after=None
[2026-09-06T09:38:00.418+0000] {logging_mixin.py:190} INFO - [2026-09-06T09:38:00.418+0000] {dag.py:4180} INFO - Setting next_dagrun for dataset_consumes_1_and_2 to None, run_after=None
[2026-09-06T09:38:00.419+0000] {logging_mixin.py:190} INFO - [2026-09-06T09:38:00.419+0000] {dag.py:4180} INFO - Setting next_dagrun for dataset_consumes_1_never_scheduled to None, run_after=None
[2026-09-06T09:38:00.420+0000] {logging_mixin.py:190} INFO - [2026-09-06T09:38:00.420+0000] {dag.py:4180} INFO - Setting next_dagrun for dataset_consumes_unknown_never_scheduled to None, run_after=None
[2026-09-06T09:38:00.422+0000] {logging_mixin.py:190} INFO - [2026-09-06T09:38:00.422+0000] {dag.py:4180} INFO - Setting next_dagrun for dataset_produces_1 to 2026-09-05 00:00:00+00:00, run_after=2026-09-06 00:00:00+00:00
[2026-09-06T09:38:00.423+0000] {logging_mixin.py:190} INFO - [2026-09-06T09:38:00.423+0000] {dag.py:4180} INFO - Setting next_dagrun for dataset_produces_2 to None, run_after=None
[2026-09-06T09:38:00.449+0000] {processor.py:208} INFO - Processing /home/airflow/.local/lib/python3.12/site-packages/airflow/example_dags/example_datasets.py took 0.626 seconds
[2026-09-06T09:38:30.675+0000] {processor.py:186} INFO - Started process (PID=5642) to work on /home/airflow/.local/lib/python3.12/site-packages/airflow/example_dags/example_datasets.py
[2026-09-06T09:38:30.676+0000] {processor.py:914} INFO - Processing file /home/airflow/.local/lib/python3.12/site-packages/airflow/example_dags/example_datasets.py for tasks to queue
[2026-09-06T09:38:30.679+0000] {logging_mixin.py:190} INFO - [2026-09-06T09:38:30.678+0000] {dagbag.py:588} INFO - Filling up the DagBag from /home/airflow/.local/lib/python3.12/site-packages/airflow/example_dags/example_datasets.py
[2026-09-06T09:38:31.150+0000] {processor.py:925} INFO - DAG(s) 'dataset_produces_2', 'consume_1_or_both_2_and_3_with_dataset_expressions', 'consume_1_and_2_with_dataset_expressions', 'dataset_produces_1', 'dataset_consumes_1_never_scheduled', 'dataset_consumes_1_and_2', 'dataset_consumes_1', 'dataset_consumes_unknown_never_scheduled', 'consume_1_or_2_with_dataset_expressions', 'conditional_dataset_and_time_based_timetable' retrieved from /home/airflow/.local/lib/python3.12/site-packages/airflow/example_dags/example_datasets.py
[2026-09-06T09:38:31.179+0000] {logging_mixin.py:190} INFO - [2026-09-06T09:38:31.179+0000] {dag.py:3239} INFO - Sync 10 DAGs
[2026-09-06T09:38:31.197+0000] {logging_mixin.py:190} INFO - [2026-09-06T09:38:31.197+0000] {dag.py:4180} INFO - Setting next_dagrun for conditional_dataset_and_time_based_timetable to 2026-09-02 01:00:00+00:00, run_after=2026-09-02 01:00:00+00:00
[2026-09-06T09:38:31.200+0000] {logging_mixin.py:190} INFO - [2026-09-06T09:38:31.200+0000] {dag.py:4180} INFO - Setting next_dagrun for consume_1_and_2_with_dataset_expressions to None, run_after=None
[2026-09-06T09:38:31.202+0000] {logging_mixin.py:190} INFO - [2026-09-06T09:38:31.201+0000] {dag.py:4180} INFO - Setting next_dagrun for consume_1_or_2_with_dataset_expressions to None, run_after=None
[2026-09-06T09:38:31.203+0000] {logging_mixin.py:190} INFO - [2026-09-06T09:38:31.203+0000] {dag.py:4180} INFO - Setting next_dagrun for consume_1_or_both_2_and_3_with_dataset_expressions to None, run_after=None
[2026-09-06T09:38:31.204+0000] {logging_mixin.py:190} INFO - [2026-09-06T09:38:31.204+0000] {dag.py:4180} INFO - Setting next_dagrun for dataset_consumes_1 to None, run_after=None
[2026-09-06T09:38:31.205+0000] {logging_mixin.py:190} INFO - [2026-09-06T09:38:31.205+0000] {dag.py:4180} INFO - Setting next_dagrun for dataset_consumes_1_and_2 to None, run_after=None
[2026-09-06T09:38:31.206+0000] {logging_mixin.py:190} INFO - [2026-09-06T09:38:31.206+0000] {dag.py:4180} INFO - Setting next_dagrun for dataset_consumes_1_never_scheduled to None, run_after=None
[2026-09-06T09:38:31.207+0000] {logging_mixin.py:190} INFO - [2026-09-06T09:38:31.207+0000] {dag.py:4180} INFO - Setting next_dagrun for dataset_consumes_unknown_never_scheduled to None, run_after=None
[2026-09-06T09:38:31.209+0000] {logging_mixin.py:190} INFO - [2026-09-06T09:38:31.209+0000] {dag.py:4180} INFO - Setting next_dagrun for dataset_produces_1 to 2026-09-05 00:00:00+00:00, run_after=2026-09-06 00:00:00+00:00
[2026-09-06T09:38:31.210+0000] {logging_mixin.py:190} INFO - [2026-09-06T09:38:31.210+0000] {dag.py:4180} INFO - Setting next_dagrun for dataset_produces_2 to None, run_after=None
[2026-09-06T09:38:31.233+0000] {processor.py:208} INFO - Processing /home/airflow/.local/lib/python3.12/site-packages/airflow/example_dags/example_datasets.py took 0.562 seconds
[2026-09-06T09:39:01.502+0000] {processor.py:186} INFO - Started process (PID=5712) to work on /home/airflow/.local/lib/python3.12/site-packages/airflow/example_dags/example_datasets.py
[2026-09-06T09:39:01.503+0000] {processor.py:914} INFO - Processing file /home/airflow/.local/lib/python3.12/site-packages/airflow/example_dags/example_datasets.py for tasks to queue
[2026-09-06T09:39:01.506+0000] {logging_mixin.py:190} INFO - [2026-09-06T09:39:01.506+0000] {dagbag.py:588} INFO - Filling up the DagBag from /home/airflow/.local/lib/python3.12/site-packages/airflow/example_dags/example_datasets.py
[2026-09-06T09:39:02.050+0000] {processor.py:925} INFO - DAG(s) 'consume_1_or_both_2_and_3_with_dataset_expressions', 'consume_1_and_2_with_dataset_expressions', 'dataset_consumes_1_and_2', 'consume_1_or_2_with_dataset_expressions', 'dataset_consumes_1', 'dataset_consumes_unknown_never_scheduled', 'dataset_produces_2', 'dataset_consumes_1_never_scheduled', 'conditional_dataset_and_time_based_timetable', 'dataset_produces_1' retrieved from /home/airflow/.local/lib/python3.12/site-packages/airflow/example_dags/example_datasets.py
[2026-09-06T09:39:02.082+0000] {logging_mixin.py:190} INFO - [2026-09-06T09:39:02.082+0000] {dag.py:3239} INFO - Sync 10 DAGs
[2026-09-06T09:39:02.102+0000] {logging_mixin.py:190} INFO - [2026-09-06T09:39:02.102+0000] {dag.py:4180} INFO - Setting next_dagrun for conditional_dataset_and_time_based_timetable to 2026-09-02 01:00:00+00:00, run_after=2026-09-02 01:00:00+00:00
[2026-09-06T09:39:02.106+0000] {logging_mixin.py:190} INFO - [2026-09-06T09:39:02.105+0000] {dag.py:4180} INFO - Setting next_dagrun for consume_1_and_2_with_dataset_expressions to None, run_after=None
[2026-09-06T09:39:02.107+0000] {logging_mixin.py:190} INFO - [2026-09-06T09:39:02.107+0000] {dag.py:4180} INFO - Setting next_dagrun for consume_1_or_2_with_dataset_expressions to None, run_after=None
[2026-09-06T09:39:02.108+0000] {logging_mixin.py:190} INFO - [2026-09-06T09:39:02.108+0000] {dag.py:4180} INFO - Setting next_dagrun for consume_1_or_both_2_and_3_with_dataset_expressions to None, run_after=None
[2026-09-06T09:39:02.110+0000] {logging_mixin.py:190} INFO - [2026-09-06T09:39:02.110+0000] {dag.py:4180} INFO - Setting next_dagrun for dataset_consumes_1 to None, run_after=None
[2026-09-06T09:39:02.111+0000] {logging_mixin.py:190} INFO - [2026-09-06T09:39:02.111+0000] {dag.py:4180} INFO - Setting next_dagrun for dataset_consumes_1_and_2 to None, run_after=None
[2026-09-06T09:39:02.112+0000] {logging_mixin.py:190} INFO - [2026-09-06T09:39:02.112+0000] {dag.py:4180} INFO - Setting next_dagrun for dataset_consumes_1_never_scheduled to None, run_after=None
[2026-09-06T09:39:02.113+0000] {logging_mixin.py:190} INFO - [2026-09-06T09:39:02.113+0000] {dag.py:4180} INFO - Setting next_dagrun for dataset_consumes_unknown_never_scheduled to None, run_after=None
[2026-09-06T09:39:02.115+0000] {logging_mixin.py:190} INFO - [2026-09-06T09:39:02.115+0000] {dag.py:4180} INFO - Setting next_dagrun for dataset_produces_1 to 2026-09-05 00:00:00+00:00, run_after=2026-09-06 00:00:00+00:00
[2026-09-06T09:39:02.117+0000] {logging_mixin.py:190} INFO - [2026-09-06T09:39:02.117+0000] {dag.py:4180} INFO - Setting next_dagrun for dataset_produces_2 to None, run_after=None
[2026-09-06T09:39:02.143+0000] {processor.py:208} INFO - Processing /home/airflow/.local/lib/python3.12/site-packages/airflow/example_dags/example_datasets.py took 0.646 seconds
[2026-09-06T09:39:32.709+0000] {processor.py:186} INFO - Started process (PID=5776) to work on /home/airflow/.local/lib/python3.12/site-packages/airflow/example_dags/example_datasets.py
[2026-09-06T09:39:32.710+0000] {processor.py:914} INFO - Processing file /home/airflow/.local/lib/python3.12/site-packages/airflow/example_dags/example_datasets.py for tasks to queue
[2026-09-06T09:39:32.713+0000] {logging_mixin.py:190} INFO - [2026-09-06T09:39:32.712+0000] {dagbag.py:588} INFO - Filling up the DagBag from /home/airflow/.local/lib/python3.12/site-packages/airflow/example_dags/example_datasets.py
[2026-09-06T09:39:33.193+0000] {processor.py:925} INFO - DAG(s) 'dataset_consumes_1_and_2', 'dataset_consumes_1_never_scheduled', 'consume_1_and_2_with_dataset_expressions', 'dataset_produces_1', 'dataset_produces_2', 'consume_1_or_2_with_dataset_expressions', 'dataset_consumes_unknown_never_scheduled', 'conditional_dataset_and_time_based_timetable', 'dataset_consumes_1', 'consume_1_or_both_2_and_3_with_dataset_expressions' retrieved from /home/airflow/.local/lib/python3.12/site-packages/airflow/example_dags/example_datasets.py
[2026-09-06T09:39:33.223+0000] {logging_mixin.py:190} INFO - [2026-09-06T09:39:33.223+0000] {dag.py:3239} INFO - Sync 10 DAGs
[2026-09-06T09:39:33.241+0000] {logging_mixin.py:190} INFO - [2026-09-06T09:39:33.241+0000] {dag.py:4180} INFO - Setting next_dagrun for conditional_dataset_and_time_based_timetable to 2026-09-02 01:00:00+00:00, run_after=2026-09-02 01:00:00+00:00
[2026-09-06T09:39:33.244+0000] {logging_mixin.py:190} INFO - [2026-09-06T09:39:33.244+0000] {dag.py:4180} INFO - Setting next_dagrun for consume_1_and_2_with_dataset_expressions to None, run_after=None
[2026-09-06T09:39:33.245+0000] {logging_mixin.py:190} INFO - [2026-09-06T09:39:33.245+0000] {dag.py:4180} INFO - Setting next_dagrun for consume_1_or_2_with_dataset_expressions to None, run_after=None
[2026-09-06T09:39:33.246+0000] {logging_mixin.py:190} INFO - [2026-09-06T09:39:33.246+0000] {dag.py:4180} INFO - Setting next_dagrun for consume_1_or_both_2_and_3_with_dataset_expressions to None, run_after=None
[2026-09-06T09:39:33.247+0000] {logging_mixin.py:190} INFO - [2026-09-06T09:39:33.247+0000] {dag.py:4180} INFO - Setting next_dagrun for dataset_consumes_1 to None, run_after=None
[2026-09-06T09:39:33.248+0000] {logging_mixin.py:190} INFO - [2026-09-06T09:39:33.248+0000] {dag.py:4180} INFO - Setting next_dagrun for dataset_consumes_1_and_2 to None, run_after=None
[2026-09-06T09:39:33.249+0000] {logging_mixin.py:190} INFO - [2026-09-06T09:39:33.249+0000] {dag.py:4180} INFO - Setting next_dagrun for dataset_consumes_1_never_scheduled to None, run_after=None
[2026-09-06T09:39:33.250+0000] {logging_mixin.py:190} INFO - [2026-09-06T09:39:33.250+0000] {dag.py:4180} INFO - Setting next_dagrun for dataset_consumes_unknown_never_scheduled to None, run_after=None
[2026-09-06T09:39:33.252+0000] {logging_mixin.py:190} INFO - [2026-09-06T09:39:33.252+0000] {dag.py:4180} INFO - Setting next_dagrun for dataset_produces_1 to 2026-09-05 00:00:00+00:00, run_after=2026-09-06 00:00:00+00:00
[2026-09-06T09:39:33.253+0000] {logging_mixin.py:190} INFO - [2026-09-06T09:39:33.253+0000] {dag.py:4180} INFO - Setting next_dagrun for dataset_produces_2 to None, run_after=None
[2026-09-06T09:39:33.276+0000] {processor.py:208} INFO - Processing /home/airflow/.local/lib/python3.12/site-packages/airflow/example_dags/example_datasets.py took 0.572 seconds
[2026-09-06T09:40:03.394+0000] {processor.py:186} INFO - Started process (PID=5840) to work on /home/airflow/.local/lib/python3.12/site-packages/airflow/example_dags/example_datasets.py
[2026-09-06T09:40:03.395+0000] {processor.py:914} INFO - Processing file /home/airflow/.local/lib/python3.12/site-packages/airflow/example_dags/example_datasets.py for tasks to queue
[2026-09-06T09:40:03.397+0000] {logging_mixin.py:190} INFO - [2026-09-06T09:40:03.396+0000] {dagbag.py:588} INFO - Filling up the DagBag from /home/airflow/.local/lib/python3.12/site-packages/airflow/example_dags/example_datasets.py
[2026-09-06T09:40:03.854+0000] {processor.py:925} INFO - DAG(s) 'dataset_consumes_1', 'dataset_produces_1', 'dataset_consumes_unknown_never_scheduled', 'dataset_produces_2', 'conditional_dataset_and_time_based_timetable', 'consume_1_and_2_with_dataset_expressions', 'consume_1_or_both_2_and_3_with_dataset_expressions', 'dataset_consumes_1_and_2', 'dataset_consumes_1_never_scheduled', 'consume_1_or_2_with_dataset_expressions' retrieved from /home/airflow/.local/lib/python3.12/site-packages/airflow/example_dags/example_datasets.py
[2026-09-06T09:40:03.883+0000] {logging_mixin.py:190} INFO - [2026-09-06T09:40:03.883+0000] {dag.py:3239} INFO - Sync 10 DAGs
[2026-09-06T09:40:03.903+0000] {logging_mixin.py:190} INFO - [2026-09-06T09:40:03.902+0000] {dag.py:4180} INFO - Setting next_dagrun for conditional_dataset_and_time_based_timetable to 2026-09-02 01:00:00+00:00, run_after=2026-09-02 01:00:00+00:00
[2026-09-06T09:40:03.906+0000] {logging_mixin.py:190} INFO - [2026-09-06T09:40:03.906+0000] {dag.py:4180} INFO - Setting next_dagrun for consume_1_and_2_with_dataset_expressions to None, run_after=None
[2026-09-06T09:40:03.907+0000] {logging_mixin.py:190} INFO - [2026-09-06T09:40:03.907+0000] {dag.py:4180} INFO - Setting next_dagrun for consume_1_or_2_with_dataset_expressions to None, run_after=None
[2026-09-06T09:40:03.908+0000] {logging_mixin.py:190} INFO - [2026-09-06T09:40:03.908+0000] {dag.py:4180} INFO - Setting next_dagrun for consume_1_or_both_2_and_3_with_dataset_expressions to None, run_after=None
[2026-09-06T09:40:03.909+0000] {logging_mixin.py:190} INFO - [2026-09-06T09:40:03.909+0000] {dag.py:4180} INFO - Setting next_dagrun for dataset_consumes_1 to None, run_after=None
[2026-09-06T09:40:03.910+0000] {logging_mixin.py:190} INFO - [2026-09-06T09:40:03.910+0000] {dag.py:4180} INFO - Setting next_dagrun for dataset_consumes_1_and_2 to None, run_after=None
[2026-09-06T09:40:03.911+0000] {logging_mixin.py:190} INFO - [2026-09-06T09:40:03.911+0000] {dag.py:4180} INFO - Setting next_dagrun for dataset_consumes_1_never_scheduled to None, run_after=None
[2026-09-06T09:40:03.913+0000] {logging_mixin.py:190} INFO - [2026-09-06T09:40:03.913+0000] {dag.py:4180} INFO - Setting next_dagrun for dataset_consumes_unknown_never_scheduled to None, run_after=None
[2026-09-06T09:40:03.915+0000] {logging_mixin.py:190} INFO - [2026-09-06T09:40:03.914+0000] {dag.py:4180} INFO - Setting next_dagrun for dataset_produces_1 to 2026-09-05 00:00:00+00:00, run_after=2026-09-06 00:00:00+00:00
[2026-09-06T09:40:03.916+0000] {logging_mixin.py:190} INFO - [2026-09-06T09:40:03.916+0000] {dag.py:4180} INFO - Setting next_dagrun for dataset_produces_2 to None, run_after=None
[2026-09-06T09:40:03.939+0000] {processor.py:208} INFO - Processing /home/airflow/.local/lib/python3.12/site-packages/airflow/example_dags/example_datasets.py took 0.550 seconds
[2026-09-06T09:40:34.676+0000] {processor.py:186} INFO - Started process (PID=5904) to work on /home/airflow/.local/lib/python3.12/site-packages/airflow/example_dags/example_datasets.py
[2026-09-06T09:40:34.677+0000] {processor.py:914} INFO - Processing file /home/airflow/.local/lib/python3.12/site-packages/airflow/example_dags/example_datasets.py for tasks to queue
[2026-09-06T09:40:34.679+0000] {logging_mixin.py:190} INFO - [2026-09-06T09:40:34.678+0000] {dagbag.py:588} INFO - Filling up the DagBag from /home/airflow/.local/lib/python3.12/site-packages/airflow/example_dags/example_datasets.py
[2026-09-06T09:40:35.203+0000] {processor.py:925} INFO - DAG(s) 'consume_1_and_2_with_dataset_expressions', 'consume_1_or_2_with_dataset_expressions', 'dataset_produces_1', 'consume_1_or_both_2_and_3_with_dataset_expressions', 'dataset_consumes_1_and_2', 'conditional_dataset_and_time_based_timetable', 'dataset_consumes_1_never_scheduled', 'dataset_consumes_unknown_never_scheduled', 'dataset_produces_2', 'dataset_consumes_1' retrieved from /home/airflow/.local/lib/python3.12/site-packages/airflow/example_dags/example_datasets.py
[2026-09-06T09:40:35.234+0000] {logging_mixin.py:190} INFO - [2026-09-06T09:40:35.233+0000] {dag.py:3239} INFO - Sync 10 DAGs
[2026-09-06T09:40:35.254+0000] {logging_mixin.py:190} INFO - [2026-09-06T09:40:35.254+0000] {dag.py:4180} INFO - Setting next_dagrun for conditional_dataset_and_time_based_timetable to 2026-09-02 01:00:00+00:00, run_after=2026-09-02 01:00:00+00:00
[2026-09-06T09:40:35.257+0000] {logging_mixin.py:190} INFO - [2026-09-06T09:40:35.257+0000] {dag.py:4180} INFO - Setting next_dagrun for consume_1_and_2_with_dataset_expressions to None, run_after=None
[2026-09-06T09:40:35.259+0000] {logging_mixin.py:190} INFO - [2026-09-06T09:40:35.259+0000] {dag.py:4180} INFO - Setting next_dagrun for consume_1_or_2_with_dataset_expressions to None, run_after=None
[2026-09-06T09:40:35.260+0000] {logging_mixin.py:190} INFO - [2026-09-06T09:40:35.260+0000] {dag.py:4180} INFO - Setting next_dagrun for consume_1_or_both_2_and_3_with_dataset_expressions to None, run_after=None
[2026-09-06T09:40:35.261+0000] {logging_mixin.py:190} INFO - [2026-09-06T09:40:35.261+0000] {dag.py:4180} INFO - Setting next_dagrun for dataset_consumes_1 to None, run_after=None
[2026-09-06T09:40:35.262+0000] {logging_mixin.py:190} INFO - [2026-09-06T09:40:35.262+0000] {dag.py:4180} INFO - Setting next_dagrun for dataset_consumes_1_and_2 to None, run_after=None
[2026-09-06T09:40:35.264+0000] {logging_mixin.py:190} INFO - [2026-09-06T09:40:35.263+0000] {dag.py:4180} INFO - Setting next_dagrun for dataset_consumes_1_never_scheduled to None, run_after=None
[2026-09-06T09:40:35.265+0000] {logging_mixin.py:190} INFO - [2026-09-06T09:40:35.265+0000] {dag.py:4180} INFO - Setting next_dagrun for dataset_consumes_unknown_never_scheduled to None, run_after=None
[2026-09-06T09:40:35.267+0000] {logging_mixin.py:190} INFO - [2026-09-06T09:40:35.267+0000] {dag.py:4180} INFO - Setting next_dagrun for dataset_produces_1 to 2026-09-05 00:00:00+00:00, run_after=2026-09-06 00:00:00+00:00
[2026-09-06T09:40:35.268+0000] {logging_mixin.py:190} INFO - [2026-09-06T09:40:35.268+0000] {dag.py:4180} INFO - Setting next_dagrun for dataset_produces_2 to None, run_after=None
[2026-09-06T09:40:35.292+0000] {processor.py:208} INFO - Processing /home/airflow/.local/lib/python3.12/site-packages/airflow/example_dags/example_datasets.py took 0.621 seconds
[2026-09-06T09:41:05.374+0000] {processor.py:186} INFO - Started process (PID=5968) to work on /home/airflow/.local/lib/python3.12/site-packages/airflow/example_dags/example_datasets.py
[2026-09-06T09:41:05.375+0000] {processor.py:914} INFO - Processing file /home/airflow/.local/lib/python3.12/site-packages/airflow/example_dags/example_datasets.py for tasks to queue
[2026-09-06T09:41:05.377+0000] {logging_mixin.py:190} INFO - [2026-09-06T09:41:05.377+0000] {dagbag.py:588} INFO - Filling up the DagBag from /home/airflow/.local/lib/python3.12/site-packages/airflow/example_dags/example_datasets.py
[2026-09-06T09:41:05.867+0000] {processor.py:925} INFO - DAG(s) 'dataset_produces_2', 'dataset_consumes_1_never_scheduled', 'consume_1_and_2_with_dataset_expressions', 'consume_1_or_both_2_and_3_with_dataset_expressions', 'consume_1_or_2_with_dataset_expressions', 'dataset_consumes_1_and_2', 'dataset_produces_1', 'dataset_consumes_unknown_never_scheduled', 'dataset_consumes_1', 'conditional_dataset_and_time_based_timetable' retrieved from /home/airflow/.local/lib/python3.12/site-packages/airflow/example_dags/example_datasets.py
[2026-09-06T09:41:05.899+0000] {logging_mixin.py:190} INFO - [2026-09-06T09:41:05.899+0000] {dag.py:3239} INFO - Sync 10 DAGs
[2026-09-06T09:41:05.922+0000] {logging_mixin.py:190} INFO - [2026-09-06T09:41:05.922+0000] {dag.py:4180} INFO - Setting next_dagrun for conditional_dataset_and_time_based_timetable to 2026-09-02 01:00:00+00:00, run_after=2026-09-02 01:00:00+00:00
[2026-09-06T09:41:05.927+0000] {logging_mixin.py:190} INFO - [2026-09-06T09:41:05.927+0000] {dag.py:4180} INFO - Setting next_dagrun for consume_1_and_2_with_dataset_expressions to None, run_after=None
[2026-09-06T09:41:05.929+0000] {logging_mixin.py:190} INFO - [2026-09-06T09:41:05.928+0000] {dag.py:4180} INFO - Setting next_dagrun for consume_1_or_2_with_dataset_expressions to None, run_after=None
[2026-09-06T09:41:05.930+0000] {logging_mixin.py:190} INFO - [2026-09-06T09:41:05.930+0000] {dag.py:4180} INFO - Setting next_dagrun for consume_1_or_both_2_and_3_with_dataset_expressions to None, run_after=None
[2026-09-06T09:41:05.931+0000] {logging_mixin.py:190} INFO - [2026-09-06T09:41:05.931+0000] {dag.py:4180} INFO - Setting next_dagrun for dataset_consumes_1 to None, run_after=None
[2026-09-06T09:41:05.932+0000] {logging_mixin.py:190} INFO - [2026-09-06T09:41:05.932+0000] {dag.py:4180} INFO - Setting next_dagrun for dataset_consumes_1_and_2 to None, run_after=None
[2026-09-06T09:41:05.933+0000] {logging_mixin.py:190} INFO - [2026-09-06T09:41:05.933+0000] {dag.py:4180} INFO - Setting next_dagrun for dataset_consumes_1_never_scheduled to None, run_after=None
[2026-09-06T09:41:05.934+0000] {logging_mixin.py:190} INFO - [2026-09-06T09:41:05.934+0000] {dag.py:4180} INFO - Setting next_dagrun for dataset_consumes_unknown_never_scheduled to None, run_after=None
[2026-09-06T09:41:05.936+0000] {logging_mixin.py:190} INFO - [2026-09-06T09:41:05.936+0000] {dag.py:4180} INFO - Setting next_dagrun for dataset_produces_1 to 2026-09-05 00:00:00+00:00, run_after=2026-09-06 00:00:00+00:00
[2026-09-06T09:41:05.938+0000] {logging_mixin.py:190} INFO - [2026-09-06T09:41:05.937+0000] {dag.py:4180} INFO - Setting next_dagrun for dataset_produces_2 to None, run_after=None
[2026-09-06T09:41:05.963+0000] {processor.py:208} INFO - Processing /home/airflow/.local/lib/python3.12/site-packages/airflow/example_dags/example_datasets.py took 0.594 seconds
[2026-09-06T09:41:36.056+0000] {processor.py:186} INFO - Started process (PID=6032) to work on /home/airflow/.local/lib/python3.12/site-packages/airflow/example_dags/example_datasets.py
[2026-09-06T09:41:36.057+0000] {processor.py:914} INFO - Processing file /home/airflow/.local/lib/python3.12/site-packages/airflow/example_dags/example_datasets.py for tasks to queue
[2026-09-06T09:41:36.060+0000] {logging_mixin.py:190} INFO - [2026-09-06T09:41:36.059+0000] {dagbag.py:588} INFO - Filling up the DagBag from /home/airflow/.local/lib/python3.12/site-packages/airflow/example_dags/example_datasets.py
[2026-09-06T09:41:36.580+0000] {processor.py:925} INFO - DAG(s) 'dataset_consumes_1', 'dataset_consumes_unknown_never_scheduled', 'consume_1_or_2_with_dataset_expressions', 'dataset_produces_2', 'dataset_produces_1', 'conditional_dataset_and_time_based_timetable', 'consume_1_or_both_2_and_3_with_dataset_expressions', 'dataset_consumes_1_and_2', 'consume_1_and_2_with_dataset_expressions', 'dataset_consumes_1_never_scheduled' retrieved from /home/airflow/.local/lib/python3.12/site-packages/airflow/example_dags/example_datasets.py
[2026-09-06T09:41:36.612+0000] {logging_mixin.py:190} INFO - [2026-09-06T09:41:36.612+0000] {dag.py:3239} INFO - Sync 10 DAGs
[2026-09-06T09:41:36.631+0000] {logging_mixin.py:190} INFO - [2026-09-06T09:41:36.631+0000] {dag.py:4180} INFO - Setting next_dagrun for conditional_dataset_and_time_based_timetable to 2026-09-02 01:00:00+00:00, run_after=2026-09-02 01:00:00+00:00
[2026-09-06T09:41:36.634+0000] {logging_mixin.py:190} INFO - [2026-09-06T09:41:36.634+0000] {dag.py:4180} INFO - Setting next_dagrun for consume_1_and_2_with_dataset_expressions to None, run_after=None
[2026-09-06T09:41:36.635+0000] {logging_mixin.py:190} INFO - [2026-09-06T09:41:36.635+0000] {dag.py:4180} INFO - Setting next_dagrun for consume_1_or_2_with_dataset_expressions to None, run_after=None
[2026-09-06T09:41:36.637+0000] {logging_mixin.py:190} INFO - [2026-09-06T09:41:36.636+0000] {dag.py:4180} INFO - Setting next_dagrun for consume_1_or_both_2_and_3_with_dataset_expressions to None, run_after=None
[2026-09-06T09:41:36.638+0000] {logging_mixin.py:190} INFO - [2026-09-06T09:41:36.638+0000] {dag.py:4180} INFO - Setting next_dagrun for dataset_consumes_1 to None, run_after=None
[2026-09-06T09:41:36.639+0000] {logging_mixin.py:190} INFO - [2026-09-06T09:41:36.639+0000] {dag.py:4180} INFO - Setting next_dagrun for dataset_consumes_1_and_2 to None, run_after=None
[2026-09-06T09:41:36.640+0000] {logging_mixin.py:190} INFO - [2026-09-06T09:41:36.640+0000] {dag.py:4180} INFO - Setting next_dagrun for dataset_consumes_1_never_scheduled to None, run_after=None
[2026-09-06T09:41:36.641+0000] {logging_mixin.py:190} INFO - [2026-09-06T09:41:36.641+0000] {dag.py:4180} INFO - Setting next_dagrun for dataset_consumes_unknown_never_scheduled to None, run_after=None
[2026-09-06T09:41:36.643+0000] {logging_mixin.py:190} INFO - [2026-09-06T09:41:36.643+0000] {dag.py:4180} INFO - Setting next_dagrun for dataset_produces_1 to 2026-09-05 00:00:00+00:00, run_after=2026-09-06 00:00:00+00:00
[2026-09-06T09:41:36.645+0000] {logging_mixin.py:190} INFO - [2026-09-06T09:41:36.645+0000] {dag.py:4180} INFO - Setting next_dagrun for dataset_produces_2 to None, run_after=None
[2026-09-06T09:41:36.672+0000] {processor.py:208} INFO - Processing /home/airflow/.local/lib/python3.12/site-packages/airflow/example_dags/example_datasets.py took 0.621 seconds
