[2026-09-06T08:54:01.361+0000] {processor.py:186} INFO - Started process (PID=93) to work on /home/airflow/.local/lib/python3.12/site-packages/airflow/example_dags/example_params_trigger_ui.py
[2026-09-06T08:54:01.362+0000] {processor.py:914} INFO - Processing file /home/airflow/.local/lib/python3.12/site-packages/airflow/example_dags/example_params_trigger_ui.py for tasks to queue
[2026-09-06T08:54:01.364+0000] {logging_mixin.py:190} INFO - [2026-09-06T08:54:01.364+0000] {dagbag.py:588} INFO - Filling up the DagBag from /home/airflow/.local/lib/python3.12/site-packages/airflow/example_dags/example_params_trigger_ui.py
[2026-09-06T08:54:01.376+0000] {processor.py:925} INFO - DAG(s) 'example_params_trigger_ui' retrieved from /home/airflow/.local/lib/python3.12/site-packages/airflow/example_dags/example_params_trigger_ui.py
[2026-09-06T08:54:01.490+0000] {logging_mixin.py:190} INFO - [2026-09-06T08:54:01.490+0000] {override.py:1911} INFO - Created Permission View: can edit on DAG:example_params_trigger_ui
[2026-09-06T08:54:01.501+0000] {logging_mixin.py:190} INFO - [2026-09-06T08:54:01.501+0000] {override.py:1911} INFO - Created Permission View: can delete on DAG:example_params_trigger_ui
[2026-09-06T08:54:01.509+0000] {logging_mixin.py:190} INFO - [2026-09-06T08:54:01.508+0000] {override.py:1911} INFO - Created Permission View: can read on DAG:example_params_trigger_ui
[2026-09-06T08:54:01.518+0000] {logging_mixin.py:190} INFO - [2026-09-06T08:54:01.518+0000] {override.py:1911} INFO - Created Permission View: can create on DAG Run:example_params_trigger_ui
[2026-09-06T08:54:01.526+0000] {logging_mixin.py:190} INFO - [2026-09-06T08:54:01.526+0000] {override.py:1911} INFO - Created Permission View: can delete on DAG Run:example_params_trigger_ui
[2026-09-06T08:54:01.534+0000] {logging_mixin.py:190} INFO - [2026-09-06T08:54:01.534+0000] {override.py:1911} INFO - Created Permission View: can read on DAG Run:example_params_trigger_ui
[2026-09-06T08:54:01.541+0000] {logging_mixin.py:190} INFO - [2026-09-06T08:54:01.541+0000] {override.py:1911} INFO - Created Permission View: menu access on DAG Run:example_params_trigger_ui
[2026-09-06T08:54:01.542+0000] {logging_mixin.py:190} INFO - [2026-09-06T08:54:01.542+0000] {dag.py:3239} INFO - Sync 1 DAGs
[2026-09-06T08:54:01.553+0000] {logging_mixin.py:190} INFO - [2026-09-06T08:54:01.553+0000] {dag.py:3262} INFO - Creating ORM DAG for example_params_trigger_ui
[2026-09-06T08:54:01.555+0000] {logging_mixin.py:190} INFO - [2026-09-06T08:54:01.554+0000] {dag.py:4180} INFO - Setting next_dagrun for example_params_trigger_ui to None, run_after=None
[2026-09-06T08:54:01.570+0000] {processor.py:208} INFO - Processing /home/airflow/.local/lib/python3.12/site-packages/airflow/example_dags/example_params_trigger_ui.py took 0.215 seconds
[2026-09-06T08:54:32.083+0000] {processor.py:186} INFO - Started process (PID=155) to work on /home/airflow/.local/lib/python3.12/site-packages/airflow/example_dags/example_params_trigger_ui.py
[2026-09-06T08:54:32.084+0000] {processor.py:914} INFO - Processing file /home/airflow/.local/lib/python3.12/site-packages/airflow/example_dags/example_params_trigger_ui.py for tasks to queue
[2026-09-06T08:54:32.086+0000] {logging_mixin.py:190} INFO - [2026-09-06T08:54:32.086+0000] {dagbag.py:588} INFO - Filling up the DagBag from /home/airflow/.local/lib/python3.12/site-packages/airflow/example_dags/example_params_trigger_ui.py
[2026-09-06T08:54:32.095+0000] {processor.py:925} INFO - DAG(s) 'example_params_trigger_ui' retrieved from /home/airflow/.local/lib/python3.12/site-packages/airflow/example_dags/example_params_trigger_ui.py
[2026-09-06T08:54:32.131+0000] {logging_mixin.py:190} INFO - [2026-09-06T08:54:32.130+0000] {dag.py:3239} INFO - Sync 1 DAGs
[2026-09-06T08:54:32.144+0000] {logging_mixin.py:190} INFO - [2026-09-06T08:54:32.143+0000] {dag.py:4180} INFO - Setting next_dagrun for example_params_trigger_ui to None, run_after=None
[2026-09-06T08:54:32.160+0000] {processor.py:208} INFO - Processing /home/airflow/.local/lib/python3.12/site-packages/airflow/example_dags/example_params_trigger_ui.py took 0.081 seconds
[2026-09-06T08:55:02.893+0000] {processor.py:186} INFO - Started process (PID=218) to work on /home/airflow/.local/lib/python3.12/site-packages/airflow/example_dags/example_params_trigger_ui.py
[2026-09-06T08:55:02.894+0000] {processor.py:914} INFO - Processing file /home/airflow/.local/lib/python3.12/site-packages/airflow/example_dags/example_params_trigger_ui.py for tasks to queue
[2026-09-06T08:55:02.897+0000] {logging_mixin.py:190} INFO - [2026-09-06T08:55:02.897+0000] {dagbag.py:588} INFO - Filling up the DagBag from /home/airflow/.local/lib/python3.12/site-packages/airflow/example_dags/example_params_trigger_ui.py
[2026-09-06T08:55:02.909+0000] {processor.py:925} INFO - DAG(s) 'example_params_trigger_ui' retrieved from /home/airflow/.local/lib/python3.12/site-packages/airflow/example_dags/example_params_trigger_ui.py
[2026-09-06T08:55:02.941+0000] {logging_mixin.py:190} INFO - [2026-09-06T08:55:02.941+0000] {dag.py:3239} INFO - Sync 1 DAGs
[2026-09-06T08:55:02.952+0000] {logging_mixin.py:190} INFO - [2026-09-06T08:55:02.952+0000] {dag.py:4180} INFO - Setting next_dagrun for example_params_trigger_ui to None, run_after=None
[2026-09-06T08:55:02.968+0000] {processor.py:208} INFO - Processing /home/airflow/.local/lib/python3.12/site-packages/airflow/example_dags/example_params_trigger_ui.py took 0.082 seconds
[2026-09-06T08:55:33.441+0000] {processor.py:186} INFO - Started process (PID=281) to work on /home/airflow/.local/lib/python3.12/site-packages/airflow/example_dags/example_params_trigger_ui.py
[2026-09-06T08:55:33.442+0000] {processor.py:914} INFO - Processing file /home/airflow/.local/lib/python3.12/site-packages/airflow/example_dags/example_params_trigger_ui.py for tasks to queue
[2026-09-06T08:55:33.444+0000] {logging_mixin.py:190} INFO - [2026-09-06T08:55:33.444+0000] {dagbag.py:588} INFO - Filling up the DagBag from /home/airflow/.local/lib/python3.12/site-packages/airflow/example_dags/example_params_trigger_ui.py
[2026-09-06T08:55:33.452+0000] {processor.py:925} INFO - DAG(s) 'example_params_trigger_ui' retrieved from /home/airflow/.local/lib/python3.12/site-packages/airflow/example_dags/example_params_trigger_ui.py
[2026-09-06T08:55:33.480+0000] {logging_mixin.py:190} INFO - [2026-09-06T08:55:33.480+0000] {dag.py:3239} INFO - Sync 1 DAGs
[2026-09-06T08:55:33.490+0000] {logging_mixin.py:190} INFO - [2026-09-06T08:55:33.489+0000] {dag.py:4180} INFO - Setting next_dagrun for example_params_trigger_ui to None, run_after=None
[2026-09-06T08:55:33.503+0000] {processor.py:208} INFO - Processing /home/airflow/.local/lib/python3.12/site-packages/airflow/example_dags/example_params_trigger_ui.py took 0.066 seconds
[2026-09-06T08:56:03.952+0000] {processor.py:186} INFO - Started process (PID=344) to work on /home/airflow/.local/lib/python3.12/site-packages/airflow/example_dags/example_params_trigger_ui.py
[2026-09-06T08:56:03.953+0000] {processor.py:914} INFO - Processing file /home/airflow/.local/lib/python3.12/site-packages/airflow/example_dags/example_params_trigger_ui.py for tasks to queue
[2026-09-06T08:56:03.956+0000] {logging_mixin.py:190} INFO - [2026-09-06T08:56:03.955+0000] {dagbag.py:588} INFO - Filling up the DagBag from /home/airflow/.local/lib/python3.12/site-packages/airflow/example_dags/example_params_trigger_ui.py
[2026-09-06T08:56:03.965+0000] {processor.py:925} INFO - DAG(s) 'example_params_trigger_ui' retrieved from /home/airflow/.local/lib/python3.12/site-packages/airflow/example_dags/example_params_trigger_ui.py
[2026-09-06T08:56:03.998+0000] {logging_mixin.py:190} INFO - [2026-09-06T08:56:03.998+0000] {dag.py:3239} INFO - Sync 1 DAGs
[2026-09-06T08:56:04.011+0000] {logging_mixin.py:190} INFO - [2026-09-06T08:56:04.010+0000] {dag.py:4180} INFO - Setting next_dagrun for example_params_trigger_ui to None, run_after=None
[2026-09-06T08:56:04.030+0000] {processor.py:208} INFO - Processing /home/airflow/.local/lib/python3.12/site-packages/airflow/example_dags/example_params_trigger_ui.py took 0.082 seconds
[2026-09-06T08:56:34.638+0000] {processor.py:186} INFO - Started process (PID=407) to work on /home/airflow/.local/lib/python3.12/site-packages/airflow/example_dags/example_params_trigger_ui.py
[2026-09-06T08:56:34.639+0000] {processor.py:914} INFO - Processing file /home/airflow/.local/lib/python3.12/site-packages/airflow/example_dags/example_params_trigger_ui.py for tasks to queue
[2026-09-06T08:56:34.641+0000] {logging_mixin.py:190} INFO - [2026-09-06T08:56:34.641+0000] {dagbag.py:588} INFO - Filling up the DagBag from /home/airflow/.local/lib/python3.12/site-packages/airflow/example_dags/example_params_trigger_ui.py
[2026-09-06T08:56:34.650+0000] {processor.py:925} INFO - DAG(s) 'example_params_trigger_ui' retrieved from /home/airflow/.local/lib/python3.12/site-packages/airflow/example_dags/example_params_trigger_ui.py
[2026-09-06T08:56:34.681+0000] {logging_mixin.py:190} INFO - [2026-09-06T08:56:34.681+0000] {dag.py:3239} INFO - Sync 1 DAGs
[2026-09-06T08:56:34.692+0000] {logging_mixin.py:190} INFO - [2026-09-06T08:56:34.692+0000] {dag.py:4180} INFO - Setting next_dagrun for example_params_trigger_ui to None, run_after=None
[2026-09-06T08:56:34.707+0000] {processor.py:208} INFO - Processing /home/airflow/.local/lib/python3.12/site-packages/airflow/example_dags/example_params_trigger_ui.py took 0.074 seconds
[2026-09-06T08:57:05.828+0000] {processor.py:186} INFO - Started process (PID=470) to work on /home/airflow/.local/lib/python3.12/site-packages/airflow/example_dags/example_params_trigger_ui.py
[2026-09-06T08:57:05.829+0000] {processor.py:914} INFO - Processing file /home/airflow/.local/lib/python3.12/site-packages/airflow/example_dags/example_params_trigger_ui.py for tasks to queue
[2026-09-06T08:57:05.832+0000] {logging_mixin.py:190} INFO - [2026-09-06T08:57:05.832+0000] {dagbag.py:588} INFO - Filling up the DagBag from /home/airflow/.local/lib/python3.12/site-packages/airflow/example_dags/example_params_trigger_ui.py
[2026-09-06T08:57:05.843+0000] {processor.py:925} INFO - DAG(s) 'example_params_trigger_ui' retrieved from /home/airflow/.local/lib/python3.12/site-packages/airflow/example_dags/example_params_trigger_ui.py
[2026-09-06T08:57:05.878+0000] {logging_mixin.py:190} INFO - [2026-09-06T08:57:05.878+0000] {dag.py:3239} INFO - Sync 1 DAGs
[2026-09-06T08:57:05.889+0000] {logging_mixin.py:190} INFO - [2026-09-06T08:57:05.889+0000] {dag.py:4180} INFO - Setting next_dagrun for example_params_trigger_ui to None, run_after=None
[2026-09-06T08:57:05.904+0000] {processor.py:208} INFO - Processing /home/airflow/.local/lib/python3.12/site-packages/airflow/example_dags/example_params_trigger_ui.py took 0.081 seconds
[2026-09-06T08:57:36.387+0000] {processor.py:186} INFO - Started process (PID=533) to work on /home/airflow/.local/lib/python3.12/site-packages/airflow/example_dags/example_params_trigger_ui.py
[2026-09-06T08:57:36.388+0000] {processor.py:914} INFO - Processing file /home/airflow/.local/lib/python3.12/site-packages/airflow/example_dags/example_params_trigger_ui.py for tasks to queue
[2026-09-06T08:57:36.390+0000] {logging_mixin.py:190} INFO - [2026-09-06T08:57:36.389+0000] {dagbag.py:588} INFO - Filling up the DagBag from /home/airflow/.local/lib/python3.12/site-packages/airflow/example_dags/example_params_trigger_ui.py
[2026-09-06T08:57:36.398+0000] {processor.py:925} INFO - DAG(s) 'example_params_trigger_ui' retrieved from /home/airflow/.local/lib/python3.12/site-packages/airflow/example_dags/example_params_trigger_ui.py
[2026-09-06T08:57:36.427+0000] {logging_mixin.py:190} INFO - [2026-09-06T08:57:36.427+0000] {dag.py:3239} INFO - Sync 1 DAGs
[2026-09-06T08:57:36.437+0000] {logging_mixin.py:190} INFO - [2026-09-06T08:57:36.437+0000] {dag.py:4180} INFO - Setting next_dagrun for example_params_trigger_ui to None, run_after=None
[2026-09-06T08:57:36.451+0000] {processor.py:208} INFO - Processing /home/airflow/.local/lib/python3.12/site-packages/airflow/example_dags/example_params_trigger_ui.py took 0.068 seconds
[2026-09-06T08:58:07.451+0000] {processor.py:186} INFO - Started process (PID=596) to work on /home/airflow/.local/lib/python3.12/site-packages/airflow/example_dags/example_params_trigger_ui.py
[2026-09-06T08:58:07.452+0000] {processor.py:914} INFO - Processing file /home/airflow/.local/lib/python3.12/site-packages/airflow/example_dags/example_params_trigger_ui.py for tasks to queue
[2026-09-06T08:58:07.454+0000] {logging_mixin.py:190} INFO - [2026-09-06T08:58:07.454+0000] {dagbag.py:588} INFO - Filling up the DagBag from /home/airflow/.local/lib/python3.12/site-packages/airflow/example_dags/example_params_trigger_ui.py
[2026-09-06T08:58:07.462+0000] {processor.py:925} INFO - DAG(s) 'example_params_trigger_ui' retrieved from /home/airflow/.local/lib/python3.12/site-packages/airflow/example_dags/example_params_trigger_ui.py
[2026-09-06T08:58:07.494+0000] {logging_mixin.py:190} INFO - [2026-09-06T08:58:07.493+0000] {dag.py:3239} INFO - Sync 1 DAGs
[2026-09-06T08:58:07.506+0000] {logging_mixin.py:190} INFO - [2026-09-06T08:58:07.505+0000] {dag.py:4180} INFO - Setting next_dagrun for example_params_trigger_ui to None, run_after=None
[2026-09-06T08:58:07.522+0000] {processor.py:208} INFO - Processing /home/airflow/.local/lib/python3.12/site-packages/airflow/example_dags/example_params_trigger_ui.py took 0.076 seconds
[2026-09-06T08:58:38.960+0000] {processor.py:186} INFO - Started process (PID=659) to work on /home/airflow/.local/lib/python3.12/site-packages/airflow/example_dags/example_params_trigger_ui.py
[2026-09-06T08:58:38.961+0000] {processor.py:914} INFO - Processing file /home/airflow/.local/lib/python3.12/site-packages/airflow/example_dags/example_params_trigger_ui.py for tasks to queue
[2026-09-06T08:58:38.963+0000] {logging_mixin.py:190} INFO - [2026-09-06T08:58:38.962+0000] {dagbag.py:588} INFO - Filling up the DagBag from /home/airflow/.local/lib/python3.12/site-packages/airflow/example_dags/example_params_trigger_ui.py
[2026-09-06T08:58:38.972+0000] {processor.py:925} INFO - DAG(s) 'example_params_trigger_ui' retrieved from /home/airflow/.local/lib/python3.12/site-packages/airflow/example_dags/example_params_trigger_ui.py
[2026-09-06T08:58:39.014+0000] {logging_mixin.py:190} INFO - [2026-09-06T08:58:39.014+0000] {dag.py:3239} INFO - Sync 1 DAGs
[2026-09-06T08:58:39.026+0000] {logging_mixin.py:190} INFO - [2026-09-06T08:58:39.026+0000] {dag.py:4180} INFO - Setting next_dagrun for example_params_trigger_ui to None, run_after=None
[2026-09-06T08:58:39.043+0000] {processor.py:208} INFO - Processing /home/airflow/.local/lib/python3.12/site-packages/airflow/example_dags/example_params_trigger_ui.py took 0.088 seconds
[2026-09-06T08:59:11.000+0000] {processor.py:186} INFO - Started process (PID=723) to work on /home/airflow/.local/lib/python3.12/site-packages/airflow/example_dags/example_params_trigger_ui.py
[2026-09-06T08:59:11.001+0000] {processor.py:914} INFO - Processing file /home/airflow/.local/lib/python3.12/site-packages/airflow/example_dags/example_params_trigger_ui.py for tasks to queue
[2026-09-06T08:59:11.003+0000] {logging_mixin.py:190} INFO - [2026-09-06T08:59:11.003+0000] {dagbag.py:588} INFO - Filling up the DagBag from /home/airflow/.local/lib/python3.12/site-packages/airflow/example_dags/example_params_trigger_ui.py
[2026-09-06T08:59:11.015+0000] {processor.py:925} INFO - DAG(s) 'example_params_trigger_ui' retrieved from /home/airflow/.local/lib/python3.12/site-packages/airflow/example_dags/example_params_trigger_ui.py
[2026-09-06T08:59:11.050+0000] {logging_mixin.py:190} INFO - [2026-09-06T08:59:11.049+0000] {dag.py:3239} INFO - Sync 1 DAGs
[2026-09-06T08:59:11.061+0000] {logging_mixin.py:190} INFO - [2026-09-06T08:59:11.061+0000] {dag.py:4180} INFO - Setting next_dagrun for example_params_trigger_ui to None, run_after=None
[2026-09-06T08:59:11.077+0000] {processor.py:208} INFO - Processing /home/airflow/.local/lib/python3.12/site-packages/airflow/example_dags/example_params_trigger_ui.py took 0.082 seconds
[2026-09-06T08:59:41.700+0000] {processor.py:186} INFO - Started process (PID=787) to work on /home/airflow/.local/lib/python3.12/site-packages/airflow/example_dags/example_params_trigger_ui.py
[2026-09-06T08:59:41.701+0000] {processor.py:914} INFO - Processing file /home/airflow/.local/lib/python3.12/site-packages/airflow/example_dags/example_params_trigger_ui.py for tasks to queue
[2026-09-06T08:59:41.704+0000] {logging_mixin.py:190} INFO - [2026-09-06T08:59:41.703+0000] {dagbag.py:588} INFO - Filling up the DagBag from /home/airflow/.local/lib/python3.12/site-packages/airflow/example_dags/example_params_trigger_ui.py
[2026-09-06T08:59:41.713+0000] {processor.py:925} INFO - DAG(s) 'example_params_trigger_ui' retrieved from /home/airflow/.local/lib/python3.12/site-packages/airflow/example_dags/example_params_trigger_ui.py
[2026-09-06T08:59:41.746+0000] {logging_mixin.py:190} INFO - [2026-09-06T08:59:41.745+0000] {dag.py:3239} INFO - Sync 1 DAGs
[2026-09-06T08:59:41.758+0000] {logging_mixin.py:190} INFO - [2026-09-06T08:59:41.758+0000] {dag.py:4180} INFO - Setting next_dagrun for example_params_trigger_ui to None, run_after=None
[2026-09-06T08:59:41.773+0000] {processor.py:208} INFO - Processing /home/airflow/.local/lib/python3.12/site-packages/airflow/example_dags/example_params_trigger_ui.py took 0.078 seconds
[2026-09-06T09:00:12.817+0000] {processor.py:186} INFO - Started process (PID=851) to work on /home/airflow/.local/lib/python3.12/site-packages/airflow/example_dags/example_params_trigger_ui.py
[2026-09-06T09:00:12.818+0000] {processor.py:914} INFO - Processing file /home/airflow/.local/lib/python3.12/site-packages/airflow/example_dags/example_params_trigger_ui.py for tasks to queue
[2026-09-06T09:00:12.820+0000] {logging_mixin.py:190} INFO - [2026-09-06T09:00:12.819+0000] {dagbag.py:588} INFO - Filling up the DagBag from /home/airflow/.local/lib/python3.12/site-packages/airflow/example_dags/example_params_trigger_ui.py
[2026-09-06T09:00:12.828+0000] {processor.py:925} INFO - DAG(s) 'example_params_trigger_ui' retrieved from /home/airflow/.local/lib/python3.12/site-packages/airflow/example_dags/example_params_trigger_ui.py
[2026-09-06T09:00:12.857+0000] {logging_mixin.py:190} INFO - [2026-09-06T09:00:12.856+0000] {dag.py:3239} INFO - Sync 1 DAGs
[2026-09-06T09:00:12.867+0000] {logging_mixin.py:190} INFO - [2026-09-06T09:00:12.867+0000] {dag.py:4180} INFO - Setting next_dagrun for example_params_trigger_ui to None, run_after=None
[2026-09-06T09:00:12.880+0000] {processor.py:208} INFO - Processing /home/airflow/.local/lib/python3.12/site-packages/airflow/example_dags/example_params_trigger_ui.py took 0.067 seconds
[2026-09-06T09:00:44.295+0000] {processor.py:186} INFO - Started process (PID=914) to work on /home/airflow/.local/lib/python3.12/site-packages/airflow/example_dags/example_params_trigger_ui.py
[2026-09-06T09:00:44.296+0000] {processor.py:914} INFO - Processing file /home/airflow/.local/lib/python3.12/site-packages/airflow/example_dags/example_params_trigger_ui.py for tasks to queue
[2026-09-06T09:00:44.298+0000] {logging_mixin.py:190} INFO - [2026-09-06T09:00:44.298+0000] {dagbag.py:588} INFO - Filling up the DagBag from /home/airflow/.local/lib/python3.12/site-packages/airflow/example_dags/example_params_trigger_ui.py
[2026-09-06T09:00:44.307+0000] {processor.py:925} INFO - DAG(s) 'example_params_trigger_ui' retrieved from /home/airflow/.local/lib/python3.12/site-packages/airflow/example_dags/example_params_trigger_ui.py
[2026-09-06T09:00:44.335+0000] {logging_mixin.py:190} INFO - [2026-09-06T09:00:44.335+0000] {dag.py:3239} INFO - Sync 1 DAGs
[2026-09-06T09:00:44.346+0000] {logging_mixin.py:190} INFO - [2026-09-06T09:00:44.346+0000] {dag.py:4180} INFO - Setting next_dagrun for example_params_trigger_ui to None, run_after=None
[2026-09-06T09:00:44.359+0000] {processor.py:208} INFO - Processing /home/airflow/.local/lib/python3.12/site-packages/airflow/example_dags/example_params_trigger_ui.py took 0.069 seconds
[2026-09-06T09:01:14.948+0000] {processor.py:186} INFO - Started process (PID=978) to work on /home/airflow/.local/lib/python3.12/site-packages/airflow/example_dags/example_params_trigger_ui.py
[2026-09-06T09:01:14.949+0000] {processor.py:914} INFO - Processing file /home/airflow/.local/lib/python3.12/site-packages/airflow/example_dags/example_params_trigger_ui.py for tasks to queue
[2026-09-06T09:01:14.951+0000] {logging_mixin.py:190} INFO - [2026-09-06T09:01:14.951+0000] {dagbag.py:588} INFO - Filling up the DagBag from /home/airflow/.local/lib/python3.12/site-packages/airflow/example_dags/example_params_trigger_ui.py
[2026-09-06T09:01:14.961+0000] {processor.py:925} INFO - DAG(s) 'example_params_trigger_ui' retrieved from /home/airflow/.local/lib/python3.12/site-packages/airflow/example_dags/example_params_trigger_ui.py
[2026-09-06T09:01:14.993+0000] {logging_mixin.py:190} INFO - [2026-09-06T09:01:14.993+0000] {dag.py:3239} INFO - Sync 1 DAGs
[2026-09-06T09:01:15.004+0000] {logging_mixin.py:190} INFO - [2026-09-06T09:01:15.004+0000] {dag.py:4180} INFO - Setting next_dagrun for example_params_trigger_ui to None, run_after=None
[2026-09-06T09:01:15.019+0000] {processor.py:208} INFO - Processing /home/airflow/.local/lib/python3.12/site-packages/airflow/example_dags/example_params_trigger_ui.py took 0.076 seconds
[2026-09-06T09:01:45.515+0000] {processor.py:186} INFO - Started process (PID=1042) to work on /home/airflow/.local/lib/python3.12/site-packages/airflow/example_dags/example_params_trigger_ui.py
[2026-09-06T09:01:45.517+0000] {processor.py:914} INFO - Processing file /home/airflow/.local/lib/python3.12/site-packages/airflow/example_dags/example_params_trigger_ui.py for tasks to queue
[2026-09-06T09:01:45.520+0000] {logging_mixin.py:190} INFO - [2026-09-06T09:01:45.519+0000] {dagbag.py:588} INFO - Filling up the DagBag from /home/airflow/.local/lib/python3.12/site-packages/airflow/example_dags/example_params_trigger_ui.py
[2026-09-06T09:01:45.534+0000] {processor.py:925} INFO - DAG(s) 'example_params_trigger_ui' retrieved from /home/airflow/.local/lib/python3.12/site-packages/airflow/example_dags/example_params_trigger_ui.py
[2026-09-06T09:01:45.567+0000] {logging_mixin.py:190} INFO - [2026-09-06T09:01:45.567+0000] {dag.py:3239} INFO - Sync 1 DAGs
[2026-09-06T09:01:45.580+0000] {logging_mixin.py:190} INFO - [2026-09-06T09:01:45.579+0000] {dag.py:4180} INFO - Setting next_dagrun for example_params_trigger_ui to None, run_after=None
[2026-09-06T09:01:45.595+0000] {processor.py:208} INFO - Processing /home/airflow/.local/lib/python3.12/site-packages/airflow/example_dags/example_params_trigger_ui.py took 0.089 seconds
[2026-09-06T09:02:16.300+0000] {processor.py:186} INFO - Started process (PID=1106) to work on /home/airflow/.local/lib/python3.12/site-packages/airflow/example_dags/example_params_trigger_ui.py
[2026-09-06T09:02:16.301+0000] {processor.py:914} INFO - Processing file /home/airflow/.local/lib/python3.12/site-packages/airflow/example_dags/example_params_trigger_ui.py for tasks to queue
[2026-09-06T09:02:16.303+0000] {logging_mixin.py:190} INFO - [2026-09-06T09:02:16.303+0000] {dagbag.py:588} INFO - Filling up the DagBag from /home/airflow/.local/lib/python3.12/site-packages/airflow/example_dags/example_params_trigger_ui.py
[2026-09-06T09:02:16.314+0000] {processor.py:925} INFO - DAG(s) 'example_params_trigger_ui' retrieved from /home/airflow/.local/lib/python3.12/site-packages/airflow/example_dags/example_params_trigger_ui.py
[2026-09-06T09:02:16.345+0000] {logging_mixin.py:190} INFO - [2026-09-06T09:02:16.345+0000] {dag.py:3239} INFO - Sync 1 DAGs
[2026-09-06T09:02:16.356+0000] {logging_mixin.py:190} INFO - [2026-09-06T09:02:16.356+0000] {dag.py:4180} INFO - Setting next_dagrun for example_params_trigger_ui to None, run_after=None
[2026-09-06T09:02:16.373+0000] {processor.py:208} INFO - Processing /home/airflow/.local/lib/python3.12/site-packages/airflow/example_dags/example_params_trigger_ui.py took 0.077 seconds
[2026-09-06T09:02:47.932+0000] {processor.py:186} INFO - Started process (PID=1170) to work on /home/airflow/.local/lib/python3.12/site-packages/airflow/example_dags/example_params_trigger_ui.py
[2026-09-06T09:02:47.933+0000] {processor.py:914} INFO - Processing file /home/airflow/.local/lib/python3.12/site-packages/airflow/example_dags/example_params_trigger_ui.py for tasks to queue
[2026-09-06T09:02:47.936+0000] {logging_mixin.py:190} INFO - [2026-09-06T09:02:47.935+0000] {dagbag.py:588} INFO - Filling up the DagBag from /home/airflow/.local/lib/python3.12/site-packages/airflow/example_dags/example_params_trigger_ui.py
[2026-09-06T09:02:47.949+0000] {processor.py:925} INFO - DAG(s) 'example_params_trigger_ui' retrieved from /home/airflow/.local/lib/python3.12/site-packages/airflow/example_dags/example_params_trigger_ui.py
[2026-09-06T09:02:47.987+0000] {logging_mixin.py:190} INFO - [2026-09-06T09:02:47.987+0000] {dag.py:3239} INFO - Sync 1 DAGs
[2026-09-06T09:02:48.000+0000] {logging_mixin.py:190} INFO - [2026-09-06T09:02:48.000+0000] {dag.py:4180} INFO - Setting next_dagrun for example_params_trigger_ui to None, run_after=None
[2026-09-06T09:02:48.030+0000] {processor.py:208} INFO - Processing /home/airflow/.local/lib/python3.12/site-packages/airflow/example_dags/example_params_trigger_ui.py took 0.103 seconds
[2026-09-06T09:03:18.542+0000] {processor.py:186} INFO - Started process (PID=1234) to work on /home/airflow/.local/lib/python3.12/site-packages/airflow/example_dags/example_params_trigger_ui.py
[2026-09-06T09:03:18.543+0000] {processor.py:914} INFO - Processing file /home/airflow/.local/lib/python3.12/site-packages/airflow/example_dags/example_params_trigger_ui.py for tasks to queue
[2026-09-06T09:03:18.546+0000] {logging_mixin.py:190} INFO - [2026-09-06T09:03:18.546+0000] {dagbag.py:588} INFO - Filling up the DagBag from /home/airflow/.local/lib/python3.12/site-packages/airflow/example_dags/example_params_trigger_ui.py
[2026-09-06T09:03:18.557+0000] {processor.py:925} INFO - DAG(s) 'example_params_trigger_ui' retrieved from /home/airflow/.local/lib/python3.12/site-packages/airflow/example_dags/example_params_trigger_ui.py
[2026-09-06T09:03:18.600+0000] {logging_mixin.py:190} INFO - [2026-09-06T09:03:18.599+0000] {dag.py:3239} INFO - Sync 1 DAGs
[2026-09-06T09:03:18.614+0000] {logging_mixin.py:190} INFO - [2026-09-06T09:03:18.614+0000] {dag.py:4180} INFO - Setting next_dagrun for example_params_trigger_ui to None, run_after=None
[2026-09-06T09:03:18.644+0000] {processor.py:208} INFO - Processing /home/airflow/.local/lib/python3.12/site-packages/airflow/example_dags/example_params_trigger_ui.py took 0.107 seconds
[2026-09-06T09:03:50.116+0000] {processor.py:186} INFO - Started process (PID=1299) to work on /home/airflow/.local/lib/python3.12/site-packages/airflow/example_dags/example_params_trigger_ui.py
[2026-09-06T09:03:50.117+0000] {processor.py:914} INFO - Processing file /home/airflow/.local/lib/python3.12/site-packages/airflow/example_dags/example_params_trigger_ui.py for tasks to queue
[2026-09-06T09:03:50.119+0000] {logging_mixin.py:190} INFO - [2026-09-06T09:03:50.119+0000] {dagbag.py:588} INFO - Filling up the DagBag from /home/airflow/.local/lib/python3.12/site-packages/airflow/example_dags/example_params_trigger_ui.py
[2026-09-06T09:03:50.128+0000] {processor.py:925} INFO - DAG(s) 'example_params_trigger_ui' retrieved from /home/airflow/.local/lib/python3.12/site-packages/airflow/example_dags/example_params_trigger_ui.py
[2026-09-06T09:03:50.162+0000] {logging_mixin.py:190} INFO - [2026-09-06T09:03:50.162+0000] {dag.py:3239} INFO - Sync 1 DAGs
[2026-09-06T09:03:50.173+0000] {logging_mixin.py:190} INFO - [2026-09-06T09:03:50.173+0000] {dag.py:4180} INFO - Setting next_dagrun for example_params_trigger_ui to None, run_after=None
[2026-09-06T09:03:50.198+0000] {processor.py:208} INFO - Processing /home/airflow/.local/lib/python3.12/site-packages/airflow/example_dags/example_params_trigger_ui.py took 0.087 seconds
[2026-09-06T09:04:21.061+0000] {processor.py:186} INFO - Started process (PID=1363) to work on /home/airflow/.local/lib/python3.12/site-packages/airflow/example_dags/example_params_trigger_ui.py
[2026-09-06T09:04:21.062+0000] {processor.py:914} INFO - Processing file /home/airflow/.local/lib/python3.12/site-packages/airflow/example_dags/example_params_trigger_ui.py for tasks to queue
[2026-09-06T09:04:21.064+0000] {logging_mixin.py:190} INFO - [2026-09-06T09:04:21.064+0000] {dagbag.py:588} INFO - Filling up the DagBag from /home/airflow/.local/lib/python3.12/site-packages/airflow/example_dags/example_params_trigger_ui.py
[2026-09-06T09:04:21.073+0000] {processor.py:925} INFO - DAG(s) 'example_params_trigger_ui' retrieved from /home/airflow/.local/lib/python3.12/site-packages/airflow/example_dags/example_params_trigger_ui.py
[2026-09-06T09:04:21.110+0000] {logging_mixin.py:190} INFO - [2026-09-06T09:04:21.110+0000] {dag.py:3239} INFO - Sync 1 DAGs
[2026-09-06T09:04:21.121+0000] {logging_mixin.py:190} INFO - [2026-09-06T09:04:21.121+0000] {dag.py:4180} INFO - Setting next_dagrun for example_params_trigger_ui to None, run_after=None
[2026-09-06T09:04:21.146+0000] {processor.py:208} INFO - Processing /home/airflow/.local/lib/python3.12/site-packages/airflow/example_dags/example_params_trigger_ui.py took 0.090 seconds
[2026-09-06T09:04:52.355+0000] {processor.py:186} INFO - Started process (PID=1427) to work on /home/airflow/.local/lib/python3.12/site-packages/airflow/example_dags/example_params_trigger_ui.py
[2026-09-06T09:04:52.356+0000] {processor.py:914} INFO - Processing file /home/airflow/.local/lib/python3.12/site-packages/airflow/example_dags/example_params_trigger_ui.py for tasks to queue
[2026-09-06T09:04:52.358+0000] {logging_mixin.py:190} INFO - [2026-09-06T09:04:52.357+0000] {dagbag.py:588} INFO - Filling up the DagBag from /home/airflow/.local/lib/python3.12/site-packages/airflow/example_dags/example_params_trigger_ui.py
[2026-09-06T09:04:52.366+0000] {processor.py:925} INFO - DAG(s) 'example_params_trigger_ui' retrieved from /home/airflow/.local/lib/python3.12/site-packages/airflow/example_dags/example_params_trigger_ui.py
[2026-09-06T09:04:52.397+0000] {logging_mixin.py:190} INFO - [2026-09-06T09:04:52.396+0000] {dag.py:3239} INFO - Sync 1 DAGs
[2026-09-06T09:04:52.408+0000] {logging_mixin.py:190} INFO - [2026-09-06T09:04:52.407+0000] {dag.py:4180} INFO - Setting next_dagrun for example_params_trigger_ui to None, run_after=None
[2026-09-06T09:04:52.422+0000] {processor.py:208} INFO - Processing /home/airflow/.local/lib/python3.12/site-packages/airflow/example_dags/example_params_trigger_ui.py took 0.072 seconds
[2026-09-06T09:05:23.172+0000] {processor.py:186} INFO - Started process (PID=1491) to work on /home/airflow/.local/lib/python3.12/site-packages/airflow/example_dags/example_params_trigger_ui.py
[2026-09-06T09:05:23.173+0000] {processor.py:914} INFO - Processing file /home/airflow/.local/lib/python3.12/site-packages/airflow/example_dags/example_params_trigger_ui.py for tasks to queue
[2026-09-06T09:05:23.176+0000] {logging_mixin.py:190} INFO - [2026-09-06T09:05:23.175+0000] {dagbag.py:588} INFO - Filling up the DagBag from /home/airflow/.local/lib/python3.12/site-packages/airflow/example_dags/example_params_trigger_ui.py
[2026-09-06T09:05:23.185+0000] {processor.py:925} INFO - DAG(s) 'example_params_trigger_ui' retrieved from /home/airflow/.local/lib/python3.12/site-packages/airflow/example_dags/example_params_trigger_ui.py
[2026-09-06T09:05:23.217+0000] {logging_mixin.py:190} INFO - [2026-09-06T09:05:23.217+0000] {dag.py:3239} INFO - Sync 1 DAGs
[2026-09-06T09:05:23.229+0000] {logging_mixin.py:190} INFO - [2026-09-06T09:05:23.229+0000] {dag.py:4180} INFO - Setting next_dagrun for example_params_trigger_ui to None, run_after=None
[2026-09-06T09:05:23.251+0000] {processor.py:208} INFO - Processing /home/airflow/.local/lib/python3.12/site-packages/airflow/example_dags/example_params_trigger_ui.py took 0.084 seconds
[2026-09-06T09:05:54.372+0000] {processor.py:186} INFO - Started process (PID=1555) to work on /home/airflow/.local/lib/python3.12/site-packages/airflow/example_dags/example_params_trigger_ui.py
[2026-09-06T09:05:54.373+0000] {processor.py:914} INFO - Processing file /home/airflow/.local/lib/python3.12/site-packages/airflow/example_dags/example_params_trigger_ui.py for tasks to queue
[2026-09-06T09:05:54.375+0000] {logging_mixin.py:190} INFO - [2026-09-06T09:05:54.375+0000] {dagbag.py:588} INFO - Filling up the DagBag from /home/airflow/.local/lib/python3.12/site-packages/airflow/example_dags/example_params_trigger_ui.py
[2026-09-06T09:05:54.385+0000] {processor.py:925} INFO - DAG(s) 'example_params_trigger_ui' retrieved from /home/airflow/.local/lib/python3.12/site-packages/airflow/example_dags/example_params_trigger_ui.py
[2026-09-06T09:05:54.417+0000] {logging_mixin.py:190} INFO - [2026-09-06T09:05:54.417+0000] {dag.py:3239} INFO - Sync 1 DAGs
[2026-09-06T09:05:54.429+0000] {logging_mixin.py:190} INFO - [2026-09-06T09:05:54.429+0000] {dag.py:4180} INFO - Setting next_dagrun for example_params_trigger_ui to None, run_after=None
[2026-09-06T09:05:54.446+0000] {processor.py:208} INFO - Processing /home/airflow/.local/lib/python3.12/site-packages/airflow/example_dags/example_params_trigger_ui.py took 0.079 seconds
[2026-09-06T09:06:24.972+0000] {processor.py:186} INFO - Started process (PID=1619) to work on /home/airflow/.local/lib/python3.12/site-packages/airflow/example_dags/example_params_trigger_ui.py
[2026-09-06T09:06:24.973+0000] {processor.py:914} INFO - Processing file /home/airflow/.local/lib/python3.12/site-packages/airflow/example_dags/example_params_trigger_ui.py for tasks to queue
[2026-09-06T09:06:24.975+0000] {logging_mixin.py:190} INFO - [2026-09-06T09:06:24.975+0000] {dagbag.py:588} INFO - Filling up the DagBag from /home/airflow/.local/lib/python3.12/site-packages/airflow/example_dags/example_params_trigger_ui.py
[2026-09-06T09:06:24.984+0000] {processor.py:925} INFO - DAG(s) 'example_params_trigger_ui' retrieved from /home/airflow/.local/lib/python3.12/site-packages/airflow/example_dags/example_params_trigger_ui.py
[2026-09-06T09:06:25.014+0000] {logging_mixin.py:190} INFO - [2026-09-06T09:06:25.014+0000] {dag.py:3239} INFO - Sync 1 DAGs
[2026-09-06T09:06:25.025+0000] {logging_mixin.py:190} INFO - [2026-09-06T09:06:25.025+0000] {dag.py:4180} INFO - Setting next_dagrun for example_params_trigger_ui to None, run_after=None
[2026-09-06T09:06:25.039+0000] {processor.py:208} INFO - Processing /home/airflow/.local/lib/python3.12/site-packages/airflow/example_dags/example_params_trigger_ui.py took 0.072 seconds
[2026-09-06T09:06:55.953+0000] {processor.py:186} INFO - Started process (PID=1683) to work on /home/airflow/.local/lib/python3.12/site-packages/airflow/example_dags/example_params_trigger_ui.py
[2026-09-06T09:06:55.954+0000] {processor.py:914} INFO - Processing file /home/airflow/.local/lib/python3.12/site-packages/airflow/example_dags/example_params_trigger_ui.py for tasks to queue
[2026-09-06T09:06:55.956+0000] {logging_mixin.py:190} INFO - [2026-09-06T09:06:55.955+0000] {dagbag.py:588} INFO - Filling up the DagBag from /home/airflow/.local/lib/python3.12/site-packages/airflow/example_dags/example_params_trigger_ui.py
[2026-09-06T09:06:55.965+0000] {processor.py:925} INFO - DAG(s) 'example_params_trigger_ui' retrieved from /home/airflow/.local/lib/python3.12/site-packages/airflow/example_dags/example_params_trigger_ui.py
[2026-09-06T09:06:55.998+0000] {logging_mixin.py:190} INFO - [2026-09-06T09:06:55.998+0000] {dag.py:3239} INFO - Sync 1 DAGs
[2026-09-06T09:06:56.011+0000] {logging_mixin.py:190} INFO - [2026-09-06T09:06:56.010+0000] {dag.py:4180} INFO - Setting next_dagrun for example_params_trigger_ui to None, run_after=None
[2026-09-06T09:06:56.026+0000] {processor.py:208} INFO - Processing /home/airflow/.local/lib/python3.12/site-packages/airflow/example_dags/example_params_trigger_ui.py took 0.077 seconds
[2026-09-06T09:07:26.971+0000] {processor.py:186} INFO - Started process (PID=1747) to work on /home/airflow/.local/lib/python3.12/site-packages/airflow/example_dags/example_params_trigger_ui.py
[2026-09-06T09:07:26.972+0000] {processor.py:914} INFO - Processing file /home/airflow/.local/lib/python3.12/site-packages/airflow/example_dags/example_params_trigger_ui.py for tasks to queue
[2026-09-06T09:07:26.974+0000] {logging_mixin.py:190} INFO - [2026-09-06T09:07:26.974+0000] {dagbag.py:588} INFO - Filling up the DagBag from /home/airflow/.local/lib/python3.12/site-packages/airflow/example_dags/example_params_trigger_ui.py
[2026-09-06T09:07:26.983+0000] {processor.py:925} INFO - DAG(s) 'example_params_trigger_ui' retrieved from /home/airflow/.local/lib/python3.12/site-packages/airflow/example_dags/example_params_trigger_ui.py
[2026-09-06T09:07:27.018+0000] {logging_mixin.py:190} INFO - [2026-09-06T09:07:27.018+0000] {dag.py:3239} INFO - Sync 1 DAGs
[2026-09-06T09:07:27.033+0000] {logging_mixin.py:190} INFO - [2026-09-06T09:07:27.033+0000] {dag.py:4180} INFO - Setting next_dagrun for example_params_trigger_ui to None, run_after=None
[2026-09-06T09:07:27.053+0000] {processor.py:208} INFO - Processing /home/airflow/.local/lib/python3.12/site-packages/airflow/example_dags/example_params_trigger_ui.py took 0.087 seconds
[2026-09-06T09:07:57.791+0000] {processor.py:186} INFO - Started process (PID=1811) to work on /home/airflow/.local/lib/python3.12/site-packages/airflow/example_dags/example_params_trigger_ui.py
[2026-09-06T09:07:57.792+0000] {processor.py:914} INFO - Processing file /home/airflow/.local/lib/python3.12/site-packages/airflow/example_dags/example_params_trigger_ui.py for tasks to queue
[2026-09-06T09:07:57.795+0000] {logging_mixin.py:190} INFO - [2026-09-06T09:07:57.794+0000] {dagbag.py:588} INFO - Filling up the DagBag from /home/airflow/.local/lib/python3.12/site-packages/airflow/example_dags/example_params_trigger_ui.py
[2026-09-06T09:07:57.808+0000] {processor.py:925} INFO - DAG(s) 'example_params_trigger_ui' retrieved from /home/airflow/.local/lib/python3.12/site-packages/airflow/example_dags/example_params_trigger_ui.py
[2026-09-06T09:07:57.850+0000] {logging_mixin.py:190} INFO - [2026-09-06T09:07:57.850+0000] {dag.py:3239} INFO - Sync 1 DAGs
[2026-09-06T09:07:57.865+0000] {logging_mixin.py:190} INFO - [2026-09-06T09:07:57.865+0000] {dag.py:4180} INFO - Setting next_dagrun for example_params_trigger_ui to None, run_after=None
[2026-09-06T09:07:57.879+0000] {processor.py:208} INFO - Processing /home/airflow/.local/lib/python3.12/site-packages/airflow/example_dags/example_params_trigger_ui.py took 0.092 seconds
[2026-09-06T09:08:28.423+0000] {processor.py:186} INFO - Started process (PID=1881) to work on /home/airflow/.local/lib/python3.12/site-packages/airflow/example_dags/example_params_trigger_ui.py
[2026-09-06T09:08:28.424+0000] {processor.py:914} INFO - Processing file /home/airflow/.local/lib/python3.12/site-packages/airflow/example_dags/example_params_trigger_ui.py for tasks to queue
[2026-09-06T09:08:28.426+0000] {logging_mixin.py:190} INFO - [2026-09-06T09:08:28.426+0000] {dagbag.py:588} INFO - Filling up the DagBag from /home/airflow/.local/lib/python3.12/site-packages/airflow/example_dags/example_params_trigger_ui.py
[2026-09-06T09:08:28.437+0000] {processor.py:925} INFO - DAG(s) 'example_params_trigger_ui' retrieved from /home/airflow/.local/lib/python3.12/site-packages/airflow/example_dags/example_params_trigger_ui.py
[2026-09-06T09:08:28.480+0000] {logging_mixin.py:190} INFO - [2026-09-06T09:08:28.480+0000] {dag.py:3239} INFO - Sync 1 DAGs
[2026-09-06T09:08:28.491+0000] {logging_mixin.py:190} INFO - [2026-09-06T09:08:28.491+0000] {dag.py:4180} INFO - Setting next_dagrun for example_params_trigger_ui to None, run_after=None
[2026-09-06T09:08:28.505+0000] {processor.py:208} INFO - Processing /home/airflow/.local/lib/python3.12/site-packages/airflow/example_dags/example_params_trigger_ui.py took 0.088 seconds
[2026-09-06T09:08:59.089+0000] {processor.py:186} INFO - Started process (PID=1945) to work on /home/airflow/.local/lib/python3.12/site-packages/airflow/example_dags/example_params_trigger_ui.py
[2026-09-06T09:08:59.090+0000] {processor.py:914} INFO - Processing file /home/airflow/.local/lib/python3.12/site-packages/airflow/example_dags/example_params_trigger_ui.py for tasks to queue
[2026-09-06T09:08:59.092+0000] {logging_mixin.py:190} INFO - [2026-09-06T09:08:59.092+0000] {dagbag.py:588} INFO - Filling up the DagBag from /home/airflow/.local/lib/python3.12/site-packages/airflow/example_dags/example_params_trigger_ui.py
[2026-09-06T09:08:59.101+0000] {processor.py:925} INFO - DAG(s) 'example_params_trigger_ui' retrieved from /home/airflow/.local/lib/python3.12/site-packages/airflow/example_dags/example_params_trigger_ui.py
[2026-09-06T09:08:59.131+0000] {logging_mixin.py:190} INFO - [2026-09-06T09:08:59.130+0000] {dag.py:3239} INFO - Sync 1 DAGs
[2026-09-06T09:08:59.141+0000] {logging_mixin.py:190} INFO - [2026-09-06T09:08:59.141+0000] {dag.py:4180} INFO - Setting next_dagrun for example_params_trigger_ui to None, run_after=None
[2026-09-06T09:08:59.155+0000] {processor.py:208} INFO - Processing /home/airflow/.local/lib/python3.12/site-packages/airflow/example_dags/example_params_trigger_ui.py took 0.072 seconds
[2026-09-06T09:09:29.723+0000] {processor.py:186} INFO - Started process (PID=2009) to work on /home/airflow/.local/lib/python3.12/site-packages/airflow/example_dags/example_params_trigger_ui.py
[2026-09-06T09:09:29.725+0000] {processor.py:914} INFO - Processing file /home/airflow/.local/lib/python3.12/site-packages/airflow/example_dags/example_params_trigger_ui.py for tasks to queue
[2026-09-06T09:09:29.727+0000] {logging_mixin.py:190} INFO - [2026-09-06T09:09:29.727+0000] {dagbag.py:588} INFO - Filling up the DagBag from /home/airflow/.local/lib/python3.12/site-packages/airflow/example_dags/example_params_trigger_ui.py
[2026-09-06T09:09:29.736+0000] {processor.py:925} INFO - DAG(s) 'example_params_trigger_ui' retrieved from /home/airflow/.local/lib/python3.12/site-packages/airflow/example_dags/example_params_trigger_ui.py
[2026-09-06T09:09:29.770+0000] {logging_mixin.py:190} INFO - [2026-09-06T09:09:29.770+0000] {dag.py:3239} INFO - Sync 1 DAGs
[2026-09-06T09:09:29.783+0000] {logging_mixin.py:190} INFO - [2026-09-06T09:09:29.783+0000] {dag.py:4180} INFO - Setting next_dagrun for example_params_trigger_ui to None, run_after=None
[2026-09-06T09:09:29.798+0000] {processor.py:208} INFO - Processing /home/airflow/.local/lib/python3.12/site-packages/airflow/example_dags/example_params_trigger_ui.py took 0.080 seconds
[2026-09-06T09:10:01.295+0000] {processor.py:186} INFO - Started process (PID=2073) to work on /home/airflow/.local/lib/python3.12/site-packages/airflow/example_dags/example_params_trigger_ui.py
[2026-09-06T09:10:01.296+0000] {processor.py:914} INFO - Processing file /home/airflow/.local/lib/python3.12/site-packages/airflow/example_dags/example_params_trigger_ui.py for tasks to queue
[2026-09-06T09:10:01.298+0000] {logging_mixin.py:190} INFO - [2026-09-06T09:10:01.298+0000] {dagbag.py:588} INFO - Filling up the DagBag from /home/airflow/.local/lib/python3.12/site-packages/airflow/example_dags/example_params_trigger_ui.py
[2026-09-06T09:10:01.307+0000] {processor.py:925} INFO - DAG(s) 'example_params_trigger_ui' retrieved from /home/airflow/.local/lib/python3.12/site-packages/airflow/example_dags/example_params_trigger_ui.py
[2026-09-06T09:10:01.341+0000] {logging_mixin.py:190} INFO - [2026-09-06T09:10:01.341+0000] {dag.py:3239} INFO - Sync 1 DAGs
[2026-09-06T09:10:01.353+0000] {logging_mixin.py:190} INFO - [2026-09-06T09:10:01.353+0000] {dag.py:4180} INFO - Setting next_dagrun for example_params_trigger_ui to None, run_after=None
[2026-09-06T09:10:01.369+0000] {processor.py:208} INFO - Processing /home/airflow/.local/lib/python3.12/site-packages/airflow/example_dags/example_params_trigger_ui.py took 0.080 seconds
[2026-09-06T09:10:32.659+0000] {processor.py:186} INFO - Started process (PID=2137) to work on /home/airflow/.local/lib/python3.12/site-packages/airflow/example_dags/example_params_trigger_ui.py
[2026-09-06T09:10:32.660+0000] {processor.py:914} INFO - Processing file /home/airflow/.local/lib/python3.12/site-packages/airflow/example_dags/example_params_trigger_ui.py for tasks to queue
[2026-09-06T09:10:32.662+0000] {logging_mixin.py:190} INFO - [2026-09-06T09:10:32.662+0000] {dagbag.py:588} INFO - Filling up the DagBag from /home/airflow/.local/lib/python3.12/site-packages/airflow/example_dags/example_params_trigger_ui.py
[2026-09-06T09:10:32.672+0000] {processor.py:925} INFO - DAG(s) 'example_params_trigger_ui' retrieved from /home/airflow/.local/lib/python3.12/site-packages/airflow/example_dags/example_params_trigger_ui.py
[2026-09-06T09:10:32.708+0000] {logging_mixin.py:190} INFO - [2026-09-06T09:10:32.707+0000] {dag.py:3239} INFO - Sync 1 DAGs
[2026-09-06T09:10:32.728+0000] {logging_mixin.py:190} INFO - [2026-09-06T09:10:32.727+0000] {dag.py:4180} INFO - Setting next_dagrun for example_params_trigger_ui to None, run_after=None
[2026-09-06T09:10:32.764+0000] {processor.py:208} INFO - Processing /home/airflow/.local/lib/python3.12/site-packages/airflow/example_dags/example_params_trigger_ui.py took 0.110 seconds
[2026-09-06T09:11:04.492+0000] {processor.py:186} INFO - Started process (PID=2201) to work on /home/airflow/.local/lib/python3.12/site-packages/airflow/example_dags/example_params_trigger_ui.py
[2026-09-06T09:11:04.493+0000] {processor.py:914} INFO - Processing file /home/airflow/.local/lib/python3.12/site-packages/airflow/example_dags/example_params_trigger_ui.py for tasks to queue
[2026-09-06T09:11:04.495+0000] {logging_mixin.py:190} INFO - [2026-09-06T09:11:04.495+0000] {dagbag.py:588} INFO - Filling up the DagBag from /home/airflow/.local/lib/python3.12/site-packages/airflow/example_dags/example_params_trigger_ui.py
[2026-09-06T09:11:04.505+0000] {processor.py:925} INFO - DAG(s) 'example_params_trigger_ui' retrieved from /home/airflow/.local/lib/python3.12/site-packages/airflow/example_dags/example_params_trigger_ui.py
[2026-09-06T09:11:04.536+0000] {logging_mixin.py:190} INFO - [2026-09-06T09:11:04.536+0000] {dag.py:3239} INFO - Sync 1 DAGs
[2026-09-06T09:11:04.547+0000] {logging_mixin.py:190} INFO - [2026-09-06T09:11:04.547+0000] {dag.py:4180} INFO - Setting next_dagrun for example_params_trigger_ui to None, run_after=None
[2026-09-06T09:11:04.564+0000] {processor.py:208} INFO - Processing /home/airflow/.local/lib/python3.12/site-packages/airflow/example_dags/example_params_trigger_ui.py took 0.077 seconds
[2026-09-06T09:11:35.253+0000] {processor.py:186} INFO - Started process (PID=2265) to work on /home/airflow/.local/lib/python3.12/site-packages/airflow/example_dags/example_params_trigger_ui.py
[2026-09-06T09:11:35.254+0000] {processor.py:914} INFO - Processing file /home/airflow/.local/lib/python3.12/site-packages/airflow/example_dags/example_params_trigger_ui.py for tasks to queue
[2026-09-06T09:11:35.256+0000] {logging_mixin.py:190} INFO - [2026-09-06T09:11:35.256+0000] {dagbag.py:588} INFO - Filling up the DagBag from /home/airflow/.local/lib/python3.12/site-packages/airflow/example_dags/example_params_trigger_ui.py
[2026-09-06T09:11:35.265+0000] {processor.py:925} INFO - DAG(s) 'example_params_trigger_ui' retrieved from /home/airflow/.local/lib/python3.12/site-packages/airflow/example_dags/example_params_trigger_ui.py
[2026-09-06T09:11:35.297+0000] {logging_mixin.py:190} INFO - [2026-09-06T09:11:35.296+0000] {dag.py:3239} INFO - Sync 1 DAGs
[2026-09-06T09:11:35.308+0000] {logging_mixin.py:190} INFO - [2026-09-06T09:11:35.307+0000] {dag.py:4180} INFO - Setting next_dagrun for example_params_trigger_ui to None, run_after=None
[2026-09-06T09:11:35.322+0000] {processor.py:208} INFO - Processing /home/airflow/.local/lib/python3.12/site-packages/airflow/example_dags/example_params_trigger_ui.py took 0.074 seconds
[2026-09-06T09:12:06.832+0000] {processor.py:186} INFO - Started process (PID=2329) to work on /home/airflow/.local/lib/python3.12/site-packages/airflow/example_dags/example_params_trigger_ui.py
[2026-09-06T09:12:06.833+0000] {processor.py:914} INFO - Processing file /home/airflow/.local/lib/python3.12/site-packages/airflow/example_dags/example_params_trigger_ui.py for tasks to queue
[2026-09-06T09:12:06.834+0000] {logging_mixin.py:190} INFO - [2026-09-06T09:12:06.834+0000] {dagbag.py:588} INFO - Filling up the DagBag from /home/airflow/.local/lib/python3.12/site-packages/airflow/example_dags/example_params_trigger_ui.py
[2026-09-06T09:12:06.842+0000] {processor.py:925} INFO - DAG(s) 'example_params_trigger_ui' retrieved from /home/airflow/.local/lib/python3.12/site-packages/airflow/example_dags/example_params_trigger_ui.py
[2026-09-06T09:12:06.871+0000] {logging_mixin.py:190} INFO - [2026-09-06T09:12:06.870+0000] {dag.py:3239} INFO - Sync 1 DAGs
[2026-09-06T09:12:06.880+0000] {logging_mixin.py:190} INFO - [2026-09-06T09:12:06.880+0000] {dag.py:4180} INFO - Setting next_dagrun for example_params_trigger_ui to None, run_after=None
[2026-09-06T09:12:06.894+0000] {processor.py:208} INFO - Processing /home/airflow/.local/lib/python3.12/site-packages/airflow/example_dags/example_params_trigger_ui.py took 0.066 seconds
[2026-09-06T09:12:38.243+0000] {processor.py:186} INFO - Started process (PID=2393) to work on /home/airflow/.local/lib/python3.12/site-packages/airflow/example_dags/example_params_trigger_ui.py
[2026-09-06T09:12:38.244+0000] {processor.py:914} INFO - Processing file /home/airflow/.local/lib/python3.12/site-packages/airflow/example_dags/example_params_trigger_ui.py for tasks to queue
[2026-09-06T09:12:38.246+0000] {logging_mixin.py:190} INFO - [2026-09-06T09:12:38.245+0000] {dagbag.py:588} INFO - Filling up the DagBag from /home/airflow/.local/lib/python3.12/site-packages/airflow/example_dags/example_params_trigger_ui.py
[2026-09-06T09:12:38.254+0000] {processor.py:925} INFO - DAG(s) 'example_params_trigger_ui' retrieved from /home/airflow/.local/lib/python3.12/site-packages/airflow/example_dags/example_params_trigger_ui.py
[2026-09-06T09:12:38.283+0000] {logging_mixin.py:190} INFO - [2026-09-06T09:12:38.283+0000] {dag.py:3239} INFO - Sync 1 DAGs
[2026-09-06T09:12:38.294+0000] {logging_mixin.py:190} INFO - [2026-09-06T09:12:38.294+0000] {dag.py:4180} INFO - Setting next_dagrun for example_params_trigger_ui to None, run_after=None
[2026-09-06T09:12:38.308+0000] {processor.py:208} INFO - Processing /home/airflow/.local/lib/python3.12/site-packages/airflow/example_dags/example_params_trigger_ui.py took 0.070 seconds
[2026-09-06T09:13:09.639+0000] {processor.py:186} INFO - Started process (PID=2457) to work on /home/airflow/.local/lib/python3.12/site-packages/airflow/example_dags/example_params_trigger_ui.py
[2026-09-06T09:13:09.640+0000] {processor.py:914} INFO - Processing file /home/airflow/.local/lib/python3.12/site-packages/airflow/example_dags/example_params_trigger_ui.py for tasks to queue
[2026-09-06T09:13:09.642+0000] {logging_mixin.py:190} INFO - [2026-09-06T09:13:09.642+0000] {dagbag.py:588} INFO - Filling up the DagBag from /home/airflow/.local/lib/python3.12/site-packages/airflow/example_dags/example_params_trigger_ui.py
[2026-09-06T09:13:09.651+0000] {processor.py:925} INFO - DAG(s) 'example_params_trigger_ui' retrieved from /home/airflow/.local/lib/python3.12/site-packages/airflow/example_dags/example_params_trigger_ui.py
[2026-09-06T09:13:09.681+0000] {logging_mixin.py:190} INFO - [2026-09-06T09:13:09.681+0000] {dag.py:3239} INFO - Sync 1 DAGs
[2026-09-06T09:13:09.692+0000] {logging_mixin.py:190} INFO - [2026-09-06T09:13:09.692+0000] {dag.py:4180} INFO - Setting next_dagrun for example_params_trigger_ui to None, run_after=None
[2026-09-06T09:13:09.707+0000] {processor.py:208} INFO - Processing /home/airflow/.local/lib/python3.12/site-packages/airflow/example_dags/example_params_trigger_ui.py took 0.073 seconds
[2026-09-06T09:13:40.397+0000] {processor.py:186} INFO - Started process (PID=2521) to work on /home/airflow/.local/lib/python3.12/site-packages/airflow/example_dags/example_params_trigger_ui.py
[2026-09-06T09:13:40.398+0000] {processor.py:914} INFO - Processing file /home/airflow/.local/lib/python3.12/site-packages/airflow/example_dags/example_params_trigger_ui.py for tasks to queue
[2026-09-06T09:13:40.400+0000] {logging_mixin.py:190} INFO - [2026-09-06T09:13:40.400+0000] {dagbag.py:588} INFO - Filling up the DagBag from /home/airflow/.local/lib/python3.12/site-packages/airflow/example_dags/example_params_trigger_ui.py
[2026-09-06T09:13:40.408+0000] {processor.py:925} INFO - DAG(s) 'example_params_trigger_ui' retrieved from /home/airflow/.local/lib/python3.12/site-packages/airflow/example_dags/example_params_trigger_ui.py
[2026-09-06T09:13:40.438+0000] {logging_mixin.py:190} INFO - [2026-09-06T09:13:40.437+0000] {dag.py:3239} INFO - Sync 1 DAGs
[2026-09-06T09:13:40.448+0000] {logging_mixin.py:190} INFO - [2026-09-06T09:13:40.448+0000] {dag.py:4180} INFO - Setting next_dagrun for example_params_trigger_ui to None, run_after=None
[2026-09-06T09:13:40.463+0000] {processor.py:208} INFO - Processing /home/airflow/.local/lib/python3.12/site-packages/airflow/example_dags/example_params_trigger_ui.py took 0.070 seconds
[2026-09-06T09:14:11.753+0000] {processor.py:186} INFO - Started process (PID=2586) to work on /home/airflow/.local/lib/python3.12/site-packages/airflow/example_dags/example_params_trigger_ui.py
[2026-09-06T09:14:11.754+0000] {processor.py:914} INFO - Processing file /home/airflow/.local/lib/python3.12/site-packages/airflow/example_dags/example_params_trigger_ui.py for tasks to queue
[2026-09-06T09:14:11.756+0000] {logging_mixin.py:190} INFO - [2026-09-06T09:14:11.756+0000] {dagbag.py:588} INFO - Filling up the DagBag from /home/airflow/.local/lib/python3.12/site-packages/airflow/example_dags/example_params_trigger_ui.py
[2026-09-06T09:14:11.764+0000] {processor.py:925} INFO - DAG(s) 'example_params_trigger_ui' retrieved from /home/airflow/.local/lib/python3.12/site-packages/airflow/example_dags/example_params_trigger_ui.py
[2026-09-06T09:14:11.793+0000] {logging_mixin.py:190} INFO - [2026-09-06T09:14:11.793+0000] {dag.py:3239} INFO - Sync 1 DAGs
[2026-09-06T09:14:11.804+0000] {logging_mixin.py:190} INFO - [2026-09-06T09:14:11.804+0000] {dag.py:4180} INFO - Setting next_dagrun for example_params_trigger_ui to None, run_after=None
[2026-09-06T09:14:11.817+0000] {processor.py:208} INFO - Processing /home/airflow/.local/lib/python3.12/site-packages/airflow/example_dags/example_params_trigger_ui.py took 0.069 seconds
[2026-09-06T09:14:43.106+0000] {processor.py:186} INFO - Started process (PID=2650) to work on /home/airflow/.local/lib/python3.12/site-packages/airflow/example_dags/example_params_trigger_ui.py
[2026-09-06T09:14:43.107+0000] {processor.py:914} INFO - Processing file /home/airflow/.local/lib/python3.12/site-packages/airflow/example_dags/example_params_trigger_ui.py for tasks to queue
[2026-09-06T09:14:43.109+0000] {logging_mixin.py:190} INFO - [2026-09-06T09:14:43.109+0000] {dagbag.py:588} INFO - Filling up the DagBag from /home/airflow/.local/lib/python3.12/site-packages/airflow/example_dags/example_params_trigger_ui.py
[2026-09-06T09:14:43.118+0000] {processor.py:925} INFO - DAG(s) 'example_params_trigger_ui' retrieved from /home/airflow/.local/lib/python3.12/site-packages/airflow/example_dags/example_params_trigger_ui.py
[2026-09-06T09:14:43.149+0000] {logging_mixin.py:190} INFO - [2026-09-06T09:14:43.149+0000] {dag.py:3239} INFO - Sync 1 DAGs
[2026-09-06T09:14:43.160+0000] {logging_mixin.py:190} INFO - [2026-09-06T09:14:43.160+0000] {dag.py:4180} INFO - Setting next_dagrun for example_params_trigger_ui to None, run_after=None
[2026-09-06T09:14:43.174+0000] {processor.py:208} INFO - Processing /home/airflow/.local/lib/python3.12/site-packages/airflow/example_dags/example_params_trigger_ui.py took 0.072 seconds
[2026-09-06T09:15:14.270+0000] {processor.py:186} INFO - Started process (PID=2714) to work on /home/airflow/.local/lib/python3.12/site-packages/airflow/example_dags/example_params_trigger_ui.py
[2026-09-06T09:15:14.271+0000] {processor.py:914} INFO - Processing file /home/airflow/.local/lib/python3.12/site-packages/airflow/example_dags/example_params_trigger_ui.py for tasks to queue
[2026-09-06T09:15:14.273+0000] {logging_mixin.py:190} INFO - [2026-09-06T09:15:14.273+0000] {dagbag.py:588} INFO - Filling up the DagBag from /home/airflow/.local/lib/python3.12/site-packages/airflow/example_dags/example_params_trigger_ui.py
[2026-09-06T09:15:14.282+0000] {processor.py:925} INFO - DAG(s) 'example_params_trigger_ui' retrieved from /home/airflow/.local/lib/python3.12/site-packages/airflow/example_dags/example_params_trigger_ui.py
[2026-09-06T09:15:14.313+0000] {logging_mixin.py:190} INFO - [2026-09-06T09:15:14.313+0000] {dag.py:3239} INFO - Sync 1 DAGs
[2026-09-06T09:15:14.323+0000] {logging_mixin.py:190} INFO - [2026-09-06T09:15:14.323+0000] {dag.py:4180} INFO - Setting next_dagrun for example_params_trigger_ui to None, run_after=None
[2026-09-06T09:15:14.338+0000] {processor.py:208} INFO - Processing /home/airflow/.local/lib/python3.12/site-packages/airflow/example_dags/example_params_trigger_ui.py took 0.073 seconds
[2026-09-06T09:15:45.026+0000] {processor.py:186} INFO - Started process (PID=2779) to work on /home/airflow/.local/lib/python3.12/site-packages/airflow/example_dags/example_params_trigger_ui.py
[2026-09-06T09:15:45.027+0000] {processor.py:914} INFO - Processing file /home/airflow/.local/lib/python3.12/site-packages/airflow/example_dags/example_params_trigger_ui.py for tasks to queue
[2026-09-06T09:15:45.029+0000] {logging_mixin.py:190} INFO - [2026-09-06T09:15:45.029+0000] {dagbag.py:588} INFO - Filling up the DagBag from /home/airflow/.local/lib/python3.12/site-packages/airflow/example_dags/example_params_trigger_ui.py
[2026-09-06T09:15:45.038+0000] {processor.py:925} INFO - DAG(s) 'example_params_trigger_ui' retrieved from /home/airflow/.local/lib/python3.12/site-packages/airflow/example_dags/example_params_trigger_ui.py
[2026-09-06T09:15:45.067+0000] {logging_mixin.py:190} INFO - [2026-09-06T09:15:45.067+0000] {dag.py:3239} INFO - Sync 1 DAGs
[2026-09-06T09:15:45.077+0000] {logging_mixin.py:190} INFO - [2026-09-06T09:15:45.077+0000] {dag.py:4180} INFO - Setting next_dagrun for example_params_trigger_ui to None, run_after=None
[2026-09-06T09:15:45.100+0000] {processor.py:208} INFO - Processing /home/airflow/.local/lib/python3.12/site-packages/airflow/example_dags/example_params_trigger_ui.py took 0.079 seconds
[2026-09-06T09:16:15.468+0000] {processor.py:186} INFO - Started process (PID=2842) to work on /home/airflow/.local/lib/python3.12/site-packages/airflow/example_dags/example_params_trigger_ui.py
[2026-09-06T09:16:15.469+0000] {processor.py:914} INFO - Processing file /home/airflow/.local/lib/python3.12/site-packages/airflow/example_dags/example_params_trigger_ui.py for tasks to queue
[2026-09-06T09:16:15.472+0000] {logging_mixin.py:190} INFO - [2026-09-06T09:16:15.472+0000] {dagbag.py:588} INFO - Filling up the DagBag from /home/airflow/.local/lib/python3.12/site-packages/airflow/example_dags/example_params_trigger_ui.py
[2026-09-06T09:16:15.483+0000] {processor.py:925} INFO - DAG(s) 'example_params_trigger_ui' retrieved from /home/airflow/.local/lib/python3.12/site-packages/airflow/example_dags/example_params_trigger_ui.py
[2026-09-06T09:16:15.517+0000] {logging_mixin.py:190} INFO - [2026-09-06T09:16:15.517+0000] {dag.py:3239} INFO - Sync 1 DAGs
[2026-09-06T09:16:15.531+0000] {logging_mixin.py:190} INFO - [2026-09-06T09:16:15.531+0000] {dag.py:4180} INFO - Setting next_dagrun for example_params_trigger_ui to None, run_after=None
[2026-09-06T09:16:15.546+0000] {processor.py:208} INFO - Processing /home/airflow/.local/lib/python3.12/site-packages/airflow/example_dags/example_params_trigger_ui.py took 0.084 seconds
[2026-09-06T09:16:46.546+0000] {processor.py:186} INFO - Started process (PID=2906) to work on /home/airflow/.local/lib/python3.12/site-packages/airflow/example_dags/example_params_trigger_ui.py
[2026-09-06T09:16:46.547+0000] {processor.py:914} INFO - Processing file /home/airflow/.local/lib/python3.12/site-packages/airflow/example_dags/example_params_trigger_ui.py for tasks to queue
[2026-09-06T09:16:46.550+0000] {logging_mixin.py:190} INFO - [2026-09-06T09:16:46.549+0000] {dagbag.py:588} INFO - Filling up the DagBag from /home/airflow/.local/lib/python3.12/site-packages/airflow/example_dags/example_params_trigger_ui.py
[2026-09-06T09:16:46.559+0000] {processor.py:925} INFO - DAG(s) 'example_params_trigger_ui' retrieved from /home/airflow/.local/lib/python3.12/site-packages/airflow/example_dags/example_params_trigger_ui.py
[2026-09-06T09:16:46.593+0000] {logging_mixin.py:190} INFO - [2026-09-06T09:16:46.592+0000] {dag.py:3239} INFO - Sync 1 DAGs
[2026-09-06T09:16:46.605+0000] {logging_mixin.py:190} INFO - [2026-09-06T09:16:46.605+0000] {dag.py:4180} INFO - Setting next_dagrun for example_params_trigger_ui to None, run_after=None
[2026-09-06T09:16:46.824+0000] {processor.py:208} INFO - Processing /home/airflow/.local/lib/python3.12/site-packages/airflow/example_dags/example_params_trigger_ui.py took 0.282 seconds
[2026-09-06T09:17:16.993+0000] {processor.py:186} INFO - Started process (PID=2971) to work on /home/airflow/.local/lib/python3.12/site-packages/airflow/example_dags/example_params_trigger_ui.py
[2026-09-06T09:17:16.994+0000] {processor.py:914} INFO - Processing file /home/airflow/.local/lib/python3.12/site-packages/airflow/example_dags/example_params_trigger_ui.py for tasks to queue
[2026-09-06T09:17:16.996+0000] {logging_mixin.py:190} INFO - [2026-09-06T09:17:16.996+0000] {dagbag.py:588} INFO - Filling up the DagBag from /home/airflow/.local/lib/python3.12/site-packages/airflow/example_dags/example_params_trigger_ui.py
[2026-09-06T09:17:17.006+0000] {processor.py:925} INFO - DAG(s) 'example_params_trigger_ui' retrieved from /home/airflow/.local/lib/python3.12/site-packages/airflow/example_dags/example_params_trigger_ui.py
[2026-09-06T09:17:17.040+0000] {logging_mixin.py:190} INFO - [2026-09-06T09:17:17.040+0000] {dag.py:3239} INFO - Sync 1 DAGs
[2026-09-06T09:17:17.052+0000] {logging_mixin.py:190} INFO - [2026-09-06T09:17:17.052+0000] {dag.py:4180} INFO - Setting next_dagrun for example_params_trigger_ui to None, run_after=None
[2026-09-06T09:17:17.067+0000] {processor.py:208} INFO - Processing /home/airflow/.local/lib/python3.12/site-packages/airflow/example_dags/example_params_trigger_ui.py took 0.078 seconds
[2026-09-06T09:17:47.662+0000] {processor.py:186} INFO - Started process (PID=3034) to work on /home/airflow/.local/lib/python3.12/site-packages/airflow/example_dags/example_params_trigger_ui.py
[2026-09-06T09:17:47.663+0000] {processor.py:914} INFO - Processing file /home/airflow/.local/lib/python3.12/site-packages/airflow/example_dags/example_params_trigger_ui.py for tasks to queue
[2026-09-06T09:17:47.665+0000] {logging_mixin.py:190} INFO - [2026-09-06T09:17:47.664+0000] {dagbag.py:588} INFO - Filling up the DagBag from /home/airflow/.local/lib/python3.12/site-packages/airflow/example_dags/example_params_trigger_ui.py
[2026-09-06T09:17:47.673+0000] {processor.py:925} INFO - DAG(s) 'example_params_trigger_ui' retrieved from /home/airflow/.local/lib/python3.12/site-packages/airflow/example_dags/example_params_trigger_ui.py
[2026-09-06T09:17:47.703+0000] {logging_mixin.py:190} INFO - [2026-09-06T09:17:47.703+0000] {dag.py:3239} INFO - Sync 1 DAGs
[2026-09-06T09:17:47.713+0000] {logging_mixin.py:190} INFO - [2026-09-06T09:17:47.713+0000] {dag.py:4180} INFO - Setting next_dagrun for example_params_trigger_ui to None, run_after=None
[2026-09-06T09:17:47.727+0000] {processor.py:208} INFO - Processing /home/airflow/.local/lib/python3.12/site-packages/airflow/example_dags/example_params_trigger_ui.py took 0.070 seconds
[2026-09-06T09:18:20.366+0000] {processor.py:186} INFO - Started process (PID=3100) to work on /home/airflow/.local/lib/python3.12/site-packages/airflow/example_dags/example_params_trigger_ui.py
[2026-09-06T09:18:20.367+0000] {processor.py:914} INFO - Processing file /home/airflow/.local/lib/python3.12/site-packages/airflow/example_dags/example_params_trigger_ui.py for tasks to queue
[2026-09-06T09:18:20.369+0000] {logging_mixin.py:190} INFO - [2026-09-06T09:18:20.369+0000] {dagbag.py:588} INFO - Filling up the DagBag from /home/airflow/.local/lib/python3.12/site-packages/airflow/example_dags/example_params_trigger_ui.py
[2026-09-06T09:18:20.379+0000] {processor.py:925} INFO - DAG(s) 'example_params_trigger_ui' retrieved from /home/airflow/.local/lib/python3.12/site-packages/airflow/example_dags/example_params_trigger_ui.py
[2026-09-06T09:18:20.414+0000] {logging_mixin.py:190} INFO - [2026-09-06T09:18:20.414+0000] {dag.py:3239} INFO - Sync 1 DAGs
[2026-09-06T09:18:20.425+0000] {logging_mixin.py:190} INFO - [2026-09-06T09:18:20.424+0000] {dag.py:4180} INFO - Setting next_dagrun for example_params_trigger_ui to None, run_after=None
[2026-09-06T09:18:20.441+0000] {processor.py:208} INFO - Processing /home/airflow/.local/lib/python3.12/site-packages/airflow/example_dags/example_params_trigger_ui.py took 0.081 seconds
[2026-09-06T09:18:51.321+0000] {processor.py:186} INFO - Started process (PID=3166) to work on /home/airflow/.local/lib/python3.12/site-packages/airflow/example_dags/example_params_trigger_ui.py
[2026-09-06T09:18:51.322+0000] {processor.py:914} INFO - Processing file /home/airflow/.local/lib/python3.12/site-packages/airflow/example_dags/example_params_trigger_ui.py for tasks to queue
[2026-09-06T09:18:51.324+0000] {logging_mixin.py:190} INFO - [2026-09-06T09:18:51.324+0000] {dagbag.py:588} INFO - Filling up the DagBag from /home/airflow/.local/lib/python3.12/site-packages/airflow/example_dags/example_params_trigger_ui.py
[2026-09-06T09:18:51.333+0000] {processor.py:925} INFO - DAG(s) 'example_params_trigger_ui' retrieved from /home/airflow/.local/lib/python3.12/site-packages/airflow/example_dags/example_params_trigger_ui.py
[2026-09-06T09:18:51.367+0000] {logging_mixin.py:190} INFO - [2026-09-06T09:18:51.366+0000] {dag.py:3239} INFO - Sync 1 DAGs
[2026-09-06T09:18:51.586+0000] {logging_mixin.py:190} INFO - [2026-09-06T09:18:51.585+0000] {dag.py:4180} INFO - Setting next_dagrun for example_params_trigger_ui to None, run_after=None
[2026-09-06T09:18:51.601+0000] {processor.py:208} INFO - Processing /home/airflow/.local/lib/python3.12/site-packages/airflow/example_dags/example_params_trigger_ui.py took 0.285 seconds
[2026-09-06T09:19:22.710+0000] {processor.py:186} INFO - Started process (PID=3232) to work on /home/airflow/.local/lib/python3.12/site-packages/airflow/example_dags/example_params_trigger_ui.py
[2026-09-06T09:19:22.711+0000] {processor.py:914} INFO - Processing file /home/airflow/.local/lib/python3.12/site-packages/airflow/example_dags/example_params_trigger_ui.py for tasks to queue
[2026-09-06T09:19:22.714+0000] {logging_mixin.py:190} INFO - [2026-09-06T09:19:22.713+0000] {dagbag.py:588} INFO - Filling up the DagBag from /home/airflow/.local/lib/python3.12/site-packages/airflow/example_dags/example_params_trigger_ui.py
[2026-09-06T09:19:22.724+0000] {processor.py:925} INFO - DAG(s) 'example_params_trigger_ui' retrieved from /home/airflow/.local/lib/python3.12/site-packages/airflow/example_dags/example_params_trigger_ui.py
[2026-09-06T09:19:22.758+0000] {logging_mixin.py:190} INFO - [2026-09-06T09:19:22.758+0000] {dag.py:3239} INFO - Sync 1 DAGs
[2026-09-06T09:19:22.774+0000] {logging_mixin.py:190} INFO - [2026-09-06T09:19:22.774+0000] {dag.py:4180} INFO - Setting next_dagrun for example_params_trigger_ui to None, run_after=None
[2026-09-06T09:19:22.982+0000] {processor.py:208} INFO - Processing /home/airflow/.local/lib/python3.12/site-packages/airflow/example_dags/example_params_trigger_ui.py took 0.276 seconds
[2026-09-06T09:19:53.872+0000] {processor.py:186} INFO - Started process (PID=3297) to work on /home/airflow/.local/lib/python3.12/site-packages/airflow/example_dags/example_params_trigger_ui.py
[2026-09-06T09:19:53.873+0000] {processor.py:914} INFO - Processing file /home/airflow/.local/lib/python3.12/site-packages/airflow/example_dags/example_params_trigger_ui.py for tasks to queue
[2026-09-06T09:19:53.875+0000] {logging_mixin.py:190} INFO - [2026-09-06T09:19:53.875+0000] {dagbag.py:588} INFO - Filling up the DagBag from /home/airflow/.local/lib/python3.12/site-packages/airflow/example_dags/example_params_trigger_ui.py
[2026-09-06T09:19:53.884+0000] {processor.py:925} INFO - DAG(s) 'example_params_trigger_ui' retrieved from /home/airflow/.local/lib/python3.12/site-packages/airflow/example_dags/example_params_trigger_ui.py
[2026-09-06T09:19:53.916+0000] {logging_mixin.py:190} INFO - [2026-09-06T09:19:53.916+0000] {dag.py:3239} INFO - Sync 1 DAGs
[2026-09-06T09:19:53.927+0000] {logging_mixin.py:190} INFO - [2026-09-06T09:19:53.927+0000] {dag.py:4180} INFO - Setting next_dagrun for example_params_trigger_ui to None, run_after=None
[2026-09-06T09:19:53.941+0000] {processor.py:208} INFO - Processing /home/airflow/.local/lib/python3.12/site-packages/airflow/example_dags/example_params_trigger_ui.py took 0.073 seconds
[2026-09-06T09:20:26.218+0000] {processor.py:186} INFO - Started process (PID=3363) to work on /home/airflow/.local/lib/python3.12/site-packages/airflow/example_dags/example_params_trigger_ui.py
[2026-09-06T09:20:26.220+0000] {processor.py:914} INFO - Processing file /home/airflow/.local/lib/python3.12/site-packages/airflow/example_dags/example_params_trigger_ui.py for tasks to queue
[2026-09-06T09:20:26.222+0000] {logging_mixin.py:190} INFO - [2026-09-06T09:20:26.222+0000] {dagbag.py:588} INFO - Filling up the DagBag from /home/airflow/.local/lib/python3.12/site-packages/airflow/example_dags/example_params_trigger_ui.py
[2026-09-06T09:20:26.231+0000] {processor.py:925} INFO - DAG(s) 'example_params_trigger_ui' retrieved from /home/airflow/.local/lib/python3.12/site-packages/airflow/example_dags/example_params_trigger_ui.py
[2026-09-06T09:20:26.265+0000] {logging_mixin.py:190} INFO - [2026-09-06T09:20:26.264+0000] {dag.py:3239} INFO - Sync 1 DAGs
[2026-09-06T09:20:26.277+0000] {logging_mixin.py:190} INFO - [2026-09-06T09:20:26.276+0000] {dag.py:4180} INFO - Setting next_dagrun for example_params_trigger_ui to None, run_after=None
[2026-09-06T09:20:26.293+0000] {processor.py:208} INFO - Processing /home/airflow/.local/lib/python3.12/site-packages/airflow/example_dags/example_params_trigger_ui.py took 0.082 seconds
[2026-09-06T09:20:56.609+0000] {processor.py:186} INFO - Started process (PID=3427) to work on /home/airflow/.local/lib/python3.12/site-packages/airflow/example_dags/example_params_trigger_ui.py
[2026-09-06T09:20:56.610+0000] {processor.py:914} INFO - Processing file /home/airflow/.local/lib/python3.12/site-packages/airflow/example_dags/example_params_trigger_ui.py for tasks to queue
[2026-09-06T09:20:56.612+0000] {logging_mixin.py:190} INFO - [2026-09-06T09:20:56.612+0000] {dagbag.py:588} INFO - Filling up the DagBag from /home/airflow/.local/lib/python3.12/site-packages/airflow/example_dags/example_params_trigger_ui.py
[2026-09-06T09:20:56.622+0000] {processor.py:925} INFO - DAG(s) 'example_params_trigger_ui' retrieved from /home/airflow/.local/lib/python3.12/site-packages/airflow/example_dags/example_params_trigger_ui.py
[2026-09-06T09:20:56.654+0000] {logging_mixin.py:190} INFO - [2026-09-06T09:20:56.654+0000] {dag.py:3239} INFO - Sync 1 DAGs
[2026-09-06T09:20:56.666+0000] {logging_mixin.py:190} INFO - [2026-09-06T09:20:56.666+0000] {dag.py:4180} INFO - Setting next_dagrun for example_params_trigger_ui to None, run_after=None
[2026-09-06T09:20:56.681+0000] {processor.py:208} INFO - Processing /home/airflow/.local/lib/python3.12/site-packages/airflow/example_dags/example_params_trigger_ui.py took 0.078 seconds
[2026-09-06T09:21:26.858+0000] {processor.py:186} INFO - Started process (PID=3491) to work on /home/airflow/.local/lib/python3.12/site-packages/airflow/example_dags/example_params_trigger_ui.py
[2026-09-06T09:21:26.859+0000] {processor.py:914} INFO - Processing file /home/airflow/.local/lib/python3.12/site-packages/airflow/example_dags/example_params_trigger_ui.py for tasks to queue
[2026-09-06T09:21:26.861+0000] {logging_mixin.py:190} INFO - [2026-09-06T09:21:26.861+0000] {dagbag.py:588} INFO - Filling up the DagBag from /home/airflow/.local/lib/python3.12/site-packages/airflow/example_dags/example_params_trigger_ui.py
[2026-09-06T09:21:26.871+0000] {processor.py:925} INFO - DAG(s) 'example_params_trigger_ui' retrieved from /home/airflow/.local/lib/python3.12/site-packages/airflow/example_dags/example_params_trigger_ui.py
[2026-09-06T09:21:26.904+0000] {logging_mixin.py:190} INFO - [2026-09-06T09:21:26.904+0000] {dag.py:3239} INFO - Sync 1 DAGs
[2026-09-06T09:21:26.916+0000] {logging_mixin.py:190} INFO - [2026-09-06T09:21:26.916+0000] {dag.py:4180} INFO - Setting next_dagrun for example_params_trigger_ui to None, run_after=None
[2026-09-06T09:21:26.932+0000] {processor.py:208} INFO - Processing /home/airflow/.local/lib/python3.12/site-packages/airflow/example_dags/example_params_trigger_ui.py took 0.080 seconds
[2026-09-06T09:21:58.114+0000] {processor.py:186} INFO - Started process (PID=3555) to work on /home/airflow/.local/lib/python3.12/site-packages/airflow/example_dags/example_params_trigger_ui.py
[2026-09-06T09:21:58.116+0000] {processor.py:914} INFO - Processing file /home/airflow/.local/lib/python3.12/site-packages/airflow/example_dags/example_params_trigger_ui.py for tasks to queue
[2026-09-06T09:21:58.120+0000] {logging_mixin.py:190} INFO - [2026-09-06T09:21:58.119+0000] {dagbag.py:588} INFO - Filling up the DagBag from /home/airflow/.local/lib/python3.12/site-packages/airflow/example_dags/example_params_trigger_ui.py
[2026-09-06T09:21:58.139+0000] {processor.py:925} INFO - DAG(s) 'example_params_trigger_ui' retrieved from /home/airflow/.local/lib/python3.12/site-packages/airflow/example_dags/example_params_trigger_ui.py
[2026-09-06T09:21:58.186+0000] {logging_mixin.py:190} INFO - [2026-09-06T09:21:58.186+0000] {dag.py:3239} INFO - Sync 1 DAGs
[2026-09-06T09:21:58.201+0000] {logging_mixin.py:190} INFO - [2026-09-06T09:21:58.200+0000] {dag.py:4180} INFO - Setting next_dagrun for example_params_trigger_ui to None, run_after=None
[2026-09-06T09:21:58.217+0000] {processor.py:208} INFO - Processing /home/airflow/.local/lib/python3.12/site-packages/airflow/example_dags/example_params_trigger_ui.py took 0.110 seconds
[2026-09-06T09:22:29.203+0000] {processor.py:186} INFO - Started process (PID=3621) to work on /home/airflow/.local/lib/python3.12/site-packages/airflow/example_dags/example_params_trigger_ui.py
[2026-09-06T09:22:29.204+0000] {processor.py:914} INFO - Processing file /home/airflow/.local/lib/python3.12/site-packages/airflow/example_dags/example_params_trigger_ui.py for tasks to queue
[2026-09-06T09:22:29.206+0000] {logging_mixin.py:190} INFO - [2026-09-06T09:22:29.206+0000] {dagbag.py:588} INFO - Filling up the DagBag from /home/airflow/.local/lib/python3.12/site-packages/airflow/example_dags/example_params_trigger_ui.py
[2026-09-06T09:22:29.215+0000] {processor.py:925} INFO - DAG(s) 'example_params_trigger_ui' retrieved from /home/airflow/.local/lib/python3.12/site-packages/airflow/example_dags/example_params_trigger_ui.py
[2026-09-06T09:22:29.246+0000] {logging_mixin.py:190} INFO - [2026-09-06T09:22:29.246+0000] {dag.py:3239} INFO - Sync 1 DAGs
[2026-09-06T09:22:29.257+0000] {logging_mixin.py:190} INFO - [2026-09-06T09:22:29.257+0000] {dag.py:4180} INFO - Setting next_dagrun for example_params_trigger_ui to None, run_after=None
[2026-09-06T09:22:29.275+0000] {processor.py:208} INFO - Processing /home/airflow/.local/lib/python3.12/site-packages/airflow/example_dags/example_params_trigger_ui.py took 0.077 seconds
[2026-09-06T09:23:00.238+0000] {processor.py:186} INFO - Started process (PID=3691) to work on /home/airflow/.local/lib/python3.12/site-packages/airflow/example_dags/example_params_trigger_ui.py
[2026-09-06T09:23:00.239+0000] {processor.py:914} INFO - Processing file /home/airflow/.local/lib/python3.12/site-packages/airflow/example_dags/example_params_trigger_ui.py for tasks to queue
[2026-09-06T09:23:00.242+0000] {logging_mixin.py:190} INFO - [2026-09-06T09:23:00.242+0000] {dagbag.py:588} INFO - Filling up the DagBag from /home/airflow/.local/lib/python3.12/site-packages/airflow/example_dags/example_params_trigger_ui.py
[2026-09-06T09:23:00.254+0000] {processor.py:925} INFO - DAG(s) 'example_params_trigger_ui' retrieved from /home/airflow/.local/lib/python3.12/site-packages/airflow/example_dags/example_params_trigger_ui.py
[2026-09-06T09:23:00.287+0000] {logging_mixin.py:190} INFO - [2026-09-06T09:23:00.287+0000] {dag.py:3239} INFO - Sync 1 DAGs
[2026-09-06T09:23:00.299+0000] {logging_mixin.py:190} INFO - [2026-09-06T09:23:00.299+0000] {dag.py:4180} INFO - Setting next_dagrun for example_params_trigger_ui to None, run_after=None
[2026-09-06T09:23:00.315+0000] {processor.py:208} INFO - Processing /home/airflow/.local/lib/python3.12/site-packages/airflow/example_dags/example_params_trigger_ui.py took 0.084 seconds
[2026-09-06T09:23:31.249+0000] {processor.py:186} INFO - Started process (PID=3757) to work on /home/airflow/.local/lib/python3.12/site-packages/airflow/example_dags/example_params_trigger_ui.py
[2026-09-06T09:23:31.250+0000] {processor.py:914} INFO - Processing file /home/airflow/.local/lib/python3.12/site-packages/airflow/example_dags/example_params_trigger_ui.py for tasks to queue
[2026-09-06T09:23:31.252+0000] {logging_mixin.py:190} INFO - [2026-09-06T09:23:31.252+0000] {dagbag.py:588} INFO - Filling up the DagBag from /home/airflow/.local/lib/python3.12/site-packages/airflow/example_dags/example_params_trigger_ui.py
[2026-09-06T09:23:31.262+0000] {processor.py:925} INFO - DAG(s) 'example_params_trigger_ui' retrieved from /home/airflow/.local/lib/python3.12/site-packages/airflow/example_dags/example_params_trigger_ui.py
[2026-09-06T09:23:31.295+0000] {logging_mixin.py:190} INFO - [2026-09-06T09:23:31.294+0000] {dag.py:3239} INFO - Sync 1 DAGs
[2026-09-06T09:23:31.307+0000] {logging_mixin.py:190} INFO - [2026-09-06T09:23:31.307+0000] {dag.py:4180} INFO - Setting next_dagrun for example_params_trigger_ui to None, run_after=None
[2026-09-06T09:23:31.322+0000] {processor.py:208} INFO - Processing /home/airflow/.local/lib/python3.12/site-packages/airflow/example_dags/example_params_trigger_ui.py took 0.077 seconds
[2026-09-06T09:24:02.289+0000] {processor.py:186} INFO - Started process (PID=3821) to work on /home/airflow/.local/lib/python3.12/site-packages/airflow/example_dags/example_params_trigger_ui.py
[2026-09-06T09:24:02.290+0000] {processor.py:914} INFO - Processing file /home/airflow/.local/lib/python3.12/site-packages/airflow/example_dags/example_params_trigger_ui.py for tasks to queue
[2026-09-06T09:24:02.293+0000] {logging_mixin.py:190} INFO - [2026-09-06T09:24:02.292+0000] {dagbag.py:588} INFO - Filling up the DagBag from /home/airflow/.local/lib/python3.12/site-packages/airflow/example_dags/example_params_trigger_ui.py
[2026-09-06T09:24:02.302+0000] {processor.py:925} INFO - DAG(s) 'example_params_trigger_ui' retrieved from /home/airflow/.local/lib/python3.12/site-packages/airflow/example_dags/example_params_trigger_ui.py
[2026-09-06T09:24:02.346+0000] {logging_mixin.py:190} INFO - [2026-09-06T09:24:02.346+0000] {dag.py:3239} INFO - Sync 1 DAGs
[2026-09-06T09:24:02.367+0000] {logging_mixin.py:190} INFO - [2026-09-06T09:24:02.367+0000] {dag.py:4180} INFO - Setting next_dagrun for example_params_trigger_ui to None, run_after=None
[2026-09-06T09:24:02.402+0000] {processor.py:208} INFO - Processing /home/airflow/.local/lib/python3.12/site-packages/airflow/example_dags/example_params_trigger_ui.py took 0.119 seconds
[2026-09-06T09:24:33.673+0000] {processor.py:186} INFO - Started process (PID=3885) to work on /home/airflow/.local/lib/python3.12/site-packages/airflow/example_dags/example_params_trigger_ui.py
[2026-09-06T09:24:33.674+0000] {processor.py:914} INFO - Processing file /home/airflow/.local/lib/python3.12/site-packages/airflow/example_dags/example_params_trigger_ui.py for tasks to queue
[2026-09-06T09:24:33.676+0000] {logging_mixin.py:190} INFO - [2026-09-06T09:24:33.676+0000] {dagbag.py:588} INFO - Filling up the DagBag from /home/airflow/.local/lib/python3.12/site-packages/airflow/example_dags/example_params_trigger_ui.py
[2026-09-06T09:24:33.685+0000] {processor.py:925} INFO - DAG(s) 'example_params_trigger_ui' retrieved from /home/airflow/.local/lib/python3.12/site-packages/airflow/example_dags/example_params_trigger_ui.py
[2026-09-06T09:24:33.716+0000] {logging_mixin.py:190} INFO - [2026-09-06T09:24:33.716+0000] {dag.py:3239} INFO - Sync 1 DAGs
[2026-09-06T09:24:33.727+0000] {logging_mixin.py:190} INFO - [2026-09-06T09:24:33.727+0000] {dag.py:4180} INFO - Setting next_dagrun for example_params_trigger_ui to None, run_after=None
[2026-09-06T09:24:33.742+0000] {processor.py:208} INFO - Processing /home/airflow/.local/lib/python3.12/site-packages/airflow/example_dags/example_params_trigger_ui.py took 0.074 seconds
[2026-09-06T09:25:04.478+0000] {processor.py:186} INFO - Started process (PID=3949) to work on /home/airflow/.local/lib/python3.12/site-packages/airflow/example_dags/example_params_trigger_ui.py
[2026-09-06T09:25:04.479+0000] {processor.py:914} INFO - Processing file /home/airflow/.local/lib/python3.12/site-packages/airflow/example_dags/example_params_trigger_ui.py for tasks to queue
[2026-09-06T09:25:04.481+0000] {logging_mixin.py:190} INFO - [2026-09-06T09:25:04.480+0000] {dagbag.py:588} INFO - Filling up the DagBag from /home/airflow/.local/lib/python3.12/site-packages/airflow/example_dags/example_params_trigger_ui.py
[2026-09-06T09:25:04.489+0000] {processor.py:925} INFO - DAG(s) 'example_params_trigger_ui' retrieved from /home/airflow/.local/lib/python3.12/site-packages/airflow/example_dags/example_params_trigger_ui.py
[2026-09-06T09:25:04.523+0000] {logging_mixin.py:190} INFO - [2026-09-06T09:25:04.523+0000] {dag.py:3239} INFO - Sync 1 DAGs
[2026-09-06T09:25:04.535+0000] {logging_mixin.py:190} INFO - [2026-09-06T09:25:04.535+0000] {dag.py:4180} INFO - Setting next_dagrun for example_params_trigger_ui to None, run_after=None
[2026-09-06T09:25:04.549+0000] {processor.py:208} INFO - Processing /home/airflow/.local/lib/python3.12/site-packages/airflow/example_dags/example_params_trigger_ui.py took 0.076 seconds
[2026-09-06T09:25:35.805+0000] {processor.py:186} INFO - Started process (PID=4013) to work on /home/airflow/.local/lib/python3.12/site-packages/airflow/example_dags/example_params_trigger_ui.py
[2026-09-06T09:25:35.806+0000] {processor.py:914} INFO - Processing file /home/airflow/.local/lib/python3.12/site-packages/airflow/example_dags/example_params_trigger_ui.py for tasks to queue
[2026-09-06T09:25:35.808+0000] {logging_mixin.py:190} INFO - [2026-09-06T09:25:35.808+0000] {dagbag.py:588} INFO - Filling up the DagBag from /home/airflow/.local/lib/python3.12/site-packages/airflow/example_dags/example_params_trigger_ui.py
[2026-09-06T09:25:35.818+0000] {processor.py:925} INFO - DAG(s) 'example_params_trigger_ui' retrieved from /home/airflow/.local/lib/python3.12/site-packages/airflow/example_dags/example_params_trigger_ui.py
[2026-09-06T09:25:35.859+0000] {logging_mixin.py:190} INFO - [2026-09-06T09:25:35.858+0000] {dag.py:3239} INFO - Sync 1 DAGs
[2026-09-06T09:25:35.873+0000] {logging_mixin.py:190} INFO - [2026-09-06T09:25:35.872+0000] {dag.py:4180} INFO - Setting next_dagrun for example_params_trigger_ui to None, run_after=None
[2026-09-06T09:25:35.889+0000] {processor.py:208} INFO - Processing /home/airflow/.local/lib/python3.12/site-packages/airflow/example_dags/example_params_trigger_ui.py took 0.089 seconds
[2026-09-06T09:26:06.360+0000] {processor.py:186} INFO - Started process (PID=4077) to work on /home/airflow/.local/lib/python3.12/site-packages/airflow/example_dags/example_params_trigger_ui.py
[2026-09-06T09:26:06.361+0000] {processor.py:914} INFO - Processing file /home/airflow/.local/lib/python3.12/site-packages/airflow/example_dags/example_params_trigger_ui.py for tasks to queue
[2026-09-06T09:26:06.364+0000] {logging_mixin.py:190} INFO - [2026-09-06T09:26:06.363+0000] {dagbag.py:588} INFO - Filling up the DagBag from /home/airflow/.local/lib/python3.12/site-packages/airflow/example_dags/example_params_trigger_ui.py
[2026-09-06T09:26:06.375+0000] {processor.py:925} INFO - DAG(s) 'example_params_trigger_ui' retrieved from /home/airflow/.local/lib/python3.12/site-packages/airflow/example_dags/example_params_trigger_ui.py
[2026-09-06T09:26:06.420+0000] {logging_mixin.py:190} INFO - [2026-09-06T09:26:06.420+0000] {dag.py:3239} INFO - Sync 1 DAGs
[2026-09-06T09:26:06.434+0000] {logging_mixin.py:190} INFO - [2026-09-06T09:26:06.433+0000] {dag.py:4180} INFO - Setting next_dagrun for example_params_trigger_ui to None, run_after=None
[2026-09-06T09:26:06.453+0000] {processor.py:208} INFO - Processing /home/airflow/.local/lib/python3.12/site-packages/airflow/example_dags/example_params_trigger_ui.py took 0.098 seconds
[2026-09-06T09:26:36.711+0000] {processor.py:186} INFO - Started process (PID=4141) to work on /home/airflow/.local/lib/python3.12/site-packages/airflow/example_dags/example_params_trigger_ui.py
[2026-09-06T09:26:36.712+0000] {processor.py:914} INFO - Processing file /home/airflow/.local/lib/python3.12/site-packages/airflow/example_dags/example_params_trigger_ui.py for tasks to queue
[2026-09-06T09:26:36.715+0000] {logging_mixin.py:190} INFO - [2026-09-06T09:26:36.714+0000] {dagbag.py:588} INFO - Filling up the DagBag from /home/airflow/.local/lib/python3.12/site-packages/airflow/example_dags/example_params_trigger_ui.py
[2026-09-06T09:26:36.724+0000] {processor.py:925} INFO - DAG(s) 'example_params_trigger_ui' retrieved from /home/airflow/.local/lib/python3.12/site-packages/airflow/example_dags/example_params_trigger_ui.py
[2026-09-06T09:26:36.757+0000] {logging_mixin.py:190} INFO - [2026-09-06T09:26:36.757+0000] {dag.py:3239} INFO - Sync 1 DAGs
[2026-09-06T09:26:36.769+0000] {logging_mixin.py:190} INFO - [2026-09-06T09:26:36.769+0000] {dag.py:4180} INFO - Setting next_dagrun for example_params_trigger_ui to None, run_after=None
[2026-09-06T09:26:36.783+0000] {processor.py:208} INFO - Processing /home/airflow/.local/lib/python3.12/site-packages/airflow/example_dags/example_params_trigger_ui.py took 0.078 seconds
[2026-09-06T09:27:06.953+0000] {processor.py:186} INFO - Started process (PID=4206) to work on /home/airflow/.local/lib/python3.12/site-packages/airflow/example_dags/example_params_trigger_ui.py
[2026-09-06T09:27:06.954+0000] {processor.py:914} INFO - Processing file /home/airflow/.local/lib/python3.12/site-packages/airflow/example_dags/example_params_trigger_ui.py for tasks to queue
[2026-09-06T09:27:06.956+0000] {logging_mixin.py:190} INFO - [2026-09-06T09:27:06.955+0000] {dagbag.py:588} INFO - Filling up the DagBag from /home/airflow/.local/lib/python3.12/site-packages/airflow/example_dags/example_params_trigger_ui.py
[2026-09-06T09:27:06.964+0000] {processor.py:925} INFO - DAG(s) 'example_params_trigger_ui' retrieved from /home/airflow/.local/lib/python3.12/site-packages/airflow/example_dags/example_params_trigger_ui.py
[2026-09-06T09:27:06.995+0000] {logging_mixin.py:190} INFO - [2026-09-06T09:27:06.995+0000] {dag.py:3239} INFO - Sync 1 DAGs
[2026-09-06T09:27:07.006+0000] {logging_mixin.py:190} INFO - [2026-09-06T09:27:07.006+0000] {dag.py:4180} INFO - Setting next_dagrun for example_params_trigger_ui to None, run_after=None
[2026-09-06T09:27:07.022+0000] {processor.py:208} INFO - Processing /home/airflow/.local/lib/python3.12/site-packages/airflow/example_dags/example_params_trigger_ui.py took 0.073 seconds
[2026-09-06T09:27:37.480+0000] {processor.py:186} INFO - Started process (PID=4270) to work on /home/airflow/.local/lib/python3.12/site-packages/airflow/example_dags/example_params_trigger_ui.py
[2026-09-06T09:27:37.482+0000] {processor.py:914} INFO - Processing file /home/airflow/.local/lib/python3.12/site-packages/airflow/example_dags/example_params_trigger_ui.py for tasks to queue
[2026-09-06T09:27:37.484+0000] {logging_mixin.py:190} INFO - [2026-09-06T09:27:37.484+0000] {dagbag.py:588} INFO - Filling up the DagBag from /home/airflow/.local/lib/python3.12/site-packages/airflow/example_dags/example_params_trigger_ui.py
[2026-09-06T09:27:37.494+0000] {processor.py:925} INFO - DAG(s) 'example_params_trigger_ui' retrieved from /home/airflow/.local/lib/python3.12/site-packages/airflow/example_dags/example_params_trigger_ui.py
[2026-09-06T09:27:37.525+0000] {logging_mixin.py:190} INFO - [2026-09-06T09:27:37.525+0000] {dag.py:3239} INFO - Sync 1 DAGs
[2026-09-06T09:27:37.537+0000] {logging_mixin.py:190} INFO - [2026-09-06T09:27:37.536+0000] {dag.py:4180} INFO - Setting next_dagrun for example_params_trigger_ui to None, run_after=None
[2026-09-06T09:27:37.552+0000] {processor.py:208} INFO - Processing /home/airflow/.local/lib/python3.12/site-packages/airflow/example_dags/example_params_trigger_ui.py took 0.077 seconds
[2026-09-06T09:28:08.081+0000] {processor.py:186} INFO - Started process (PID=4334) to work on /home/airflow/.local/lib/python3.12/site-packages/airflow/example_dags/example_params_trigger_ui.py
[2026-09-06T09:28:08.082+0000] {processor.py:914} INFO - Processing file /home/airflow/.local/lib/python3.12/site-packages/airflow/example_dags/example_params_trigger_ui.py for tasks to queue
[2026-09-06T09:28:08.085+0000] {logging_mixin.py:190} INFO - [2026-09-06T09:28:08.085+0000] {dagbag.py:588} INFO - Filling up the DagBag from /home/airflow/.local/lib/python3.12/site-packages/airflow/example_dags/example_params_trigger_ui.py
[2026-09-06T09:28:08.095+0000] {processor.py:925} INFO - DAG(s) 'example_params_trigger_ui' retrieved from /home/airflow/.local/lib/python3.12/site-packages/airflow/example_dags/example_params_trigger_ui.py
[2026-09-06T09:28:08.132+0000] {logging_mixin.py:190} INFO - [2026-09-06T09:28:08.132+0000] {dag.py:3239} INFO - Sync 1 DAGs
[2026-09-06T09:28:08.145+0000] {logging_mixin.py:190} INFO - [2026-09-06T09:28:08.145+0000] {dag.py:4180} INFO - Setting next_dagrun for example_params_trigger_ui to None, run_after=None
[2026-09-06T09:28:08.160+0000] {processor.py:208} INFO - Processing /home/airflow/.local/lib/python3.12/site-packages/airflow/example_dags/example_params_trigger_ui.py took 0.084 seconds
[2026-09-06T09:28:38.588+0000] {processor.py:186} INFO - Started process (PID=4398) to work on /home/airflow/.local/lib/python3.12/site-packages/airflow/example_dags/example_params_trigger_ui.py
[2026-09-06T09:28:38.589+0000] {processor.py:914} INFO - Processing file /home/airflow/.local/lib/python3.12/site-packages/airflow/example_dags/example_params_trigger_ui.py for tasks to queue
[2026-09-06T09:28:38.591+0000] {logging_mixin.py:190} INFO - [2026-09-06T09:28:38.591+0000] {dagbag.py:588} INFO - Filling up the DagBag from /home/airflow/.local/lib/python3.12/site-packages/airflow/example_dags/example_params_trigger_ui.py
[2026-09-06T09:28:38.600+0000] {processor.py:925} INFO - DAG(s) 'example_params_trigger_ui' retrieved from /home/airflow/.local/lib/python3.12/site-packages/airflow/example_dags/example_params_trigger_ui.py
[2026-09-06T09:28:38.634+0000] {logging_mixin.py:190} INFO - [2026-09-06T09:28:38.633+0000] {dag.py:3239} INFO - Sync 1 DAGs
[2026-09-06T09:28:38.644+0000] {logging_mixin.py:190} INFO - [2026-09-06T09:28:38.644+0000] {dag.py:4180} INFO - Setting next_dagrun for example_params_trigger_ui to None, run_after=None
[2026-09-06T09:28:38.663+0000] {processor.py:208} INFO - Processing /home/airflow/.local/lib/python3.12/site-packages/airflow/example_dags/example_params_trigger_ui.py took 0.080 seconds
[2026-09-06T09:29:08.994+0000] {processor.py:186} INFO - Started process (PID=4462) to work on /home/airflow/.local/lib/python3.12/site-packages/airflow/example_dags/example_params_trigger_ui.py
[2026-09-06T09:29:08.995+0000] {processor.py:914} INFO - Processing file /home/airflow/.local/lib/python3.12/site-packages/airflow/example_dags/example_params_trigger_ui.py for tasks to queue
[2026-09-06T09:29:08.998+0000] {logging_mixin.py:190} INFO - [2026-09-06T09:29:08.997+0000] {dagbag.py:588} INFO - Filling up the DagBag from /home/airflow/.local/lib/python3.12/site-packages/airflow/example_dags/example_params_trigger_ui.py
[2026-09-06T09:29:09.008+0000] {processor.py:925} INFO - DAG(s) 'example_params_trigger_ui' retrieved from /home/airflow/.local/lib/python3.12/site-packages/airflow/example_dags/example_params_trigger_ui.py
[2026-09-06T09:29:09.042+0000] {logging_mixin.py:190} INFO - [2026-09-06T09:29:09.042+0000] {dag.py:3239} INFO - Sync 1 DAGs
[2026-09-06T09:29:09.055+0000] {logging_mixin.py:190} INFO - [2026-09-06T09:29:09.055+0000] {dag.py:4180} INFO - Setting next_dagrun for example_params_trigger_ui to None, run_after=None
[2026-09-06T09:29:09.071+0000] {processor.py:208} INFO - Processing /home/airflow/.local/lib/python3.12/site-packages/airflow/example_dags/example_params_trigger_ui.py took 0.082 seconds
[2026-09-06T09:29:39.971+0000] {processor.py:186} INFO - Started process (PID=4525) to work on /home/airflow/.local/lib/python3.12/site-packages/airflow/example_dags/example_params_trigger_ui.py
[2026-09-06T09:29:39.972+0000] {processor.py:914} INFO - Processing file /home/airflow/.local/lib/python3.12/site-packages/airflow/example_dags/example_params_trigger_ui.py for tasks to queue
[2026-09-06T09:29:39.974+0000] {logging_mixin.py:190} INFO - [2026-09-06T09:29:39.973+0000] {dagbag.py:588} INFO - Filling up the DagBag from /home/airflow/.local/lib/python3.12/site-packages/airflow/example_dags/example_params_trigger_ui.py
[2026-09-06T09:29:39.982+0000] {processor.py:925} INFO - DAG(s) 'example_params_trigger_ui' retrieved from /home/airflow/.local/lib/python3.12/site-packages/airflow/example_dags/example_params_trigger_ui.py
[2026-09-06T09:29:40.017+0000] {logging_mixin.py:190} INFO - [2026-09-06T09:29:40.017+0000] {dag.py:3239} INFO - Sync 1 DAGs
[2026-09-06T09:29:40.030+0000] {logging_mixin.py:190} INFO - [2026-09-06T09:29:40.030+0000] {dag.py:4180} INFO - Setting next_dagrun for example_params_trigger_ui to None, run_after=None
[2026-09-06T09:29:40.045+0000] {processor.py:208} INFO - Processing /home/airflow/.local/lib/python3.12/site-packages/airflow/example_dags/example_params_trigger_ui.py took 0.079 seconds
[2026-09-06T09:30:10.253+0000] {processor.py:186} INFO - Started process (PID=4589) to work on /home/airflow/.local/lib/python3.12/site-packages/airflow/example_dags/example_params_trigger_ui.py
[2026-09-06T09:30:10.254+0000] {processor.py:914} INFO - Processing file /home/airflow/.local/lib/python3.12/site-packages/airflow/example_dags/example_params_trigger_ui.py for tasks to queue
[2026-09-06T09:30:10.256+0000] {logging_mixin.py:190} INFO - [2026-09-06T09:30:10.256+0000] {dagbag.py:588} INFO - Filling up the DagBag from /home/airflow/.local/lib/python3.12/site-packages/airflow/example_dags/example_params_trigger_ui.py
[2026-09-06T09:30:10.265+0000] {processor.py:925} INFO - DAG(s) 'example_params_trigger_ui' retrieved from /home/airflow/.local/lib/python3.12/site-packages/airflow/example_dags/example_params_trigger_ui.py
[2026-09-06T09:30:10.294+0000] {logging_mixin.py:190} INFO - [2026-09-06T09:30:10.294+0000] {dag.py:3239} INFO - Sync 1 DAGs
[2026-09-06T09:30:10.304+0000] {logging_mixin.py:190} INFO - [2026-09-06T09:30:10.304+0000] {dag.py:4180} INFO - Setting next_dagrun for example_params_trigger_ui to None, run_after=None
[2026-09-06T09:30:10.318+0000] {processor.py:208} INFO - Processing /home/airflow/.local/lib/python3.12/site-packages/airflow/example_dags/example_params_trigger_ui.py took 0.069 seconds
[2026-09-06T09:30:41.030+0000] {processor.py:186} INFO - Started process (PID=4653) to work on /home/airflow/.local/lib/python3.12/site-packages/airflow/example_dags/example_params_trigger_ui.py
[2026-09-06T09:30:41.031+0000] {processor.py:914} INFO - Processing file /home/airflow/.local/lib/python3.12/site-packages/airflow/example_dags/example_params_trigger_ui.py for tasks to queue
[2026-09-06T09:30:41.033+0000] {logging_mixin.py:190} INFO - [2026-09-06T09:30:41.033+0000] {dagbag.py:588} INFO - Filling up the DagBag from /home/airflow/.local/lib/python3.12/site-packages/airflow/example_dags/example_params_trigger_ui.py
[2026-09-06T09:30:41.042+0000] {processor.py:925} INFO - DAG(s) 'example_params_trigger_ui' retrieved from /home/airflow/.local/lib/python3.12/site-packages/airflow/example_dags/example_params_trigger_ui.py
[2026-09-06T09:30:41.072+0000] {logging_mixin.py:190} INFO - [2026-09-06T09:30:41.072+0000] {dag.py:3239} INFO - Sync 1 DAGs
[2026-09-06T09:30:41.083+0000] {logging_mixin.py:190} INFO - [2026-09-06T09:30:41.082+0000] {dag.py:4180} INFO - Setting next_dagrun for example_params_trigger_ui to None, run_after=None
[2026-09-06T09:30:41.102+0000] {processor.py:208} INFO - Processing /home/airflow/.local/lib/python3.12/site-packages/airflow/example_dags/example_params_trigger_ui.py took 0.076 seconds
[2026-09-06T09:31:11.426+0000] {processor.py:186} INFO - Started process (PID=4717) to work on /home/airflow/.local/lib/python3.12/site-packages/airflow/example_dags/example_params_trigger_ui.py
[2026-09-06T09:31:11.426+0000] {processor.py:914} INFO - Processing file /home/airflow/.local/lib/python3.12/site-packages/airflow/example_dags/example_params_trigger_ui.py for tasks to queue
[2026-09-06T09:31:11.428+0000] {logging_mixin.py:190} INFO - [2026-09-06T09:31:11.428+0000] {dagbag.py:588} INFO - Filling up the DagBag from /home/airflow/.local/lib/python3.12/site-packages/airflow/example_dags/example_params_trigger_ui.py
[2026-09-06T09:31:11.437+0000] {processor.py:925} INFO - DAG(s) 'example_params_trigger_ui' retrieved from /home/airflow/.local/lib/python3.12/site-packages/airflow/example_dags/example_params_trigger_ui.py
[2026-09-06T09:31:11.465+0000] {logging_mixin.py:190} INFO - [2026-09-06T09:31:11.464+0000] {dag.py:3239} INFO - Sync 1 DAGs
[2026-09-06T09:31:11.474+0000] {logging_mixin.py:190} INFO - [2026-09-06T09:31:11.474+0000] {dag.py:4180} INFO - Setting next_dagrun for example_params_trigger_ui to None, run_after=None
[2026-09-06T09:31:11.487+0000] {processor.py:208} INFO - Processing /home/airflow/.local/lib/python3.12/site-packages/airflow/example_dags/example_params_trigger_ui.py took 0.065 seconds
[2026-09-06T09:31:41.847+0000] {processor.py:186} INFO - Started process (PID=4781) to work on /home/airflow/.local/lib/python3.12/site-packages/airflow/example_dags/example_params_trigger_ui.py
[2026-09-06T09:31:41.848+0000] {processor.py:914} INFO - Processing file /home/airflow/.local/lib/python3.12/site-packages/airflow/example_dags/example_params_trigger_ui.py for tasks to queue
[2026-09-06T09:31:41.851+0000] {logging_mixin.py:190} INFO - [2026-09-06T09:31:41.851+0000] {dagbag.py:588} INFO - Filling up the DagBag from /home/airflow/.local/lib/python3.12/site-packages/airflow/example_dags/example_params_trigger_ui.py
[2026-09-06T09:31:41.859+0000] {processor.py:925} INFO - DAG(s) 'example_params_trigger_ui' retrieved from /home/airflow/.local/lib/python3.12/site-packages/airflow/example_dags/example_params_trigger_ui.py
[2026-09-06T09:31:41.889+0000] {logging_mixin.py:190} INFO - [2026-09-06T09:31:41.889+0000] {dag.py:3239} INFO - Sync 1 DAGs
[2026-09-06T09:31:41.899+0000] {logging_mixin.py:190} INFO - [2026-09-06T09:31:41.899+0000] {dag.py:4180} INFO - Setting next_dagrun for example_params_trigger_ui to None, run_after=None
[2026-09-06T09:31:41.913+0000] {processor.py:208} INFO - Processing /home/airflow/.local/lib/python3.12/site-packages/airflow/example_dags/example_params_trigger_ui.py took 0.070 seconds
[2026-09-06T09:32:12.485+0000] {processor.py:186} INFO - Started process (PID=4845) to work on /home/airflow/.local/lib/python3.12/site-packages/airflow/example_dags/example_params_trigger_ui.py
[2026-09-06T09:32:12.486+0000] {processor.py:914} INFO - Processing file /home/airflow/.local/lib/python3.12/site-packages/airflow/example_dags/example_params_trigger_ui.py for tasks to queue
[2026-09-06T09:32:12.489+0000] {logging_mixin.py:190} INFO - [2026-09-06T09:32:12.488+0000] {dagbag.py:588} INFO - Filling up the DagBag from /home/airflow/.local/lib/python3.12/site-packages/airflow/example_dags/example_params_trigger_ui.py
[2026-09-06T09:32:12.500+0000] {processor.py:925} INFO - DAG(s) 'example_params_trigger_ui' retrieved from /home/airflow/.local/lib/python3.12/site-packages/airflow/example_dags/example_params_trigger_ui.py
[2026-09-06T09:32:12.540+0000] {logging_mixin.py:190} INFO - [2026-09-06T09:32:12.540+0000] {dag.py:3239} INFO - Sync 1 DAGs
[2026-09-06T09:32:12.552+0000] {logging_mixin.py:190} INFO - [2026-09-06T09:32:12.552+0000] {dag.py:4180} INFO - Setting next_dagrun for example_params_trigger_ui to None, run_after=None
[2026-09-06T09:32:12.567+0000] {processor.py:208} INFO - Processing /home/airflow/.local/lib/python3.12/site-packages/airflow/example_dags/example_params_trigger_ui.py took 0.088 seconds
[2026-09-06T09:32:43.357+0000] {processor.py:186} INFO - Started process (PID=4909) to work on /home/airflow/.local/lib/python3.12/site-packages/airflow/example_dags/example_params_trigger_ui.py
[2026-09-06T09:32:43.358+0000] {processor.py:914} INFO - Processing file /home/airflow/.local/lib/python3.12/site-packages/airflow/example_dags/example_params_trigger_ui.py for tasks to queue
[2026-09-06T09:32:43.360+0000] {logging_mixin.py:190} INFO - [2026-09-06T09:32:43.360+0000] {dagbag.py:588} INFO - Filling up the DagBag from /home/airflow/.local/lib/python3.12/site-packages/airflow/example_dags/example_params_trigger_ui.py
[2026-09-06T09:32:43.369+0000] {processor.py:925} INFO - DAG(s) 'example_params_trigger_ui' retrieved from /home/airflow/.local/lib/python3.12/site-packages/airflow/example_dags/example_params_trigger_ui.py
[2026-09-06T09:32:43.404+0000] {logging_mixin.py:190} INFO - [2026-09-06T09:32:43.404+0000] {dag.py:3239} INFO - Sync 1 DAGs
[2026-09-06T09:32:43.418+0000] {logging_mixin.py:190} INFO - [2026-09-06T09:32:43.417+0000] {dag.py:4180} INFO - Setting next_dagrun for example_params_trigger_ui to None, run_after=None
[2026-09-06T09:32:43.435+0000] {processor.py:208} INFO - Processing /home/airflow/.local/lib/python3.12/site-packages/airflow/example_dags/example_params_trigger_ui.py took 0.084 seconds
[2026-09-06T09:33:13.945+0000] {processor.py:186} INFO - Started process (PID=4972) to work on /home/airflow/.local/lib/python3.12/site-packages/airflow/example_dags/example_params_trigger_ui.py
[2026-09-06T09:33:13.946+0000] {processor.py:914} INFO - Processing file /home/airflow/.local/lib/python3.12/site-packages/airflow/example_dags/example_params_trigger_ui.py for tasks to queue
[2026-09-06T09:33:13.948+0000] {logging_mixin.py:190} INFO - [2026-09-06T09:33:13.948+0000] {dagbag.py:588} INFO - Filling up the DagBag from /home/airflow/.local/lib/python3.12/site-packages/airflow/example_dags/example_params_trigger_ui.py
[2026-09-06T09:33:13.957+0000] {processor.py:925} INFO - DAG(s) 'example_params_trigger_ui' retrieved from /home/airflow/.local/lib/python3.12/site-packages/airflow/example_dags/example_params_trigger_ui.py
[2026-09-06T09:33:13.993+0000] {logging_mixin.py:190} INFO - [2026-09-06T09:33:13.993+0000] {dag.py:3239} INFO - Sync 1 DAGs
[2026-09-06T09:33:14.005+0000] {logging_mixin.py:190} INFO - [2026-09-06T09:33:14.005+0000] {dag.py:4180} INFO - Setting next_dagrun for example_params_trigger_ui to None, run_after=None
[2026-09-06T09:33:14.022+0000] {processor.py:208} INFO - Processing /home/airflow/.local/lib/python3.12/site-packages/airflow/example_dags/example_params_trigger_ui.py took 0.082 seconds
[2026-09-06T09:33:44.818+0000] {processor.py:186} INFO - Started process (PID=5036) to work on /home/airflow/.local/lib/python3.12/site-packages/airflow/example_dags/example_params_trigger_ui.py
[2026-09-06T09:33:44.819+0000] {processor.py:914} INFO - Processing file /home/airflow/.local/lib/python3.12/site-packages/airflow/example_dags/example_params_trigger_ui.py for tasks to queue
[2026-09-06T09:33:44.821+0000] {logging_mixin.py:190} INFO - [2026-09-06T09:33:44.821+0000] {dagbag.py:588} INFO - Filling up the DagBag from /home/airflow/.local/lib/python3.12/site-packages/airflow/example_dags/example_params_trigger_ui.py
[2026-09-06T09:33:44.832+0000] {processor.py:925} INFO - DAG(s) 'example_params_trigger_ui' retrieved from /home/airflow/.local/lib/python3.12/site-packages/airflow/example_dags/example_params_trigger_ui.py
[2026-09-06T09:33:44.873+0000] {logging_mixin.py:190} INFO - [2026-09-06T09:33:44.873+0000] {dag.py:3239} INFO - Sync 1 DAGs
[2026-09-06T09:33:44.885+0000] {logging_mixin.py:190} INFO - [2026-09-06T09:33:44.884+0000] {dag.py:4180} INFO - Setting next_dagrun for example_params_trigger_ui to None, run_after=None
[2026-09-06T09:33:44.901+0000] {processor.py:208} INFO - Processing /home/airflow/.local/lib/python3.12/site-packages/airflow/example_dags/example_params_trigger_ui.py took 0.089 seconds
[2026-09-06T09:34:15.018+0000] {processor.py:186} INFO - Started process (PID=5100) to work on /home/airflow/.local/lib/python3.12/site-packages/airflow/example_dags/example_params_trigger_ui.py
[2026-09-06T09:34:15.019+0000] {processor.py:914} INFO - Processing file /home/airflow/.local/lib/python3.12/site-packages/airflow/example_dags/example_params_trigger_ui.py for tasks to queue
[2026-09-06T09:34:15.022+0000] {logging_mixin.py:190} INFO - [2026-09-06T09:34:15.021+0000] {dagbag.py:588} INFO - Filling up the DagBag from /home/airflow/.local/lib/python3.12/site-packages/airflow/example_dags/example_params_trigger_ui.py
[2026-09-06T09:34:15.031+0000] {processor.py:925} INFO - DAG(s) 'example_params_trigger_ui' retrieved from /home/airflow/.local/lib/python3.12/site-packages/airflow/example_dags/example_params_trigger_ui.py
[2026-09-06T09:34:15.063+0000] {logging_mixin.py:190} INFO - [2026-09-06T09:34:15.063+0000] {dag.py:3239} INFO - Sync 1 DAGs
[2026-09-06T09:34:15.074+0000] {logging_mixin.py:190} INFO - [2026-09-06T09:34:15.074+0000] {dag.py:4180} INFO - Setting next_dagrun for example_params_trigger_ui to None, run_after=None
[2026-09-06T09:34:15.090+0000] {processor.py:208} INFO - Processing /home/airflow/.local/lib/python3.12/site-packages/airflow/example_dags/example_params_trigger_ui.py took 0.077 seconds
[2026-09-06T09:34:45.770+0000] {processor.py:186} INFO - Started process (PID=5164) to work on /home/airflow/.local/lib/python3.12/site-packages/airflow/example_dags/example_params_trigger_ui.py
[2026-09-06T09:34:45.772+0000] {processor.py:914} INFO - Processing file /home/airflow/.local/lib/python3.12/site-packages/airflow/example_dags/example_params_trigger_ui.py for tasks to queue
[2026-09-06T09:34:45.774+0000] {logging_mixin.py:190} INFO - [2026-09-06T09:34:45.774+0000] {dagbag.py:588} INFO - Filling up the DagBag from /home/airflow/.local/lib/python3.12/site-packages/airflow/example_dags/example_params_trigger_ui.py
[2026-09-06T09:34:45.785+0000] {processor.py:925} INFO - DAG(s) 'example_params_trigger_ui' retrieved from /home/airflow/.local/lib/python3.12/site-packages/airflow/example_dags/example_params_trigger_ui.py
[2026-09-06T09:34:45.820+0000] {logging_mixin.py:190} INFO - [2026-09-06T09:34:45.819+0000] {dag.py:3239} INFO - Sync 1 DAGs
[2026-09-06T09:34:45.833+0000] {logging_mixin.py:190} INFO - [2026-09-06T09:34:45.833+0000] {dag.py:4180} INFO - Setting next_dagrun for example_params_trigger_ui to None, run_after=None
[2026-09-06T09:34:45.849+0000] {processor.py:208} INFO - Processing /home/airflow/.local/lib/python3.12/site-packages/airflow/example_dags/example_params_trigger_ui.py took 0.085 seconds
[2026-09-06T09:35:16.075+0000] {processor.py:186} INFO - Started process (PID=5228) to work on /home/airflow/.local/lib/python3.12/site-packages/airflow/example_dags/example_params_trigger_ui.py
[2026-09-06T09:35:16.077+0000] {processor.py:914} INFO - Processing file /home/airflow/.local/lib/python3.12/site-packages/airflow/example_dags/example_params_trigger_ui.py for tasks to queue
[2026-09-06T09:35:16.079+0000] {logging_mixin.py:190} INFO - [2026-09-06T09:35:16.079+0000] {dagbag.py:588} INFO - Filling up the DagBag from /home/airflow/.local/lib/python3.12/site-packages/airflow/example_dags/example_params_trigger_ui.py
[2026-09-06T09:35:16.091+0000] {processor.py:925} INFO - DAG(s) 'example_params_trigger_ui' retrieved from /home/airflow/.local/lib/python3.12/site-packages/airflow/example_dags/example_params_trigger_ui.py
[2026-09-06T09:35:16.130+0000] {logging_mixin.py:190} INFO - [2026-09-06T09:35:16.130+0000] {dag.py:3239} INFO - Sync 1 DAGs
[2026-09-06T09:35:16.145+0000] {logging_mixin.py:190} INFO - [2026-09-06T09:35:16.145+0000] {dag.py:4180} INFO - Setting next_dagrun for example_params_trigger_ui to None, run_after=None
[2026-09-06T09:35:16.162+0000] {processor.py:208} INFO - Processing /home/airflow/.local/lib/python3.12/site-packages/airflow/example_dags/example_params_trigger_ui.py took 0.093 seconds
[2026-09-06T09:35:46.451+0000] {processor.py:186} INFO - Started process (PID=5292) to work on /home/airflow/.local/lib/python3.12/site-packages/airflow/example_dags/example_params_trigger_ui.py
[2026-09-06T09:35:46.452+0000] {processor.py:914} INFO - Processing file /home/airflow/.local/lib/python3.12/site-packages/airflow/example_dags/example_params_trigger_ui.py for tasks to queue
[2026-09-06T09:35:46.454+0000] {logging_mixin.py:190} INFO - [2026-09-06T09:35:46.454+0000] {dagbag.py:588} INFO - Filling up the DagBag from /home/airflow/.local/lib/python3.12/site-packages/airflow/example_dags/example_params_trigger_ui.py
[2026-09-06T09:35:46.463+0000] {processor.py:925} INFO - DAG(s) 'example_params_trigger_ui' retrieved from /home/airflow/.local/lib/python3.12/site-packages/airflow/example_dags/example_params_trigger_ui.py
[2026-09-06T09:35:46.492+0000] {logging_mixin.py:190} INFO - [2026-09-06T09:35:46.492+0000] {dag.py:3239} INFO - Sync 1 DAGs
[2026-09-06T09:35:46.503+0000] {logging_mixin.py:190} INFO - [2026-09-06T09:35:46.503+0000] {dag.py:4180} INFO - Setting next_dagrun for example_params_trigger_ui to None, run_after=None
[2026-09-06T09:35:46.517+0000] {processor.py:208} INFO - Processing /home/airflow/.local/lib/python3.12/site-packages/airflow/example_dags/example_params_trigger_ui.py took 0.070 seconds
[2026-09-06T09:36:17.046+0000] {processor.py:186} INFO - Started process (PID=5356) to work on /home/airflow/.local/lib/python3.12/site-packages/airflow/example_dags/example_params_trigger_ui.py
[2026-09-06T09:36:17.047+0000] {processor.py:914} INFO - Processing file /home/airflow/.local/lib/python3.12/site-packages/airflow/example_dags/example_params_trigger_ui.py for tasks to queue
[2026-09-06T09:36:17.049+0000] {logging_mixin.py:190} INFO - [2026-09-06T09:36:17.049+0000] {dagbag.py:588} INFO - Filling up the DagBag from /home/airflow/.local/lib/python3.12/site-packages/airflow/example_dags/example_params_trigger_ui.py
[2026-09-06T09:36:17.064+0000] {processor.py:925} INFO - DAG(s) 'example_params_trigger_ui' retrieved from /home/airflow/.local/lib/python3.12/site-packages/airflow/example_dags/example_params_trigger_ui.py
[2026-09-06T09:36:17.103+0000] {logging_mixin.py:190} INFO - [2026-09-06T09:36:17.103+0000] {dag.py:3239} INFO - Sync 1 DAGs
[2026-09-06T09:36:17.115+0000] {logging_mixin.py:190} INFO - [2026-09-06T09:36:17.115+0000] {dag.py:4180} INFO - Setting next_dagrun for example_params_trigger_ui to None, run_after=None
[2026-09-06T09:36:17.129+0000] {processor.py:208} INFO - Processing /home/airflow/.local/lib/python3.12/site-packages/airflow/example_dags/example_params_trigger_ui.py took 0.088 seconds
[2026-09-06T09:36:47.358+0000] {processor.py:186} INFO - Started process (PID=5421) to work on /home/airflow/.local/lib/python3.12/site-packages/airflow/example_dags/example_params_trigger_ui.py
[2026-09-06T09:36:47.359+0000] {processor.py:914} INFO - Processing file /home/airflow/.local/lib/python3.12/site-packages/airflow/example_dags/example_params_trigger_ui.py for tasks to queue
[2026-09-06T09:36:47.361+0000] {logging_mixin.py:190} INFO - [2026-09-06T09:36:47.361+0000] {dagbag.py:588} INFO - Filling up the DagBag from /home/airflow/.local/lib/python3.12/site-packages/airflow/example_dags/example_params_trigger_ui.py
[2026-09-06T09:36:47.370+0000] {processor.py:925} INFO - DAG(s) 'example_params_trigger_ui' retrieved from /home/airflow/.local/lib/python3.12/site-packages/airflow/example_dags/example_params_trigger_ui.py
[2026-09-06T09:36:47.401+0000] {logging_mixin.py:190} INFO - [2026-09-06T09:36:47.401+0000] {dag.py:3239} INFO - Sync 1 DAGs
[2026-09-06T09:36:47.412+0000] {logging_mixin.py:190} INFO - [2026-09-06T09:36:47.412+0000] {dag.py:4180} INFO - Setting next_dagrun for example_params_trigger_ui to None, run_after=None
[2026-09-06T09:36:47.426+0000] {processor.py:208} INFO - Processing /home/airflow/.local/lib/python3.12/site-packages/airflow/example_dags/example_params_trigger_ui.py took 0.073 seconds
[2026-09-06T09:37:18.204+0000] {processor.py:186} INFO - Started process (PID=5484) to work on /home/airflow/.local/lib/python3.12/site-packages/airflow/example_dags/example_params_trigger_ui.py
[2026-09-06T09:37:18.205+0000] {processor.py:914} INFO - Processing file /home/airflow/.local/lib/python3.12/site-packages/airflow/example_dags/example_params_trigger_ui.py for tasks to queue
[2026-09-06T09:37:18.207+0000] {logging_mixin.py:190} INFO - [2026-09-06T09:37:18.207+0000] {dagbag.py:588} INFO - Filling up the DagBag from /home/airflow/.local/lib/python3.12/site-packages/airflow/example_dags/example_params_trigger_ui.py
[2026-09-06T09:37:18.216+0000] {processor.py:925} INFO - DAG(s) 'example_params_trigger_ui' retrieved from /home/airflow/.local/lib/python3.12/site-packages/airflow/example_dags/example_params_trigger_ui.py
[2026-09-06T09:37:18.246+0000] {logging_mixin.py:190} INFO - [2026-09-06T09:37:18.246+0000] {dag.py:3239} INFO - Sync 1 DAGs
[2026-09-06T09:37:18.257+0000] {logging_mixin.py:190} INFO - [2026-09-06T09:37:18.257+0000] {dag.py:4180} INFO - Setting next_dagrun for example_params_trigger_ui to None, run_after=None
[2026-09-06T09:37:18.275+0000] {processor.py:208} INFO - Processing /home/airflow/.local/lib/python3.12/site-packages/airflow/example_dags/example_params_trigger_ui.py took 0.075 seconds
[2026-09-06T09:37:48.402+0000] {processor.py:186} INFO - Started process (PID=5548) to work on /home/airflow/.local/lib/python3.12/site-packages/airflow/example_dags/example_params_trigger_ui.py
[2026-09-06T09:37:48.403+0000] {processor.py:914} INFO - Processing file /home/airflow/.local/lib/python3.12/site-packages/airflow/example_dags/example_params_trigger_ui.py for tasks to queue
[2026-09-06T09:37:48.405+0000] {logging_mixin.py:190} INFO - [2026-09-06T09:37:48.405+0000] {dagbag.py:588} INFO - Filling up the DagBag from /home/airflow/.local/lib/python3.12/site-packages/airflow/example_dags/example_params_trigger_ui.py
[2026-09-06T09:37:48.418+0000] {processor.py:925} INFO - DAG(s) 'example_params_trigger_ui' retrieved from /home/airflow/.local/lib/python3.12/site-packages/airflow/example_dags/example_params_trigger_ui.py
[2026-09-06T09:37:48.453+0000] {logging_mixin.py:190} INFO - [2026-09-06T09:37:48.453+0000] {dag.py:3239} INFO - Sync 1 DAGs
[2026-09-06T09:37:48.464+0000] {logging_mixin.py:190} INFO - [2026-09-06T09:37:48.464+0000] {dag.py:4180} INFO - Setting next_dagrun for example_params_trigger_ui to None, run_after=None
[2026-09-06T09:37:48.481+0000] {processor.py:208} INFO - Processing /home/airflow/.local/lib/python3.12/site-packages/airflow/example_dags/example_params_trigger_ui.py took 0.084 seconds
[2026-09-06T09:38:18.790+0000] {processor.py:186} INFO - Started process (PID=5612) to work on /home/airflow/.local/lib/python3.12/site-packages/airflow/example_dags/example_params_trigger_ui.py
[2026-09-06T09:38:18.791+0000] {processor.py:914} INFO - Processing file /home/airflow/.local/lib/python3.12/site-packages/airflow/example_dags/example_params_trigger_ui.py for tasks to queue
[2026-09-06T09:38:18.793+0000] {logging_mixin.py:190} INFO - [2026-09-06T09:38:18.793+0000] {dagbag.py:588} INFO - Filling up the DagBag from /home/airflow/.local/lib/python3.12/site-packages/airflow/example_dags/example_params_trigger_ui.py
[2026-09-06T09:38:18.803+0000] {processor.py:925} INFO - DAG(s) 'example_params_trigger_ui' retrieved from /home/airflow/.local/lib/python3.12/site-packages/airflow/example_dags/example_params_trigger_ui.py
[2026-09-06T09:38:18.835+0000] {logging_mixin.py:190} INFO - [2026-09-06T09:38:18.835+0000] {dag.py:3239} INFO - Sync 1 DAGs
[2026-09-06T09:38:18.846+0000] {logging_mixin.py:190} INFO - [2026-09-06T09:38:18.846+0000] {dag.py:4180} INFO - Setting next_dagrun for example_params_trigger_ui to None, run_after=None
[2026-09-06T09:38:18.864+0000] {processor.py:208} INFO - Processing /home/airflow/.local/lib/python3.12/site-packages/airflow/example_dags/example_params_trigger_ui.py took 0.080 seconds
[2026-09-06T09:38:49.356+0000] {processor.py:186} INFO - Started process (PID=5676) to work on /home/airflow/.local/lib/python3.12/site-packages/airflow/example_dags/example_params_trigger_ui.py
[2026-09-06T09:38:49.357+0000] {processor.py:914} INFO - Processing file /home/airflow/.local/lib/python3.12/site-packages/airflow/example_dags/example_params_trigger_ui.py for tasks to queue
[2026-09-06T09:38:49.359+0000] {logging_mixin.py:190} INFO - [2026-09-06T09:38:49.359+0000] {dagbag.py:588} INFO - Filling up the DagBag from /home/airflow/.local/lib/python3.12/site-packages/airflow/example_dags/example_params_trigger_ui.py
[2026-09-06T09:38:49.368+0000] {processor.py:925} INFO - DAG(s) 'example_params_trigger_ui' retrieved from /home/airflow/.local/lib/python3.12/site-packages/airflow/example_dags/example_params_trigger_ui.py
[2026-09-06T09:38:49.397+0000] {logging_mixin.py:190} INFO - [2026-09-06T09:38:49.397+0000] {dag.py:3239} INFO - Sync 1 DAGs
[2026-09-06T09:38:49.407+0000] {logging_mixin.py:190} INFO - [2026-09-06T09:38:49.407+0000] {dag.py:4180} INFO - Setting next_dagrun for example_params_trigger_ui to None, run_after=None
[2026-09-06T09:38:49.421+0000] {processor.py:208} INFO - Processing /home/airflow/.local/lib/python3.12/site-packages/airflow/example_dags/example_params_trigger_ui.py took 0.069 seconds
[2026-09-06T09:39:20.122+0000] {processor.py:186} INFO - Started process (PID=5740) to work on /home/airflow/.local/lib/python3.12/site-packages/airflow/example_dags/example_params_trigger_ui.py
[2026-09-06T09:39:20.123+0000] {processor.py:914} INFO - Processing file /home/airflow/.local/lib/python3.12/site-packages/airflow/example_dags/example_params_trigger_ui.py for tasks to queue
[2026-09-06T09:39:20.125+0000] {logging_mixin.py:190} INFO - [2026-09-06T09:39:20.124+0000] {dagbag.py:588} INFO - Filling up the DagBag from /home/airflow/.local/lib/python3.12/site-packages/airflow/example_dags/example_params_trigger_ui.py
[2026-09-06T09:39:20.133+0000] {processor.py:925} INFO - DAG(s) 'example_params_trigger_ui' retrieved from /home/airflow/.local/lib/python3.12/site-packages/airflow/example_dags/example_params_trigger_ui.py
[2026-09-06T09:39:20.162+0000] {logging_mixin.py:190} INFO - [2026-09-06T09:39:20.162+0000] {dag.py:3239} INFO - Sync 1 DAGs
[2026-09-06T09:39:20.172+0000] {logging_mixin.py:190} INFO - [2026-09-06T09:39:20.172+0000] {dag.py:4180} INFO - Setting next_dagrun for example_params_trigger_ui to None, run_after=None
[2026-09-06T09:39:20.186+0000] {processor.py:208} INFO - Processing /home/airflow/.local/lib/python3.12/site-packages/airflow/example_dags/example_params_trigger_ui.py took 0.069 seconds
[2026-09-06T09:39:50.380+0000] {processor.py:186} INFO - Started process (PID=5804) to work on /home/airflow/.local/lib/python3.12/site-packages/airflow/example_dags/example_params_trigger_ui.py
[2026-09-06T09:39:50.381+0000] {processor.py:914} INFO - Processing file /home/airflow/.local/lib/python3.12/site-packages/airflow/example_dags/example_params_trigger_ui.py for tasks to queue
[2026-09-06T09:39:50.383+0000] {logging_mixin.py:190} INFO - [2026-09-06T09:39:50.383+0000] {dagbag.py:588} INFO - Filling up the DagBag from /home/airflow/.local/lib/python3.12/site-packages/airflow/example_dags/example_params_trigger_ui.py
[2026-09-06T09:39:50.392+0000] {processor.py:925} INFO - DAG(s) 'example_params_trigger_ui' retrieved from /home/airflow/.local/lib/python3.12/site-packages/airflow/example_dags/example_params_trigger_ui.py
[2026-09-06T09:39:50.422+0000] {logging_mixin.py:190} INFO - [2026-09-06T09:39:50.421+0000] {dag.py:3239} INFO - Sync 1 DAGs
[2026-09-06T09:39:50.433+0000] {logging_mixin.py:190} INFO - [2026-09-06T09:39:50.433+0000] {dag.py:4180} INFO - Setting next_dagrun for example_params_trigger_ui to None, run_after=None
[2026-09-06T09:39:50.447+0000] {processor.py:208} INFO - Processing /home/airflow/.local/lib/python3.12/site-packages/airflow/example_dags/example_params_trigger_ui.py took 0.072 seconds
[2026-09-06T09:40:20.798+0000] {processor.py:186} INFO - Started process (PID=5868) to work on /home/airflow/.local/lib/python3.12/site-packages/airflow/example_dags/example_params_trigger_ui.py
[2026-09-06T09:40:20.799+0000] {processor.py:914} INFO - Processing file /home/airflow/.local/lib/python3.12/site-packages/airflow/example_dags/example_params_trigger_ui.py for tasks to queue
[2026-09-06T09:40:20.801+0000] {logging_mixin.py:190} INFO - [2026-09-06T09:40:20.801+0000] {dagbag.py:588} INFO - Filling up the DagBag from /home/airflow/.local/lib/python3.12/site-packages/airflow/example_dags/example_params_trigger_ui.py
[2026-09-06T09:40:20.812+0000] {processor.py:925} INFO - DAG(s) 'example_params_trigger_ui' retrieved from /home/airflow/.local/lib/python3.12/site-packages/airflow/example_dags/example_params_trigger_ui.py
[2026-09-06T09:40:20.849+0000] {logging_mixin.py:190} INFO - [2026-09-06T09:40:20.849+0000] {dag.py:3239} INFO - Sync 1 DAGs
[2026-09-06T09:40:20.862+0000] {logging_mixin.py:190} INFO - [2026-09-06T09:40:20.861+0000] {dag.py:4180} INFO - Setting next_dagrun for example_params_trigger_ui to None, run_after=None
[2026-09-06T09:40:20.881+0000] {processor.py:208} INFO - Processing /home/airflow/.local/lib/python3.12/site-packages/airflow/example_dags/example_params_trigger_ui.py took 0.088 seconds
[2026-09-06T09:40:50.933+0000] {processor.py:186} INFO - Started process (PID=5932) to work on /home/airflow/.local/lib/python3.12/site-packages/airflow/example_dags/example_params_trigger_ui.py
[2026-09-06T09:40:50.934+0000] {processor.py:914} INFO - Processing file /home/airflow/.local/lib/python3.12/site-packages/airflow/example_dags/example_params_trigger_ui.py for tasks to queue
[2026-09-06T09:40:50.937+0000] {logging_mixin.py:190} INFO - [2026-09-06T09:40:50.936+0000] {dagbag.py:588} INFO - Filling up the DagBag from /home/airflow/.local/lib/python3.12/site-packages/airflow/example_dags/example_params_trigger_ui.py
[2026-09-06T09:40:50.947+0000] {processor.py:925} INFO - DAG(s) 'example_params_trigger_ui' retrieved from /home/airflow/.local/lib/python3.12/site-packages/airflow/example_dags/example_params_trigger_ui.py
[2026-09-06T09:40:50.984+0000] {logging_mixin.py:190} INFO - [2026-09-06T09:40:50.983+0000] {dag.py:3239} INFO - Sync 1 DAGs
[2026-09-06T09:40:50.996+0000] {logging_mixin.py:190} INFO - [2026-09-06T09:40:50.996+0000] {dag.py:4180} INFO - Setting next_dagrun for example_params_trigger_ui to None, run_after=None
[2026-09-06T09:40:51.013+0000] {processor.py:208} INFO - Processing /home/airflow/.local/lib/python3.12/site-packages/airflow/example_dags/example_params_trigger_ui.py took 0.086 seconds
[2026-09-06T09:41:21.363+0000] {processor.py:186} INFO - Started process (PID=5996) to work on /home/airflow/.local/lib/python3.12/site-packages/airflow/example_dags/example_params_trigger_ui.py
[2026-09-06T09:41:21.364+0000] {processor.py:914} INFO - Processing file /home/airflow/.local/lib/python3.12/site-packages/airflow/example_dags/example_params_trigger_ui.py for tasks to queue
[2026-09-06T09:41:21.366+0000] {logging_mixin.py:190} INFO - [2026-09-06T09:41:21.366+0000] {dagbag.py:588} INFO - Filling up the DagBag from /home/airflow/.local/lib/python3.12/site-packages/airflow/example_dags/example_params_trigger_ui.py
[2026-09-06T09:41:21.375+0000] {processor.py:925} INFO - DAG(s) 'example_params_trigger_ui' retrieved from /home/airflow/.local/lib/python3.12/site-packages/airflow/example_dags/example_params_trigger_ui.py
[2026-09-06T09:41:21.409+0000] {logging_mixin.py:190} INFO - [2026-09-06T09:41:21.408+0000] {dag.py:3239} INFO - Sync 1 DAGs
[2026-09-06T09:41:21.420+0000] {logging_mixin.py:190} INFO - [2026-09-06T09:41:21.420+0000] {dag.py:4180} INFO - Setting next_dagrun for example_params_trigger_ui to None, run_after=None
[2026-09-06T09:41:21.437+0000] {processor.py:208} INFO - Processing /home/airflow/.local/lib/python3.12/site-packages/airflow/example_dags/example_params_trigger_ui.py took 0.079 seconds
[2026-09-06T09:41:52.064+0000] {processor.py:186} INFO - Started process (PID=6060) to work on /home/airflow/.local/lib/python3.12/site-packages/airflow/example_dags/example_params_trigger_ui.py
[2026-09-06T09:41:52.065+0000] {processor.py:914} INFO - Processing file /home/airflow/.local/lib/python3.12/site-packages/airflow/example_dags/example_params_trigger_ui.py for tasks to queue
[2026-09-06T09:41:52.067+0000] {logging_mixin.py:190} INFO - [2026-09-06T09:41:52.067+0000] {dagbag.py:588} INFO - Filling up the DagBag from /home/airflow/.local/lib/python3.12/site-packages/airflow/example_dags/example_params_trigger_ui.py
[2026-09-06T09:41:52.076+0000] {processor.py:925} INFO - DAG(s) 'example_params_trigger_ui' retrieved from /home/airflow/.local/lib/python3.12/site-packages/airflow/example_dags/example_params_trigger_ui.py
[2026-09-06T09:41:52.105+0000] {logging_mixin.py:190} INFO - [2026-09-06T09:41:52.105+0000] {dag.py:3239} INFO - Sync 1 DAGs
[2026-09-06T09:41:52.115+0000] {logging_mixin.py:190} INFO - [2026-09-06T09:41:52.115+0000] {dag.py:4180} INFO - Setting next_dagrun for example_params_trigger_ui to None, run_after=None
[2026-09-06T09:41:52.129+0000] {processor.py:208} INFO - Processing /home/airflow/.local/lib/python3.12/site-packages/airflow/example_dags/example_params_trigger_ui.py took 0.069 seconds
