[2026-09-06T08:54:04.612+0000] {processor.py:186} INFO - Started process (PID=110) to work on /home/airflow/.local/lib/python3.12/site-packages/airflow/example_dags/example_branch_operator.py
[2026-09-06T08:54:04.613+0000] {processor.py:914} INFO - Processing file /home/airflow/.local/lib/python3.12/site-packages/airflow/example_dags/example_branch_operator.py for tasks to queue
[2026-09-06T08:54:04.616+0000] {logging_mixin.py:190} INFO - [2026-09-06T08:54:04.615+0000] {dagbag.py:588} INFO - Filling up the DagBag from /home/airflow/.local/lib/python3.12/site-packages/airflow/example_dags/example_branch_operator.py
[2026-09-06T08:54:04.632+0000] {processor.py:925} INFO - DAG(s) 'example_branch_operator' retrieved from /home/airflow/.local/lib/python3.12/site-packages/airflow/example_dags/example_branch_operator.py
[2026-09-06T08:54:04.717+0000] {logging_mixin.py:190} INFO - [2026-09-06T08:54:04.717+0000] {override.py:1911} INFO - Created Permission View: can edit on DAG:example_branch_operator
[2026-09-06T08:54:04.725+0000] {logging_mixin.py:190} INFO - [2026-09-06T08:54:04.725+0000] {override.py:1911} INFO - Created Permission View: can delete on DAG:example_branch_operator
[2026-09-06T08:54:04.731+0000] {logging_mixin.py:190} INFO - [2026-09-06T08:54:04.731+0000] {override.py:1911} INFO - Created Permission View: can read on DAG:example_branch_operator
[2026-09-06T08:54:04.741+0000] {logging_mixin.py:190} INFO - [2026-09-06T08:54:04.740+0000] {override.py:1911} INFO - Created Permission View: can create on DAG Run:example_branch_operator
[2026-09-06T08:54:04.746+0000] {logging_mixin.py:190} INFO - [2026-09-06T08:54:04.746+0000] {override.py:1911} INFO - Created Permission View: can delete on DAG Run:example_branch_operator
[2026-09-06T08:54:04.754+0000] {logging_mixin.py:190} INFO - [2026-09-06T08:54:04.754+0000] {override.py:1911} INFO - Created Permission View: can read on DAG Run:example_branch_operator
[2026-09-06T08:54:04.763+0000] {logging_mixin.py:190} INFO - [2026-09-06T08:54:04.763+0000] {override.py:1911} INFO - Created Permission View: menu access on DAG Run:example_branch_operator
[2026-09-06T08:54:04.764+0000] {logging_mixin.py:190} INFO - [2026-09-06T08:54:04.764+0000] {dag.py:3239} INFO - Sync 1 DAGs
[2026-09-06T08:54:04.773+0000] {logging_mixin.py:190} INFO - [2026-09-06T08:54:04.773+0000] {dag.py:3262} INFO - Creating ORM DAG for example_branch_operator
[2026-09-06T08:54:04.783+0000] {logging_mixin.py:190} INFO - [2026-09-06T08:54:04.783+0000] {dag.py:4180} INFO - Setting next_dagrun for example_branch_operator to 2026-09-05 00:00:00+00:00, run_after=2026-09-06 00:00:00+00:00
[2026-09-06T08:54:04.797+0000] {processor.py:208} INFO - Processing /home/airflow/.local/lib/python3.12/site-packages/airflow/example_dags/example_branch_operator.py took 0.190 seconds
[2026-09-06T08:54:35.078+0000] {processor.py:186} INFO - Started process (PID=173) to work on /home/airflow/.local/lib/python3.12/site-packages/airflow/example_dags/example_branch_operator.py
[2026-09-06T08:54:35.079+0000] {processor.py:914} INFO - Processing file /home/airflow/.local/lib/python3.12/site-packages/airflow/example_dags/example_branch_operator.py for tasks to queue
[2026-09-06T08:54:35.081+0000] {logging_mixin.py:190} INFO - [2026-09-06T08:54:35.080+0000] {dagbag.py:588} INFO - Filling up the DagBag from /home/airflow/.local/lib/python3.12/site-packages/airflow/example_dags/example_branch_operator.py
[2026-09-06T08:54:35.095+0000] {processor.py:925} INFO - DAG(s) 'example_branch_operator' retrieved from /home/airflow/.local/lib/python3.12/site-packages/airflow/example_dags/example_branch_operator.py
[2026-09-06T08:54:35.115+0000] {logging_mixin.py:190} INFO - [2026-09-06T08:54:35.115+0000] {dag.py:3239} INFO - Sync 1 DAGs
[2026-09-06T08:54:35.131+0000] {logging_mixin.py:190} INFO - [2026-09-06T08:54:35.131+0000] {dag.py:4180} INFO - Setting next_dagrun for example_branch_operator to 2026-09-05 00:00:00+00:00, run_after=2026-09-06 00:00:00+00:00
[2026-09-06T08:54:35.146+0000] {processor.py:208} INFO - Processing /home/airflow/.local/lib/python3.12/site-packages/airflow/example_dags/example_branch_operator.py took 0.072 seconds
[2026-09-06T08:55:05.871+0000] {processor.py:186} INFO - Started process (PID=236) to work on /home/airflow/.local/lib/python3.12/site-packages/airflow/example_dags/example_branch_operator.py
[2026-09-06T08:55:05.872+0000] {processor.py:914} INFO - Processing file /home/airflow/.local/lib/python3.12/site-packages/airflow/example_dags/example_branch_operator.py for tasks to queue
[2026-09-06T08:55:05.874+0000] {logging_mixin.py:190} INFO - [2026-09-06T08:55:05.874+0000] {dagbag.py:588} INFO - Filling up the DagBag from /home/airflow/.local/lib/python3.12/site-packages/airflow/example_dags/example_branch_operator.py
[2026-09-06T08:55:05.889+0000] {processor.py:925} INFO - DAG(s) 'example_branch_operator' retrieved from /home/airflow/.local/lib/python3.12/site-packages/airflow/example_dags/example_branch_operator.py
[2026-09-06T08:55:05.914+0000] {logging_mixin.py:190} INFO - [2026-09-06T08:55:05.914+0000] {dag.py:3239} INFO - Sync 1 DAGs
[2026-09-06T08:55:05.934+0000] {logging_mixin.py:190} INFO - [2026-09-06T08:55:05.934+0000] {dag.py:4180} INFO - Setting next_dagrun for example_branch_operator to 2026-09-05 00:00:00+00:00, run_after=2026-09-06 00:00:00+00:00
[2026-09-06T08:55:05.951+0000] {processor.py:208} INFO - Processing /home/airflow/.local/lib/python3.12/site-packages/airflow/example_dags/example_branch_operator.py took 0.085 seconds
[2026-09-06T08:55:36.745+0000] {processor.py:186} INFO - Started process (PID=299) to work on /home/airflow/.local/lib/python3.12/site-packages/airflow/example_dags/example_branch_operator.py
[2026-09-06T08:55:36.746+0000] {processor.py:914} INFO - Processing file /home/airflow/.local/lib/python3.12/site-packages/airflow/example_dags/example_branch_operator.py for tasks to queue
[2026-09-06T08:55:36.748+0000] {logging_mixin.py:190} INFO - [2026-09-06T08:55:36.748+0000] {dagbag.py:588} INFO - Filling up the DagBag from /home/airflow/.local/lib/python3.12/site-packages/airflow/example_dags/example_branch_operator.py
[2026-09-06T08:55:36.762+0000] {processor.py:925} INFO - DAG(s) 'example_branch_operator' retrieved from /home/airflow/.local/lib/python3.12/site-packages/airflow/example_dags/example_branch_operator.py
[2026-09-06T08:55:36.785+0000] {logging_mixin.py:190} INFO - [2026-09-06T08:55:36.784+0000] {dag.py:3239} INFO - Sync 1 DAGs
[2026-09-06T08:55:36.803+0000] {logging_mixin.py:190} INFO - [2026-09-06T08:55:36.803+0000] {dag.py:4180} INFO - Setting next_dagrun for example_branch_operator to 2026-09-05 00:00:00+00:00, run_after=2026-09-06 00:00:00+00:00
[2026-09-06T08:55:36.821+0000] {processor.py:208} INFO - Processing /home/airflow/.local/lib/python3.12/site-packages/airflow/example_dags/example_branch_operator.py took 0.081 seconds
[2026-09-06T08:56:07.212+0000] {processor.py:186} INFO - Started process (PID=361) to work on /home/airflow/.local/lib/python3.12/site-packages/airflow/example_dags/example_branch_operator.py
[2026-09-06T08:56:07.213+0000] {processor.py:914} INFO - Processing file /home/airflow/.local/lib/python3.12/site-packages/airflow/example_dags/example_branch_operator.py for tasks to queue
[2026-09-06T08:56:07.215+0000] {logging_mixin.py:190} INFO - [2026-09-06T08:56:07.215+0000] {dagbag.py:588} INFO - Filling up the DagBag from /home/airflow/.local/lib/python3.12/site-packages/airflow/example_dags/example_branch_operator.py
[2026-09-06T08:56:07.228+0000] {processor.py:925} INFO - DAG(s) 'example_branch_operator' retrieved from /home/airflow/.local/lib/python3.12/site-packages/airflow/example_dags/example_branch_operator.py
[2026-09-06T08:56:07.247+0000] {logging_mixin.py:190} INFO - [2026-09-06T08:56:07.247+0000] {dag.py:3239} INFO - Sync 1 DAGs
[2026-09-06T08:56:07.263+0000] {logging_mixin.py:190} INFO - [2026-09-06T08:56:07.263+0000] {dag.py:4180} INFO - Setting next_dagrun for example_branch_operator to 2026-09-05 00:00:00+00:00, run_after=2026-09-06 00:00:00+00:00
[2026-09-06T08:56:07.277+0000] {processor.py:208} INFO - Processing /home/airflow/.local/lib/python3.12/site-packages/airflow/example_dags/example_branch_operator.py took 0.069 seconds
[2026-09-06T08:56:37.594+0000] {processor.py:186} INFO - Started process (PID=424) to work on /home/airflow/.local/lib/python3.12/site-packages/airflow/example_dags/example_branch_operator.py
[2026-09-06T08:56:37.596+0000] {processor.py:914} INFO - Processing file /home/airflow/.local/lib/python3.12/site-packages/airflow/example_dags/example_branch_operator.py for tasks to queue
[2026-09-06T08:56:37.598+0000] {logging_mixin.py:190} INFO - [2026-09-06T08:56:37.598+0000] {dagbag.py:588} INFO - Filling up the DagBag from /home/airflow/.local/lib/python3.12/site-packages/airflow/example_dags/example_branch_operator.py
[2026-09-06T08:56:37.615+0000] {processor.py:925} INFO - DAG(s) 'example_branch_operator' retrieved from /home/airflow/.local/lib/python3.12/site-packages/airflow/example_dags/example_branch_operator.py
[2026-09-06T08:56:37.644+0000] {logging_mixin.py:190} INFO - [2026-09-06T08:56:37.643+0000] {dag.py:3239} INFO - Sync 1 DAGs
[2026-09-06T08:56:37.669+0000] {logging_mixin.py:190} INFO - [2026-09-06T08:56:37.669+0000] {dag.py:4180} INFO - Setting next_dagrun for example_branch_operator to 2026-09-05 00:00:00+00:00, run_after=2026-09-06 00:00:00+00:00
[2026-09-06T08:56:37.689+0000] {processor.py:208} INFO - Processing /home/airflow/.local/lib/python3.12/site-packages/airflow/example_dags/example_branch_operator.py took 0.100 seconds
[2026-09-06T08:57:08.027+0000] {processor.py:186} INFO - Started process (PID=488) to work on /home/airflow/.local/lib/python3.12/site-packages/airflow/example_dags/example_branch_operator.py
[2026-09-06T08:57:08.028+0000] {processor.py:914} INFO - Processing file /home/airflow/.local/lib/python3.12/site-packages/airflow/example_dags/example_branch_operator.py for tasks to queue
[2026-09-06T08:57:08.030+0000] {logging_mixin.py:190} INFO - [2026-09-06T08:57:08.030+0000] {dagbag.py:588} INFO - Filling up the DagBag from /home/airflow/.local/lib/python3.12/site-packages/airflow/example_dags/example_branch_operator.py
[2026-09-06T08:57:08.045+0000] {processor.py:925} INFO - DAG(s) 'example_branch_operator' retrieved from /home/airflow/.local/lib/python3.12/site-packages/airflow/example_dags/example_branch_operator.py
[2026-09-06T08:57:08.065+0000] {logging_mixin.py:190} INFO - [2026-09-06T08:57:08.065+0000] {dag.py:3239} INFO - Sync 1 DAGs
[2026-09-06T08:57:08.081+0000] {logging_mixin.py:190} INFO - [2026-09-06T08:57:08.081+0000] {dag.py:4180} INFO - Setting next_dagrun for example_branch_operator to 2026-09-05 00:00:00+00:00, run_after=2026-09-06 00:00:00+00:00
[2026-09-06T08:57:08.095+0000] {processor.py:208} INFO - Processing /home/airflow/.local/lib/python3.12/site-packages/airflow/example_dags/example_branch_operator.py took 0.072 seconds
[2026-09-06T08:57:38.633+0000] {processor.py:186} INFO - Started process (PID=550) to work on /home/airflow/.local/lib/python3.12/site-packages/airflow/example_dags/example_branch_operator.py
[2026-09-06T08:57:38.634+0000] {processor.py:914} INFO - Processing file /home/airflow/.local/lib/python3.12/site-packages/airflow/example_dags/example_branch_operator.py for tasks to queue
[2026-09-06T08:57:38.636+0000] {logging_mixin.py:190} INFO - [2026-09-06T08:57:38.636+0000] {dagbag.py:588} INFO - Filling up the DagBag from /home/airflow/.local/lib/python3.12/site-packages/airflow/example_dags/example_branch_operator.py
[2026-09-06T08:57:38.653+0000] {processor.py:925} INFO - DAG(s) 'example_branch_operator' retrieved from /home/airflow/.local/lib/python3.12/site-packages/airflow/example_dags/example_branch_operator.py
[2026-09-06T08:57:38.678+0000] {logging_mixin.py:190} INFO - [2026-09-06T08:57:38.678+0000] {dag.py:3239} INFO - Sync 1 DAGs
[2026-09-06T08:57:38.696+0000] {logging_mixin.py:190} INFO - [2026-09-06T08:57:38.696+0000] {dag.py:4180} INFO - Setting next_dagrun for example_branch_operator to 2026-09-05 00:00:00+00:00, run_after=2026-09-06 00:00:00+00:00
[2026-09-06T08:57:38.714+0000] {processor.py:208} INFO - Processing /home/airflow/.local/lib/python3.12/site-packages/airflow/example_dags/example_branch_operator.py took 0.086 seconds
[2026-09-06T08:58:09.629+0000] {processor.py:186} INFO - Started process (PID=613) to work on /home/airflow/.local/lib/python3.12/site-packages/airflow/example_dags/example_branch_operator.py
[2026-09-06T08:58:09.630+0000] {processor.py:914} INFO - Processing file /home/airflow/.local/lib/python3.12/site-packages/airflow/example_dags/example_branch_operator.py for tasks to queue
[2026-09-06T08:58:09.633+0000] {logging_mixin.py:190} INFO - [2026-09-06T08:58:09.633+0000] {dagbag.py:588} INFO - Filling up the DagBag from /home/airflow/.local/lib/python3.12/site-packages/airflow/example_dags/example_branch_operator.py
[2026-09-06T08:58:09.649+0000] {processor.py:925} INFO - DAG(s) 'example_branch_operator' retrieved from /home/airflow/.local/lib/python3.12/site-packages/airflow/example_dags/example_branch_operator.py
[2026-09-06T08:58:09.672+0000] {logging_mixin.py:190} INFO - [2026-09-06T08:58:09.671+0000] {dag.py:3239} INFO - Sync 1 DAGs
[2026-09-06T08:58:09.690+0000] {logging_mixin.py:190} INFO - [2026-09-06T08:58:09.690+0000] {dag.py:4180} INFO - Setting next_dagrun for example_branch_operator to 2026-09-05 00:00:00+00:00, run_after=2026-09-06 00:00:00+00:00
[2026-09-06T08:58:09.706+0000] {processor.py:208} INFO - Processing /home/airflow/.local/lib/python3.12/site-packages/airflow/example_dags/example_branch_operator.py took 0.083 seconds
[2026-09-06T08:58:40.678+0000] {processor.py:186} INFO - Started process (PID=676) to work on /home/airflow/.local/lib/python3.12/site-packages/airflow/example_dags/example_branch_operator.py
[2026-09-06T08:58:40.679+0000] {processor.py:914} INFO - Processing file /home/airflow/.local/lib/python3.12/site-packages/airflow/example_dags/example_branch_operator.py for tasks to queue
[2026-09-06T08:58:40.681+0000] {logging_mixin.py:190} INFO - [2026-09-06T08:58:40.681+0000] {dagbag.py:588} INFO - Filling up the DagBag from /home/airflow/.local/lib/python3.12/site-packages/airflow/example_dags/example_branch_operator.py
[2026-09-06T08:58:40.695+0000] {processor.py:925} INFO - DAG(s) 'example_branch_operator' retrieved from /home/airflow/.local/lib/python3.12/site-packages/airflow/example_dags/example_branch_operator.py
[2026-09-06T08:58:40.717+0000] {logging_mixin.py:190} INFO - [2026-09-06T08:58:40.717+0000] {dag.py:3239} INFO - Sync 1 DAGs
[2026-09-06T08:58:40.735+0000] {logging_mixin.py:190} INFO - [2026-09-06T08:58:40.735+0000] {dag.py:4180} INFO - Setting next_dagrun for example_branch_operator to 2026-09-05 00:00:00+00:00, run_after=2026-09-06 00:00:00+00:00
[2026-09-06T08:58:40.749+0000] {processor.py:208} INFO - Processing /home/airflow/.local/lib/python3.12/site-packages/airflow/example_dags/example_branch_operator.py took 0.077 seconds
[2026-09-06T08:59:12.100+0000] {processor.py:186} INFO - Started process (PID=740) to work on /home/airflow/.local/lib/python3.12/site-packages/airflow/example_dags/example_branch_operator.py
[2026-09-06T08:59:12.101+0000] {processor.py:914} INFO - Processing file /home/airflow/.local/lib/python3.12/site-packages/airflow/example_dags/example_branch_operator.py for tasks to queue
[2026-09-06T08:59:12.104+0000] {logging_mixin.py:190} INFO - [2026-09-06T08:59:12.104+0000] {dagbag.py:588} INFO - Filling up the DagBag from /home/airflow/.local/lib/python3.12/site-packages/airflow/example_dags/example_branch_operator.py
[2026-09-06T08:59:12.121+0000] {processor.py:925} INFO - DAG(s) 'example_branch_operator' retrieved from /home/airflow/.local/lib/python3.12/site-packages/airflow/example_dags/example_branch_operator.py
[2026-09-06T08:59:12.151+0000] {logging_mixin.py:190} INFO - [2026-09-06T08:59:12.151+0000] {dag.py:3239} INFO - Sync 1 DAGs
[2026-09-06T08:59:12.175+0000] {logging_mixin.py:190} INFO - [2026-09-06T08:59:12.174+0000] {dag.py:4180} INFO - Setting next_dagrun for example_branch_operator to 2026-09-05 00:00:00+00:00, run_after=2026-09-06 00:00:00+00:00
[2026-09-06T08:59:12.199+0000] {processor.py:208} INFO - Processing /home/airflow/.local/lib/python3.12/site-packages/airflow/example_dags/example_branch_operator.py took 0.105 seconds
[2026-09-06T08:59:42.709+0000] {processor.py:186} INFO - Started process (PID=804) to work on /home/airflow/.local/lib/python3.12/site-packages/airflow/example_dags/example_branch_operator.py
[2026-09-06T08:59:42.710+0000] {processor.py:914} INFO - Processing file /home/airflow/.local/lib/python3.12/site-packages/airflow/example_dags/example_branch_operator.py for tasks to queue
[2026-09-06T08:59:42.712+0000] {logging_mixin.py:190} INFO - [2026-09-06T08:59:42.712+0000] {dagbag.py:588} INFO - Filling up the DagBag from /home/airflow/.local/lib/python3.12/site-packages/airflow/example_dags/example_branch_operator.py
[2026-09-06T08:59:42.726+0000] {processor.py:925} INFO - DAG(s) 'example_branch_operator' retrieved from /home/airflow/.local/lib/python3.12/site-packages/airflow/example_dags/example_branch_operator.py
[2026-09-06T08:59:42.746+0000] {logging_mixin.py:190} INFO - [2026-09-06T08:59:42.746+0000] {dag.py:3239} INFO - Sync 1 DAGs
[2026-09-06T08:59:42.763+0000] {logging_mixin.py:190} INFO - [2026-09-06T08:59:42.763+0000] {dag.py:4180} INFO - Setting next_dagrun for example_branch_operator to 2026-09-05 00:00:00+00:00, run_after=2026-09-06 00:00:00+00:00
[2026-09-06T08:59:42.777+0000] {processor.py:208} INFO - Processing /home/airflow/.local/lib/python3.12/site-packages/airflow/example_dags/example_branch_operator.py took 0.072 seconds
[2026-09-06T09:00:13.972+0000] {processor.py:186} INFO - Started process (PID=868) to work on /home/airflow/.local/lib/python3.12/site-packages/airflow/example_dags/example_branch_operator.py
[2026-09-06T09:00:13.973+0000] {processor.py:914} INFO - Processing file /home/airflow/.local/lib/python3.12/site-packages/airflow/example_dags/example_branch_operator.py for tasks to queue
[2026-09-06T09:00:13.976+0000] {logging_mixin.py:190} INFO - [2026-09-06T09:00:13.975+0000] {dagbag.py:588} INFO - Filling up the DagBag from /home/airflow/.local/lib/python3.12/site-packages/airflow/example_dags/example_branch_operator.py
[2026-09-06T09:00:13.989+0000] {processor.py:925} INFO - DAG(s) 'example_branch_operator' retrieved from /home/airflow/.local/lib/python3.12/site-packages/airflow/example_dags/example_branch_operator.py
[2026-09-06T09:00:14.013+0000] {logging_mixin.py:190} INFO - [2026-09-06T09:00:14.013+0000] {dag.py:3239} INFO - Sync 1 DAGs
[2026-09-06T09:00:14.030+0000] {logging_mixin.py:190} INFO - [2026-09-06T09:00:14.030+0000] {dag.py:4180} INFO - Setting next_dagrun for example_branch_operator to 2026-09-05 00:00:00+00:00, run_after=2026-09-06 00:00:00+00:00
[2026-09-06T09:00:14.046+0000] {processor.py:208} INFO - Processing /home/airflow/.local/lib/python3.12/site-packages/airflow/example_dags/example_branch_operator.py took 0.079 seconds
[2026-09-06T09:00:45.918+0000] {processor.py:186} INFO - Started process (PID=931) to work on /home/airflow/.local/lib/python3.12/site-packages/airflow/example_dags/example_branch_operator.py
[2026-09-06T09:00:45.919+0000] {processor.py:914} INFO - Processing file /home/airflow/.local/lib/python3.12/site-packages/airflow/example_dags/example_branch_operator.py for tasks to queue
[2026-09-06T09:00:45.921+0000] {logging_mixin.py:190} INFO - [2026-09-06T09:00:45.920+0000] {dagbag.py:588} INFO - Filling up the DagBag from /home/airflow/.local/lib/python3.12/site-packages/airflow/example_dags/example_branch_operator.py
[2026-09-06T09:00:45.934+0000] {processor.py:925} INFO - DAG(s) 'example_branch_operator' retrieved from /home/airflow/.local/lib/python3.12/site-packages/airflow/example_dags/example_branch_operator.py
[2026-09-06T09:00:45.955+0000] {logging_mixin.py:190} INFO - [2026-09-06T09:00:45.955+0000] {dag.py:3239} INFO - Sync 1 DAGs
[2026-09-06T09:00:45.972+0000] {logging_mixin.py:190} INFO - [2026-09-06T09:00:45.972+0000] {dag.py:4180} INFO - Setting next_dagrun for example_branch_operator to 2026-09-05 00:00:00+00:00, run_after=2026-09-06 00:00:00+00:00
[2026-09-06T09:00:45.985+0000] {processor.py:208} INFO - Processing /home/airflow/.local/lib/python3.12/site-packages/airflow/example_dags/example_branch_operator.py took 0.072 seconds
[2026-09-06T09:01:16.492+0000] {processor.py:186} INFO - Started process (PID=995) to work on /home/airflow/.local/lib/python3.12/site-packages/airflow/example_dags/example_branch_operator.py
[2026-09-06T09:01:16.494+0000] {processor.py:914} INFO - Processing file /home/airflow/.local/lib/python3.12/site-packages/airflow/example_dags/example_branch_operator.py for tasks to queue
[2026-09-06T09:01:16.496+0000] {logging_mixin.py:190} INFO - [2026-09-06T09:01:16.496+0000] {dagbag.py:588} INFO - Filling up the DagBag from /home/airflow/.local/lib/python3.12/site-packages/airflow/example_dags/example_branch_operator.py
[2026-09-06T09:01:16.513+0000] {processor.py:925} INFO - DAG(s) 'example_branch_operator' retrieved from /home/airflow/.local/lib/python3.12/site-packages/airflow/example_dags/example_branch_operator.py
[2026-09-06T09:01:16.541+0000] {logging_mixin.py:190} INFO - [2026-09-06T09:01:16.541+0000] {dag.py:3239} INFO - Sync 1 DAGs
[2026-09-06T09:01:16.563+0000] {logging_mixin.py:190} INFO - [2026-09-06T09:01:16.563+0000] {dag.py:4180} INFO - Setting next_dagrun for example_branch_operator to 2026-09-05 00:00:00+00:00, run_after=2026-09-06 00:00:00+00:00
[2026-09-06T09:01:16.582+0000] {processor.py:208} INFO - Processing /home/airflow/.local/lib/python3.12/site-packages/airflow/example_dags/example_branch_operator.py took 0.096 seconds
[2026-09-06T09:01:47.911+0000] {processor.py:186} INFO - Started process (PID=1060) to work on /home/airflow/.local/lib/python3.12/site-packages/airflow/example_dags/example_branch_operator.py
[2026-09-06T09:01:47.912+0000] {processor.py:914} INFO - Processing file /home/airflow/.local/lib/python3.12/site-packages/airflow/example_dags/example_branch_operator.py for tasks to queue
[2026-09-06T09:01:47.914+0000] {logging_mixin.py:190} INFO - [2026-09-06T09:01:47.914+0000] {dagbag.py:588} INFO - Filling up the DagBag from /home/airflow/.local/lib/python3.12/site-packages/airflow/example_dags/example_branch_operator.py
[2026-09-06T09:01:47.927+0000] {processor.py:925} INFO - DAG(s) 'example_branch_operator' retrieved from /home/airflow/.local/lib/python3.12/site-packages/airflow/example_dags/example_branch_operator.py
[2026-09-06T09:01:47.948+0000] {logging_mixin.py:190} INFO - [2026-09-06T09:01:47.947+0000] {dag.py:3239} INFO - Sync 1 DAGs
[2026-09-06T09:01:47.965+0000] {logging_mixin.py:190} INFO - [2026-09-06T09:01:47.965+0000] {dag.py:4180} INFO - Setting next_dagrun for example_branch_operator to 2026-09-05 00:00:00+00:00, run_after=2026-09-06 00:00:00+00:00
[2026-09-06T09:01:47.985+0000] {processor.py:208} INFO - Processing /home/airflow/.local/lib/python3.12/site-packages/airflow/example_dags/example_branch_operator.py took 0.080 seconds
[2026-09-06T09:02:18.406+0000] {processor.py:186} INFO - Started process (PID=1123) to work on /home/airflow/.local/lib/python3.12/site-packages/airflow/example_dags/example_branch_operator.py
[2026-09-06T09:02:18.407+0000] {processor.py:914} INFO - Processing file /home/airflow/.local/lib/python3.12/site-packages/airflow/example_dags/example_branch_operator.py for tasks to queue
[2026-09-06T09:02:18.409+0000] {logging_mixin.py:190} INFO - [2026-09-06T09:02:18.408+0000] {dagbag.py:588} INFO - Filling up the DagBag from /home/airflow/.local/lib/python3.12/site-packages/airflow/example_dags/example_branch_operator.py
[2026-09-06T09:02:18.422+0000] {processor.py:925} INFO - DAG(s) 'example_branch_operator' retrieved from /home/airflow/.local/lib/python3.12/site-packages/airflow/example_dags/example_branch_operator.py
[2026-09-06T09:02:18.443+0000] {logging_mixin.py:190} INFO - [2026-09-06T09:02:18.443+0000] {dag.py:3239} INFO - Sync 1 DAGs
[2026-09-06T09:02:18.460+0000] {logging_mixin.py:190} INFO - [2026-09-06T09:02:18.459+0000] {dag.py:4180} INFO - Setting next_dagrun for example_branch_operator to 2026-09-05 00:00:00+00:00, run_after=2026-09-06 00:00:00+00:00
[2026-09-06T09:02:18.473+0000] {processor.py:208} INFO - Processing /home/airflow/.local/lib/python3.12/site-packages/airflow/example_dags/example_branch_operator.py took 0.071 seconds
[2026-09-06T09:02:49.613+0000] {processor.py:186} INFO - Started process (PID=1187) to work on /home/airflow/.local/lib/python3.12/site-packages/airflow/example_dags/example_branch_operator.py
[2026-09-06T09:02:49.614+0000] {processor.py:914} INFO - Processing file /home/airflow/.local/lib/python3.12/site-packages/airflow/example_dags/example_branch_operator.py for tasks to queue
[2026-09-06T09:02:49.616+0000] {logging_mixin.py:190} INFO - [2026-09-06T09:02:49.616+0000] {dagbag.py:588} INFO - Filling up the DagBag from /home/airflow/.local/lib/python3.12/site-packages/airflow/example_dags/example_branch_operator.py
[2026-09-06T09:02:49.630+0000] {processor.py:925} INFO - DAG(s) 'example_branch_operator' retrieved from /home/airflow/.local/lib/python3.12/site-packages/airflow/example_dags/example_branch_operator.py
[2026-09-06T09:02:49.652+0000] {logging_mixin.py:190} INFO - [2026-09-06T09:02:49.651+0000] {dag.py:3239} INFO - Sync 1 DAGs
[2026-09-06T09:02:49.669+0000] {logging_mixin.py:190} INFO - [2026-09-06T09:02:49.669+0000] {dag.py:4180} INFO - Setting next_dagrun for example_branch_operator to 2026-09-05 00:00:00+00:00, run_after=2026-09-06 00:00:00+00:00
[2026-09-06T09:02:49.688+0000] {processor.py:208} INFO - Processing /home/airflow/.local/lib/python3.12/site-packages/airflow/example_dags/example_branch_operator.py took 0.080 seconds
[2026-09-06T09:03:20.412+0000] {processor.py:186} INFO - Started process (PID=1251) to work on /home/airflow/.local/lib/python3.12/site-packages/airflow/example_dags/example_branch_operator.py
[2026-09-06T09:03:20.413+0000] {processor.py:914} INFO - Processing file /home/airflow/.local/lib/python3.12/site-packages/airflow/example_dags/example_branch_operator.py for tasks to queue
[2026-09-06T09:03:20.415+0000] {logging_mixin.py:190} INFO - [2026-09-06T09:03:20.415+0000] {dagbag.py:588} INFO - Filling up the DagBag from /home/airflow/.local/lib/python3.12/site-packages/airflow/example_dags/example_branch_operator.py
[2026-09-06T09:03:20.430+0000] {processor.py:925} INFO - DAG(s) 'example_branch_operator' retrieved from /home/airflow/.local/lib/python3.12/site-packages/airflow/example_dags/example_branch_operator.py
[2026-09-06T09:03:20.453+0000] {logging_mixin.py:190} INFO - [2026-09-06T09:03:20.453+0000] {dag.py:3239} INFO - Sync 1 DAGs
[2026-09-06T09:03:20.473+0000] {logging_mixin.py:190} INFO - [2026-09-06T09:03:20.473+0000] {dag.py:4180} INFO - Setting next_dagrun for example_branch_operator to 2026-09-05 00:00:00+00:00, run_after=2026-09-06 00:00:00+00:00
[2026-09-06T09:03:20.514+0000] {processor.py:208} INFO - Processing /home/airflow/.local/lib/python3.12/site-packages/airflow/example_dags/example_branch_operator.py took 0.107 seconds
[2026-09-06T09:03:51.117+0000] {processor.py:186} INFO - Started process (PID=1315) to work on /home/airflow/.local/lib/python3.12/site-packages/airflow/example_dags/example_branch_operator.py
[2026-09-06T09:03:51.119+0000] {processor.py:914} INFO - Processing file /home/airflow/.local/lib/python3.12/site-packages/airflow/example_dags/example_branch_operator.py for tasks to queue
[2026-09-06T09:03:51.121+0000] {logging_mixin.py:190} INFO - [2026-09-06T09:03:51.121+0000] {dagbag.py:588} INFO - Filling up the DagBag from /home/airflow/.local/lib/python3.12/site-packages/airflow/example_dags/example_branch_operator.py
[2026-09-06T09:03:51.136+0000] {processor.py:925} INFO - DAG(s) 'example_branch_operator' retrieved from /home/airflow/.local/lib/python3.12/site-packages/airflow/example_dags/example_branch_operator.py
[2026-09-06T09:03:51.159+0000] {logging_mixin.py:190} INFO - [2026-09-06T09:03:51.158+0000] {dag.py:3239} INFO - Sync 1 DAGs
[2026-09-06T09:03:51.176+0000] {logging_mixin.py:190} INFO - [2026-09-06T09:03:51.176+0000] {dag.py:4180} INFO - Setting next_dagrun for example_branch_operator to 2026-09-05 00:00:00+00:00, run_after=2026-09-06 00:00:00+00:00
[2026-09-06T09:03:51.199+0000] {processor.py:208} INFO - Processing /home/airflow/.local/lib/python3.12/site-packages/airflow/example_dags/example_branch_operator.py took 0.087 seconds
[2026-09-06T09:04:21.997+0000] {processor.py:186} INFO - Started process (PID=1379) to work on /home/airflow/.local/lib/python3.12/site-packages/airflow/example_dags/example_branch_operator.py
[2026-09-06T09:04:21.998+0000] {processor.py:914} INFO - Processing file /home/airflow/.local/lib/python3.12/site-packages/airflow/example_dags/example_branch_operator.py for tasks to queue
[2026-09-06T09:04:22.000+0000] {logging_mixin.py:190} INFO - [2026-09-06T09:04:21.999+0000] {dagbag.py:588} INFO - Filling up the DagBag from /home/airflow/.local/lib/python3.12/site-packages/airflow/example_dags/example_branch_operator.py
[2026-09-06T09:04:22.015+0000] {processor.py:925} INFO - DAG(s) 'example_branch_operator' retrieved from /home/airflow/.local/lib/python3.12/site-packages/airflow/example_dags/example_branch_operator.py
[2026-09-06T09:04:22.037+0000] {logging_mixin.py:190} INFO - [2026-09-06T09:04:22.037+0000] {dag.py:3239} INFO - Sync 1 DAGs
[2026-09-06T09:04:22.056+0000] {logging_mixin.py:190} INFO - [2026-09-06T09:04:22.056+0000] {dag.py:4180} INFO - Setting next_dagrun for example_branch_operator to 2026-09-05 00:00:00+00:00, run_after=2026-09-06 00:00:00+00:00
[2026-09-06T09:04:22.074+0000] {processor.py:208} INFO - Processing /home/airflow/.local/lib/python3.12/site-packages/airflow/example_dags/example_branch_operator.py took 0.082 seconds
[2026-09-06T09:04:53.464+0000] {processor.py:186} INFO - Started process (PID=1444) to work on /home/airflow/.local/lib/python3.12/site-packages/airflow/example_dags/example_branch_operator.py
[2026-09-06T09:04:53.465+0000] {processor.py:914} INFO - Processing file /home/airflow/.local/lib/python3.12/site-packages/airflow/example_dags/example_branch_operator.py for tasks to queue
[2026-09-06T09:04:53.467+0000] {logging_mixin.py:190} INFO - [2026-09-06T09:04:53.467+0000] {dagbag.py:588} INFO - Filling up the DagBag from /home/airflow/.local/lib/python3.12/site-packages/airflow/example_dags/example_branch_operator.py
[2026-09-06T09:04:53.480+0000] {processor.py:925} INFO - DAG(s) 'example_branch_operator' retrieved from /home/airflow/.local/lib/python3.12/site-packages/airflow/example_dags/example_branch_operator.py
[2026-09-06T09:04:53.502+0000] {logging_mixin.py:190} INFO - [2026-09-06T09:04:53.502+0000] {dag.py:3239} INFO - Sync 1 DAGs
[2026-09-06T09:04:53.527+0000] {logging_mixin.py:190} INFO - [2026-09-06T09:04:53.527+0000] {dag.py:4180} INFO - Setting next_dagrun for example_branch_operator to 2026-09-05 00:00:00+00:00, run_after=2026-09-06 00:00:00+00:00
[2026-09-06T09:04:53.549+0000] {processor.py:208} INFO - Processing /home/airflow/.local/lib/python3.12/site-packages/airflow/example_dags/example_branch_operator.py took 0.089 seconds
[2026-09-06T09:05:24.397+0000] {processor.py:186} INFO - Started process (PID=1507) to work on /home/airflow/.local/lib/python3.12/site-packages/airflow/example_dags/example_branch_operator.py
[2026-09-06T09:05:24.399+0000] {processor.py:914} INFO - Processing file /home/airflow/.local/lib/python3.12/site-packages/airflow/example_dags/example_branch_operator.py for tasks to queue
[2026-09-06T09:05:24.402+0000] {logging_mixin.py:190} INFO - [2026-09-06T09:05:24.401+0000] {dagbag.py:588} INFO - Filling up the DagBag from /home/airflow/.local/lib/python3.12/site-packages/airflow/example_dags/example_branch_operator.py
[2026-09-06T09:05:24.423+0000] {processor.py:925} INFO - DAG(s) 'example_branch_operator' retrieved from /home/airflow/.local/lib/python3.12/site-packages/airflow/example_dags/example_branch_operator.py
[2026-09-06T09:05:24.445+0000] {logging_mixin.py:190} INFO - [2026-09-06T09:05:24.445+0000] {dag.py:3239} INFO - Sync 1 DAGs
[2026-09-06T09:05:24.464+0000] {logging_mixin.py:190} INFO - [2026-09-06T09:05:24.464+0000] {dag.py:4180} INFO - Setting next_dagrun for example_branch_operator to 2026-09-05 00:00:00+00:00, run_after=2026-09-06 00:00:00+00:00
[2026-09-06T09:05:24.479+0000] {processor.py:208} INFO - Processing /home/airflow/.local/lib/python3.12/site-packages/airflow/example_dags/example_branch_operator.py took 0.088 seconds
[2026-09-06T09:05:55.170+0000] {processor.py:186} INFO - Started process (PID=1571) to work on /home/airflow/.local/lib/python3.12/site-packages/airflow/example_dags/example_branch_operator.py
[2026-09-06T09:05:55.171+0000] {processor.py:914} INFO - Processing file /home/airflow/.local/lib/python3.12/site-packages/airflow/example_dags/example_branch_operator.py for tasks to queue
[2026-09-06T09:05:55.173+0000] {logging_mixin.py:190} INFO - [2026-09-06T09:05:55.173+0000] {dagbag.py:588} INFO - Filling up the DagBag from /home/airflow/.local/lib/python3.12/site-packages/airflow/example_dags/example_branch_operator.py
[2026-09-06T09:05:55.186+0000] {processor.py:925} INFO - DAG(s) 'example_branch_operator' retrieved from /home/airflow/.local/lib/python3.12/site-packages/airflow/example_dags/example_branch_operator.py
[2026-09-06T09:05:55.208+0000] {logging_mixin.py:190} INFO - [2026-09-06T09:05:55.208+0000] {dag.py:3239} INFO - Sync 1 DAGs
[2026-09-06T09:05:55.225+0000] {logging_mixin.py:190} INFO - [2026-09-06T09:05:55.225+0000] {dag.py:4180} INFO - Setting next_dagrun for example_branch_operator to 2026-09-05 00:00:00+00:00, run_after=2026-09-06 00:00:00+00:00
[2026-09-06T09:05:55.238+0000] {processor.py:208} INFO - Processing /home/airflow/.local/lib/python3.12/site-packages/airflow/example_dags/example_branch_operator.py took 0.073 seconds
[2026-09-06T09:06:26.114+0000] {processor.py:186} INFO - Started process (PID=1635) to work on /home/airflow/.local/lib/python3.12/site-packages/airflow/example_dags/example_branch_operator.py
[2026-09-06T09:06:26.115+0000] {processor.py:914} INFO - Processing file /home/airflow/.local/lib/python3.12/site-packages/airflow/example_dags/example_branch_operator.py for tasks to queue
[2026-09-06T09:06:26.117+0000] {logging_mixin.py:190} INFO - [2026-09-06T09:06:26.117+0000] {dagbag.py:588} INFO - Filling up the DagBag from /home/airflow/.local/lib/python3.12/site-packages/airflow/example_dags/example_branch_operator.py
[2026-09-06T09:06:26.132+0000] {processor.py:925} INFO - DAG(s) 'example_branch_operator' retrieved from /home/airflow/.local/lib/python3.12/site-packages/airflow/example_dags/example_branch_operator.py
[2026-09-06T09:06:26.157+0000] {logging_mixin.py:190} INFO - [2026-09-06T09:06:26.157+0000] {dag.py:3239} INFO - Sync 1 DAGs
[2026-09-06T09:06:26.175+0000] {logging_mixin.py:190} INFO - [2026-09-06T09:06:26.175+0000] {dag.py:4180} INFO - Setting next_dagrun for example_branch_operator to 2026-09-05 00:00:00+00:00, run_after=2026-09-06 00:00:00+00:00
[2026-09-06T09:06:26.189+0000] {processor.py:208} INFO - Processing /home/airflow/.local/lib/python3.12/site-packages/airflow/example_dags/example_branch_operator.py took 0.079 seconds
[2026-09-06T09:06:56.928+0000] {processor.py:186} INFO - Started process (PID=1699) to work on /home/airflow/.local/lib/python3.12/site-packages/airflow/example_dags/example_branch_operator.py
[2026-09-06T09:06:56.930+0000] {processor.py:914} INFO - Processing file /home/airflow/.local/lib/python3.12/site-packages/airflow/example_dags/example_branch_operator.py for tasks to queue
[2026-09-06T09:06:56.932+0000] {logging_mixin.py:190} INFO - [2026-09-06T09:06:56.931+0000] {dagbag.py:588} INFO - Filling up the DagBag from /home/airflow/.local/lib/python3.12/site-packages/airflow/example_dags/example_branch_operator.py
[2026-09-06T09:06:56.947+0000] {processor.py:925} INFO - DAG(s) 'example_branch_operator' retrieved from /home/airflow/.local/lib/python3.12/site-packages/airflow/example_dags/example_branch_operator.py
[2026-09-06T09:06:56.969+0000] {logging_mixin.py:190} INFO - [2026-09-06T09:06:56.969+0000] {dag.py:3239} INFO - Sync 1 DAGs
[2026-09-06T09:06:56.990+0000] {logging_mixin.py:190} INFO - [2026-09-06T09:06:56.990+0000] {dag.py:4180} INFO - Setting next_dagrun for example_branch_operator to 2026-09-05 00:00:00+00:00, run_after=2026-09-06 00:00:00+00:00
[2026-09-06T09:06:57.008+0000] {processor.py:208} INFO - Processing /home/airflow/.local/lib/python3.12/site-packages/airflow/example_dags/example_branch_operator.py took 0.084 seconds
[2026-09-06T09:07:27.937+0000] {processor.py:186} INFO - Started process (PID=1763) to work on /home/airflow/.local/lib/python3.12/site-packages/airflow/example_dags/example_branch_operator.py
[2026-09-06T09:07:27.938+0000] {processor.py:914} INFO - Processing file /home/airflow/.local/lib/python3.12/site-packages/airflow/example_dags/example_branch_operator.py for tasks to queue
[2026-09-06T09:07:27.940+0000] {logging_mixin.py:190} INFO - [2026-09-06T09:07:27.940+0000] {dagbag.py:588} INFO - Filling up the DagBag from /home/airflow/.local/lib/python3.12/site-packages/airflow/example_dags/example_branch_operator.py
[2026-09-06T09:07:27.955+0000] {processor.py:925} INFO - DAG(s) 'example_branch_operator' retrieved from /home/airflow/.local/lib/python3.12/site-packages/airflow/example_dags/example_branch_operator.py
[2026-09-06T09:07:27.976+0000] {logging_mixin.py:190} INFO - [2026-09-06T09:07:27.976+0000] {dag.py:3239} INFO - Sync 1 DAGs
[2026-09-06T09:07:27.993+0000] {logging_mixin.py:190} INFO - [2026-09-06T09:07:27.993+0000] {dag.py:4180} INFO - Setting next_dagrun for example_branch_operator to 2026-09-05 00:00:00+00:00, run_after=2026-09-06 00:00:00+00:00
[2026-09-06T09:07:28.007+0000] {processor.py:208} INFO - Processing /home/airflow/.local/lib/python3.12/site-packages/airflow/example_dags/example_branch_operator.py took 0.074 seconds
[2026-09-06T09:07:58.708+0000] {processor.py:186} INFO - Started process (PID=1833) to work on /home/airflow/.local/lib/python3.12/site-packages/airflow/example_dags/example_branch_operator.py
[2026-09-06T09:07:58.709+0000] {processor.py:914} INFO - Processing file /home/airflow/.local/lib/python3.12/site-packages/airflow/example_dags/example_branch_operator.py for tasks to queue
[2026-09-06T09:07:58.711+0000] {logging_mixin.py:190} INFO - [2026-09-06T09:07:58.710+0000] {dagbag.py:588} INFO - Filling up the DagBag from /home/airflow/.local/lib/python3.12/site-packages/airflow/example_dags/example_branch_operator.py
[2026-09-06T09:07:58.725+0000] {processor.py:925} INFO - DAG(s) 'example_branch_operator' retrieved from /home/airflow/.local/lib/python3.12/site-packages/airflow/example_dags/example_branch_operator.py
[2026-09-06T09:07:58.747+0000] {logging_mixin.py:190} INFO - [2026-09-06T09:07:58.747+0000] {dag.py:3239} INFO - Sync 1 DAGs
[2026-09-06T09:07:58.766+0000] {logging_mixin.py:190} INFO - [2026-09-06T09:07:58.766+0000] {dag.py:4180} INFO - Setting next_dagrun for example_branch_operator to 2026-09-05 00:00:00+00:00, run_after=2026-09-06 00:00:00+00:00
[2026-09-06T09:07:58.780+0000] {processor.py:208} INFO - Processing /home/airflow/.local/lib/python3.12/site-packages/airflow/example_dags/example_branch_operator.py took 0.077 seconds
[2026-09-06T09:08:29.359+0000] {processor.py:186} INFO - Started process (PID=1897) to work on /home/airflow/.local/lib/python3.12/site-packages/airflow/example_dags/example_branch_operator.py
[2026-09-06T09:08:29.360+0000] {processor.py:914} INFO - Processing file /home/airflow/.local/lib/python3.12/site-packages/airflow/example_dags/example_branch_operator.py for tasks to queue
[2026-09-06T09:08:29.362+0000] {logging_mixin.py:190} INFO - [2026-09-06T09:08:29.361+0000] {dagbag.py:588} INFO - Filling up the DagBag from /home/airflow/.local/lib/python3.12/site-packages/airflow/example_dags/example_branch_operator.py
[2026-09-06T09:08:29.374+0000] {processor.py:925} INFO - DAG(s) 'example_branch_operator' retrieved from /home/airflow/.local/lib/python3.12/site-packages/airflow/example_dags/example_branch_operator.py
[2026-09-06T09:08:29.394+0000] {logging_mixin.py:190} INFO - [2026-09-06T09:08:29.394+0000] {dag.py:3239} INFO - Sync 1 DAGs
[2026-09-06T09:08:29.409+0000] {logging_mixin.py:190} INFO - [2026-09-06T09:08:29.409+0000] {dag.py:4180} INFO - Setting next_dagrun for example_branch_operator to 2026-09-05 00:00:00+00:00, run_after=2026-09-06 00:00:00+00:00
[2026-09-06T09:08:29.422+0000] {processor.py:208} INFO - Processing /home/airflow/.local/lib/python3.12/site-packages/airflow/example_dags/example_branch_operator.py took 0.068 seconds
[2026-09-06T09:09:00.054+0000] {processor.py:186} INFO - Started process (PID=1961) to work on /home/airflow/.local/lib/python3.12/site-packages/airflow/example_dags/example_branch_operator.py
[2026-09-06T09:09:00.055+0000] {processor.py:914} INFO - Processing file /home/airflow/.local/lib/python3.12/site-packages/airflow/example_dags/example_branch_operator.py for tasks to queue
[2026-09-06T09:09:00.058+0000] {logging_mixin.py:190} INFO - [2026-09-06T09:09:00.057+0000] {dagbag.py:588} INFO - Filling up the DagBag from /home/airflow/.local/lib/python3.12/site-packages/airflow/example_dags/example_branch_operator.py
[2026-09-06T09:09:00.070+0000] {processor.py:925} INFO - DAG(s) 'example_branch_operator' retrieved from /home/airflow/.local/lib/python3.12/site-packages/airflow/example_dags/example_branch_operator.py
[2026-09-06T09:09:00.091+0000] {logging_mixin.py:190} INFO - [2026-09-06T09:09:00.090+0000] {dag.py:3239} INFO - Sync 1 DAGs
[2026-09-06T09:09:00.107+0000] {logging_mixin.py:190} INFO - [2026-09-06T09:09:00.107+0000] {dag.py:4180} INFO - Setting next_dagrun for example_branch_operator to 2026-09-05 00:00:00+00:00, run_after=2026-09-06 00:00:00+00:00
[2026-09-06T09:09:00.121+0000] {processor.py:208} INFO - Processing /home/airflow/.local/lib/python3.12/site-packages/airflow/example_dags/example_branch_operator.py took 0.071 seconds
[2026-09-06T09:09:30.729+0000] {processor.py:186} INFO - Started process (PID=2025) to work on /home/airflow/.local/lib/python3.12/site-packages/airflow/example_dags/example_branch_operator.py
[2026-09-06T09:09:30.730+0000] {processor.py:914} INFO - Processing file /home/airflow/.local/lib/python3.12/site-packages/airflow/example_dags/example_branch_operator.py for tasks to queue
[2026-09-06T09:09:30.732+0000] {logging_mixin.py:190} INFO - [2026-09-06T09:09:30.732+0000] {dagbag.py:588} INFO - Filling up the DagBag from /home/airflow/.local/lib/python3.12/site-packages/airflow/example_dags/example_branch_operator.py
[2026-09-06T09:09:30.745+0000] {processor.py:925} INFO - DAG(s) 'example_branch_operator' retrieved from /home/airflow/.local/lib/python3.12/site-packages/airflow/example_dags/example_branch_operator.py
[2026-09-06T09:09:30.767+0000] {logging_mixin.py:190} INFO - [2026-09-06T09:09:30.766+0000] {dag.py:3239} INFO - Sync 1 DAGs
[2026-09-06T09:09:30.783+0000] {logging_mixin.py:190} INFO - [2026-09-06T09:09:30.783+0000] {dag.py:4180} INFO - Setting next_dagrun for example_branch_operator to 2026-09-05 00:00:00+00:00, run_after=2026-09-06 00:00:00+00:00
[2026-09-06T09:09:30.798+0000] {processor.py:208} INFO - Processing /home/airflow/.local/lib/python3.12/site-packages/airflow/example_dags/example_branch_operator.py took 0.073 seconds
[2026-09-06T09:10:02.232+0000] {processor.py:186} INFO - Started process (PID=2089) to work on /home/airflow/.local/lib/python3.12/site-packages/airflow/example_dags/example_branch_operator.py
[2026-09-06T09:10:02.233+0000] {processor.py:914} INFO - Processing file /home/airflow/.local/lib/python3.12/site-packages/airflow/example_dags/example_branch_operator.py for tasks to queue
[2026-09-06T09:10:02.235+0000] {logging_mixin.py:190} INFO - [2026-09-06T09:10:02.235+0000] {dagbag.py:588} INFO - Filling up the DagBag from /home/airflow/.local/lib/python3.12/site-packages/airflow/example_dags/example_branch_operator.py
[2026-09-06T09:10:02.248+0000] {processor.py:925} INFO - DAG(s) 'example_branch_operator' retrieved from /home/airflow/.local/lib/python3.12/site-packages/airflow/example_dags/example_branch_operator.py
[2026-09-06T09:10:02.273+0000] {logging_mixin.py:190} INFO - [2026-09-06T09:10:02.273+0000] {dag.py:3239} INFO - Sync 1 DAGs
[2026-09-06T09:10:02.293+0000] {logging_mixin.py:190} INFO - [2026-09-06T09:10:02.293+0000] {dag.py:4180} INFO - Setting next_dagrun for example_branch_operator to 2026-09-05 00:00:00+00:00, run_after=2026-09-06 00:00:00+00:00
[2026-09-06T09:10:02.309+0000] {processor.py:208} INFO - Processing /home/airflow/.local/lib/python3.12/site-packages/airflow/example_dags/example_branch_operator.py took 0.082 seconds
[2026-09-06T09:10:33.722+0000] {processor.py:186} INFO - Started process (PID=2153) to work on /home/airflow/.local/lib/python3.12/site-packages/airflow/example_dags/example_branch_operator.py
[2026-09-06T09:10:33.723+0000] {processor.py:914} INFO - Processing file /home/airflow/.local/lib/python3.12/site-packages/airflow/example_dags/example_branch_operator.py for tasks to queue
[2026-09-06T09:10:33.725+0000] {logging_mixin.py:190} INFO - [2026-09-06T09:10:33.725+0000] {dagbag.py:588} INFO - Filling up the DagBag from /home/airflow/.local/lib/python3.12/site-packages/airflow/example_dags/example_branch_operator.py
[2026-09-06T09:10:33.738+0000] {processor.py:925} INFO - DAG(s) 'example_branch_operator' retrieved from /home/airflow/.local/lib/python3.12/site-packages/airflow/example_dags/example_branch_operator.py
[2026-09-06T09:10:33.760+0000] {logging_mixin.py:190} INFO - [2026-09-06T09:10:33.760+0000] {dag.py:3239} INFO - Sync 1 DAGs
[2026-09-06T09:10:33.787+0000] {logging_mixin.py:190} INFO - [2026-09-06T09:10:33.787+0000] {dag.py:4180} INFO - Setting next_dagrun for example_branch_operator to 2026-09-05 00:00:00+00:00, run_after=2026-09-06 00:00:00+00:00
[2026-09-06T09:10:33.806+0000] {processor.py:208} INFO - Processing /home/airflow/.local/lib/python3.12/site-packages/airflow/example_dags/example_branch_operator.py took 0.089 seconds
[2026-09-06T09:11:05.759+0000] {processor.py:186} INFO - Started process (PID=2218) to work on /home/airflow/.local/lib/python3.12/site-packages/airflow/example_dags/example_branch_operator.py
[2026-09-06T09:11:05.759+0000] {processor.py:914} INFO - Processing file /home/airflow/.local/lib/python3.12/site-packages/airflow/example_dags/example_branch_operator.py for tasks to queue
[2026-09-06T09:11:05.762+0000] {logging_mixin.py:190} INFO - [2026-09-06T09:11:05.761+0000] {dagbag.py:588} INFO - Filling up the DagBag from /home/airflow/.local/lib/python3.12/site-packages/airflow/example_dags/example_branch_operator.py
[2026-09-06T09:11:05.775+0000] {processor.py:925} INFO - DAG(s) 'example_branch_operator' retrieved from /home/airflow/.local/lib/python3.12/site-packages/airflow/example_dags/example_branch_operator.py
[2026-09-06T09:11:05.796+0000] {logging_mixin.py:190} INFO - [2026-09-06T09:11:05.796+0000] {dag.py:3239} INFO - Sync 1 DAGs
[2026-09-06T09:11:05.813+0000] {logging_mixin.py:190} INFO - [2026-09-06T09:11:05.813+0000] {dag.py:4180} INFO - Setting next_dagrun for example_branch_operator to 2026-09-05 00:00:00+00:00, run_after=2026-09-06 00:00:00+00:00
[2026-09-06T09:11:05.826+0000] {processor.py:208} INFO - Processing /home/airflow/.local/lib/python3.12/site-packages/airflow/example_dags/example_branch_operator.py took 0.072 seconds
[2026-09-06T09:11:36.479+0000] {processor.py:186} INFO - Started process (PID=2282) to work on /home/airflow/.local/lib/python3.12/site-packages/airflow/example_dags/example_branch_operator.py
[2026-09-06T09:11:36.481+0000] {processor.py:914} INFO - Processing file /home/airflow/.local/lib/python3.12/site-packages/airflow/example_dags/example_branch_operator.py for tasks to queue
[2026-09-06T09:11:36.483+0000] {logging_mixin.py:190} INFO - [2026-09-06T09:11:36.483+0000] {dagbag.py:588} INFO - Filling up the DagBag from /home/airflow/.local/lib/python3.12/site-packages/airflow/example_dags/example_branch_operator.py
[2026-09-06T09:11:36.500+0000] {processor.py:925} INFO - DAG(s) 'example_branch_operator' retrieved from /home/airflow/.local/lib/python3.12/site-packages/airflow/example_dags/example_branch_operator.py
[2026-09-06T09:11:36.526+0000] {logging_mixin.py:190} INFO - [2026-09-06T09:11:36.526+0000] {dag.py:3239} INFO - Sync 1 DAGs
[2026-09-06T09:11:36.546+0000] {logging_mixin.py:190} INFO - [2026-09-06T09:11:36.545+0000] {dag.py:4180} INFO - Setting next_dagrun for example_branch_operator to 2026-09-05 00:00:00+00:00, run_after=2026-09-06 00:00:00+00:00
[2026-09-06T09:11:36.563+0000] {processor.py:208} INFO - Processing /home/airflow/.local/lib/python3.12/site-packages/airflow/example_dags/example_branch_operator.py took 0.089 seconds
[2026-09-06T09:12:08.502+0000] {processor.py:186} INFO - Started process (PID=2346) to work on /home/airflow/.local/lib/python3.12/site-packages/airflow/example_dags/example_branch_operator.py
[2026-09-06T09:12:08.503+0000] {processor.py:914} INFO - Processing file /home/airflow/.local/lib/python3.12/site-packages/airflow/example_dags/example_branch_operator.py for tasks to queue
[2026-09-06T09:12:08.505+0000] {logging_mixin.py:190} INFO - [2026-09-06T09:12:08.504+0000] {dagbag.py:588} INFO - Filling up the DagBag from /home/airflow/.local/lib/python3.12/site-packages/airflow/example_dags/example_branch_operator.py
[2026-09-06T09:12:08.518+0000] {processor.py:925} INFO - DAG(s) 'example_branch_operator' retrieved from /home/airflow/.local/lib/python3.12/site-packages/airflow/example_dags/example_branch_operator.py
[2026-09-06T09:12:08.538+0000] {logging_mixin.py:190} INFO - [2026-09-06T09:12:08.538+0000] {dag.py:3239} INFO - Sync 1 DAGs
[2026-09-06T09:12:08.555+0000] {logging_mixin.py:190} INFO - [2026-09-06T09:12:08.555+0000] {dag.py:4180} INFO - Setting next_dagrun for example_branch_operator to 2026-09-05 00:00:00+00:00, run_after=2026-09-06 00:00:00+00:00
[2026-09-06T09:12:08.568+0000] {processor.py:208} INFO - Processing /home/airflow/.local/lib/python3.12/site-packages/airflow/example_dags/example_branch_operator.py took 0.071 seconds
[2026-09-06T09:12:39.567+0000] {processor.py:186} INFO - Started process (PID=2410) to work on /home/airflow/.local/lib/python3.12/site-packages/airflow/example_dags/example_branch_operator.py
[2026-09-06T09:12:39.568+0000] {processor.py:914} INFO - Processing file /home/airflow/.local/lib/python3.12/site-packages/airflow/example_dags/example_branch_operator.py for tasks to queue
[2026-09-06T09:12:39.571+0000] {logging_mixin.py:190} INFO - [2026-09-06T09:12:39.570+0000] {dagbag.py:588} INFO - Filling up the DagBag from /home/airflow/.local/lib/python3.12/site-packages/airflow/example_dags/example_branch_operator.py
[2026-09-06T09:12:39.586+0000] {processor.py:925} INFO - DAG(s) 'example_branch_operator' retrieved from /home/airflow/.local/lib/python3.12/site-packages/airflow/example_dags/example_branch_operator.py
[2026-09-06T09:12:39.607+0000] {logging_mixin.py:190} INFO - [2026-09-06T09:12:39.607+0000] {dag.py:3239} INFO - Sync 1 DAGs
[2026-09-06T09:12:39.624+0000] {logging_mixin.py:190} INFO - [2026-09-06T09:12:39.624+0000] {dag.py:4180} INFO - Setting next_dagrun for example_branch_operator to 2026-09-05 00:00:00+00:00, run_after=2026-09-06 00:00:00+00:00
[2026-09-06T09:12:39.639+0000] {processor.py:208} INFO - Processing /home/airflow/.local/lib/python3.12/site-packages/airflow/example_dags/example_branch_operator.py took 0.076 seconds
[2026-09-06T09:13:11.026+0000] {processor.py:186} INFO - Started process (PID=2475) to work on /home/airflow/.local/lib/python3.12/site-packages/airflow/example_dags/example_branch_operator.py
[2026-09-06T09:13:11.027+0000] {processor.py:914} INFO - Processing file /home/airflow/.local/lib/python3.12/site-packages/airflow/example_dags/example_branch_operator.py for tasks to queue
[2026-09-06T09:13:11.030+0000] {logging_mixin.py:190} INFO - [2026-09-06T09:13:11.029+0000] {dagbag.py:588} INFO - Filling up the DagBag from /home/airflow/.local/lib/python3.12/site-packages/airflow/example_dags/example_branch_operator.py
[2026-09-06T09:13:11.043+0000] {processor.py:925} INFO - DAG(s) 'example_branch_operator' retrieved from /home/airflow/.local/lib/python3.12/site-packages/airflow/example_dags/example_branch_operator.py
[2026-09-06T09:13:11.065+0000] {logging_mixin.py:190} INFO - [2026-09-06T09:13:11.065+0000] {dag.py:3239} INFO - Sync 1 DAGs
[2026-09-06T09:13:11.085+0000] {logging_mixin.py:190} INFO - [2026-09-06T09:13:11.085+0000] {dag.py:4180} INFO - Setting next_dagrun for example_branch_operator to 2026-09-05 00:00:00+00:00, run_after=2026-09-06 00:00:00+00:00
[2026-09-06T09:13:11.099+0000] {processor.py:208} INFO - Processing /home/airflow/.local/lib/python3.12/site-packages/airflow/example_dags/example_branch_operator.py took 0.077 seconds
[2026-09-06T09:13:41.652+0000] {processor.py:186} INFO - Started process (PID=2538) to work on /home/airflow/.local/lib/python3.12/site-packages/airflow/example_dags/example_branch_operator.py
[2026-09-06T09:13:41.653+0000] {processor.py:914} INFO - Processing file /home/airflow/.local/lib/python3.12/site-packages/airflow/example_dags/example_branch_operator.py for tasks to queue
[2026-09-06T09:13:41.655+0000] {logging_mixin.py:190} INFO - [2026-09-06T09:13:41.654+0000] {dagbag.py:588} INFO - Filling up the DagBag from /home/airflow/.local/lib/python3.12/site-packages/airflow/example_dags/example_branch_operator.py
[2026-09-06T09:13:41.667+0000] {processor.py:925} INFO - DAG(s) 'example_branch_operator' retrieved from /home/airflow/.local/lib/python3.12/site-packages/airflow/example_dags/example_branch_operator.py
[2026-09-06T09:13:41.688+0000] {logging_mixin.py:190} INFO - [2026-09-06T09:13:41.688+0000] {dag.py:3239} INFO - Sync 1 DAGs
[2026-09-06T09:13:41.704+0000] {logging_mixin.py:190} INFO - [2026-09-06T09:13:41.704+0000] {dag.py:4180} INFO - Setting next_dagrun for example_branch_operator to 2026-09-05 00:00:00+00:00, run_after=2026-09-06 00:00:00+00:00
[2026-09-06T09:13:41.717+0000] {processor.py:208} INFO - Processing /home/airflow/.local/lib/python3.12/site-packages/airflow/example_dags/example_branch_operator.py took 0.070 seconds
[2026-09-06T09:14:12.887+0000] {processor.py:186} INFO - Started process (PID=2603) to work on /home/airflow/.local/lib/python3.12/site-packages/airflow/example_dags/example_branch_operator.py
[2026-09-06T09:14:12.888+0000] {processor.py:914} INFO - Processing file /home/airflow/.local/lib/python3.12/site-packages/airflow/example_dags/example_branch_operator.py for tasks to queue
[2026-09-06T09:14:12.890+0000] {logging_mixin.py:190} INFO - [2026-09-06T09:14:12.890+0000] {dagbag.py:588} INFO - Filling up the DagBag from /home/airflow/.local/lib/python3.12/site-packages/airflow/example_dags/example_branch_operator.py
[2026-09-06T09:14:12.903+0000] {processor.py:925} INFO - DAG(s) 'example_branch_operator' retrieved from /home/airflow/.local/lib/python3.12/site-packages/airflow/example_dags/example_branch_operator.py
[2026-09-06T09:14:12.927+0000] {logging_mixin.py:190} INFO - [2026-09-06T09:14:12.927+0000] {dag.py:3239} INFO - Sync 1 DAGs
[2026-09-06T09:14:12.944+0000] {logging_mixin.py:190} INFO - [2026-09-06T09:14:12.944+0000] {dag.py:4180} INFO - Setting next_dagrun for example_branch_operator to 2026-09-05 00:00:00+00:00, run_after=2026-09-06 00:00:00+00:00
[2026-09-06T09:14:12.964+0000] {processor.py:208} INFO - Processing /home/airflow/.local/lib/python3.12/site-packages/airflow/example_dags/example_branch_operator.py took 0.082 seconds
[2026-09-06T09:14:44.448+0000] {processor.py:186} INFO - Started process (PID=2667) to work on /home/airflow/.local/lib/python3.12/site-packages/airflow/example_dags/example_branch_operator.py
[2026-09-06T09:14:44.449+0000] {processor.py:914} INFO - Processing file /home/airflow/.local/lib/python3.12/site-packages/airflow/example_dags/example_branch_operator.py for tasks to queue
[2026-09-06T09:14:44.451+0000] {logging_mixin.py:190} INFO - [2026-09-06T09:14:44.451+0000] {dagbag.py:588} INFO - Filling up the DagBag from /home/airflow/.local/lib/python3.12/site-packages/airflow/example_dags/example_branch_operator.py
[2026-09-06T09:14:44.466+0000] {processor.py:925} INFO - DAG(s) 'example_branch_operator' retrieved from /home/airflow/.local/lib/python3.12/site-packages/airflow/example_dags/example_branch_operator.py
[2026-09-06T09:14:44.488+0000] {logging_mixin.py:190} INFO - [2026-09-06T09:14:44.488+0000] {dag.py:3239} INFO - Sync 1 DAGs
[2026-09-06T09:14:44.507+0000] {logging_mixin.py:190} INFO - [2026-09-06T09:14:44.507+0000] {dag.py:4180} INFO - Setting next_dagrun for example_branch_operator to 2026-09-05 00:00:00+00:00, run_after=2026-09-06 00:00:00+00:00
[2026-09-06T09:14:44.523+0000] {processor.py:208} INFO - Processing /home/airflow/.local/lib/python3.12/site-packages/airflow/example_dags/example_branch_operator.py took 0.079 seconds
[2026-09-06T09:15:15.378+0000] {processor.py:186} INFO - Started process (PID=2731) to work on /home/airflow/.local/lib/python3.12/site-packages/airflow/example_dags/example_branch_operator.py
[2026-09-06T09:15:15.379+0000] {processor.py:914} INFO - Processing file /home/airflow/.local/lib/python3.12/site-packages/airflow/example_dags/example_branch_operator.py for tasks to queue
[2026-09-06T09:15:15.382+0000] {logging_mixin.py:190} INFO - [2026-09-06T09:15:15.382+0000] {dagbag.py:588} INFO - Filling up the DagBag from /home/airflow/.local/lib/python3.12/site-packages/airflow/example_dags/example_branch_operator.py
[2026-09-06T09:15:15.398+0000] {processor.py:925} INFO - DAG(s) 'example_branch_operator' retrieved from /home/airflow/.local/lib/python3.12/site-packages/airflow/example_dags/example_branch_operator.py
[2026-09-06T09:15:15.422+0000] {logging_mixin.py:190} INFO - [2026-09-06T09:15:15.422+0000] {dag.py:3239} INFO - Sync 1 DAGs
[2026-09-06T09:15:15.442+0000] {logging_mixin.py:190} INFO - [2026-09-06T09:15:15.442+0000] {dag.py:4180} INFO - Setting next_dagrun for example_branch_operator to 2026-09-05 00:00:00+00:00, run_after=2026-09-06 00:00:00+00:00
[2026-09-06T09:15:15.460+0000] {processor.py:208} INFO - Processing /home/airflow/.local/lib/python3.12/site-packages/airflow/example_dags/example_branch_operator.py took 0.087 seconds
[2026-09-06T09:15:46.306+0000] {processor.py:186} INFO - Started process (PID=2795) to work on /home/airflow/.local/lib/python3.12/site-packages/airflow/example_dags/example_branch_operator.py
[2026-09-06T09:15:46.307+0000] {processor.py:914} INFO - Processing file /home/airflow/.local/lib/python3.12/site-packages/airflow/example_dags/example_branch_operator.py for tasks to queue
[2026-09-06T09:15:46.310+0000] {logging_mixin.py:190} INFO - [2026-09-06T09:15:46.309+0000] {dagbag.py:588} INFO - Filling up the DagBag from /home/airflow/.local/lib/python3.12/site-packages/airflow/example_dags/example_branch_operator.py
[2026-09-06T09:15:46.334+0000] {processor.py:925} INFO - DAG(s) 'example_branch_operator' retrieved from /home/airflow/.local/lib/python3.12/site-packages/airflow/example_dags/example_branch_operator.py
[2026-09-06T09:15:46.358+0000] {logging_mixin.py:190} INFO - [2026-09-06T09:15:46.358+0000] {dag.py:3239} INFO - Sync 1 DAGs
[2026-09-06T09:15:46.374+0000] {logging_mixin.py:190} INFO - [2026-09-06T09:15:46.374+0000] {dag.py:4180} INFO - Setting next_dagrun for example_branch_operator to 2026-09-05 00:00:00+00:00, run_after=2026-09-06 00:00:00+00:00
[2026-09-06T09:15:46.395+0000] {processor.py:208} INFO - Processing /home/airflow/.local/lib/python3.12/site-packages/airflow/example_dags/example_branch_operator.py took 0.094 seconds
[2026-09-06T09:16:16.855+0000] {processor.py:186} INFO - Started process (PID=2861) to work on /home/airflow/.local/lib/python3.12/site-packages/airflow/example_dags/example_branch_operator.py
[2026-09-06T09:16:16.856+0000] {processor.py:914} INFO - Processing file /home/airflow/.local/lib/python3.12/site-packages/airflow/example_dags/example_branch_operator.py for tasks to queue
[2026-09-06T09:16:16.859+0000] {logging_mixin.py:190} INFO - [2026-09-06T09:16:16.858+0000] {dagbag.py:588} INFO - Filling up the DagBag from /home/airflow/.local/lib/python3.12/site-packages/airflow/example_dags/example_branch_operator.py
[2026-09-06T09:16:16.874+0000] {processor.py:925} INFO - DAG(s) 'example_branch_operator' retrieved from /home/airflow/.local/lib/python3.12/site-packages/airflow/example_dags/example_branch_operator.py
[2026-09-06T09:16:16.898+0000] {logging_mixin.py:190} INFO - [2026-09-06T09:16:16.898+0000] {dag.py:3239} INFO - Sync 1 DAGs
[2026-09-06T09:16:16.919+0000] {logging_mixin.py:190} INFO - [2026-09-06T09:16:16.919+0000] {dag.py:4180} INFO - Setting next_dagrun for example_branch_operator to 2026-09-05 00:00:00+00:00, run_after=2026-09-06 00:00:00+00:00
[2026-09-06T09:16:16.934+0000] {processor.py:208} INFO - Processing /home/airflow/.local/lib/python3.12/site-packages/airflow/example_dags/example_branch_operator.py took 0.084 seconds
[2026-09-06T09:16:49.188+0000] {processor.py:186} INFO - Started process (PID=2925) to work on /home/airflow/.local/lib/python3.12/site-packages/airflow/example_dags/example_branch_operator.py
[2026-09-06T09:16:49.190+0000] {processor.py:914} INFO - Processing file /home/airflow/.local/lib/python3.12/site-packages/airflow/example_dags/example_branch_operator.py for tasks to queue
[2026-09-06T09:16:49.192+0000] {logging_mixin.py:190} INFO - [2026-09-06T09:16:49.192+0000] {dagbag.py:588} INFO - Filling up the DagBag from /home/airflow/.local/lib/python3.12/site-packages/airflow/example_dags/example_branch_operator.py
[2026-09-06T09:16:49.206+0000] {processor.py:925} INFO - DAG(s) 'example_branch_operator' retrieved from /home/airflow/.local/lib/python3.12/site-packages/airflow/example_dags/example_branch_operator.py
[2026-09-06T09:16:49.230+0000] {logging_mixin.py:190} INFO - [2026-09-06T09:16:49.230+0000] {dag.py:3239} INFO - Sync 1 DAGs
[2026-09-06T09:16:49.249+0000] {logging_mixin.py:190} INFO - [2026-09-06T09:16:49.249+0000] {dag.py:4180} INFO - Setting next_dagrun for example_branch_operator to 2026-09-05 00:00:00+00:00, run_after=2026-09-06 00:00:00+00:00
[2026-09-06T09:16:49.266+0000] {processor.py:208} INFO - Processing /home/airflow/.local/lib/python3.12/site-packages/airflow/example_dags/example_branch_operator.py took 0.083 seconds
[2026-09-06T09:17:19.924+0000] {processor.py:186} INFO - Started process (PID=2992) to work on /home/airflow/.local/lib/python3.12/site-packages/airflow/example_dags/example_branch_operator.py
[2026-09-06T09:17:19.925+0000] {processor.py:914} INFO - Processing file /home/airflow/.local/lib/python3.12/site-packages/airflow/example_dags/example_branch_operator.py for tasks to queue
[2026-09-06T09:17:19.927+0000] {logging_mixin.py:190} INFO - [2026-09-06T09:17:19.926+0000] {dagbag.py:588} INFO - Filling up the DagBag from /home/airflow/.local/lib/python3.12/site-packages/airflow/example_dags/example_branch_operator.py
[2026-09-06T09:17:19.941+0000] {processor.py:925} INFO - DAG(s) 'example_branch_operator' retrieved from /home/airflow/.local/lib/python3.12/site-packages/airflow/example_dags/example_branch_operator.py
[2026-09-06T09:17:19.965+0000] {logging_mixin.py:190} INFO - [2026-09-06T09:17:19.965+0000] {dag.py:3239} INFO - Sync 1 DAGs
[2026-09-06T09:17:19.985+0000] {logging_mixin.py:190} INFO - [2026-09-06T09:17:19.984+0000] {dag.py:4180} INFO - Setting next_dagrun for example_branch_operator to 2026-09-05 00:00:00+00:00, run_after=2026-09-06 00:00:00+00:00
[2026-09-06T09:17:20.219+0000] {processor.py:208} INFO - Processing /home/airflow/.local/lib/python3.12/site-packages/airflow/example_dags/example_branch_operator.py took 0.299 seconds
[2026-09-06T09:17:50.779+0000] {processor.py:186} INFO - Started process (PID=3060) to work on /home/airflow/.local/lib/python3.12/site-packages/airflow/example_dags/example_branch_operator.py
[2026-09-06T09:17:50.780+0000] {processor.py:914} INFO - Processing file /home/airflow/.local/lib/python3.12/site-packages/airflow/example_dags/example_branch_operator.py for tasks to queue
[2026-09-06T09:17:50.782+0000] {logging_mixin.py:190} INFO - [2026-09-06T09:17:50.782+0000] {dagbag.py:588} INFO - Filling up the DagBag from /home/airflow/.local/lib/python3.12/site-packages/airflow/example_dags/example_branch_operator.py
[2026-09-06T09:17:50.796+0000] {processor.py:925} INFO - DAG(s) 'example_branch_operator' retrieved from /home/airflow/.local/lib/python3.12/site-packages/airflow/example_dags/example_branch_operator.py
[2026-09-06T09:17:50.816+0000] {logging_mixin.py:190} INFO - [2026-09-06T09:17:50.816+0000] {dag.py:3239} INFO - Sync 1 DAGs
[2026-09-06T09:17:50.833+0000] {logging_mixin.py:190} INFO - [2026-09-06T09:17:50.833+0000] {dag.py:4180} INFO - Setting next_dagrun for example_branch_operator to 2026-09-05 00:00:00+00:00, run_after=2026-09-06 00:00:00+00:00
[2026-09-06T09:17:50.846+0000] {processor.py:208} INFO - Processing /home/airflow/.local/lib/python3.12/site-packages/airflow/example_dags/example_branch_operator.py took 0.073 seconds
[2026-09-06T09:18:22.488+0000] {processor.py:186} INFO - Started process (PID=3129) to work on /home/airflow/.local/lib/python3.12/site-packages/airflow/example_dags/example_branch_operator.py
[2026-09-06T09:18:22.489+0000] {processor.py:914} INFO - Processing file /home/airflow/.local/lib/python3.12/site-packages/airflow/example_dags/example_branch_operator.py for tasks to queue
[2026-09-06T09:18:22.491+0000] {logging_mixin.py:190} INFO - [2026-09-06T09:18:22.491+0000] {dagbag.py:588} INFO - Filling up the DagBag from /home/airflow/.local/lib/python3.12/site-packages/airflow/example_dags/example_branch_operator.py
[2026-09-06T09:18:22.507+0000] {processor.py:925} INFO - DAG(s) 'example_branch_operator' retrieved from /home/airflow/.local/lib/python3.12/site-packages/airflow/example_dags/example_branch_operator.py
[2026-09-06T09:18:22.536+0000] {logging_mixin.py:190} INFO - [2026-09-06T09:18:22.536+0000] {dag.py:3239} INFO - Sync 1 DAGs
[2026-09-06T09:18:22.559+0000] {logging_mixin.py:190} INFO - [2026-09-06T09:18:22.559+0000] {dag.py:4180} INFO - Setting next_dagrun for example_branch_operator to 2026-09-05 00:00:00+00:00, run_after=2026-09-06 00:00:00+00:00
[2026-09-06T09:18:22.577+0000] {processor.py:208} INFO - Processing /home/airflow/.local/lib/python3.12/site-packages/airflow/example_dags/example_branch_operator.py took 0.094 seconds
[2026-09-06T09:18:56.899+0000] {processor.py:186} INFO - Started process (PID=3194) to work on /home/airflow/.local/lib/python3.12/site-packages/airflow/example_dags/example_branch_operator.py
[2026-09-06T09:18:56.900+0000] {processor.py:914} INFO - Processing file /home/airflow/.local/lib/python3.12/site-packages/airflow/example_dags/example_branch_operator.py for tasks to queue
[2026-09-06T09:18:56.902+0000] {logging_mixin.py:190} INFO - [2026-09-06T09:18:56.902+0000] {dagbag.py:588} INFO - Filling up the DagBag from /home/airflow/.local/lib/python3.12/site-packages/airflow/example_dags/example_branch_operator.py
[2026-09-06T09:18:56.915+0000] {processor.py:925} INFO - DAG(s) 'example_branch_operator' retrieved from /home/airflow/.local/lib/python3.12/site-packages/airflow/example_dags/example_branch_operator.py
[2026-09-06T09:18:56.934+0000] {logging_mixin.py:190} INFO - [2026-09-06T09:18:56.934+0000] {dag.py:3239} INFO - Sync 1 DAGs
[2026-09-06T09:18:56.951+0000] {logging_mixin.py:190} INFO - [2026-09-06T09:18:56.951+0000] {dag.py:4180} INFO - Setting next_dagrun for example_branch_operator to 2026-09-05 00:00:00+00:00, run_after=2026-09-06 00:00:00+00:00
[2026-09-06T09:18:56.965+0000] {processor.py:208} INFO - Processing /home/airflow/.local/lib/python3.12/site-packages/airflow/example_dags/example_branch_operator.py took 0.070 seconds
[2026-09-06T09:19:27.642+0000] {processor.py:186} INFO - Started process (PID=3258) to work on /home/airflow/.local/lib/python3.12/site-packages/airflow/example_dags/example_branch_operator.py
[2026-09-06T09:19:27.643+0000] {processor.py:914} INFO - Processing file /home/airflow/.local/lib/python3.12/site-packages/airflow/example_dags/example_branch_operator.py for tasks to queue
[2026-09-06T09:19:27.645+0000] {logging_mixin.py:190} INFO - [2026-09-06T09:19:27.645+0000] {dagbag.py:588} INFO - Filling up the DagBag from /home/airflow/.local/lib/python3.12/site-packages/airflow/example_dags/example_branch_operator.py
[2026-09-06T09:19:27.659+0000] {processor.py:925} INFO - DAG(s) 'example_branch_operator' retrieved from /home/airflow/.local/lib/python3.12/site-packages/airflow/example_dags/example_branch_operator.py
[2026-09-06T09:19:27.853+0000] {logging_mixin.py:190} INFO - [2026-09-06T09:19:27.853+0000] {dag.py:3239} INFO - Sync 1 DAGs
[2026-09-06T09:19:27.868+0000] {logging_mixin.py:190} INFO - [2026-09-06T09:19:27.868+0000] {dag.py:4180} INFO - Setting next_dagrun for example_branch_operator to 2026-09-05 00:00:00+00:00, run_after=2026-09-06 00:00:00+00:00
[2026-09-06T09:19:27.881+0000] {processor.py:208} INFO - Processing /home/airflow/.local/lib/python3.12/site-packages/airflow/example_dags/example_branch_operator.py took 0.244 seconds
[2026-09-06T09:19:58.868+0000] {processor.py:186} INFO - Started process (PID=3322) to work on /home/airflow/.local/lib/python3.12/site-packages/airflow/example_dags/example_branch_operator.py
[2026-09-06T09:19:58.870+0000] {processor.py:914} INFO - Processing file /home/airflow/.local/lib/python3.12/site-packages/airflow/example_dags/example_branch_operator.py for tasks to queue
[2026-09-06T09:19:58.872+0000] {logging_mixin.py:190} INFO - [2026-09-06T09:19:58.871+0000] {dagbag.py:588} INFO - Filling up the DagBag from /home/airflow/.local/lib/python3.12/site-packages/airflow/example_dags/example_branch_operator.py
[2026-09-06T09:19:58.884+0000] {processor.py:925} INFO - DAG(s) 'example_branch_operator' retrieved from /home/airflow/.local/lib/python3.12/site-packages/airflow/example_dags/example_branch_operator.py
[2026-09-06T09:19:58.904+0000] {logging_mixin.py:190} INFO - [2026-09-06T09:19:58.904+0000] {dag.py:3239} INFO - Sync 1 DAGs
[2026-09-06T09:19:59.084+0000] {logging_mixin.py:190} INFO - [2026-09-06T09:19:59.084+0000] {dag.py:4180} INFO - Setting next_dagrun for example_branch_operator to 2026-09-05 00:00:00+00:00, run_after=2026-09-06 00:00:00+00:00
[2026-09-06T09:19:59.098+0000] {processor.py:208} INFO - Processing /home/airflow/.local/lib/python3.12/site-packages/airflow/example_dags/example_branch_operator.py took 0.234 seconds
[2026-09-06T09:20:29.924+0000] {processor.py:186} INFO - Started process (PID=3392) to work on /home/airflow/.local/lib/python3.12/site-packages/airflow/example_dags/example_branch_operator.py
[2026-09-06T09:20:29.925+0000] {processor.py:914} INFO - Processing file /home/airflow/.local/lib/python3.12/site-packages/airflow/example_dags/example_branch_operator.py for tasks to queue
[2026-09-06T09:20:29.927+0000] {logging_mixin.py:190} INFO - [2026-09-06T09:20:29.927+0000] {dagbag.py:588} INFO - Filling up the DagBag from /home/airflow/.local/lib/python3.12/site-packages/airflow/example_dags/example_branch_operator.py
[2026-09-06T09:20:29.941+0000] {processor.py:925} INFO - DAG(s) 'example_branch_operator' retrieved from /home/airflow/.local/lib/python3.12/site-packages/airflow/example_dags/example_branch_operator.py
[2026-09-06T09:20:29.963+0000] {logging_mixin.py:190} INFO - [2026-09-06T09:20:29.963+0000] {dag.py:3239} INFO - Sync 1 DAGs
[2026-09-06T09:20:29.981+0000] {logging_mixin.py:190} INFO - [2026-09-06T09:20:29.981+0000] {dag.py:4180} INFO - Setting next_dagrun for example_branch_operator to 2026-09-05 00:00:00+00:00, run_after=2026-09-06 00:00:00+00:00
[2026-09-06T09:20:30.000+0000] {processor.py:208} INFO - Processing /home/airflow/.local/lib/python3.12/site-packages/airflow/example_dags/example_branch_operator.py took 0.081 seconds
[2026-09-06T09:21:00.102+0000] {processor.py:186} INFO - Started process (PID=3455) to work on /home/airflow/.local/lib/python3.12/site-packages/airflow/example_dags/example_branch_operator.py
[2026-09-06T09:21:00.103+0000] {processor.py:914} INFO - Processing file /home/airflow/.local/lib/python3.12/site-packages/airflow/example_dags/example_branch_operator.py for tasks to queue
[2026-09-06T09:21:00.105+0000] {logging_mixin.py:190} INFO - [2026-09-06T09:21:00.105+0000] {dagbag.py:588} INFO - Filling up the DagBag from /home/airflow/.local/lib/python3.12/site-packages/airflow/example_dags/example_branch_operator.py
[2026-09-06T09:21:00.123+0000] {processor.py:925} INFO - DAG(s) 'example_branch_operator' retrieved from /home/airflow/.local/lib/python3.12/site-packages/airflow/example_dags/example_branch_operator.py
[2026-09-06T09:21:00.146+0000] {logging_mixin.py:190} INFO - [2026-09-06T09:21:00.146+0000] {dag.py:3239} INFO - Sync 1 DAGs
[2026-09-06T09:21:00.164+0000] {logging_mixin.py:190} INFO - [2026-09-06T09:21:00.164+0000] {dag.py:4180} INFO - Setting next_dagrun for example_branch_operator to 2026-09-05 00:00:00+00:00, run_after=2026-09-06 00:00:00+00:00
[2026-09-06T09:21:00.181+0000] {processor.py:208} INFO - Processing /home/airflow/.local/lib/python3.12/site-packages/airflow/example_dags/example_branch_operator.py took 0.084 seconds
[2026-09-06T09:21:30.513+0000] {processor.py:186} INFO - Started process (PID=3519) to work on /home/airflow/.local/lib/python3.12/site-packages/airflow/example_dags/example_branch_operator.py
[2026-09-06T09:21:30.514+0000] {processor.py:914} INFO - Processing file /home/airflow/.local/lib/python3.12/site-packages/airflow/example_dags/example_branch_operator.py for tasks to queue
[2026-09-06T09:21:30.517+0000] {logging_mixin.py:190} INFO - [2026-09-06T09:21:30.517+0000] {dagbag.py:588} INFO - Filling up the DagBag from /home/airflow/.local/lib/python3.12/site-packages/airflow/example_dags/example_branch_operator.py
[2026-09-06T09:21:30.530+0000] {processor.py:925} INFO - DAG(s) 'example_branch_operator' retrieved from /home/airflow/.local/lib/python3.12/site-packages/airflow/example_dags/example_branch_operator.py
[2026-09-06T09:21:30.553+0000] {logging_mixin.py:190} INFO - [2026-09-06T09:21:30.552+0000] {dag.py:3239} INFO - Sync 1 DAGs
[2026-09-06T09:21:30.572+0000] {logging_mixin.py:190} INFO - [2026-09-06T09:21:30.572+0000] {dag.py:4180} INFO - Setting next_dagrun for example_branch_operator to 2026-09-05 00:00:00+00:00, run_after=2026-09-06 00:00:00+00:00
[2026-09-06T09:21:30.591+0000] {processor.py:208} INFO - Processing /home/airflow/.local/lib/python3.12/site-packages/airflow/example_dags/example_branch_operator.py took 0.084 seconds
[2026-09-06T09:22:01.599+0000] {processor.py:186} INFO - Started process (PID=3583) to work on /home/airflow/.local/lib/python3.12/site-packages/airflow/example_dags/example_branch_operator.py
[2026-09-06T09:22:01.600+0000] {processor.py:914} INFO - Processing file /home/airflow/.local/lib/python3.12/site-packages/airflow/example_dags/example_branch_operator.py for tasks to queue
[2026-09-06T09:22:01.602+0000] {logging_mixin.py:190} INFO - [2026-09-06T09:22:01.601+0000] {dagbag.py:588} INFO - Filling up the DagBag from /home/airflow/.local/lib/python3.12/site-packages/airflow/example_dags/example_branch_operator.py
[2026-09-06T09:22:01.615+0000] {processor.py:925} INFO - DAG(s) 'example_branch_operator' retrieved from /home/airflow/.local/lib/python3.12/site-packages/airflow/example_dags/example_branch_operator.py
[2026-09-06T09:22:01.635+0000] {logging_mixin.py:190} INFO - [2026-09-06T09:22:01.635+0000] {dag.py:3239} INFO - Sync 1 DAGs
[2026-09-06T09:22:01.651+0000] {logging_mixin.py:190} INFO - [2026-09-06T09:22:01.651+0000] {dag.py:4180} INFO - Setting next_dagrun for example_branch_operator to 2026-09-05 00:00:00+00:00, run_after=2026-09-06 00:00:00+00:00
[2026-09-06T09:22:01.665+0000] {processor.py:208} INFO - Processing /home/airflow/.local/lib/python3.12/site-packages/airflow/example_dags/example_branch_operator.py took 0.071 seconds
[2026-09-06T09:22:32.810+0000] {processor.py:186} INFO - Started process (PID=3648) to work on /home/airflow/.local/lib/python3.12/site-packages/airflow/example_dags/example_branch_operator.py
[2026-09-06T09:22:32.811+0000] {processor.py:914} INFO - Processing file /home/airflow/.local/lib/python3.12/site-packages/airflow/example_dags/example_branch_operator.py for tasks to queue
[2026-09-06T09:22:32.813+0000] {logging_mixin.py:190} INFO - [2026-09-06T09:22:32.813+0000] {dagbag.py:588} INFO - Filling up the DagBag from /home/airflow/.local/lib/python3.12/site-packages/airflow/example_dags/example_branch_operator.py
[2026-09-06T09:22:32.828+0000] {processor.py:925} INFO - DAG(s) 'example_branch_operator' retrieved from /home/airflow/.local/lib/python3.12/site-packages/airflow/example_dags/example_branch_operator.py
[2026-09-06T09:22:32.850+0000] {logging_mixin.py:190} INFO - [2026-09-06T09:22:32.849+0000] {dag.py:3239} INFO - Sync 1 DAGs
[2026-09-06T09:22:32.867+0000] {logging_mixin.py:190} INFO - [2026-09-06T09:22:32.866+0000] {dag.py:4180} INFO - Setting next_dagrun for example_branch_operator to 2026-09-05 00:00:00+00:00, run_after=2026-09-06 00:00:00+00:00
[2026-09-06T09:22:32.880+0000] {processor.py:208} INFO - Processing /home/airflow/.local/lib/python3.12/site-packages/airflow/example_dags/example_branch_operator.py took 0.074 seconds
[2026-09-06T09:23:03.865+0000] {processor.py:186} INFO - Started process (PID=3712) to work on /home/airflow/.local/lib/python3.12/site-packages/airflow/example_dags/example_branch_operator.py
[2026-09-06T09:23:03.866+0000] {processor.py:914} INFO - Processing file /home/airflow/.local/lib/python3.12/site-packages/airflow/example_dags/example_branch_operator.py for tasks to queue
[2026-09-06T09:23:03.869+0000] {logging_mixin.py:190} INFO - [2026-09-06T09:23:03.868+0000] {dagbag.py:588} INFO - Filling up the DagBag from /home/airflow/.local/lib/python3.12/site-packages/airflow/example_dags/example_branch_operator.py
[2026-09-06T09:23:03.883+0000] {processor.py:925} INFO - DAG(s) 'example_branch_operator' retrieved from /home/airflow/.local/lib/python3.12/site-packages/airflow/example_dags/example_branch_operator.py
[2026-09-06T09:23:03.907+0000] {logging_mixin.py:190} INFO - [2026-09-06T09:23:03.907+0000] {dag.py:3239} INFO - Sync 1 DAGs
[2026-09-06T09:23:03.926+0000] {logging_mixin.py:190} INFO - [2026-09-06T09:23:03.926+0000] {dag.py:4180} INFO - Setting next_dagrun for example_branch_operator to 2026-09-05 00:00:00+00:00, run_after=2026-09-06 00:00:00+00:00
[2026-09-06T09:23:03.942+0000] {processor.py:208} INFO - Processing /home/airflow/.local/lib/python3.12/site-packages/airflow/example_dags/example_branch_operator.py took 0.082 seconds
[2026-09-06T09:23:34.812+0000] {processor.py:186} INFO - Started process (PID=3776) to work on /home/airflow/.local/lib/python3.12/site-packages/airflow/example_dags/example_branch_operator.py
[2026-09-06T09:23:34.814+0000] {processor.py:914} INFO - Processing file /home/airflow/.local/lib/python3.12/site-packages/airflow/example_dags/example_branch_operator.py for tasks to queue
[2026-09-06T09:23:34.816+0000] {logging_mixin.py:190} INFO - [2026-09-06T09:23:34.816+0000] {dagbag.py:588} INFO - Filling up the DagBag from /home/airflow/.local/lib/python3.12/site-packages/airflow/example_dags/example_branch_operator.py
[2026-09-06T09:23:34.831+0000] {processor.py:925} INFO - DAG(s) 'example_branch_operator' retrieved from /home/airflow/.local/lib/python3.12/site-packages/airflow/example_dags/example_branch_operator.py
[2026-09-06T09:23:34.853+0000] {logging_mixin.py:190} INFO - [2026-09-06T09:23:34.853+0000] {dag.py:3239} INFO - Sync 1 DAGs
[2026-09-06T09:23:34.872+0000] {logging_mixin.py:190} INFO - [2026-09-06T09:23:34.871+0000] {dag.py:4180} INFO - Setting next_dagrun for example_branch_operator to 2026-09-05 00:00:00+00:00, run_after=2026-09-06 00:00:00+00:00
[2026-09-06T09:23:34.886+0000] {processor.py:208} INFO - Processing /home/airflow/.local/lib/python3.12/site-packages/airflow/example_dags/example_branch_operator.py took 0.079 seconds
[2026-09-06T09:24:05.892+0000] {processor.py:186} INFO - Started process (PID=3840) to work on /home/airflow/.local/lib/python3.12/site-packages/airflow/example_dags/example_branch_operator.py
[2026-09-06T09:24:05.893+0000] {processor.py:914} INFO - Processing file /home/airflow/.local/lib/python3.12/site-packages/airflow/example_dags/example_branch_operator.py for tasks to queue
[2026-09-06T09:24:05.895+0000] {logging_mixin.py:190} INFO - [2026-09-06T09:24:05.895+0000] {dagbag.py:588} INFO - Filling up the DagBag from /home/airflow/.local/lib/python3.12/site-packages/airflow/example_dags/example_branch_operator.py
[2026-09-06T09:24:05.910+0000] {processor.py:925} INFO - DAG(s) 'example_branch_operator' retrieved from /home/airflow/.local/lib/python3.12/site-packages/airflow/example_dags/example_branch_operator.py
[2026-09-06T09:24:05.932+0000] {logging_mixin.py:190} INFO - [2026-09-06T09:24:05.932+0000] {dag.py:3239} INFO - Sync 1 DAGs
[2026-09-06T09:24:05.949+0000] {logging_mixin.py:190} INFO - [2026-09-06T09:24:05.949+0000] {dag.py:4180} INFO - Setting next_dagrun for example_branch_operator to 2026-09-05 00:00:00+00:00, run_after=2026-09-06 00:00:00+00:00
[2026-09-06T09:24:05.970+0000] {processor.py:208} INFO - Processing /home/airflow/.local/lib/python3.12/site-packages/airflow/example_dags/example_branch_operator.py took 0.084 seconds
[2026-09-06T09:24:37.097+0000] {processor.py:186} INFO - Started process (PID=3904) to work on /home/airflow/.local/lib/python3.12/site-packages/airflow/example_dags/example_branch_operator.py
[2026-09-06T09:24:37.098+0000] {processor.py:914} INFO - Processing file /home/airflow/.local/lib/python3.12/site-packages/airflow/example_dags/example_branch_operator.py for tasks to queue
[2026-09-06T09:24:37.101+0000] {logging_mixin.py:190} INFO - [2026-09-06T09:24:37.100+0000] {dagbag.py:588} INFO - Filling up the DagBag from /home/airflow/.local/lib/python3.12/site-packages/airflow/example_dags/example_branch_operator.py
[2026-09-06T09:24:37.118+0000] {processor.py:925} INFO - DAG(s) 'example_branch_operator' retrieved from /home/airflow/.local/lib/python3.12/site-packages/airflow/example_dags/example_branch_operator.py
[2026-09-06T09:24:37.141+0000] {logging_mixin.py:190} INFO - [2026-09-06T09:24:37.141+0000] {dag.py:3239} INFO - Sync 1 DAGs
[2026-09-06T09:24:37.160+0000] {logging_mixin.py:190} INFO - [2026-09-06T09:24:37.160+0000] {dag.py:4180} INFO - Setting next_dagrun for example_branch_operator to 2026-09-05 00:00:00+00:00, run_after=2026-09-06 00:00:00+00:00
[2026-09-06T09:24:37.175+0000] {processor.py:208} INFO - Processing /home/airflow/.local/lib/python3.12/site-packages/airflow/example_dags/example_branch_operator.py took 0.082 seconds
[2026-09-06T09:25:08.346+0000] {processor.py:186} INFO - Started process (PID=3968) to work on /home/airflow/.local/lib/python3.12/site-packages/airflow/example_dags/example_branch_operator.py
[2026-09-06T09:25:08.347+0000] {processor.py:914} INFO - Processing file /home/airflow/.local/lib/python3.12/site-packages/airflow/example_dags/example_branch_operator.py for tasks to queue
[2026-09-06T09:25:08.350+0000] {logging_mixin.py:190} INFO - [2026-09-06T09:25:08.350+0000] {dagbag.py:588} INFO - Filling up the DagBag from /home/airflow/.local/lib/python3.12/site-packages/airflow/example_dags/example_branch_operator.py
[2026-09-06T09:25:08.366+0000] {processor.py:925} INFO - DAG(s) 'example_branch_operator' retrieved from /home/airflow/.local/lib/python3.12/site-packages/airflow/example_dags/example_branch_operator.py
[2026-09-06T09:25:08.392+0000] {logging_mixin.py:190} INFO - [2026-09-06T09:25:08.392+0000] {dag.py:3239} INFO - Sync 1 DAGs
[2026-09-06T09:25:08.426+0000] {logging_mixin.py:190} INFO - [2026-09-06T09:25:08.426+0000] {dag.py:4180} INFO - Setting next_dagrun for example_branch_operator to 2026-09-05 00:00:00+00:00, run_after=2026-09-06 00:00:00+00:00
[2026-09-06T09:25:08.457+0000] {processor.py:208} INFO - Processing /home/airflow/.local/lib/python3.12/site-packages/airflow/example_dags/example_branch_operator.py took 0.117 seconds
[2026-09-06T09:25:38.828+0000] {processor.py:186} INFO - Started process (PID=4032) to work on /home/airflow/.local/lib/python3.12/site-packages/airflow/example_dags/example_branch_operator.py
[2026-09-06T09:25:38.829+0000] {processor.py:914} INFO - Processing file /home/airflow/.local/lib/python3.12/site-packages/airflow/example_dags/example_branch_operator.py for tasks to queue
[2026-09-06T09:25:38.831+0000] {logging_mixin.py:190} INFO - [2026-09-06T09:25:38.831+0000] {dagbag.py:588} INFO - Filling up the DagBag from /home/airflow/.local/lib/python3.12/site-packages/airflow/example_dags/example_branch_operator.py
[2026-09-06T09:25:38.846+0000] {processor.py:925} INFO - DAG(s) 'example_branch_operator' retrieved from /home/airflow/.local/lib/python3.12/site-packages/airflow/example_dags/example_branch_operator.py
[2026-09-06T09:25:38.867+0000] {logging_mixin.py:190} INFO - [2026-09-06T09:25:38.866+0000] {dag.py:3239} INFO - Sync 1 DAGs
[2026-09-06T09:25:38.884+0000] {logging_mixin.py:190} INFO - [2026-09-06T09:25:38.884+0000] {dag.py:4180} INFO - Setting next_dagrun for example_branch_operator to 2026-09-05 00:00:00+00:00, run_after=2026-09-06 00:00:00+00:00
[2026-09-06T09:25:38.899+0000] {processor.py:208} INFO - Processing /home/airflow/.local/lib/python3.12/site-packages/airflow/example_dags/example_branch_operator.py took 0.076 seconds
[2026-09-06T09:26:09.317+0000] {processor.py:186} INFO - Started process (PID=4096) to work on /home/airflow/.local/lib/python3.12/site-packages/airflow/example_dags/example_branch_operator.py
[2026-09-06T09:26:09.318+0000] {processor.py:914} INFO - Processing file /home/airflow/.local/lib/python3.12/site-packages/airflow/example_dags/example_branch_operator.py for tasks to queue
[2026-09-06T09:26:09.320+0000] {logging_mixin.py:190} INFO - [2026-09-06T09:26:09.319+0000] {dagbag.py:588} INFO - Filling up the DagBag from /home/airflow/.local/lib/python3.12/site-packages/airflow/example_dags/example_branch_operator.py
[2026-09-06T09:26:09.334+0000] {processor.py:925} INFO - DAG(s) 'example_branch_operator' retrieved from /home/airflow/.local/lib/python3.12/site-packages/airflow/example_dags/example_branch_operator.py
[2026-09-06T09:26:09.356+0000] {logging_mixin.py:190} INFO - [2026-09-06T09:26:09.356+0000] {dag.py:3239} INFO - Sync 1 DAGs
[2026-09-06T09:26:09.373+0000] {logging_mixin.py:190} INFO - [2026-09-06T09:26:09.373+0000] {dag.py:4180} INFO - Setting next_dagrun for example_branch_operator to 2026-09-05 00:00:00+00:00, run_after=2026-09-06 00:00:00+00:00
[2026-09-06T09:26:09.388+0000] {processor.py:208} INFO - Processing /home/airflow/.local/lib/python3.12/site-packages/airflow/example_dags/example_branch_operator.py took 0.075 seconds
[2026-09-06T09:26:40.328+0000] {processor.py:186} INFO - Started process (PID=4160) to work on /home/airflow/.local/lib/python3.12/site-packages/airflow/example_dags/example_branch_operator.py
[2026-09-06T09:26:40.329+0000] {processor.py:914} INFO - Processing file /home/airflow/.local/lib/python3.12/site-packages/airflow/example_dags/example_branch_operator.py for tasks to queue
[2026-09-06T09:26:40.331+0000] {logging_mixin.py:190} INFO - [2026-09-06T09:26:40.331+0000] {dagbag.py:588} INFO - Filling up the DagBag from /home/airflow/.local/lib/python3.12/site-packages/airflow/example_dags/example_branch_operator.py
[2026-09-06T09:26:40.345+0000] {processor.py:925} INFO - DAG(s) 'example_branch_operator' retrieved from /home/airflow/.local/lib/python3.12/site-packages/airflow/example_dags/example_branch_operator.py
[2026-09-06T09:26:40.372+0000] {logging_mixin.py:190} INFO - [2026-09-06T09:26:40.371+0000] {dag.py:3239} INFO - Sync 1 DAGs
[2026-09-06T09:26:40.392+0000] {logging_mixin.py:190} INFO - [2026-09-06T09:26:40.392+0000] {dag.py:4180} INFO - Setting next_dagrun for example_branch_operator to 2026-09-05 00:00:00+00:00, run_after=2026-09-06 00:00:00+00:00
[2026-09-06T09:26:40.410+0000] {processor.py:208} INFO - Processing /home/airflow/.local/lib/python3.12/site-packages/airflow/example_dags/example_branch_operator.py took 0.086 seconds
[2026-09-06T09:27:11.429+0000] {processor.py:186} INFO - Started process (PID=4225) to work on /home/airflow/.local/lib/python3.12/site-packages/airflow/example_dags/example_branch_operator.py
[2026-09-06T09:27:11.430+0000] {processor.py:914} INFO - Processing file /home/airflow/.local/lib/python3.12/site-packages/airflow/example_dags/example_branch_operator.py for tasks to queue
[2026-09-06T09:27:11.433+0000] {logging_mixin.py:190} INFO - [2026-09-06T09:27:11.432+0000] {dagbag.py:588} INFO - Filling up the DagBag from /home/airflow/.local/lib/python3.12/site-packages/airflow/example_dags/example_branch_operator.py
[2026-09-06T09:27:11.445+0000] {processor.py:925} INFO - DAG(s) 'example_branch_operator' retrieved from /home/airflow/.local/lib/python3.12/site-packages/airflow/example_dags/example_branch_operator.py
[2026-09-06T09:27:11.466+0000] {logging_mixin.py:190} INFO - [2026-09-06T09:27:11.465+0000] {dag.py:3239} INFO - Sync 1 DAGs
[2026-09-06T09:27:11.482+0000] {logging_mixin.py:190} INFO - [2026-09-06T09:27:11.482+0000] {dag.py:4180} INFO - Setting next_dagrun for example_branch_operator to 2026-09-05 00:00:00+00:00, run_after=2026-09-06 00:00:00+00:00
[2026-09-06T09:27:11.499+0000] {processor.py:208} INFO - Processing /home/airflow/.local/lib/python3.12/site-packages/airflow/example_dags/example_branch_operator.py took 0.074 seconds
[2026-09-06T09:27:42.180+0000] {processor.py:186} INFO - Started process (PID=4289) to work on /home/airflow/.local/lib/python3.12/site-packages/airflow/example_dags/example_branch_operator.py
[2026-09-06T09:27:42.181+0000] {processor.py:914} INFO - Processing file /home/airflow/.local/lib/python3.12/site-packages/airflow/example_dags/example_branch_operator.py for tasks to queue
[2026-09-06T09:27:42.184+0000] {logging_mixin.py:190} INFO - [2026-09-06T09:27:42.184+0000] {dagbag.py:588} INFO - Filling up the DagBag from /home/airflow/.local/lib/python3.12/site-packages/airflow/example_dags/example_branch_operator.py
[2026-09-06T09:27:42.202+0000] {processor.py:925} INFO - DAG(s) 'example_branch_operator' retrieved from /home/airflow/.local/lib/python3.12/site-packages/airflow/example_dags/example_branch_operator.py
[2026-09-06T09:27:42.228+0000] {logging_mixin.py:190} INFO - [2026-09-06T09:27:42.227+0000] {dag.py:3239} INFO - Sync 1 DAGs
[2026-09-06T09:27:42.250+0000] {logging_mixin.py:190} INFO - [2026-09-06T09:27:42.250+0000] {dag.py:4180} INFO - Setting next_dagrun for example_branch_operator to 2026-09-05 00:00:00+00:00, run_after=2026-09-06 00:00:00+00:00
[2026-09-06T09:27:42.270+0000] {processor.py:208} INFO - Processing /home/airflow/.local/lib/python3.12/site-packages/airflow/example_dags/example_branch_operator.py took 0.099 seconds
[2026-09-06T09:28:12.719+0000] {processor.py:186} INFO - Started process (PID=4352) to work on /home/airflow/.local/lib/python3.12/site-packages/airflow/example_dags/example_branch_operator.py
[2026-09-06T09:28:12.720+0000] {processor.py:914} INFO - Processing file /home/airflow/.local/lib/python3.12/site-packages/airflow/example_dags/example_branch_operator.py for tasks to queue
[2026-09-06T09:28:12.723+0000] {logging_mixin.py:190} INFO - [2026-09-06T09:28:12.722+0000] {dagbag.py:588} INFO - Filling up the DagBag from /home/airflow/.local/lib/python3.12/site-packages/airflow/example_dags/example_branch_operator.py
[2026-09-06T09:28:12.738+0000] {processor.py:925} INFO - DAG(s) 'example_branch_operator' retrieved from /home/airflow/.local/lib/python3.12/site-packages/airflow/example_dags/example_branch_operator.py
[2026-09-06T09:28:12.764+0000] {logging_mixin.py:190} INFO - [2026-09-06T09:28:12.764+0000] {dag.py:3239} INFO - Sync 1 DAGs
[2026-09-06T09:28:12.786+0000] {logging_mixin.py:190} INFO - [2026-09-06T09:28:12.786+0000] {dag.py:4180} INFO - Setting next_dagrun for example_branch_operator to 2026-09-05 00:00:00+00:00, run_after=2026-09-06 00:00:00+00:00
[2026-09-06T09:28:12.803+0000] {processor.py:208} INFO - Processing /home/airflow/.local/lib/python3.12/site-packages/airflow/example_dags/example_branch_operator.py took 0.089 seconds
[2026-09-06T09:28:43.228+0000] {processor.py:186} INFO - Started process (PID=4416) to work on /home/airflow/.local/lib/python3.12/site-packages/airflow/example_dags/example_branch_operator.py
[2026-09-06T09:28:43.229+0000] {processor.py:914} INFO - Processing file /home/airflow/.local/lib/python3.12/site-packages/airflow/example_dags/example_branch_operator.py for tasks to queue
[2026-09-06T09:28:43.232+0000] {logging_mixin.py:190} INFO - [2026-09-06T09:28:43.232+0000] {dagbag.py:588} INFO - Filling up the DagBag from /home/airflow/.local/lib/python3.12/site-packages/airflow/example_dags/example_branch_operator.py
[2026-09-06T09:28:43.248+0000] {processor.py:925} INFO - DAG(s) 'example_branch_operator' retrieved from /home/airflow/.local/lib/python3.12/site-packages/airflow/example_dags/example_branch_operator.py
[2026-09-06T09:28:43.269+0000] {logging_mixin.py:190} INFO - [2026-09-06T09:28:43.269+0000] {dag.py:3239} INFO - Sync 1 DAGs
[2026-09-06T09:28:43.289+0000] {logging_mixin.py:190} INFO - [2026-09-06T09:28:43.289+0000] {dag.py:4180} INFO - Setting next_dagrun for example_branch_operator to 2026-09-05 00:00:00+00:00, run_after=2026-09-06 00:00:00+00:00
[2026-09-06T09:28:43.303+0000] {processor.py:208} INFO - Processing /home/airflow/.local/lib/python3.12/site-packages/airflow/example_dags/example_branch_operator.py took 0.080 seconds
[2026-09-06T09:29:13.615+0000] {processor.py:186} INFO - Started process (PID=4480) to work on /home/airflow/.local/lib/python3.12/site-packages/airflow/example_dags/example_branch_operator.py
[2026-09-06T09:29:13.616+0000] {processor.py:914} INFO - Processing file /home/airflow/.local/lib/python3.12/site-packages/airflow/example_dags/example_branch_operator.py for tasks to queue
[2026-09-06T09:29:13.619+0000] {logging_mixin.py:190} INFO - [2026-09-06T09:29:13.618+0000] {dagbag.py:588} INFO - Filling up the DagBag from /home/airflow/.local/lib/python3.12/site-packages/airflow/example_dags/example_branch_operator.py
[2026-09-06T09:29:13.635+0000] {processor.py:925} INFO - DAG(s) 'example_branch_operator' retrieved from /home/airflow/.local/lib/python3.12/site-packages/airflow/example_dags/example_branch_operator.py
[2026-09-06T09:29:13.659+0000] {logging_mixin.py:190} INFO - [2026-09-06T09:29:13.659+0000] {dag.py:3239} INFO - Sync 1 DAGs
[2026-09-06T09:29:13.678+0000] {logging_mixin.py:190} INFO - [2026-09-06T09:29:13.677+0000] {dag.py:4180} INFO - Setting next_dagrun for example_branch_operator to 2026-09-05 00:00:00+00:00, run_after=2026-09-06 00:00:00+00:00
[2026-09-06T09:29:13.692+0000] {processor.py:208} INFO - Processing /home/airflow/.local/lib/python3.12/site-packages/airflow/example_dags/example_branch_operator.py took 0.082 seconds
[2026-09-06T09:29:44.311+0000] {processor.py:186} INFO - Started process (PID=4544) to work on /home/airflow/.local/lib/python3.12/site-packages/airflow/example_dags/example_branch_operator.py
[2026-09-06T09:29:44.313+0000] {processor.py:914} INFO - Processing file /home/airflow/.local/lib/python3.12/site-packages/airflow/example_dags/example_branch_operator.py for tasks to queue
[2026-09-06T09:29:44.316+0000] {logging_mixin.py:190} INFO - [2026-09-06T09:29:44.316+0000] {dagbag.py:588} INFO - Filling up the DagBag from /home/airflow/.local/lib/python3.12/site-packages/airflow/example_dags/example_branch_operator.py
[2026-09-06T09:29:44.335+0000] {processor.py:925} INFO - DAG(s) 'example_branch_operator' retrieved from /home/airflow/.local/lib/python3.12/site-packages/airflow/example_dags/example_branch_operator.py
[2026-09-06T09:29:44.361+0000] {logging_mixin.py:190} INFO - [2026-09-06T09:29:44.361+0000] {dag.py:3239} INFO - Sync 1 DAGs
[2026-09-06T09:29:44.378+0000] {logging_mixin.py:190} INFO - [2026-09-06T09:29:44.378+0000] {dag.py:4180} INFO - Setting next_dagrun for example_branch_operator to 2026-09-05 00:00:00+00:00, run_after=2026-09-06 00:00:00+00:00
[2026-09-06T09:29:44.394+0000] {processor.py:208} INFO - Processing /home/airflow/.local/lib/python3.12/site-packages/airflow/example_dags/example_branch_operator.py took 0.089 seconds
[2026-09-06T09:30:14.824+0000] {processor.py:186} INFO - Started process (PID=4608) to work on /home/airflow/.local/lib/python3.12/site-packages/airflow/example_dags/example_branch_operator.py
[2026-09-06T09:30:14.826+0000] {processor.py:914} INFO - Processing file /home/airflow/.local/lib/python3.12/site-packages/airflow/example_dags/example_branch_operator.py for tasks to queue
[2026-09-06T09:30:14.828+0000] {logging_mixin.py:190} INFO - [2026-09-06T09:30:14.828+0000] {dagbag.py:588} INFO - Filling up the DagBag from /home/airflow/.local/lib/python3.12/site-packages/airflow/example_dags/example_branch_operator.py
[2026-09-06T09:30:14.843+0000] {processor.py:925} INFO - DAG(s) 'example_branch_operator' retrieved from /home/airflow/.local/lib/python3.12/site-packages/airflow/example_dags/example_branch_operator.py
[2026-09-06T09:30:14.867+0000] {logging_mixin.py:190} INFO - [2026-09-06T09:30:14.867+0000] {dag.py:3239} INFO - Sync 1 DAGs
[2026-09-06T09:30:14.887+0000] {logging_mixin.py:190} INFO - [2026-09-06T09:30:14.886+0000] {dag.py:4180} INFO - Setting next_dagrun for example_branch_operator to 2026-09-05 00:00:00+00:00, run_after=2026-09-06 00:00:00+00:00
[2026-09-06T09:30:14.902+0000] {processor.py:208} INFO - Processing /home/airflow/.local/lib/python3.12/site-packages/airflow/example_dags/example_branch_operator.py took 0.083 seconds
[2026-09-06T09:30:45.491+0000] {processor.py:186} INFO - Started process (PID=4672) to work on /home/airflow/.local/lib/python3.12/site-packages/airflow/example_dags/example_branch_operator.py
[2026-09-06T09:30:45.492+0000] {processor.py:914} INFO - Processing file /home/airflow/.local/lib/python3.12/site-packages/airflow/example_dags/example_branch_operator.py for tasks to queue
[2026-09-06T09:30:45.495+0000] {logging_mixin.py:190} INFO - [2026-09-06T09:30:45.495+0000] {dagbag.py:588} INFO - Filling up the DagBag from /home/airflow/.local/lib/python3.12/site-packages/airflow/example_dags/example_branch_operator.py
[2026-09-06T09:30:45.511+0000] {processor.py:925} INFO - DAG(s) 'example_branch_operator' retrieved from /home/airflow/.local/lib/python3.12/site-packages/airflow/example_dags/example_branch_operator.py
[2026-09-06T09:30:45.536+0000] {logging_mixin.py:190} INFO - [2026-09-06T09:30:45.535+0000] {dag.py:3239} INFO - Sync 1 DAGs
[2026-09-06T09:30:45.558+0000] {logging_mixin.py:190} INFO - [2026-09-06T09:30:45.558+0000] {dag.py:4180} INFO - Setting next_dagrun for example_branch_operator to 2026-09-05 00:00:00+00:00, run_after=2026-09-06 00:00:00+00:00
[2026-09-06T09:30:45.575+0000] {processor.py:208} INFO - Processing /home/airflow/.local/lib/python3.12/site-packages/airflow/example_dags/example_branch_operator.py took 0.090 seconds
[2026-09-06T09:31:15.953+0000] {processor.py:186} INFO - Started process (PID=4736) to work on /home/airflow/.local/lib/python3.12/site-packages/airflow/example_dags/example_branch_operator.py
[2026-09-06T09:31:15.954+0000] {processor.py:914} INFO - Processing file /home/airflow/.local/lib/python3.12/site-packages/airflow/example_dags/example_branch_operator.py for tasks to queue
[2026-09-06T09:31:15.956+0000] {logging_mixin.py:190} INFO - [2026-09-06T09:31:15.956+0000] {dagbag.py:588} INFO - Filling up the DagBag from /home/airflow/.local/lib/python3.12/site-packages/airflow/example_dags/example_branch_operator.py
[2026-09-06T09:31:15.974+0000] {processor.py:925} INFO - DAG(s) 'example_branch_operator' retrieved from /home/airflow/.local/lib/python3.12/site-packages/airflow/example_dags/example_branch_operator.py
[2026-09-06T09:31:16.003+0000] {logging_mixin.py:190} INFO - [2026-09-06T09:31:16.002+0000] {dag.py:3239} INFO - Sync 1 DAGs
[2026-09-06T09:31:16.024+0000] {logging_mixin.py:190} INFO - [2026-09-06T09:31:16.024+0000] {dag.py:4180} INFO - Setting next_dagrun for example_branch_operator to 2026-09-05 00:00:00+00:00, run_after=2026-09-06 00:00:00+00:00
[2026-09-06T09:31:16.039+0000] {processor.py:208} INFO - Processing /home/airflow/.local/lib/python3.12/site-packages/airflow/example_dags/example_branch_operator.py took 0.090 seconds
[2026-09-06T09:31:46.156+0000] {processor.py:186} INFO - Started process (PID=4799) to work on /home/airflow/.local/lib/python3.12/site-packages/airflow/example_dags/example_branch_operator.py
[2026-09-06T09:31:46.157+0000] {processor.py:914} INFO - Processing file /home/airflow/.local/lib/python3.12/site-packages/airflow/example_dags/example_branch_operator.py for tasks to queue
[2026-09-06T09:31:46.159+0000] {logging_mixin.py:190} INFO - [2026-09-06T09:31:46.159+0000] {dagbag.py:588} INFO - Filling up the DagBag from /home/airflow/.local/lib/python3.12/site-packages/airflow/example_dags/example_branch_operator.py
[2026-09-06T09:31:46.175+0000] {processor.py:925} INFO - DAG(s) 'example_branch_operator' retrieved from /home/airflow/.local/lib/python3.12/site-packages/airflow/example_dags/example_branch_operator.py
[2026-09-06T09:31:46.197+0000] {logging_mixin.py:190} INFO - [2026-09-06T09:31:46.196+0000] {dag.py:3239} INFO - Sync 1 DAGs
[2026-09-06T09:31:46.218+0000] {logging_mixin.py:190} INFO - [2026-09-06T09:31:46.218+0000] {dag.py:4180} INFO - Setting next_dagrun for example_branch_operator to 2026-09-05 00:00:00+00:00, run_after=2026-09-06 00:00:00+00:00
[2026-09-06T09:31:46.233+0000] {processor.py:208} INFO - Processing /home/airflow/.local/lib/python3.12/site-packages/airflow/example_dags/example_branch_operator.py took 0.082 seconds
[2026-09-06T09:32:16.543+0000] {processor.py:186} INFO - Started process (PID=4863) to work on /home/airflow/.local/lib/python3.12/site-packages/airflow/example_dags/example_branch_operator.py
[2026-09-06T09:32:16.545+0000] {processor.py:914} INFO - Processing file /home/airflow/.local/lib/python3.12/site-packages/airflow/example_dags/example_branch_operator.py for tasks to queue
[2026-09-06T09:32:16.548+0000] {logging_mixin.py:190} INFO - [2026-09-06T09:32:16.547+0000] {dagbag.py:588} INFO - Filling up the DagBag from /home/airflow/.local/lib/python3.12/site-packages/airflow/example_dags/example_branch_operator.py
[2026-09-06T09:32:16.564+0000] {processor.py:925} INFO - DAG(s) 'example_branch_operator' retrieved from /home/airflow/.local/lib/python3.12/site-packages/airflow/example_dags/example_branch_operator.py
[2026-09-06T09:32:16.588+0000] {logging_mixin.py:190} INFO - [2026-09-06T09:32:16.588+0000] {dag.py:3239} INFO - Sync 1 DAGs
[2026-09-06T09:32:16.622+0000] {logging_mixin.py:190} INFO - [2026-09-06T09:32:16.622+0000] {dag.py:4180} INFO - Setting next_dagrun for example_branch_operator to 2026-09-05 00:00:00+00:00, run_after=2026-09-06 00:00:00+00:00
[2026-09-06T09:32:16.645+0000] {processor.py:208} INFO - Processing /home/airflow/.local/lib/python3.12/site-packages/airflow/example_dags/example_branch_operator.py took 0.109 seconds
[2026-09-06T09:32:46.900+0000] {processor.py:186} INFO - Started process (PID=4927) to work on /home/airflow/.local/lib/python3.12/site-packages/airflow/example_dags/example_branch_operator.py
[2026-09-06T09:32:46.901+0000] {processor.py:914} INFO - Processing file /home/airflow/.local/lib/python3.12/site-packages/airflow/example_dags/example_branch_operator.py for tasks to queue
[2026-09-06T09:32:46.904+0000] {logging_mixin.py:190} INFO - [2026-09-06T09:32:46.904+0000] {dagbag.py:588} INFO - Filling up the DagBag from /home/airflow/.local/lib/python3.12/site-packages/airflow/example_dags/example_branch_operator.py
[2026-09-06T09:32:46.922+0000] {processor.py:925} INFO - DAG(s) 'example_branch_operator' retrieved from /home/airflow/.local/lib/python3.12/site-packages/airflow/example_dags/example_branch_operator.py
[2026-09-06T09:32:46.951+0000] {logging_mixin.py:190} INFO - [2026-09-06T09:32:46.950+0000] {dag.py:3239} INFO - Sync 1 DAGs
[2026-09-06T09:32:46.970+0000] {logging_mixin.py:190} INFO - [2026-09-06T09:32:46.970+0000] {dag.py:4180} INFO - Setting next_dagrun for example_branch_operator to 2026-09-05 00:00:00+00:00, run_after=2026-09-06 00:00:00+00:00
[2026-09-06T09:32:46.989+0000] {processor.py:208} INFO - Processing /home/airflow/.local/lib/python3.12/site-packages/airflow/example_dags/example_branch_operator.py took 0.095 seconds
[2026-09-06T09:33:17.230+0000] {processor.py:186} INFO - Started process (PID=4990) to work on /home/airflow/.local/lib/python3.12/site-packages/airflow/example_dags/example_branch_operator.py
[2026-09-06T09:33:17.231+0000] {processor.py:914} INFO - Processing file /home/airflow/.local/lib/python3.12/site-packages/airflow/example_dags/example_branch_operator.py for tasks to queue
[2026-09-06T09:33:17.233+0000] {logging_mixin.py:190} INFO - [2026-09-06T09:33:17.233+0000] {dagbag.py:588} INFO - Filling up the DagBag from /home/airflow/.local/lib/python3.12/site-packages/airflow/example_dags/example_branch_operator.py
[2026-09-06T09:33:17.247+0000] {processor.py:925} INFO - DAG(s) 'example_branch_operator' retrieved from /home/airflow/.local/lib/python3.12/site-packages/airflow/example_dags/example_branch_operator.py
[2026-09-06T09:33:17.270+0000] {logging_mixin.py:190} INFO - [2026-09-06T09:33:17.269+0000] {dag.py:3239} INFO - Sync 1 DAGs
[2026-09-06T09:33:17.289+0000] {logging_mixin.py:190} INFO - [2026-09-06T09:33:17.289+0000] {dag.py:4180} INFO - Setting next_dagrun for example_branch_operator to 2026-09-05 00:00:00+00:00, run_after=2026-09-06 00:00:00+00:00
[2026-09-06T09:33:17.308+0000] {processor.py:208} INFO - Processing /home/airflow/.local/lib/python3.12/site-packages/airflow/example_dags/example_branch_operator.py took 0.082 seconds
[2026-09-06T09:33:47.788+0000] {processor.py:186} INFO - Started process (PID=5054) to work on /home/airflow/.local/lib/python3.12/site-packages/airflow/example_dags/example_branch_operator.py
[2026-09-06T09:33:47.797+0000] {processor.py:914} INFO - Processing file /home/airflow/.local/lib/python3.12/site-packages/airflow/example_dags/example_branch_operator.py for tasks to queue
[2026-09-06T09:33:47.807+0000] {logging_mixin.py:190} INFO - [2026-09-06T09:33:47.807+0000] {dagbag.py:588} INFO - Filling up the DagBag from /home/airflow/.local/lib/python3.12/site-packages/airflow/example_dags/example_branch_operator.py
[2026-09-06T09:33:47.831+0000] {processor.py:925} INFO - DAG(s) 'example_branch_operator' retrieved from /home/airflow/.local/lib/python3.12/site-packages/airflow/example_dags/example_branch_operator.py
[2026-09-06T09:33:47.858+0000] {logging_mixin.py:190} INFO - [2026-09-06T09:33:47.858+0000] {dag.py:3239} INFO - Sync 1 DAGs
[2026-09-06T09:33:47.875+0000] {logging_mixin.py:190} INFO - [2026-09-06T09:33:47.875+0000] {dag.py:4180} INFO - Setting next_dagrun for example_branch_operator to 2026-09-05 00:00:00+00:00, run_after=2026-09-06 00:00:00+00:00
[2026-09-06T09:33:47.891+0000] {processor.py:208} INFO - Processing /home/airflow/.local/lib/python3.12/site-packages/airflow/example_dags/example_branch_operator.py took 0.114 seconds
[2026-09-06T09:34:18.212+0000] {processor.py:186} INFO - Started process (PID=5118) to work on /home/airflow/.local/lib/python3.12/site-packages/airflow/example_dags/example_branch_operator.py
[2026-09-06T09:34:18.213+0000] {processor.py:914} INFO - Processing file /home/airflow/.local/lib/python3.12/site-packages/airflow/example_dags/example_branch_operator.py for tasks to queue
[2026-09-06T09:34:18.215+0000] {logging_mixin.py:190} INFO - [2026-09-06T09:34:18.215+0000] {dagbag.py:588} INFO - Filling up the DagBag from /home/airflow/.local/lib/python3.12/site-packages/airflow/example_dags/example_branch_operator.py
[2026-09-06T09:34:18.230+0000] {processor.py:925} INFO - DAG(s) 'example_branch_operator' retrieved from /home/airflow/.local/lib/python3.12/site-packages/airflow/example_dags/example_branch_operator.py
[2026-09-06T09:34:18.253+0000] {logging_mixin.py:190} INFO - [2026-09-06T09:34:18.253+0000] {dag.py:3239} INFO - Sync 1 DAGs
[2026-09-06T09:34:18.272+0000] {logging_mixin.py:190} INFO - [2026-09-06T09:34:18.272+0000] {dag.py:4180} INFO - Setting next_dagrun for example_branch_operator to 2026-09-05 00:00:00+00:00, run_after=2026-09-06 00:00:00+00:00
[2026-09-06T09:34:18.287+0000] {processor.py:208} INFO - Processing /home/airflow/.local/lib/python3.12/site-packages/airflow/example_dags/example_branch_operator.py took 0.080 seconds
[2026-09-06T09:34:48.383+0000] {processor.py:186} INFO - Started process (PID=5182) to work on /home/airflow/.local/lib/python3.12/site-packages/airflow/example_dags/example_branch_operator.py
[2026-09-06T09:34:48.384+0000] {processor.py:914} INFO - Processing file /home/airflow/.local/lib/python3.12/site-packages/airflow/example_dags/example_branch_operator.py for tasks to queue
[2026-09-06T09:34:48.386+0000] {logging_mixin.py:190} INFO - [2026-09-06T09:34:48.385+0000] {dagbag.py:588} INFO - Filling up the DagBag from /home/airflow/.local/lib/python3.12/site-packages/airflow/example_dags/example_branch_operator.py
[2026-09-06T09:34:48.399+0000] {processor.py:925} INFO - DAG(s) 'example_branch_operator' retrieved from /home/airflow/.local/lib/python3.12/site-packages/airflow/example_dags/example_branch_operator.py
[2026-09-06T09:34:48.419+0000] {logging_mixin.py:190} INFO - [2026-09-06T09:34:48.419+0000] {dag.py:3239} INFO - Sync 1 DAGs
[2026-09-06T09:34:48.436+0000] {logging_mixin.py:190} INFO - [2026-09-06T09:34:48.436+0000] {dag.py:4180} INFO - Setting next_dagrun for example_branch_operator to 2026-09-05 00:00:00+00:00, run_after=2026-09-06 00:00:00+00:00
[2026-09-06T09:34:48.450+0000] {processor.py:208} INFO - Processing /home/airflow/.local/lib/python3.12/site-packages/airflow/example_dags/example_branch_operator.py took 0.072 seconds
[2026-09-06T09:35:19.519+0000] {processor.py:186} INFO - Started process (PID=5245) to work on /home/airflow/.local/lib/python3.12/site-packages/airflow/example_dags/example_branch_operator.py
[2026-09-06T09:35:19.520+0000] {processor.py:914} INFO - Processing file /home/airflow/.local/lib/python3.12/site-packages/airflow/example_dags/example_branch_operator.py for tasks to queue
[2026-09-06T09:35:19.522+0000] {logging_mixin.py:190} INFO - [2026-09-06T09:35:19.522+0000] {dagbag.py:588} INFO - Filling up the DagBag from /home/airflow/.local/lib/python3.12/site-packages/airflow/example_dags/example_branch_operator.py
[2026-09-06T09:35:19.538+0000] {processor.py:925} INFO - DAG(s) 'example_branch_operator' retrieved from /home/airflow/.local/lib/python3.12/site-packages/airflow/example_dags/example_branch_operator.py
[2026-09-06T09:35:19.569+0000] {logging_mixin.py:190} INFO - [2026-09-06T09:35:19.569+0000] {dag.py:3239} INFO - Sync 1 DAGs
[2026-09-06T09:35:19.592+0000] {logging_mixin.py:190} INFO - [2026-09-06T09:35:19.592+0000] {dag.py:4180} INFO - Setting next_dagrun for example_branch_operator to 2026-09-05 00:00:00+00:00, run_after=2026-09-06 00:00:00+00:00
[2026-09-06T09:35:19.610+0000] {processor.py:208} INFO - Processing /home/airflow/.local/lib/python3.12/site-packages/airflow/example_dags/example_branch_operator.py took 0.097 seconds
[2026-09-06T09:35:49.968+0000] {processor.py:186} INFO - Started process (PID=5309) to work on /home/airflow/.local/lib/python3.12/site-packages/airflow/example_dags/example_branch_operator.py
[2026-09-06T09:35:49.970+0000] {processor.py:914} INFO - Processing file /home/airflow/.local/lib/python3.12/site-packages/airflow/example_dags/example_branch_operator.py for tasks to queue
[2026-09-06T09:35:49.972+0000] {logging_mixin.py:190} INFO - [2026-09-06T09:35:49.972+0000] {dagbag.py:588} INFO - Filling up the DagBag from /home/airflow/.local/lib/python3.12/site-packages/airflow/example_dags/example_branch_operator.py
[2026-09-06T09:35:49.987+0000] {processor.py:925} INFO - DAG(s) 'example_branch_operator' retrieved from /home/airflow/.local/lib/python3.12/site-packages/airflow/example_dags/example_branch_operator.py
[2026-09-06T09:35:50.010+0000] {logging_mixin.py:190} INFO - [2026-09-06T09:35:50.010+0000] {dag.py:3239} INFO - Sync 1 DAGs
[2026-09-06T09:35:50.030+0000] {logging_mixin.py:190} INFO - [2026-09-06T09:35:50.030+0000] {dag.py:4180} INFO - Setting next_dagrun for example_branch_operator to 2026-09-05 00:00:00+00:00, run_after=2026-09-06 00:00:00+00:00
[2026-09-06T09:35:50.045+0000] {processor.py:208} INFO - Processing /home/airflow/.local/lib/python3.12/site-packages/airflow/example_dags/example_branch_operator.py took 0.082 seconds
[2026-09-06T09:36:21.028+0000] {processor.py:186} INFO - Started process (PID=5373) to work on /home/airflow/.local/lib/python3.12/site-packages/airflow/example_dags/example_branch_operator.py
[2026-09-06T09:36:21.029+0000] {processor.py:914} INFO - Processing file /home/airflow/.local/lib/python3.12/site-packages/airflow/example_dags/example_branch_operator.py for tasks to queue
[2026-09-06T09:36:21.032+0000] {logging_mixin.py:190} INFO - [2026-09-06T09:36:21.031+0000] {dagbag.py:588} INFO - Filling up the DagBag from /home/airflow/.local/lib/python3.12/site-packages/airflow/example_dags/example_branch_operator.py
[2026-09-06T09:36:21.045+0000] {processor.py:925} INFO - DAG(s) 'example_branch_operator' retrieved from /home/airflow/.local/lib/python3.12/site-packages/airflow/example_dags/example_branch_operator.py
[2026-09-06T09:36:21.068+0000] {logging_mixin.py:190} INFO - [2026-09-06T09:36:21.068+0000] {dag.py:3239} INFO - Sync 1 DAGs
[2026-09-06T09:36:21.087+0000] {logging_mixin.py:190} INFO - [2026-09-06T09:36:21.086+0000] {dag.py:4180} INFO - Setting next_dagrun for example_branch_operator to 2026-09-05 00:00:00+00:00, run_after=2026-09-06 00:00:00+00:00
[2026-09-06T09:36:21.107+0000] {processor.py:208} INFO - Processing /home/airflow/.local/lib/python3.12/site-packages/airflow/example_dags/example_branch_operator.py took 0.083 seconds
[2026-09-06T09:36:51.209+0000] {processor.py:186} INFO - Started process (PID=5436) to work on /home/airflow/.local/lib/python3.12/site-packages/airflow/example_dags/example_branch_operator.py
[2026-09-06T09:36:51.210+0000] {processor.py:914} INFO - Processing file /home/airflow/.local/lib/python3.12/site-packages/airflow/example_dags/example_branch_operator.py for tasks to queue
[2026-09-06T09:36:51.212+0000] {logging_mixin.py:190} INFO - [2026-09-06T09:36:51.212+0000] {dagbag.py:588} INFO - Filling up the DagBag from /home/airflow/.local/lib/python3.12/site-packages/airflow/example_dags/example_branch_operator.py
[2026-09-06T09:36:51.225+0000] {processor.py:925} INFO - DAG(s) 'example_branch_operator' retrieved from /home/airflow/.local/lib/python3.12/site-packages/airflow/example_dags/example_branch_operator.py
[2026-09-06T09:36:51.245+0000] {logging_mixin.py:190} INFO - [2026-09-06T09:36:51.245+0000] {dag.py:3239} INFO - Sync 1 DAGs
[2026-09-06T09:36:51.263+0000] {logging_mixin.py:190} INFO - [2026-09-06T09:36:51.262+0000] {dag.py:4180} INFO - Setting next_dagrun for example_branch_operator to 2026-09-05 00:00:00+00:00, run_after=2026-09-06 00:00:00+00:00
[2026-09-06T09:36:51.278+0000] {processor.py:208} INFO - Processing /home/airflow/.local/lib/python3.12/site-packages/airflow/example_dags/example_branch_operator.py took 0.073 seconds
[2026-09-06T09:37:22.343+0000] {processor.py:186} INFO - Started process (PID=5501) to work on /home/airflow/.local/lib/python3.12/site-packages/airflow/example_dags/example_branch_operator.py
[2026-09-06T09:37:22.344+0000] {processor.py:914} INFO - Processing file /home/airflow/.local/lib/python3.12/site-packages/airflow/example_dags/example_branch_operator.py for tasks to queue
[2026-09-06T09:37:22.346+0000] {logging_mixin.py:190} INFO - [2026-09-06T09:37:22.346+0000] {dagbag.py:588} INFO - Filling up the DagBag from /home/airflow/.local/lib/python3.12/site-packages/airflow/example_dags/example_branch_operator.py
[2026-09-06T09:37:22.359+0000] {processor.py:925} INFO - DAG(s) 'example_branch_operator' retrieved from /home/airflow/.local/lib/python3.12/site-packages/airflow/example_dags/example_branch_operator.py
[2026-09-06T09:37:22.380+0000] {logging_mixin.py:190} INFO - [2026-09-06T09:37:22.380+0000] {dag.py:3239} INFO - Sync 1 DAGs
[2026-09-06T09:37:22.397+0000] {logging_mixin.py:190} INFO - [2026-09-06T09:37:22.396+0000] {dag.py:4180} INFO - Setting next_dagrun for example_branch_operator to 2026-09-05 00:00:00+00:00, run_after=2026-09-06 00:00:00+00:00
[2026-09-06T09:37:22.411+0000] {processor.py:208} INFO - Processing /home/airflow/.local/lib/python3.12/site-packages/airflow/example_dags/example_branch_operator.py took 0.073 seconds
[2026-09-06T09:37:52.558+0000] {processor.py:186} INFO - Started process (PID=5564) to work on /home/airflow/.local/lib/python3.12/site-packages/airflow/example_dags/example_branch_operator.py
[2026-09-06T09:37:52.559+0000] {processor.py:914} INFO - Processing file /home/airflow/.local/lib/python3.12/site-packages/airflow/example_dags/example_branch_operator.py for tasks to queue
[2026-09-06T09:37:52.561+0000] {logging_mixin.py:190} INFO - [2026-09-06T09:37:52.561+0000] {dagbag.py:588} INFO - Filling up the DagBag from /home/airflow/.local/lib/python3.12/site-packages/airflow/example_dags/example_branch_operator.py
[2026-09-06T09:37:52.574+0000] {processor.py:925} INFO - DAG(s) 'example_branch_operator' retrieved from /home/airflow/.local/lib/python3.12/site-packages/airflow/example_dags/example_branch_operator.py
[2026-09-06T09:37:52.594+0000] {logging_mixin.py:190} INFO - [2026-09-06T09:37:52.593+0000] {dag.py:3239} INFO - Sync 1 DAGs
[2026-09-06T09:37:52.609+0000] {logging_mixin.py:190} INFO - [2026-09-06T09:37:52.609+0000] {dag.py:4180} INFO - Setting next_dagrun for example_branch_operator to 2026-09-05 00:00:00+00:00, run_after=2026-09-06 00:00:00+00:00
[2026-09-06T09:37:52.622+0000] {processor.py:208} INFO - Processing /home/airflow/.local/lib/python3.12/site-packages/airflow/example_dags/example_branch_operator.py took 0.069 seconds
[2026-09-06T09:38:22.744+0000] {processor.py:186} INFO - Started process (PID=5629) to work on /home/airflow/.local/lib/python3.12/site-packages/airflow/example_dags/example_branch_operator.py
[2026-09-06T09:38:22.745+0000] {processor.py:914} INFO - Processing file /home/airflow/.local/lib/python3.12/site-packages/airflow/example_dags/example_branch_operator.py for tasks to queue
[2026-09-06T09:38:22.748+0000] {logging_mixin.py:190} INFO - [2026-09-06T09:38:22.747+0000] {dagbag.py:588} INFO - Filling up the DagBag from /home/airflow/.local/lib/python3.12/site-packages/airflow/example_dags/example_branch_operator.py
[2026-09-06T09:38:22.761+0000] {processor.py:925} INFO - DAG(s) 'example_branch_operator' retrieved from /home/airflow/.local/lib/python3.12/site-packages/airflow/example_dags/example_branch_operator.py
[2026-09-06T09:38:22.781+0000] {logging_mixin.py:190} INFO - [2026-09-06T09:38:22.781+0000] {dag.py:3239} INFO - Sync 1 DAGs
[2026-09-06T09:38:22.798+0000] {logging_mixin.py:190} INFO - [2026-09-06T09:38:22.797+0000] {dag.py:4180} INFO - Setting next_dagrun for example_branch_operator to 2026-09-05 00:00:00+00:00, run_after=2026-09-06 00:00:00+00:00
[2026-09-06T09:38:22.811+0000] {processor.py:208} INFO - Processing /home/airflow/.local/lib/python3.12/site-packages/airflow/example_dags/example_branch_operator.py took 0.072 seconds
[2026-09-06T09:38:53.175+0000] {processor.py:186} INFO - Started process (PID=5692) to work on /home/airflow/.local/lib/python3.12/site-packages/airflow/example_dags/example_branch_operator.py
[2026-09-06T09:38:53.176+0000] {processor.py:914} INFO - Processing file /home/airflow/.local/lib/python3.12/site-packages/airflow/example_dags/example_branch_operator.py for tasks to queue
[2026-09-06T09:38:53.178+0000] {logging_mixin.py:190} INFO - [2026-09-06T09:38:53.178+0000] {dagbag.py:588} INFO - Filling up the DagBag from /home/airflow/.local/lib/python3.12/site-packages/airflow/example_dags/example_branch_operator.py
[2026-09-06T09:38:53.191+0000] {processor.py:925} INFO - DAG(s) 'example_branch_operator' retrieved from /home/airflow/.local/lib/python3.12/site-packages/airflow/example_dags/example_branch_operator.py
[2026-09-06T09:38:53.209+0000] {logging_mixin.py:190} INFO - [2026-09-06T09:38:53.209+0000] {dag.py:3239} INFO - Sync 1 DAGs
[2026-09-06T09:38:53.226+0000] {logging_mixin.py:190} INFO - [2026-09-06T09:38:53.226+0000] {dag.py:4180} INFO - Setting next_dagrun for example_branch_operator to 2026-09-05 00:00:00+00:00, run_after=2026-09-06 00:00:00+00:00
[2026-09-06T09:38:53.240+0000] {processor.py:208} INFO - Processing /home/airflow/.local/lib/python3.12/site-packages/airflow/example_dags/example_branch_operator.py took 0.069 seconds
[2026-09-06T09:39:24.069+0000] {processor.py:186} INFO - Started process (PID=5756) to work on /home/airflow/.local/lib/python3.12/site-packages/airflow/example_dags/example_branch_operator.py
[2026-09-06T09:39:24.070+0000] {processor.py:914} INFO - Processing file /home/airflow/.local/lib/python3.12/site-packages/airflow/example_dags/example_branch_operator.py for tasks to queue
[2026-09-06T09:39:24.072+0000] {logging_mixin.py:190} INFO - [2026-09-06T09:39:24.072+0000] {dagbag.py:588} INFO - Filling up the DagBag from /home/airflow/.local/lib/python3.12/site-packages/airflow/example_dags/example_branch_operator.py
[2026-09-06T09:39:24.086+0000] {processor.py:925} INFO - DAG(s) 'example_branch_operator' retrieved from /home/airflow/.local/lib/python3.12/site-packages/airflow/example_dags/example_branch_operator.py
[2026-09-06T09:39:24.104+0000] {logging_mixin.py:190} INFO - [2026-09-06T09:39:24.104+0000] {dag.py:3239} INFO - Sync 1 DAGs
[2026-09-06T09:39:24.121+0000] {logging_mixin.py:190} INFO - [2026-09-06T09:39:24.121+0000] {dag.py:4180} INFO - Setting next_dagrun for example_branch_operator to 2026-09-05 00:00:00+00:00, run_after=2026-09-06 00:00:00+00:00
[2026-09-06T09:39:24.135+0000] {processor.py:208} INFO - Processing /home/airflow/.local/lib/python3.12/site-packages/airflow/example_dags/example_branch_operator.py took 0.070 seconds
[2026-09-06T09:39:54.219+0000] {processor.py:186} INFO - Started process (PID=5819) to work on /home/airflow/.local/lib/python3.12/site-packages/airflow/example_dags/example_branch_operator.py
[2026-09-06T09:39:54.220+0000] {processor.py:914} INFO - Processing file /home/airflow/.local/lib/python3.12/site-packages/airflow/example_dags/example_branch_operator.py for tasks to queue
[2026-09-06T09:39:54.222+0000] {logging_mixin.py:190} INFO - [2026-09-06T09:39:54.222+0000] {dagbag.py:588} INFO - Filling up the DagBag from /home/airflow/.local/lib/python3.12/site-packages/airflow/example_dags/example_branch_operator.py
[2026-09-06T09:39:54.237+0000] {processor.py:925} INFO - DAG(s) 'example_branch_operator' retrieved from /home/airflow/.local/lib/python3.12/site-packages/airflow/example_dags/example_branch_operator.py
[2026-09-06T09:39:54.259+0000] {logging_mixin.py:190} INFO - [2026-09-06T09:39:54.259+0000] {dag.py:3239} INFO - Sync 1 DAGs
[2026-09-06T09:39:54.278+0000] {logging_mixin.py:190} INFO - [2026-09-06T09:39:54.278+0000] {dag.py:4180} INFO - Setting next_dagrun for example_branch_operator to 2026-09-05 00:00:00+00:00, run_after=2026-09-06 00:00:00+00:00
[2026-09-06T09:39:54.293+0000] {processor.py:208} INFO - Processing /home/airflow/.local/lib/python3.12/site-packages/airflow/example_dags/example_branch_operator.py took 0.079 seconds
[2026-09-06T09:40:24.787+0000] {processor.py:186} INFO - Started process (PID=5884) to work on /home/airflow/.local/lib/python3.12/site-packages/airflow/example_dags/example_branch_operator.py
[2026-09-06T09:40:24.788+0000] {processor.py:914} INFO - Processing file /home/airflow/.local/lib/python3.12/site-packages/airflow/example_dags/example_branch_operator.py for tasks to queue
[2026-09-06T09:40:24.790+0000] {logging_mixin.py:190} INFO - [2026-09-06T09:40:24.790+0000] {dagbag.py:588} INFO - Filling up the DagBag from /home/airflow/.local/lib/python3.12/site-packages/airflow/example_dags/example_branch_operator.py
[2026-09-06T09:40:24.809+0000] {processor.py:925} INFO - DAG(s) 'example_branch_operator' retrieved from /home/airflow/.local/lib/python3.12/site-packages/airflow/example_dags/example_branch_operator.py
[2026-09-06T09:40:24.841+0000] {logging_mixin.py:190} INFO - [2026-09-06T09:40:24.840+0000] {dag.py:3239} INFO - Sync 1 DAGs
[2026-09-06T09:40:24.881+0000] {logging_mixin.py:190} INFO - [2026-09-06T09:40:24.880+0000] {dag.py:4180} INFO - Setting next_dagrun for example_branch_operator to 2026-09-05 00:00:00+00:00, run_after=2026-09-06 00:00:00+00:00
[2026-09-06T09:40:24.903+0000] {processor.py:208} INFO - Processing /home/airflow/.local/lib/python3.12/site-packages/airflow/example_dags/example_branch_operator.py took 0.123 seconds
[2026-09-06T09:40:55.041+0000] {processor.py:186} INFO - Started process (PID=5948) to work on /home/airflow/.local/lib/python3.12/site-packages/airflow/example_dags/example_branch_operator.py
[2026-09-06T09:40:55.042+0000] {processor.py:914} INFO - Processing file /home/airflow/.local/lib/python3.12/site-packages/airflow/example_dags/example_branch_operator.py for tasks to queue
[2026-09-06T09:40:55.045+0000] {logging_mixin.py:190} INFO - [2026-09-06T09:40:55.045+0000] {dagbag.py:588} INFO - Filling up the DagBag from /home/airflow/.local/lib/python3.12/site-packages/airflow/example_dags/example_branch_operator.py
[2026-09-06T09:40:55.064+0000] {processor.py:925} INFO - DAG(s) 'example_branch_operator' retrieved from /home/airflow/.local/lib/python3.12/site-packages/airflow/example_dags/example_branch_operator.py
[2026-09-06T09:40:55.106+0000] {logging_mixin.py:190} INFO - [2026-09-06T09:40:55.106+0000] {dag.py:3239} INFO - Sync 1 DAGs
[2026-09-06T09:40:55.137+0000] {logging_mixin.py:190} INFO - [2026-09-06T09:40:55.137+0000] {dag.py:4180} INFO - Setting next_dagrun for example_branch_operator to 2026-09-05 00:00:00+00:00, run_after=2026-09-06 00:00:00+00:00
[2026-09-06T09:40:55.155+0000] {processor.py:208} INFO - Processing /home/airflow/.local/lib/python3.12/site-packages/airflow/example_dags/example_branch_operator.py took 0.121 seconds
[2026-09-06T09:41:25.223+0000] {processor.py:186} INFO - Started process (PID=6011) to work on /home/airflow/.local/lib/python3.12/site-packages/airflow/example_dags/example_branch_operator.py
[2026-09-06T09:41:25.224+0000] {processor.py:914} INFO - Processing file /home/airflow/.local/lib/python3.12/site-packages/airflow/example_dags/example_branch_operator.py for tasks to queue
[2026-09-06T09:41:25.226+0000] {logging_mixin.py:190} INFO - [2026-09-06T09:41:25.226+0000] {dagbag.py:588} INFO - Filling up the DagBag from /home/airflow/.local/lib/python3.12/site-packages/airflow/example_dags/example_branch_operator.py
[2026-09-06T09:41:25.239+0000] {processor.py:925} INFO - DAG(s) 'example_branch_operator' retrieved from /home/airflow/.local/lib/python3.12/site-packages/airflow/example_dags/example_branch_operator.py
[2026-09-06T09:41:25.259+0000] {logging_mixin.py:190} INFO - [2026-09-06T09:41:25.259+0000] {dag.py:3239} INFO - Sync 1 DAGs
[2026-09-06T09:41:25.275+0000] {logging_mixin.py:190} INFO - [2026-09-06T09:41:25.275+0000] {dag.py:4180} INFO - Setting next_dagrun for example_branch_operator to 2026-09-05 00:00:00+00:00, run_after=2026-09-06 00:00:00+00:00
[2026-09-06T09:41:25.290+0000] {processor.py:208} INFO - Processing /home/airflow/.local/lib/python3.12/site-packages/airflow/example_dags/example_branch_operator.py took 0.072 seconds
[2026-09-06T09:41:55.928+0000] {processor.py:186} INFO - Started process (PID=6076) to work on /home/airflow/.local/lib/python3.12/site-packages/airflow/example_dags/example_branch_operator.py
[2026-09-06T09:41:55.929+0000] {processor.py:914} INFO - Processing file /home/airflow/.local/lib/python3.12/site-packages/airflow/example_dags/example_branch_operator.py for tasks to queue
[2026-09-06T09:41:55.931+0000] {logging_mixin.py:190} INFO - [2026-09-06T09:41:55.930+0000] {dagbag.py:588} INFO - Filling up the DagBag from /home/airflow/.local/lib/python3.12/site-packages/airflow/example_dags/example_branch_operator.py
[2026-09-06T09:41:55.943+0000] {processor.py:925} INFO - DAG(s) 'example_branch_operator' retrieved from /home/airflow/.local/lib/python3.12/site-packages/airflow/example_dags/example_branch_operator.py
[2026-09-06T09:41:55.962+0000] {logging_mixin.py:190} INFO - [2026-09-06T09:41:55.962+0000] {dag.py:3239} INFO - Sync 1 DAGs
[2026-09-06T09:41:55.982+0000] {logging_mixin.py:190} INFO - [2026-09-06T09:41:55.982+0000] {dag.py:4180} INFO - Setting next_dagrun for example_branch_operator to 2026-09-05 00:00:00+00:00, run_after=2026-09-06 00:00:00+00:00
[2026-09-06T09:41:55.996+0000] {processor.py:208} INFO - Processing /home/airflow/.local/lib/python3.12/site-packages/airflow/example_dags/example_branch_operator.py took 0.073 seconds
