[2026-09-06T08:54:02.648+0000] {processor.py:186} INFO - Started process (PID=99) to work on /home/airflow/.local/lib/python3.12/site-packages/airflow/example_dags/example_setup_teardown_taskflow.py
[2026-09-06T08:54:02.649+0000] {processor.py:914} INFO - Processing file /home/airflow/.local/lib/python3.12/site-packages/airflow/example_dags/example_setup_teardown_taskflow.py for tasks to queue
[2026-09-06T08:54:02.653+0000] {logging_mixin.py:190} INFO - [2026-09-06T08:54:02.653+0000] {dagbag.py:588} INFO - Filling up the DagBag from /home/airflow/.local/lib/python3.12/site-packages/airflow/example_dags/example_setup_teardown_taskflow.py
[2026-09-06T08:54:02.667+0000] {processor.py:925} INFO - DAG(s) 'example_setup_teardown_taskflow' retrieved from /home/airflow/.local/lib/python3.12/site-packages/airflow/example_dags/example_setup_teardown_taskflow.py
[2026-09-06T08:54:02.751+0000] {logging_mixin.py:190} INFO - [2026-09-06T08:54:02.751+0000] {override.py:1911} INFO - Created Permission View: can edit on DAG:example_setup_teardown_taskflow
[2026-09-06T08:54:02.760+0000] {logging_mixin.py:190} INFO - [2026-09-06T08:54:02.760+0000] {override.py:1911} INFO - Created Permission View: can delete on DAG:example_setup_teardown_taskflow
[2026-09-06T08:54:02.766+0000] {logging_mixin.py:190} INFO - [2026-09-06T08:54:02.766+0000] {override.py:1911} INFO - Created Permission View: can read on DAG:example_setup_teardown_taskflow
[2026-09-06T08:54:02.777+0000] {logging_mixin.py:190} INFO - [2026-09-06T08:54:02.776+0000] {override.py:1911} INFO - Created Permission View: can create on DAG Run:example_setup_teardown_taskflow
[2026-09-06T08:54:02.783+0000] {logging_mixin.py:190} INFO - [2026-09-06T08:54:02.783+0000] {override.py:1911} INFO - Created Permission View: can delete on DAG Run:example_setup_teardown_taskflow
[2026-09-06T08:54:02.792+0000] {logging_mixin.py:190} INFO - [2026-09-06T08:54:02.791+0000] {override.py:1911} INFO - Created Permission View: can read on DAG Run:example_setup_teardown_taskflow
[2026-09-06T08:54:02.798+0000] {logging_mixin.py:190} INFO - [2026-09-06T08:54:02.798+0000] {override.py:1911} INFO - Created Permission View: menu access on DAG Run:example_setup_teardown_taskflow
[2026-09-06T08:54:02.799+0000] {logging_mixin.py:190} INFO - [2026-09-06T08:54:02.799+0000] {dag.py:3239} INFO - Sync 1 DAGs
[2026-09-06T08:54:02.809+0000] {logging_mixin.py:190} INFO - [2026-09-06T08:54:02.809+0000] {dag.py:3262} INFO - Creating ORM DAG for example_setup_teardown_taskflow
[2026-09-06T08:54:02.810+0000] {logging_mixin.py:190} INFO - [2026-09-06T08:54:02.810+0000] {dag.py:4180} INFO - Setting next_dagrun for example_setup_teardown_taskflow to None, run_after=None
[2026-09-06T08:54:02.822+0000] {processor.py:208} INFO - Processing /home/airflow/.local/lib/python3.12/site-packages/airflow/example_dags/example_setup_teardown_taskflow.py took 0.181 seconds
[2026-09-06T08:54:33.531+0000] {processor.py:186} INFO - Started process (PID=162) to work on /home/airflow/.local/lib/python3.12/site-packages/airflow/example_dags/example_setup_teardown_taskflow.py
[2026-09-06T08:54:33.532+0000] {processor.py:914} INFO - Processing file /home/airflow/.local/lib/python3.12/site-packages/airflow/example_dags/example_setup_teardown_taskflow.py for tasks to queue
[2026-09-06T08:54:33.534+0000] {logging_mixin.py:190} INFO - [2026-09-06T08:54:33.534+0000] {dagbag.py:588} INFO - Filling up the DagBag from /home/airflow/.local/lib/python3.12/site-packages/airflow/example_dags/example_setup_teardown_taskflow.py
[2026-09-06T08:54:33.543+0000] {processor.py:925} INFO - DAG(s) 'example_setup_teardown_taskflow' retrieved from /home/airflow/.local/lib/python3.12/site-packages/airflow/example_dags/example_setup_teardown_taskflow.py
[2026-09-06T08:54:33.560+0000] {logging_mixin.py:190} INFO - [2026-09-06T08:54:33.560+0000] {dag.py:3239} INFO - Sync 1 DAGs
[2026-09-06T08:54:33.572+0000] {logging_mixin.py:190} INFO - [2026-09-06T08:54:33.571+0000] {dag.py:4180} INFO - Setting next_dagrun for example_setup_teardown_taskflow to None, run_after=None
[2026-09-06T08:54:33.588+0000] {processor.py:208} INFO - Processing /home/airflow/.local/lib/python3.12/site-packages/airflow/example_dags/example_setup_teardown_taskflow.py took 0.062 seconds
[2026-09-06T08:55:04.399+0000] {processor.py:186} INFO - Started process (PID=225) to work on /home/airflow/.local/lib/python3.12/site-packages/airflow/example_dags/example_setup_teardown_taskflow.py
[2026-09-06T08:55:04.400+0000] {processor.py:914} INFO - Processing file /home/airflow/.local/lib/python3.12/site-packages/airflow/example_dags/example_setup_teardown_taskflow.py for tasks to queue
[2026-09-06T08:55:04.402+0000] {logging_mixin.py:190} INFO - [2026-09-06T08:55:04.402+0000] {dagbag.py:588} INFO - Filling up the DagBag from /home/airflow/.local/lib/python3.12/site-packages/airflow/example_dags/example_setup_teardown_taskflow.py
[2026-09-06T08:55:04.413+0000] {processor.py:925} INFO - DAG(s) 'example_setup_teardown_taskflow' retrieved from /home/airflow/.local/lib/python3.12/site-packages/airflow/example_dags/example_setup_teardown_taskflow.py
[2026-09-06T08:55:04.433+0000] {logging_mixin.py:190} INFO - [2026-09-06T08:55:04.433+0000] {dag.py:3239} INFO - Sync 1 DAGs
[2026-09-06T08:55:04.445+0000] {logging_mixin.py:190} INFO - [2026-09-06T08:55:04.445+0000] {dag.py:4180} INFO - Setting next_dagrun for example_setup_teardown_taskflow to None, run_after=None
[2026-09-06T08:55:04.462+0000] {processor.py:208} INFO - Processing /home/airflow/.local/lib/python3.12/site-packages/airflow/example_dags/example_setup_teardown_taskflow.py took 0.068 seconds
[2026-09-06T08:55:34.761+0000] {processor.py:186} INFO - Started process (PID=287) to work on /home/airflow/.local/lib/python3.12/site-packages/airflow/example_dags/example_setup_teardown_taskflow.py
[2026-09-06T08:55:34.762+0000] {processor.py:914} INFO - Processing file /home/airflow/.local/lib/python3.12/site-packages/airflow/example_dags/example_setup_teardown_taskflow.py for tasks to queue
[2026-09-06T08:55:34.764+0000] {logging_mixin.py:190} INFO - [2026-09-06T08:55:34.764+0000] {dagbag.py:588} INFO - Filling up the DagBag from /home/airflow/.local/lib/python3.12/site-packages/airflow/example_dags/example_setup_teardown_taskflow.py
[2026-09-06T08:55:34.773+0000] {processor.py:925} INFO - DAG(s) 'example_setup_teardown_taskflow' retrieved from /home/airflow/.local/lib/python3.12/site-packages/airflow/example_dags/example_setup_teardown_taskflow.py
[2026-09-06T08:55:34.793+0000] {logging_mixin.py:190} INFO - [2026-09-06T08:55:34.793+0000] {dag.py:3239} INFO - Sync 1 DAGs
[2026-09-06T08:55:34.805+0000] {logging_mixin.py:190} INFO - [2026-09-06T08:55:34.805+0000] {dag.py:4180} INFO - Setting next_dagrun for example_setup_teardown_taskflow to None, run_after=None
[2026-09-06T08:55:34.821+0000] {processor.py:208} INFO - Processing /home/airflow/.local/lib/python3.12/site-packages/airflow/example_dags/example_setup_teardown_taskflow.py took 0.065 seconds
[2026-09-06T08:56:05.494+0000] {processor.py:186} INFO - Started process (PID=350) to work on /home/airflow/.local/lib/python3.12/site-packages/airflow/example_dags/example_setup_teardown_taskflow.py
[2026-09-06T08:56:05.495+0000] {processor.py:914} INFO - Processing file /home/airflow/.local/lib/python3.12/site-packages/airflow/example_dags/example_setup_teardown_taskflow.py for tasks to queue
[2026-09-06T08:56:05.498+0000] {logging_mixin.py:190} INFO - [2026-09-06T08:56:05.497+0000] {dagbag.py:588} INFO - Filling up the DagBag from /home/airflow/.local/lib/python3.12/site-packages/airflow/example_dags/example_setup_teardown_taskflow.py
[2026-09-06T08:56:05.506+0000] {processor.py:925} INFO - DAG(s) 'example_setup_teardown_taskflow' retrieved from /home/airflow/.local/lib/python3.12/site-packages/airflow/example_dags/example_setup_teardown_taskflow.py
[2026-09-06T08:56:05.523+0000] {logging_mixin.py:190} INFO - [2026-09-06T08:56:05.523+0000] {dag.py:3239} INFO - Sync 1 DAGs
[2026-09-06T08:56:05.534+0000] {logging_mixin.py:190} INFO - [2026-09-06T08:56:05.534+0000] {dag.py:4180} INFO - Setting next_dagrun for example_setup_teardown_taskflow to None, run_after=None
[2026-09-06T08:56:05.551+0000] {processor.py:208} INFO - Processing /home/airflow/.local/lib/python3.12/site-packages/airflow/example_dags/example_setup_teardown_taskflow.py took 0.061 seconds
[2026-09-06T08:56:36.119+0000] {processor.py:186} INFO - Started process (PID=413) to work on /home/airflow/.local/lib/python3.12/site-packages/airflow/example_dags/example_setup_teardown_taskflow.py
[2026-09-06T08:56:36.120+0000] {processor.py:914} INFO - Processing file /home/airflow/.local/lib/python3.12/site-packages/airflow/example_dags/example_setup_teardown_taskflow.py for tasks to queue
[2026-09-06T08:56:36.122+0000] {logging_mixin.py:190} INFO - [2026-09-06T08:56:36.122+0000] {dagbag.py:588} INFO - Filling up the DagBag from /home/airflow/.local/lib/python3.12/site-packages/airflow/example_dags/example_setup_teardown_taskflow.py
[2026-09-06T08:56:36.131+0000] {processor.py:925} INFO - DAG(s) 'example_setup_teardown_taskflow' retrieved from /home/airflow/.local/lib/python3.12/site-packages/airflow/example_dags/example_setup_teardown_taskflow.py
[2026-09-06T08:56:36.148+0000] {logging_mixin.py:190} INFO - [2026-09-06T08:56:36.148+0000] {dag.py:3239} INFO - Sync 1 DAGs
[2026-09-06T08:56:36.159+0000] {logging_mixin.py:190} INFO - [2026-09-06T08:56:36.159+0000] {dag.py:4180} INFO - Setting next_dagrun for example_setup_teardown_taskflow to None, run_after=None
[2026-09-06T08:56:36.175+0000] {processor.py:208} INFO - Processing /home/airflow/.local/lib/python3.12/site-packages/airflow/example_dags/example_setup_teardown_taskflow.py took 0.060 seconds
[2026-09-06T08:57:06.242+0000] {processor.py:186} INFO - Started process (PID=476) to work on /home/airflow/.local/lib/python3.12/site-packages/airflow/example_dags/example_setup_teardown_taskflow.py
[2026-09-06T08:57:06.243+0000] {processor.py:914} INFO - Processing file /home/airflow/.local/lib/python3.12/site-packages/airflow/example_dags/example_setup_teardown_taskflow.py for tasks to queue
[2026-09-06T08:57:06.245+0000] {logging_mixin.py:190} INFO - [2026-09-06T08:57:06.245+0000] {dagbag.py:588} INFO - Filling up the DagBag from /home/airflow/.local/lib/python3.12/site-packages/airflow/example_dags/example_setup_teardown_taskflow.py
[2026-09-06T08:57:06.255+0000] {processor.py:925} INFO - DAG(s) 'example_setup_teardown_taskflow' retrieved from /home/airflow/.local/lib/python3.12/site-packages/airflow/example_dags/example_setup_teardown_taskflow.py
[2026-09-06T08:57:06.275+0000] {logging_mixin.py:190} INFO - [2026-09-06T08:57:06.274+0000] {dag.py:3239} INFO - Sync 1 DAGs
[2026-09-06T08:57:06.287+0000] {logging_mixin.py:190} INFO - [2026-09-06T08:57:06.287+0000] {dag.py:4180} INFO - Setting next_dagrun for example_setup_teardown_taskflow to None, run_after=None
[2026-09-06T08:57:06.303+0000] {processor.py:208} INFO - Processing /home/airflow/.local/lib/python3.12/site-packages/airflow/example_dags/example_setup_teardown_taskflow.py took 0.065 seconds
[2026-09-06T08:57:36.828+0000] {processor.py:186} INFO - Started process (PID=539) to work on /home/airflow/.local/lib/python3.12/site-packages/airflow/example_dags/example_setup_teardown_taskflow.py
[2026-09-06T08:57:36.829+0000] {processor.py:914} INFO - Processing file /home/airflow/.local/lib/python3.12/site-packages/airflow/example_dags/example_setup_teardown_taskflow.py for tasks to queue
[2026-09-06T08:57:36.831+0000] {logging_mixin.py:190} INFO - [2026-09-06T08:57:36.831+0000] {dagbag.py:588} INFO - Filling up the DagBag from /home/airflow/.local/lib/python3.12/site-packages/airflow/example_dags/example_setup_teardown_taskflow.py
[2026-09-06T08:57:36.840+0000] {processor.py:925} INFO - DAG(s) 'example_setup_teardown_taskflow' retrieved from /home/airflow/.local/lib/python3.12/site-packages/airflow/example_dags/example_setup_teardown_taskflow.py
[2026-09-06T08:57:36.858+0000] {logging_mixin.py:190} INFO - [2026-09-06T08:57:36.858+0000] {dag.py:3239} INFO - Sync 1 DAGs
[2026-09-06T08:57:36.870+0000] {logging_mixin.py:190} INFO - [2026-09-06T08:57:36.870+0000] {dag.py:4180} INFO - Setting next_dagrun for example_setup_teardown_taskflow to None, run_after=None
[2026-09-06T08:57:36.885+0000] {processor.py:208} INFO - Processing /home/airflow/.local/lib/python3.12/site-packages/airflow/example_dags/example_setup_teardown_taskflow.py took 0.062 seconds
[2026-09-06T08:58:07.842+0000] {processor.py:186} INFO - Started process (PID=602) to work on /home/airflow/.local/lib/python3.12/site-packages/airflow/example_dags/example_setup_teardown_taskflow.py
[2026-09-06T08:58:07.843+0000] {processor.py:914} INFO - Processing file /home/airflow/.local/lib/python3.12/site-packages/airflow/example_dags/example_setup_teardown_taskflow.py for tasks to queue
[2026-09-06T08:58:07.845+0000] {logging_mixin.py:190} INFO - [2026-09-06T08:58:07.845+0000] {dagbag.py:588} INFO - Filling up the DagBag from /home/airflow/.local/lib/python3.12/site-packages/airflow/example_dags/example_setup_teardown_taskflow.py
[2026-09-06T08:58:07.854+0000] {processor.py:925} INFO - DAG(s) 'example_setup_teardown_taskflow' retrieved from /home/airflow/.local/lib/python3.12/site-packages/airflow/example_dags/example_setup_teardown_taskflow.py
[2026-09-06T08:58:07.872+0000] {logging_mixin.py:190} INFO - [2026-09-06T08:58:07.871+0000] {dag.py:3239} INFO - Sync 1 DAGs
[2026-09-06T08:58:07.882+0000] {logging_mixin.py:190} INFO - [2026-09-06T08:58:07.882+0000] {dag.py:4180} INFO - Setting next_dagrun for example_setup_teardown_taskflow to None, run_after=None
[2026-09-06T08:58:07.897+0000] {processor.py:208} INFO - Processing /home/airflow/.local/lib/python3.12/site-packages/airflow/example_dags/example_setup_teardown_taskflow.py took 0.060 seconds
[2026-09-06T08:58:39.672+0000] {processor.py:186} INFO - Started process (PID=665) to work on /home/airflow/.local/lib/python3.12/site-packages/airflow/example_dags/example_setup_teardown_taskflow.py
[2026-09-06T08:58:39.673+0000] {processor.py:914} INFO - Processing file /home/airflow/.local/lib/python3.12/site-packages/airflow/example_dags/example_setup_teardown_taskflow.py for tasks to queue
[2026-09-06T08:58:39.675+0000] {logging_mixin.py:190} INFO - [2026-09-06T08:58:39.675+0000] {dagbag.py:588} INFO - Filling up the DagBag from /home/airflow/.local/lib/python3.12/site-packages/airflow/example_dags/example_setup_teardown_taskflow.py
[2026-09-06T08:58:39.685+0000] {processor.py:925} INFO - DAG(s) 'example_setup_teardown_taskflow' retrieved from /home/airflow/.local/lib/python3.12/site-packages/airflow/example_dags/example_setup_teardown_taskflow.py
[2026-09-06T08:58:39.704+0000] {logging_mixin.py:190} INFO - [2026-09-06T08:58:39.704+0000] {dag.py:3239} INFO - Sync 1 DAGs
[2026-09-06T08:58:39.717+0000] {logging_mixin.py:190} INFO - [2026-09-06T08:58:39.717+0000] {dag.py:4180} INFO - Setting next_dagrun for example_setup_teardown_taskflow to None, run_after=None
[2026-09-06T08:58:39.734+0000] {processor.py:208} INFO - Processing /home/airflow/.local/lib/python3.12/site-packages/airflow/example_dags/example_setup_teardown_taskflow.py took 0.067 seconds
[2026-09-06T08:59:11.328+0000] {processor.py:186} INFO - Started process (PID=729) to work on /home/airflow/.local/lib/python3.12/site-packages/airflow/example_dags/example_setup_teardown_taskflow.py
[2026-09-06T08:59:11.329+0000] {processor.py:914} INFO - Processing file /home/airflow/.local/lib/python3.12/site-packages/airflow/example_dags/example_setup_teardown_taskflow.py for tasks to queue
[2026-09-06T08:59:11.331+0000] {logging_mixin.py:190} INFO - [2026-09-06T08:59:11.331+0000] {dagbag.py:588} INFO - Filling up the DagBag from /home/airflow/.local/lib/python3.12/site-packages/airflow/example_dags/example_setup_teardown_taskflow.py
[2026-09-06T08:59:11.339+0000] {processor.py:925} INFO - DAG(s) 'example_setup_teardown_taskflow' retrieved from /home/airflow/.local/lib/python3.12/site-packages/airflow/example_dags/example_setup_teardown_taskflow.py
[2026-09-06T08:59:11.354+0000] {logging_mixin.py:190} INFO - [2026-09-06T08:59:11.354+0000] {dag.py:3239} INFO - Sync 1 DAGs
[2026-09-06T08:59:11.364+0000] {logging_mixin.py:190} INFO - [2026-09-06T08:59:11.364+0000] {dag.py:4180} INFO - Setting next_dagrun for example_setup_teardown_taskflow to None, run_after=None
[2026-09-06T08:59:11.378+0000] {processor.py:208} INFO - Processing /home/airflow/.local/lib/python3.12/site-packages/airflow/example_dags/example_setup_teardown_taskflow.py took 0.054 seconds
[2026-09-06T08:59:42.077+0000] {processor.py:186} INFO - Started process (PID=793) to work on /home/airflow/.local/lib/python3.12/site-packages/airflow/example_dags/example_setup_teardown_taskflow.py
[2026-09-06T08:59:42.078+0000] {processor.py:914} INFO - Processing file /home/airflow/.local/lib/python3.12/site-packages/airflow/example_dags/example_setup_teardown_taskflow.py for tasks to queue
[2026-09-06T08:59:42.081+0000] {logging_mixin.py:190} INFO - [2026-09-06T08:59:42.080+0000] {dagbag.py:588} INFO - Filling up the DagBag from /home/airflow/.local/lib/python3.12/site-packages/airflow/example_dags/example_setup_teardown_taskflow.py
[2026-09-06T08:59:42.090+0000] {processor.py:925} INFO - DAG(s) 'example_setup_teardown_taskflow' retrieved from /home/airflow/.local/lib/python3.12/site-packages/airflow/example_dags/example_setup_teardown_taskflow.py
[2026-09-06T08:59:42.109+0000] {logging_mixin.py:190} INFO - [2026-09-06T08:59:42.109+0000] {dag.py:3239} INFO - Sync 1 DAGs
[2026-09-06T08:59:42.120+0000] {logging_mixin.py:190} INFO - [2026-09-06T08:59:42.120+0000] {dag.py:4180} INFO - Setting next_dagrun for example_setup_teardown_taskflow to None, run_after=None
[2026-09-06T08:59:42.134+0000] {processor.py:208} INFO - Processing /home/airflow/.local/lib/python3.12/site-packages/airflow/example_dags/example_setup_teardown_taskflow.py took 0.061 seconds
[2026-09-06T09:00:13.285+0000] {processor.py:186} INFO - Started process (PID=857) to work on /home/airflow/.local/lib/python3.12/site-packages/airflow/example_dags/example_setup_teardown_taskflow.py
[2026-09-06T09:00:13.286+0000] {processor.py:914} INFO - Processing file /home/airflow/.local/lib/python3.12/site-packages/airflow/example_dags/example_setup_teardown_taskflow.py for tasks to queue
[2026-09-06T09:00:13.288+0000] {logging_mixin.py:190} INFO - [2026-09-06T09:00:13.288+0000] {dagbag.py:588} INFO - Filling up the DagBag from /home/airflow/.local/lib/python3.12/site-packages/airflow/example_dags/example_setup_teardown_taskflow.py
[2026-09-06T09:00:13.298+0000] {processor.py:925} INFO - DAG(s) 'example_setup_teardown_taskflow' retrieved from /home/airflow/.local/lib/python3.12/site-packages/airflow/example_dags/example_setup_teardown_taskflow.py
[2026-09-06T09:00:13.319+0000] {logging_mixin.py:190} INFO - [2026-09-06T09:00:13.319+0000] {dag.py:3239} INFO - Sync 1 DAGs
[2026-09-06T09:00:13.333+0000] {logging_mixin.py:190} INFO - [2026-09-06T09:00:13.332+0000] {dag.py:4180} INFO - Setting next_dagrun for example_setup_teardown_taskflow to None, run_after=None
[2026-09-06T09:00:13.354+0000] {processor.py:208} INFO - Processing /home/airflow/.local/lib/python3.12/site-packages/airflow/example_dags/example_setup_teardown_taskflow.py took 0.073 seconds
[2026-09-06T09:00:45.287+0000] {processor.py:186} INFO - Started process (PID=921) to work on /home/airflow/.local/lib/python3.12/site-packages/airflow/example_dags/example_setup_teardown_taskflow.py
[2026-09-06T09:00:45.288+0000] {processor.py:914} INFO - Processing file /home/airflow/.local/lib/python3.12/site-packages/airflow/example_dags/example_setup_teardown_taskflow.py for tasks to queue
[2026-09-06T09:00:45.290+0000] {logging_mixin.py:190} INFO - [2026-09-06T09:00:45.290+0000] {dagbag.py:588} INFO - Filling up the DagBag from /home/airflow/.local/lib/python3.12/site-packages/airflow/example_dags/example_setup_teardown_taskflow.py
[2026-09-06T09:00:45.298+0000] {processor.py:925} INFO - DAG(s) 'example_setup_teardown_taskflow' retrieved from /home/airflow/.local/lib/python3.12/site-packages/airflow/example_dags/example_setup_teardown_taskflow.py
[2026-09-06T09:00:45.314+0000] {logging_mixin.py:190} INFO - [2026-09-06T09:00:45.314+0000] {dag.py:3239} INFO - Sync 1 DAGs
[2026-09-06T09:00:45.325+0000] {logging_mixin.py:190} INFO - [2026-09-06T09:00:45.325+0000] {dag.py:4180} INFO - Setting next_dagrun for example_setup_teardown_taskflow to None, run_after=None
[2026-09-06T09:00:45.341+0000] {processor.py:208} INFO - Processing /home/airflow/.local/lib/python3.12/site-packages/airflow/example_dags/example_setup_teardown_taskflow.py took 0.058 seconds
[2026-09-06T09:01:15.926+0000] {processor.py:186} INFO - Started process (PID=985) to work on /home/airflow/.local/lib/python3.12/site-packages/airflow/example_dags/example_setup_teardown_taskflow.py
[2026-09-06T09:01:15.927+0000] {processor.py:914} INFO - Processing file /home/airflow/.local/lib/python3.12/site-packages/airflow/example_dags/example_setup_teardown_taskflow.py for tasks to queue
[2026-09-06T09:01:15.929+0000] {logging_mixin.py:190} INFO - [2026-09-06T09:01:15.929+0000] {dagbag.py:588} INFO - Filling up the DagBag from /home/airflow/.local/lib/python3.12/site-packages/airflow/example_dags/example_setup_teardown_taskflow.py
[2026-09-06T09:01:15.939+0000] {processor.py:925} INFO - DAG(s) 'example_setup_teardown_taskflow' retrieved from /home/airflow/.local/lib/python3.12/site-packages/airflow/example_dags/example_setup_teardown_taskflow.py
[2026-09-06T09:01:15.957+0000] {logging_mixin.py:190} INFO - [2026-09-06T09:01:15.957+0000] {dag.py:3239} INFO - Sync 1 DAGs
[2026-09-06T09:01:15.968+0000] {logging_mixin.py:190} INFO - [2026-09-06T09:01:15.968+0000] {dag.py:4180} INFO - Setting next_dagrun for example_setup_teardown_taskflow to None, run_after=None
[2026-09-06T09:01:15.984+0000] {processor.py:208} INFO - Processing /home/airflow/.local/lib/python3.12/site-packages/airflow/example_dags/example_setup_teardown_taskflow.py took 0.063 seconds
[2026-09-06T09:01:47.063+0000] {processor.py:186} INFO - Started process (PID=1049) to work on /home/airflow/.local/lib/python3.12/site-packages/airflow/example_dags/example_setup_teardown_taskflow.py
[2026-09-06T09:01:47.065+0000] {processor.py:914} INFO - Processing file /home/airflow/.local/lib/python3.12/site-packages/airflow/example_dags/example_setup_teardown_taskflow.py for tasks to queue
[2026-09-06T09:01:47.067+0000] {logging_mixin.py:190} INFO - [2026-09-06T09:01:47.067+0000] {dagbag.py:588} INFO - Filling up the DagBag from /home/airflow/.local/lib/python3.12/site-packages/airflow/example_dags/example_setup_teardown_taskflow.py
[2026-09-06T09:01:47.077+0000] {processor.py:925} INFO - DAG(s) 'example_setup_teardown_taskflow' retrieved from /home/airflow/.local/lib/python3.12/site-packages/airflow/example_dags/example_setup_teardown_taskflow.py
[2026-09-06T09:01:47.095+0000] {logging_mixin.py:190} INFO - [2026-09-06T09:01:47.094+0000] {dag.py:3239} INFO - Sync 1 DAGs
[2026-09-06T09:01:47.106+0000] {logging_mixin.py:190} INFO - [2026-09-06T09:01:47.105+0000] {dag.py:4180} INFO - Setting next_dagrun for example_setup_teardown_taskflow to None, run_after=None
[2026-09-06T09:01:47.123+0000] {processor.py:208} INFO - Processing /home/airflow/.local/lib/python3.12/site-packages/airflow/example_dags/example_setup_teardown_taskflow.py took 0.064 seconds
[2026-09-06T09:02:17.880+0000] {processor.py:186} INFO - Started process (PID=1113) to work on /home/airflow/.local/lib/python3.12/site-packages/airflow/example_dags/example_setup_teardown_taskflow.py
[2026-09-06T09:02:17.881+0000] {processor.py:914} INFO - Processing file /home/airflow/.local/lib/python3.12/site-packages/airflow/example_dags/example_setup_teardown_taskflow.py for tasks to queue
[2026-09-06T09:02:17.883+0000] {logging_mixin.py:190} INFO - [2026-09-06T09:02:17.883+0000] {dagbag.py:588} INFO - Filling up the DagBag from /home/airflow/.local/lib/python3.12/site-packages/airflow/example_dags/example_setup_teardown_taskflow.py
[2026-09-06T09:02:17.891+0000] {processor.py:925} INFO - DAG(s) 'example_setup_teardown_taskflow' retrieved from /home/airflow/.local/lib/python3.12/site-packages/airflow/example_dags/example_setup_teardown_taskflow.py
[2026-09-06T09:02:17.908+0000] {logging_mixin.py:190} INFO - [2026-09-06T09:02:17.908+0000] {dag.py:3239} INFO - Sync 1 DAGs
[2026-09-06T09:02:17.919+0000] {logging_mixin.py:190} INFO - [2026-09-06T09:02:17.919+0000] {dag.py:4180} INFO - Setting next_dagrun for example_setup_teardown_taskflow to None, run_after=None
[2026-09-06T09:02:17.933+0000] {processor.py:208} INFO - Processing /home/airflow/.local/lib/python3.12/site-packages/airflow/example_dags/example_setup_teardown_taskflow.py took 0.058 seconds
[2026-09-06T09:02:48.876+0000] {processor.py:186} INFO - Started process (PID=1177) to work on /home/airflow/.local/lib/python3.12/site-packages/airflow/example_dags/example_setup_teardown_taskflow.py
[2026-09-06T09:02:48.877+0000] {processor.py:914} INFO - Processing file /home/airflow/.local/lib/python3.12/site-packages/airflow/example_dags/example_setup_teardown_taskflow.py for tasks to queue
[2026-09-06T09:02:48.880+0000] {logging_mixin.py:190} INFO - [2026-09-06T09:02:48.880+0000] {dagbag.py:588} INFO - Filling up the DagBag from /home/airflow/.local/lib/python3.12/site-packages/airflow/example_dags/example_setup_teardown_taskflow.py
[2026-09-06T09:02:48.889+0000] {processor.py:925} INFO - DAG(s) 'example_setup_teardown_taskflow' retrieved from /home/airflow/.local/lib/python3.12/site-packages/airflow/example_dags/example_setup_teardown_taskflow.py
[2026-09-06T09:02:48.907+0000] {logging_mixin.py:190} INFO - [2026-09-06T09:02:48.907+0000] {dag.py:3239} INFO - Sync 1 DAGs
[2026-09-06T09:02:48.919+0000] {logging_mixin.py:190} INFO - [2026-09-06T09:02:48.919+0000] {dag.py:4180} INFO - Setting next_dagrun for example_setup_teardown_taskflow to None, run_after=None
[2026-09-06T09:02:48.940+0000] {processor.py:208} INFO - Processing /home/airflow/.local/lib/python3.12/site-packages/airflow/example_dags/example_setup_teardown_taskflow.py took 0.069 seconds
[2026-09-06T09:03:19.538+0000] {processor.py:186} INFO - Started process (PID=1241) to work on /home/airflow/.local/lib/python3.12/site-packages/airflow/example_dags/example_setup_teardown_taskflow.py
[2026-09-06T09:03:19.539+0000] {processor.py:914} INFO - Processing file /home/airflow/.local/lib/python3.12/site-packages/airflow/example_dags/example_setup_teardown_taskflow.py for tasks to queue
[2026-09-06T09:03:19.541+0000] {logging_mixin.py:190} INFO - [2026-09-06T09:03:19.541+0000] {dagbag.py:588} INFO - Filling up the DagBag from /home/airflow/.local/lib/python3.12/site-packages/airflow/example_dags/example_setup_teardown_taskflow.py
[2026-09-06T09:03:19.550+0000] {processor.py:925} INFO - DAG(s) 'example_setup_teardown_taskflow' retrieved from /home/airflow/.local/lib/python3.12/site-packages/airflow/example_dags/example_setup_teardown_taskflow.py
[2026-09-06T09:03:19.569+0000] {logging_mixin.py:190} INFO - [2026-09-06T09:03:19.569+0000] {dag.py:3239} INFO - Sync 1 DAGs
[2026-09-06T09:03:19.580+0000] {logging_mixin.py:190} INFO - [2026-09-06T09:03:19.580+0000] {dag.py:4180} INFO - Setting next_dagrun for example_setup_teardown_taskflow to None, run_after=None
[2026-09-06T09:03:19.601+0000] {processor.py:208} INFO - Processing /home/airflow/.local/lib/python3.12/site-packages/airflow/example_dags/example_setup_teardown_taskflow.py took 0.068 seconds
[2026-09-06T09:03:50.518+0000] {processor.py:186} INFO - Started process (PID=1305) to work on /home/airflow/.local/lib/python3.12/site-packages/airflow/example_dags/example_setup_teardown_taskflow.py
[2026-09-06T09:03:50.519+0000] {processor.py:914} INFO - Processing file /home/airflow/.local/lib/python3.12/site-packages/airflow/example_dags/example_setup_teardown_taskflow.py for tasks to queue
[2026-09-06T09:03:50.521+0000] {logging_mixin.py:190} INFO - [2026-09-06T09:03:50.521+0000] {dagbag.py:588} INFO - Filling up the DagBag from /home/airflow/.local/lib/python3.12/site-packages/airflow/example_dags/example_setup_teardown_taskflow.py
[2026-09-06T09:03:50.531+0000] {processor.py:925} INFO - DAG(s) 'example_setup_teardown_taskflow' retrieved from /home/airflow/.local/lib/python3.12/site-packages/airflow/example_dags/example_setup_teardown_taskflow.py
[2026-09-06T09:03:50.548+0000] {logging_mixin.py:190} INFO - [2026-09-06T09:03:50.548+0000] {dag.py:3239} INFO - Sync 1 DAGs
[2026-09-06T09:03:50.559+0000] {logging_mixin.py:190} INFO - [2026-09-06T09:03:50.559+0000] {dag.py:4180} INFO - Setting next_dagrun for example_setup_teardown_taskflow to None, run_after=None
[2026-09-06T09:03:50.586+0000] {processor.py:208} INFO - Processing /home/airflow/.local/lib/python3.12/site-packages/airflow/example_dags/example_setup_teardown_taskflow.py took 0.074 seconds
[2026-09-06T09:04:21.399+0000] {processor.py:186} INFO - Started process (PID=1369) to work on /home/airflow/.local/lib/python3.12/site-packages/airflow/example_dags/example_setup_teardown_taskflow.py
[2026-09-06T09:04:21.400+0000] {processor.py:914} INFO - Processing file /home/airflow/.local/lib/python3.12/site-packages/airflow/example_dags/example_setup_teardown_taskflow.py for tasks to queue
[2026-09-06T09:04:21.402+0000] {logging_mixin.py:190} INFO - [2026-09-06T09:04:21.402+0000] {dagbag.py:588} INFO - Filling up the DagBag from /home/airflow/.local/lib/python3.12/site-packages/airflow/example_dags/example_setup_teardown_taskflow.py
[2026-09-06T09:04:21.411+0000] {processor.py:925} INFO - DAG(s) 'example_setup_teardown_taskflow' retrieved from /home/airflow/.local/lib/python3.12/site-packages/airflow/example_dags/example_setup_teardown_taskflow.py
[2026-09-06T09:04:21.427+0000] {logging_mixin.py:190} INFO - [2026-09-06T09:04:21.427+0000] {dag.py:3239} INFO - Sync 1 DAGs
[2026-09-06T09:04:21.438+0000] {logging_mixin.py:190} INFO - [2026-09-06T09:04:21.438+0000] {dag.py:4180} INFO - Setting next_dagrun for example_setup_teardown_taskflow to None, run_after=None
[2026-09-06T09:04:21.456+0000] {processor.py:208} INFO - Processing /home/airflow/.local/lib/python3.12/site-packages/airflow/example_dags/example_setup_teardown_taskflow.py took 0.061 seconds
[2026-09-06T09:04:52.821+0000] {processor.py:186} INFO - Started process (PID=1433) to work on /home/airflow/.local/lib/python3.12/site-packages/airflow/example_dags/example_setup_teardown_taskflow.py
[2026-09-06T09:04:52.822+0000] {processor.py:914} INFO - Processing file /home/airflow/.local/lib/python3.12/site-packages/airflow/example_dags/example_setup_teardown_taskflow.py for tasks to queue
[2026-09-06T09:04:52.824+0000] {logging_mixin.py:190} INFO - [2026-09-06T09:04:52.824+0000] {dagbag.py:588} INFO - Filling up the DagBag from /home/airflow/.local/lib/python3.12/site-packages/airflow/example_dags/example_setup_teardown_taskflow.py
[2026-09-06T09:04:52.832+0000] {processor.py:925} INFO - DAG(s) 'example_setup_teardown_taskflow' retrieved from /home/airflow/.local/lib/python3.12/site-packages/airflow/example_dags/example_setup_teardown_taskflow.py
[2026-09-06T09:04:52.848+0000] {logging_mixin.py:190} INFO - [2026-09-06T09:04:52.848+0000] {dag.py:3239} INFO - Sync 1 DAGs
[2026-09-06T09:04:52.859+0000] {logging_mixin.py:190} INFO - [2026-09-06T09:04:52.859+0000] {dag.py:4180} INFO - Setting next_dagrun for example_setup_teardown_taskflow to None, run_after=None
[2026-09-06T09:04:52.873+0000] {processor.py:208} INFO - Processing /home/airflow/.local/lib/python3.12/site-packages/airflow/example_dags/example_setup_teardown_taskflow.py took 0.057 seconds
[2026-09-06T09:05:23.712+0000] {processor.py:186} INFO - Started process (PID=1497) to work on /home/airflow/.local/lib/python3.12/site-packages/airflow/example_dags/example_setup_teardown_taskflow.py
[2026-09-06T09:05:23.712+0000] {processor.py:914} INFO - Processing file /home/airflow/.local/lib/python3.12/site-packages/airflow/example_dags/example_setup_teardown_taskflow.py for tasks to queue
[2026-09-06T09:05:23.714+0000] {logging_mixin.py:190} INFO - [2026-09-06T09:05:23.714+0000] {dagbag.py:588} INFO - Filling up the DagBag from /home/airflow/.local/lib/python3.12/site-packages/airflow/example_dags/example_setup_teardown_taskflow.py
[2026-09-06T09:05:23.722+0000] {processor.py:925} INFO - DAG(s) 'example_setup_teardown_taskflow' retrieved from /home/airflow/.local/lib/python3.12/site-packages/airflow/example_dags/example_setup_teardown_taskflow.py
[2026-09-06T09:05:23.739+0000] {logging_mixin.py:190} INFO - [2026-09-06T09:05:23.739+0000] {dag.py:3239} INFO - Sync 1 DAGs
[2026-09-06T09:05:23.750+0000] {logging_mixin.py:190} INFO - [2026-09-06T09:05:23.750+0000] {dag.py:4180} INFO - Setting next_dagrun for example_setup_teardown_taskflow to None, run_after=None
[2026-09-06T09:05:23.767+0000] {processor.py:208} INFO - Processing /home/airflow/.local/lib/python3.12/site-packages/airflow/example_dags/example_setup_teardown_taskflow.py took 0.060 seconds
[2026-09-06T09:05:54.691+0000] {processor.py:186} INFO - Started process (PID=1561) to work on /home/airflow/.local/lib/python3.12/site-packages/airflow/example_dags/example_setup_teardown_taskflow.py
[2026-09-06T09:05:54.692+0000] {processor.py:914} INFO - Processing file /home/airflow/.local/lib/python3.12/site-packages/airflow/example_dags/example_setup_teardown_taskflow.py for tasks to queue
[2026-09-06T09:05:54.694+0000] {logging_mixin.py:190} INFO - [2026-09-06T09:05:54.694+0000] {dagbag.py:588} INFO - Filling up the DagBag from /home/airflow/.local/lib/python3.12/site-packages/airflow/example_dags/example_setup_teardown_taskflow.py
[2026-09-06T09:05:54.703+0000] {processor.py:925} INFO - DAG(s) 'example_setup_teardown_taskflow' retrieved from /home/airflow/.local/lib/python3.12/site-packages/airflow/example_dags/example_setup_teardown_taskflow.py
[2026-09-06T09:05:54.720+0000] {logging_mixin.py:190} INFO - [2026-09-06T09:05:54.720+0000] {dag.py:3239} INFO - Sync 1 DAGs
[2026-09-06T09:05:54.733+0000] {logging_mixin.py:190} INFO - [2026-09-06T09:05:54.733+0000] {dag.py:4180} INFO - Setting next_dagrun for example_setup_teardown_taskflow to None, run_after=None
[2026-09-06T09:05:54.748+0000] {processor.py:208} INFO - Processing /home/airflow/.local/lib/python3.12/site-packages/airflow/example_dags/example_setup_teardown_taskflow.py took 0.061 seconds
[2026-09-06T09:06:25.462+0000] {processor.py:186} INFO - Started process (PID=1625) to work on /home/airflow/.local/lib/python3.12/site-packages/airflow/example_dags/example_setup_teardown_taskflow.py
[2026-09-06T09:06:25.463+0000] {processor.py:914} INFO - Processing file /home/airflow/.local/lib/python3.12/site-packages/airflow/example_dags/example_setup_teardown_taskflow.py for tasks to queue
[2026-09-06T09:06:25.466+0000] {logging_mixin.py:190} INFO - [2026-09-06T09:06:25.465+0000] {dagbag.py:588} INFO - Filling up the DagBag from /home/airflow/.local/lib/python3.12/site-packages/airflow/example_dags/example_setup_teardown_taskflow.py
[2026-09-06T09:06:25.473+0000] {processor.py:925} INFO - DAG(s) 'example_setup_teardown_taskflow' retrieved from /home/airflow/.local/lib/python3.12/site-packages/airflow/example_dags/example_setup_teardown_taskflow.py
[2026-09-06T09:06:25.489+0000] {logging_mixin.py:190} INFO - [2026-09-06T09:06:25.488+0000] {dag.py:3239} INFO - Sync 1 DAGs
[2026-09-06T09:06:25.499+0000] {logging_mixin.py:190} INFO - [2026-09-06T09:06:25.498+0000] {dag.py:4180} INFO - Setting next_dagrun for example_setup_teardown_taskflow to None, run_after=None
[2026-09-06T09:06:25.513+0000] {processor.py:208} INFO - Processing /home/airflow/.local/lib/python3.12/site-packages/airflow/example_dags/example_setup_teardown_taskflow.py took 0.055 seconds
[2026-09-06T09:06:56.254+0000] {processor.py:186} INFO - Started process (PID=1689) to work on /home/airflow/.local/lib/python3.12/site-packages/airflow/example_dags/example_setup_teardown_taskflow.py
[2026-09-06T09:06:56.256+0000] {processor.py:914} INFO - Processing file /home/airflow/.local/lib/python3.12/site-packages/airflow/example_dags/example_setup_teardown_taskflow.py for tasks to queue
[2026-09-06T09:06:56.258+0000] {logging_mixin.py:190} INFO - [2026-09-06T09:06:56.258+0000] {dagbag.py:588} INFO - Filling up the DagBag from /home/airflow/.local/lib/python3.12/site-packages/airflow/example_dags/example_setup_teardown_taskflow.py
[2026-09-06T09:06:56.268+0000] {processor.py:925} INFO - DAG(s) 'example_setup_teardown_taskflow' retrieved from /home/airflow/.local/lib/python3.12/site-packages/airflow/example_dags/example_setup_teardown_taskflow.py
[2026-09-06T09:06:56.286+0000] {logging_mixin.py:190} INFO - [2026-09-06T09:06:56.286+0000] {dag.py:3239} INFO - Sync 1 DAGs
[2026-09-06T09:06:56.298+0000] {logging_mixin.py:190} INFO - [2026-09-06T09:06:56.298+0000] {dag.py:4180} INFO - Setting next_dagrun for example_setup_teardown_taskflow to None, run_after=None
[2026-09-06T09:06:56.313+0000] {processor.py:208} INFO - Processing /home/airflow/.local/lib/python3.12/site-packages/airflow/example_dags/example_setup_teardown_taskflow.py took 0.065 seconds
[2026-09-06T09:07:27.309+0000] {processor.py:186} INFO - Started process (PID=1753) to work on /home/airflow/.local/lib/python3.12/site-packages/airflow/example_dags/example_setup_teardown_taskflow.py
[2026-09-06T09:07:27.310+0000] {processor.py:914} INFO - Processing file /home/airflow/.local/lib/python3.12/site-packages/airflow/example_dags/example_setup_teardown_taskflow.py for tasks to queue
[2026-09-06T09:07:27.312+0000] {logging_mixin.py:190} INFO - [2026-09-06T09:07:27.312+0000] {dagbag.py:588} INFO - Filling up the DagBag from /home/airflow/.local/lib/python3.12/site-packages/airflow/example_dags/example_setup_teardown_taskflow.py
[2026-09-06T09:07:27.324+0000] {processor.py:925} INFO - DAG(s) 'example_setup_teardown_taskflow' retrieved from /home/airflow/.local/lib/python3.12/site-packages/airflow/example_dags/example_setup_teardown_taskflow.py
[2026-09-06T09:07:27.343+0000] {logging_mixin.py:190} INFO - [2026-09-06T09:07:27.343+0000] {dag.py:3239} INFO - Sync 1 DAGs
[2026-09-06T09:07:27.355+0000] {logging_mixin.py:190} INFO - [2026-09-06T09:07:27.354+0000] {dag.py:4180} INFO - Setting next_dagrun for example_setup_teardown_taskflow to None, run_after=None
[2026-09-06T09:07:27.369+0000] {processor.py:208} INFO - Processing /home/airflow/.local/lib/python3.12/site-packages/airflow/example_dags/example_setup_teardown_taskflow.py took 0.066 seconds
[2026-09-06T09:07:58.109+0000] {processor.py:186} INFO - Started process (PID=1817) to work on /home/airflow/.local/lib/python3.12/site-packages/airflow/example_dags/example_setup_teardown_taskflow.py
[2026-09-06T09:07:58.110+0000] {processor.py:914} INFO - Processing file /home/airflow/.local/lib/python3.12/site-packages/airflow/example_dags/example_setup_teardown_taskflow.py for tasks to queue
[2026-09-06T09:07:58.112+0000] {logging_mixin.py:190} INFO - [2026-09-06T09:07:58.112+0000] {dagbag.py:588} INFO - Filling up the DagBag from /home/airflow/.local/lib/python3.12/site-packages/airflow/example_dags/example_setup_teardown_taskflow.py
[2026-09-06T09:07:58.122+0000] {processor.py:925} INFO - DAG(s) 'example_setup_teardown_taskflow' retrieved from /home/airflow/.local/lib/python3.12/site-packages/airflow/example_dags/example_setup_teardown_taskflow.py
[2026-09-06T09:07:58.138+0000] {logging_mixin.py:190} INFO - [2026-09-06T09:07:58.137+0000] {dag.py:3239} INFO - Sync 1 DAGs
[2026-09-06T09:07:58.147+0000] {logging_mixin.py:190} INFO - [2026-09-06T09:07:58.147+0000] {dag.py:4180} INFO - Setting next_dagrun for example_setup_teardown_taskflow to None, run_after=None
[2026-09-06T09:07:58.161+0000] {processor.py:208} INFO - Processing /home/airflow/.local/lib/python3.12/site-packages/airflow/example_dags/example_setup_teardown_taskflow.py took 0.057 seconds
[2026-09-06T09:08:28.896+0000] {processor.py:186} INFO - Started process (PID=1887) to work on /home/airflow/.local/lib/python3.12/site-packages/airflow/example_dags/example_setup_teardown_taskflow.py
[2026-09-06T09:08:28.897+0000] {processor.py:914} INFO - Processing file /home/airflow/.local/lib/python3.12/site-packages/airflow/example_dags/example_setup_teardown_taskflow.py for tasks to queue
[2026-09-06T09:08:28.899+0000] {logging_mixin.py:190} INFO - [2026-09-06T09:08:28.898+0000] {dagbag.py:588} INFO - Filling up the DagBag from /home/airflow/.local/lib/python3.12/site-packages/airflow/example_dags/example_setup_teardown_taskflow.py
[2026-09-06T09:08:28.907+0000] {processor.py:925} INFO - DAG(s) 'example_setup_teardown_taskflow' retrieved from /home/airflow/.local/lib/python3.12/site-packages/airflow/example_dags/example_setup_teardown_taskflow.py
[2026-09-06T09:08:28.922+0000] {logging_mixin.py:190} INFO - [2026-09-06T09:08:28.922+0000] {dag.py:3239} INFO - Sync 1 DAGs
[2026-09-06T09:08:28.932+0000] {logging_mixin.py:190} INFO - [2026-09-06T09:08:28.932+0000] {dag.py:4180} INFO - Setting next_dagrun for example_setup_teardown_taskflow to None, run_after=None
[2026-09-06T09:08:28.945+0000] {processor.py:208} INFO - Processing /home/airflow/.local/lib/python3.12/site-packages/airflow/example_dags/example_setup_teardown_taskflow.py took 0.054 seconds
[2026-09-06T09:08:59.585+0000] {processor.py:186} INFO - Started process (PID=1951) to work on /home/airflow/.local/lib/python3.12/site-packages/airflow/example_dags/example_setup_teardown_taskflow.py
[2026-09-06T09:08:59.586+0000] {processor.py:914} INFO - Processing file /home/airflow/.local/lib/python3.12/site-packages/airflow/example_dags/example_setup_teardown_taskflow.py for tasks to queue
[2026-09-06T09:08:59.588+0000] {logging_mixin.py:190} INFO - [2026-09-06T09:08:59.588+0000] {dagbag.py:588} INFO - Filling up the DagBag from /home/airflow/.local/lib/python3.12/site-packages/airflow/example_dags/example_setup_teardown_taskflow.py
[2026-09-06T09:08:59.597+0000] {processor.py:925} INFO - DAG(s) 'example_setup_teardown_taskflow' retrieved from /home/airflow/.local/lib/python3.12/site-packages/airflow/example_dags/example_setup_teardown_taskflow.py
[2026-09-06T09:08:59.614+0000] {logging_mixin.py:190} INFO - [2026-09-06T09:08:59.613+0000] {dag.py:3239} INFO - Sync 1 DAGs
[2026-09-06T09:08:59.625+0000] {logging_mixin.py:190} INFO - [2026-09-06T09:08:59.624+0000] {dag.py:4180} INFO - Setting next_dagrun for example_setup_teardown_taskflow to None, run_after=None
[2026-09-06T09:08:59.638+0000] {processor.py:208} INFO - Processing /home/airflow/.local/lib/python3.12/site-packages/airflow/example_dags/example_setup_teardown_taskflow.py took 0.058 seconds
[2026-09-06T09:09:30.262+0000] {processor.py:186} INFO - Started process (PID=2015) to work on /home/airflow/.local/lib/python3.12/site-packages/airflow/example_dags/example_setup_teardown_taskflow.py
[2026-09-06T09:09:30.263+0000] {processor.py:914} INFO - Processing file /home/airflow/.local/lib/python3.12/site-packages/airflow/example_dags/example_setup_teardown_taskflow.py for tasks to queue
[2026-09-06T09:09:30.265+0000] {logging_mixin.py:190} INFO - [2026-09-06T09:09:30.265+0000] {dagbag.py:588} INFO - Filling up the DagBag from /home/airflow/.local/lib/python3.12/site-packages/airflow/example_dags/example_setup_teardown_taskflow.py
[2026-09-06T09:09:30.273+0000] {processor.py:925} INFO - DAG(s) 'example_setup_teardown_taskflow' retrieved from /home/airflow/.local/lib/python3.12/site-packages/airflow/example_dags/example_setup_teardown_taskflow.py
[2026-09-06T09:09:30.289+0000] {logging_mixin.py:190} INFO - [2026-09-06T09:09:30.289+0000] {dag.py:3239} INFO - Sync 1 DAGs
[2026-09-06T09:09:30.300+0000] {logging_mixin.py:190} INFO - [2026-09-06T09:09:30.300+0000] {dag.py:4180} INFO - Setting next_dagrun for example_setup_teardown_taskflow to None, run_after=None
[2026-09-06T09:09:30.315+0000] {processor.py:208} INFO - Processing /home/airflow/.local/lib/python3.12/site-packages/airflow/example_dags/example_setup_teardown_taskflow.py took 0.058 seconds
[2026-09-06T09:10:01.722+0000] {processor.py:186} INFO - Started process (PID=2079) to work on /home/airflow/.local/lib/python3.12/site-packages/airflow/example_dags/example_setup_teardown_taskflow.py
[2026-09-06T09:10:01.723+0000] {processor.py:914} INFO - Processing file /home/airflow/.local/lib/python3.12/site-packages/airflow/example_dags/example_setup_teardown_taskflow.py for tasks to queue
[2026-09-06T09:10:01.725+0000] {logging_mixin.py:190} INFO - [2026-09-06T09:10:01.725+0000] {dagbag.py:588} INFO - Filling up the DagBag from /home/airflow/.local/lib/python3.12/site-packages/airflow/example_dags/example_setup_teardown_taskflow.py
[2026-09-06T09:10:01.733+0000] {processor.py:925} INFO - DAG(s) 'example_setup_teardown_taskflow' retrieved from /home/airflow/.local/lib/python3.12/site-packages/airflow/example_dags/example_setup_teardown_taskflow.py
[2026-09-06T09:10:01.751+0000] {logging_mixin.py:190} INFO - [2026-09-06T09:10:01.751+0000] {dag.py:3239} INFO - Sync 1 DAGs
[2026-09-06T09:10:01.764+0000] {logging_mixin.py:190} INFO - [2026-09-06T09:10:01.763+0000] {dag.py:4180} INFO - Setting next_dagrun for example_setup_teardown_taskflow to None, run_after=None
[2026-09-06T09:10:01.777+0000] {processor.py:208} INFO - Processing /home/airflow/.local/lib/python3.12/site-packages/airflow/example_dags/example_setup_teardown_taskflow.py took 0.060 seconds
[2026-09-06T09:10:33.225+0000] {processor.py:186} INFO - Started process (PID=2143) to work on /home/airflow/.local/lib/python3.12/site-packages/airflow/example_dags/example_setup_teardown_taskflow.py
[2026-09-06T09:10:33.226+0000] {processor.py:914} INFO - Processing file /home/airflow/.local/lib/python3.12/site-packages/airflow/example_dags/example_setup_teardown_taskflow.py for tasks to queue
[2026-09-06T09:10:33.228+0000] {logging_mixin.py:190} INFO - [2026-09-06T09:10:33.227+0000] {dagbag.py:588} INFO - Filling up the DagBag from /home/airflow/.local/lib/python3.12/site-packages/airflow/example_dags/example_setup_teardown_taskflow.py
[2026-09-06T09:10:33.236+0000] {processor.py:925} INFO - DAG(s) 'example_setup_teardown_taskflow' retrieved from /home/airflow/.local/lib/python3.12/site-packages/airflow/example_dags/example_setup_teardown_taskflow.py
[2026-09-06T09:10:33.254+0000] {logging_mixin.py:190} INFO - [2026-09-06T09:10:33.254+0000] {dag.py:3239} INFO - Sync 1 DAGs
[2026-09-06T09:10:33.267+0000] {logging_mixin.py:190} INFO - [2026-09-06T09:10:33.267+0000] {dag.py:4180} INFO - Setting next_dagrun for example_setup_teardown_taskflow to None, run_after=None
[2026-09-06T09:10:33.283+0000] {processor.py:208} INFO - Processing /home/airflow/.local/lib/python3.12/site-packages/airflow/example_dags/example_setup_teardown_taskflow.py took 0.063 seconds
[2026-09-06T09:11:04.897+0000] {processor.py:186} INFO - Started process (PID=2207) to work on /home/airflow/.local/lib/python3.12/site-packages/airflow/example_dags/example_setup_teardown_taskflow.py
[2026-09-06T09:11:04.899+0000] {processor.py:914} INFO - Processing file /home/airflow/.local/lib/python3.12/site-packages/airflow/example_dags/example_setup_teardown_taskflow.py for tasks to queue
[2026-09-06T09:11:04.901+0000] {logging_mixin.py:190} INFO - [2026-09-06T09:11:04.901+0000] {dagbag.py:588} INFO - Filling up the DagBag from /home/airflow/.local/lib/python3.12/site-packages/airflow/example_dags/example_setup_teardown_taskflow.py
[2026-09-06T09:11:04.910+0000] {processor.py:925} INFO - DAG(s) 'example_setup_teardown_taskflow' retrieved from /home/airflow/.local/lib/python3.12/site-packages/airflow/example_dags/example_setup_teardown_taskflow.py
[2026-09-06T09:11:04.927+0000] {logging_mixin.py:190} INFO - [2026-09-06T09:11:04.926+0000] {dag.py:3239} INFO - Sync 1 DAGs
[2026-09-06T09:11:04.937+0000] {logging_mixin.py:190} INFO - [2026-09-06T09:11:04.937+0000] {dag.py:4180} INFO - Setting next_dagrun for example_setup_teardown_taskflow to None, run_after=None
[2026-09-06T09:11:04.950+0000] {processor.py:208} INFO - Processing /home/airflow/.local/lib/python3.12/site-packages/airflow/example_dags/example_setup_teardown_taskflow.py took 0.059 seconds
[2026-09-06T09:11:35.757+0000] {processor.py:186} INFO - Started process (PID=2271) to work on /home/airflow/.local/lib/python3.12/site-packages/airflow/example_dags/example_setup_teardown_taskflow.py
[2026-09-06T09:11:35.759+0000] {processor.py:914} INFO - Processing file /home/airflow/.local/lib/python3.12/site-packages/airflow/example_dags/example_setup_teardown_taskflow.py for tasks to queue
[2026-09-06T09:11:35.762+0000] {logging_mixin.py:190} INFO - [2026-09-06T09:11:35.762+0000] {dagbag.py:588} INFO - Filling up the DagBag from /home/airflow/.local/lib/python3.12/site-packages/airflow/example_dags/example_setup_teardown_taskflow.py
[2026-09-06T09:11:35.774+0000] {processor.py:925} INFO - DAG(s) 'example_setup_teardown_taskflow' retrieved from /home/airflow/.local/lib/python3.12/site-packages/airflow/example_dags/example_setup_teardown_taskflow.py
[2026-09-06T09:11:35.796+0000] {logging_mixin.py:190} INFO - [2026-09-06T09:11:35.796+0000] {dag.py:3239} INFO - Sync 1 DAGs
[2026-09-06T09:11:35.807+0000] {logging_mixin.py:190} INFO - [2026-09-06T09:11:35.807+0000] {dag.py:4180} INFO - Setting next_dagrun for example_setup_teardown_taskflow to None, run_after=None
[2026-09-06T09:11:35.821+0000] {processor.py:208} INFO - Processing /home/airflow/.local/lib/python3.12/site-packages/airflow/example_dags/example_setup_teardown_taskflow.py took 0.070 seconds
[2026-09-06T09:12:07.204+0000] {processor.py:186} INFO - Started process (PID=2335) to work on /home/airflow/.local/lib/python3.12/site-packages/airflow/example_dags/example_setup_teardown_taskflow.py
[2026-09-06T09:12:07.205+0000] {processor.py:914} INFO - Processing file /home/airflow/.local/lib/python3.12/site-packages/airflow/example_dags/example_setup_teardown_taskflow.py for tasks to queue
[2026-09-06T09:12:07.207+0000] {logging_mixin.py:190} INFO - [2026-09-06T09:12:07.206+0000] {dagbag.py:588} INFO - Filling up the DagBag from /home/airflow/.local/lib/python3.12/site-packages/airflow/example_dags/example_setup_teardown_taskflow.py
[2026-09-06T09:12:07.215+0000] {processor.py:925} INFO - DAG(s) 'example_setup_teardown_taskflow' retrieved from /home/airflow/.local/lib/python3.12/site-packages/airflow/example_dags/example_setup_teardown_taskflow.py
[2026-09-06T09:12:07.232+0000] {logging_mixin.py:190} INFO - [2026-09-06T09:12:07.232+0000] {dag.py:3239} INFO - Sync 1 DAGs
[2026-09-06T09:12:07.244+0000] {logging_mixin.py:190} INFO - [2026-09-06T09:12:07.243+0000] {dag.py:4180} INFO - Setting next_dagrun for example_setup_teardown_taskflow to None, run_after=None
[2026-09-06T09:12:07.260+0000] {processor.py:208} INFO - Processing /home/airflow/.local/lib/python3.12/site-packages/airflow/example_dags/example_setup_teardown_taskflow.py took 0.060 seconds
[2026-09-06T09:12:38.642+0000] {processor.py:186} INFO - Started process (PID=2399) to work on /home/airflow/.local/lib/python3.12/site-packages/airflow/example_dags/example_setup_teardown_taskflow.py
[2026-09-06T09:12:38.643+0000] {processor.py:914} INFO - Processing file /home/airflow/.local/lib/python3.12/site-packages/airflow/example_dags/example_setup_teardown_taskflow.py for tasks to queue
[2026-09-06T09:12:38.644+0000] {logging_mixin.py:190} INFO - [2026-09-06T09:12:38.644+0000] {dagbag.py:588} INFO - Filling up the DagBag from /home/airflow/.local/lib/python3.12/site-packages/airflow/example_dags/example_setup_teardown_taskflow.py
[2026-09-06T09:12:38.652+0000] {processor.py:925} INFO - DAG(s) 'example_setup_teardown_taskflow' retrieved from /home/airflow/.local/lib/python3.12/site-packages/airflow/example_dags/example_setup_teardown_taskflow.py
[2026-09-06T09:12:38.670+0000] {logging_mixin.py:190} INFO - [2026-09-06T09:12:38.669+0000] {dag.py:3239} INFO - Sync 1 DAGs
[2026-09-06T09:12:38.682+0000] {logging_mixin.py:190} INFO - [2026-09-06T09:12:38.681+0000] {dag.py:4180} INFO - Setting next_dagrun for example_setup_teardown_taskflow to None, run_after=None
[2026-09-06T09:12:38.699+0000] {processor.py:208} INFO - Processing /home/airflow/.local/lib/python3.12/site-packages/airflow/example_dags/example_setup_teardown_taskflow.py took 0.062 seconds
[2026-09-06T09:13:10.048+0000] {processor.py:186} INFO - Started process (PID=2463) to work on /home/airflow/.local/lib/python3.12/site-packages/airflow/example_dags/example_setup_teardown_taskflow.py
[2026-09-06T09:13:10.048+0000] {processor.py:914} INFO - Processing file /home/airflow/.local/lib/python3.12/site-packages/airflow/example_dags/example_setup_teardown_taskflow.py for tasks to queue
[2026-09-06T09:13:10.051+0000] {logging_mixin.py:190} INFO - [2026-09-06T09:13:10.050+0000] {dagbag.py:588} INFO - Filling up the DagBag from /home/airflow/.local/lib/python3.12/site-packages/airflow/example_dags/example_setup_teardown_taskflow.py
[2026-09-06T09:13:10.059+0000] {processor.py:925} INFO - DAG(s) 'example_setup_teardown_taskflow' retrieved from /home/airflow/.local/lib/python3.12/site-packages/airflow/example_dags/example_setup_teardown_taskflow.py
[2026-09-06T09:13:10.077+0000] {logging_mixin.py:190} INFO - [2026-09-06T09:13:10.076+0000] {dag.py:3239} INFO - Sync 1 DAGs
[2026-09-06T09:13:10.087+0000] {logging_mixin.py:190} INFO - [2026-09-06T09:13:10.087+0000] {dag.py:4180} INFO - Setting next_dagrun for example_setup_teardown_taskflow to None, run_after=None
[2026-09-06T09:13:10.101+0000] {processor.py:208} INFO - Processing /home/airflow/.local/lib/python3.12/site-packages/airflow/example_dags/example_setup_teardown_taskflow.py took 0.058 seconds
[2026-09-06T09:13:40.880+0000] {processor.py:186} INFO - Started process (PID=2528) to work on /home/airflow/.local/lib/python3.12/site-packages/airflow/example_dags/example_setup_teardown_taskflow.py
[2026-09-06T09:13:40.881+0000] {processor.py:914} INFO - Processing file /home/airflow/.local/lib/python3.12/site-packages/airflow/example_dags/example_setup_teardown_taskflow.py for tasks to queue
[2026-09-06T09:13:40.883+0000] {logging_mixin.py:190} INFO - [2026-09-06T09:13:40.883+0000] {dagbag.py:588} INFO - Filling up the DagBag from /home/airflow/.local/lib/python3.12/site-packages/airflow/example_dags/example_setup_teardown_taskflow.py
[2026-09-06T09:13:40.891+0000] {processor.py:925} INFO - DAG(s) 'example_setup_teardown_taskflow' retrieved from /home/airflow/.local/lib/python3.12/site-packages/airflow/example_dags/example_setup_teardown_taskflow.py
[2026-09-06T09:13:40.907+0000] {logging_mixin.py:190} INFO - [2026-09-06T09:13:40.907+0000] {dag.py:3239} INFO - Sync 1 DAGs
[2026-09-06T09:13:40.917+0000] {logging_mixin.py:190} INFO - [2026-09-06T09:13:40.917+0000] {dag.py:4180} INFO - Setting next_dagrun for example_setup_teardown_taskflow to None, run_after=None
[2026-09-06T09:13:40.930+0000] {processor.py:208} INFO - Processing /home/airflow/.local/lib/python3.12/site-packages/airflow/example_dags/example_setup_teardown_taskflow.py took 0.055 seconds
[2026-09-06T09:14:12.153+0000] {processor.py:186} INFO - Started process (PID=2592) to work on /home/airflow/.local/lib/python3.12/site-packages/airflow/example_dags/example_setup_teardown_taskflow.py
[2026-09-06T09:14:12.154+0000] {processor.py:914} INFO - Processing file /home/airflow/.local/lib/python3.12/site-packages/airflow/example_dags/example_setup_teardown_taskflow.py for tasks to queue
[2026-09-06T09:14:12.158+0000] {logging_mixin.py:190} INFO - [2026-09-06T09:14:12.157+0000] {dagbag.py:588} INFO - Filling up the DagBag from /home/airflow/.local/lib/python3.12/site-packages/airflow/example_dags/example_setup_teardown_taskflow.py
[2026-09-06T09:14:12.166+0000] {processor.py:925} INFO - DAG(s) 'example_setup_teardown_taskflow' retrieved from /home/airflow/.local/lib/python3.12/site-packages/airflow/example_dags/example_setup_teardown_taskflow.py
[2026-09-06T09:14:12.183+0000] {logging_mixin.py:190} INFO - [2026-09-06T09:14:12.182+0000] {dag.py:3239} INFO - Sync 1 DAGs
[2026-09-06T09:14:12.192+0000] {logging_mixin.py:190} INFO - [2026-09-06T09:14:12.192+0000] {dag.py:4180} INFO - Setting next_dagrun for example_setup_teardown_taskflow to None, run_after=None
[2026-09-06T09:14:12.206+0000] {processor.py:208} INFO - Processing /home/airflow/.local/lib/python3.12/site-packages/airflow/example_dags/example_setup_teardown_taskflow.py took 0.056 seconds
[2026-09-06T09:14:43.493+0000] {processor.py:186} INFO - Started process (PID=2656) to work on /home/airflow/.local/lib/python3.12/site-packages/airflow/example_dags/example_setup_teardown_taskflow.py
[2026-09-06T09:14:43.494+0000] {processor.py:914} INFO - Processing file /home/airflow/.local/lib/python3.12/site-packages/airflow/example_dags/example_setup_teardown_taskflow.py for tasks to queue
[2026-09-06T09:14:43.496+0000] {logging_mixin.py:190} INFO - [2026-09-06T09:14:43.496+0000] {dagbag.py:588} INFO - Filling up the DagBag from /home/airflow/.local/lib/python3.12/site-packages/airflow/example_dags/example_setup_teardown_taskflow.py
[2026-09-06T09:14:43.505+0000] {processor.py:925} INFO - DAG(s) 'example_setup_teardown_taskflow' retrieved from /home/airflow/.local/lib/python3.12/site-packages/airflow/example_dags/example_setup_teardown_taskflow.py
[2026-09-06T09:14:43.523+0000] {logging_mixin.py:190} INFO - [2026-09-06T09:14:43.523+0000] {dag.py:3239} INFO - Sync 1 DAGs
[2026-09-06T09:14:43.534+0000] {logging_mixin.py:190} INFO - [2026-09-06T09:14:43.534+0000] {dag.py:4180} INFO - Setting next_dagrun for example_setup_teardown_taskflow to None, run_after=None
[2026-09-06T09:14:43.549+0000] {processor.py:208} INFO - Processing /home/airflow/.local/lib/python3.12/site-packages/airflow/example_dags/example_setup_teardown_taskflow.py took 0.060 seconds
[2026-09-06T09:15:14.585+0000] {processor.py:186} INFO - Started process (PID=2720) to work on /home/airflow/.local/lib/python3.12/site-packages/airflow/example_dags/example_setup_teardown_taskflow.py
[2026-09-06T09:15:14.586+0000] {processor.py:914} INFO - Processing file /home/airflow/.local/lib/python3.12/site-packages/airflow/example_dags/example_setup_teardown_taskflow.py for tasks to queue
[2026-09-06T09:15:14.588+0000] {logging_mixin.py:190} INFO - [2026-09-06T09:15:14.588+0000] {dagbag.py:588} INFO - Filling up the DagBag from /home/airflow/.local/lib/python3.12/site-packages/airflow/example_dags/example_setup_teardown_taskflow.py
[2026-09-06T09:15:14.596+0000] {processor.py:925} INFO - DAG(s) 'example_setup_teardown_taskflow' retrieved from /home/airflow/.local/lib/python3.12/site-packages/airflow/example_dags/example_setup_teardown_taskflow.py
[2026-09-06T09:15:14.614+0000] {logging_mixin.py:190} INFO - [2026-09-06T09:15:14.613+0000] {dag.py:3239} INFO - Sync 1 DAGs
[2026-09-06T09:15:14.626+0000] {logging_mixin.py:190} INFO - [2026-09-06T09:15:14.626+0000] {dag.py:4180} INFO - Setting next_dagrun for example_setup_teardown_taskflow to None, run_after=None
[2026-09-06T09:15:14.645+0000] {processor.py:208} INFO - Processing /home/airflow/.local/lib/python3.12/site-packages/airflow/example_dags/example_setup_teardown_taskflow.py took 0.064 seconds
[2026-09-06T09:15:45.489+0000] {processor.py:186} INFO - Started process (PID=2785) to work on /home/airflow/.local/lib/python3.12/site-packages/airflow/example_dags/example_setup_teardown_taskflow.py
[2026-09-06T09:15:45.490+0000] {processor.py:914} INFO - Processing file /home/airflow/.local/lib/python3.12/site-packages/airflow/example_dags/example_setup_teardown_taskflow.py for tasks to queue
[2026-09-06T09:15:45.492+0000] {logging_mixin.py:190} INFO - [2026-09-06T09:15:45.492+0000] {dagbag.py:588} INFO - Filling up the DagBag from /home/airflow/.local/lib/python3.12/site-packages/airflow/example_dags/example_setup_teardown_taskflow.py
[2026-09-06T09:15:45.500+0000] {processor.py:925} INFO - DAG(s) 'example_setup_teardown_taskflow' retrieved from /home/airflow/.local/lib/python3.12/site-packages/airflow/example_dags/example_setup_teardown_taskflow.py
[2026-09-06T09:15:45.517+0000] {logging_mixin.py:190} INFO - [2026-09-06T09:15:45.517+0000] {dag.py:3239} INFO - Sync 1 DAGs
[2026-09-06T09:15:45.527+0000] {logging_mixin.py:190} INFO - [2026-09-06T09:15:45.527+0000] {dag.py:4180} INFO - Setting next_dagrun for example_setup_teardown_taskflow to None, run_after=None
[2026-09-06T09:15:45.546+0000] {processor.py:208} INFO - Processing /home/airflow/.local/lib/python3.12/site-packages/airflow/example_dags/example_setup_teardown_taskflow.py took 0.061 seconds
[2026-09-06T09:16:15.979+0000] {processor.py:186} INFO - Started process (PID=2849) to work on /home/airflow/.local/lib/python3.12/site-packages/airflow/example_dags/example_setup_teardown_taskflow.py
[2026-09-06T09:16:15.980+0000] {processor.py:914} INFO - Processing file /home/airflow/.local/lib/python3.12/site-packages/airflow/example_dags/example_setup_teardown_taskflow.py for tasks to queue
[2026-09-06T09:16:15.982+0000] {logging_mixin.py:190} INFO - [2026-09-06T09:16:15.982+0000] {dagbag.py:588} INFO - Filling up the DagBag from /home/airflow/.local/lib/python3.12/site-packages/airflow/example_dags/example_setup_teardown_taskflow.py
[2026-09-06T09:16:15.990+0000] {processor.py:925} INFO - DAG(s) 'example_setup_teardown_taskflow' retrieved from /home/airflow/.local/lib/python3.12/site-packages/airflow/example_dags/example_setup_teardown_taskflow.py
[2026-09-06T09:16:16.006+0000] {logging_mixin.py:190} INFO - [2026-09-06T09:16:16.006+0000] {dag.py:3239} INFO - Sync 1 DAGs
[2026-09-06T09:16:16.016+0000] {logging_mixin.py:190} INFO - [2026-09-06T09:16:16.016+0000] {dag.py:4180} INFO - Setting next_dagrun for example_setup_teardown_taskflow to None, run_after=None
[2026-09-06T09:16:16.030+0000] {processor.py:208} INFO - Processing /home/airflow/.local/lib/python3.12/site-packages/airflow/example_dags/example_setup_teardown_taskflow.py took 0.055 seconds
[2026-09-06T09:16:48.118+0000] {processor.py:186} INFO - Started process (PID=2916) to work on /home/airflow/.local/lib/python3.12/site-packages/airflow/example_dags/example_setup_teardown_taskflow.py
[2026-09-06T09:16:48.119+0000] {processor.py:914} INFO - Processing file /home/airflow/.local/lib/python3.12/site-packages/airflow/example_dags/example_setup_teardown_taskflow.py for tasks to queue
[2026-09-06T09:16:48.121+0000] {logging_mixin.py:190} INFO - [2026-09-06T09:16:48.121+0000] {dagbag.py:588} INFO - Filling up the DagBag from /home/airflow/.local/lib/python3.12/site-packages/airflow/example_dags/example_setup_teardown_taskflow.py
[2026-09-06T09:16:48.131+0000] {processor.py:925} INFO - DAG(s) 'example_setup_teardown_taskflow' retrieved from /home/airflow/.local/lib/python3.12/site-packages/airflow/example_dags/example_setup_teardown_taskflow.py
[2026-09-06T09:16:48.154+0000] {logging_mixin.py:190} INFO - [2026-09-06T09:16:48.154+0000] {dag.py:3239} INFO - Sync 1 DAGs
[2026-09-06T09:16:48.168+0000] {logging_mixin.py:190} INFO - [2026-09-06T09:16:48.167+0000] {dag.py:4180} INFO - Setting next_dagrun for example_setup_teardown_taskflow to None, run_after=None
[2026-09-06T09:16:48.186+0000] {processor.py:208} INFO - Processing /home/airflow/.local/lib/python3.12/site-packages/airflow/example_dags/example_setup_teardown_taskflow.py took 0.072 seconds
[2026-09-06T09:17:19.051+0000] {processor.py:186} INFO - Started process (PID=2980) to work on /home/airflow/.local/lib/python3.12/site-packages/airflow/example_dags/example_setup_teardown_taskflow.py
[2026-09-06T09:17:19.052+0000] {processor.py:914} INFO - Processing file /home/airflow/.local/lib/python3.12/site-packages/airflow/example_dags/example_setup_teardown_taskflow.py for tasks to queue
[2026-09-06T09:17:19.054+0000] {logging_mixin.py:190} INFO - [2026-09-06T09:17:19.054+0000] {dagbag.py:588} INFO - Filling up the DagBag from /home/airflow/.local/lib/python3.12/site-packages/airflow/example_dags/example_setup_teardown_taskflow.py
[2026-09-06T09:17:19.062+0000] {processor.py:925} INFO - DAG(s) 'example_setup_teardown_taskflow' retrieved from /home/airflow/.local/lib/python3.12/site-packages/airflow/example_dags/example_setup_teardown_taskflow.py
[2026-09-06T09:17:19.078+0000] {logging_mixin.py:190} INFO - [2026-09-06T09:17:19.078+0000] {dag.py:3239} INFO - Sync 1 DAGs
[2026-09-06T09:17:19.089+0000] {logging_mixin.py:190} INFO - [2026-09-06T09:17:19.089+0000] {dag.py:4180} INFO - Setting next_dagrun for example_setup_teardown_taskflow to None, run_after=None
[2026-09-06T09:17:19.109+0000] {processor.py:208} INFO - Processing /home/airflow/.local/lib/python3.12/site-packages/airflow/example_dags/example_setup_teardown_taskflow.py took 0.063 seconds
[2026-09-06T09:17:49.632+0000] {processor.py:186} INFO - Started process (PID=3043) to work on /home/airflow/.local/lib/python3.12/site-packages/airflow/example_dags/example_setup_teardown_taskflow.py
[2026-09-06T09:17:49.633+0000] {processor.py:914} INFO - Processing file /home/airflow/.local/lib/python3.12/site-packages/airflow/example_dags/example_setup_teardown_taskflow.py for tasks to queue
[2026-09-06T09:17:49.635+0000] {logging_mixin.py:190} INFO - [2026-09-06T09:17:49.635+0000] {dagbag.py:588} INFO - Filling up the DagBag from /home/airflow/.local/lib/python3.12/site-packages/airflow/example_dags/example_setup_teardown_taskflow.py
[2026-09-06T09:17:49.643+0000] {processor.py:925} INFO - DAG(s) 'example_setup_teardown_taskflow' retrieved from /home/airflow/.local/lib/python3.12/site-packages/airflow/example_dags/example_setup_teardown_taskflow.py
[2026-09-06T09:17:49.660+0000] {logging_mixin.py:190} INFO - [2026-09-06T09:17:49.660+0000] {dag.py:3239} INFO - Sync 1 DAGs
[2026-09-06T09:17:49.670+0000] {logging_mixin.py:190} INFO - [2026-09-06T09:17:49.670+0000] {dag.py:4180} INFO - Setting next_dagrun for example_setup_teardown_taskflow to None, run_after=None
[2026-09-06T09:17:49.685+0000] {processor.py:208} INFO - Processing /home/airflow/.local/lib/python3.12/site-packages/airflow/example_dags/example_setup_teardown_taskflow.py took 0.058 seconds
[2026-09-06T09:18:21.632+0000] {processor.py:186} INFO - Started process (PID=3113) to work on /home/airflow/.local/lib/python3.12/site-packages/airflow/example_dags/example_setup_teardown_taskflow.py
[2026-09-06T09:18:21.633+0000] {processor.py:914} INFO - Processing file /home/airflow/.local/lib/python3.12/site-packages/airflow/example_dags/example_setup_teardown_taskflow.py for tasks to queue
[2026-09-06T09:18:21.635+0000] {logging_mixin.py:190} INFO - [2026-09-06T09:18:21.634+0000] {dagbag.py:588} INFO - Filling up the DagBag from /home/airflow/.local/lib/python3.12/site-packages/airflow/example_dags/example_setup_teardown_taskflow.py
[2026-09-06T09:18:21.643+0000] {processor.py:925} INFO - DAG(s) 'example_setup_teardown_taskflow' retrieved from /home/airflow/.local/lib/python3.12/site-packages/airflow/example_dags/example_setup_teardown_taskflow.py
[2026-09-06T09:18:21.659+0000] {logging_mixin.py:190} INFO - [2026-09-06T09:18:21.659+0000] {dag.py:3239} INFO - Sync 1 DAGs
[2026-09-06T09:18:21.669+0000] {logging_mixin.py:190} INFO - [2026-09-06T09:18:21.669+0000] {dag.py:4180} INFO - Setting next_dagrun for example_setup_teardown_taskflow to None, run_after=None
[2026-09-06T09:18:21.682+0000] {processor.py:208} INFO - Processing /home/airflow/.local/lib/python3.12/site-packages/airflow/example_dags/example_setup_teardown_taskflow.py took 0.055 seconds
[2026-09-06T09:18:53.515+0000] {processor.py:186} INFO - Started process (PID=3179) to work on /home/airflow/.local/lib/python3.12/site-packages/airflow/example_dags/example_setup_teardown_taskflow.py
[2026-09-06T09:18:53.516+0000] {processor.py:914} INFO - Processing file /home/airflow/.local/lib/python3.12/site-packages/airflow/example_dags/example_setup_teardown_taskflow.py for tasks to queue
[2026-09-06T09:18:53.518+0000] {logging_mixin.py:190} INFO - [2026-09-06T09:18:53.518+0000] {dagbag.py:588} INFO - Filling up the DagBag from /home/airflow/.local/lib/python3.12/site-packages/airflow/example_dags/example_setup_teardown_taskflow.py
[2026-09-06T09:18:53.527+0000] {processor.py:925} INFO - DAG(s) 'example_setup_teardown_taskflow' retrieved from /home/airflow/.local/lib/python3.12/site-packages/airflow/example_dags/example_setup_teardown_taskflow.py
[2026-09-06T09:18:53.546+0000] {logging_mixin.py:190} INFO - [2026-09-06T09:18:53.546+0000] {dag.py:3239} INFO - Sync 1 DAGs
[2026-09-06T09:18:53.750+0000] {logging_mixin.py:190} INFO - [2026-09-06T09:18:53.749+0000] {dag.py:4180} INFO - Setting next_dagrun for example_setup_teardown_taskflow to None, run_after=None
[2026-09-06T09:18:53.764+0000] {processor.py:208} INFO - Processing /home/airflow/.local/lib/python3.12/site-packages/airflow/example_dags/example_setup_teardown_taskflow.py took 0.255 seconds
[2026-09-06T09:19:24.501+0000] {processor.py:186} INFO - Started process (PID=3243) to work on /home/airflow/.local/lib/python3.12/site-packages/airflow/example_dags/example_setup_teardown_taskflow.py
[2026-09-06T09:19:24.502+0000] {processor.py:914} INFO - Processing file /home/airflow/.local/lib/python3.12/site-packages/airflow/example_dags/example_setup_teardown_taskflow.py for tasks to queue
[2026-09-06T09:19:24.504+0000] {logging_mixin.py:190} INFO - [2026-09-06T09:19:24.504+0000] {dagbag.py:588} INFO - Filling up the DagBag from /home/airflow/.local/lib/python3.12/site-packages/airflow/example_dags/example_setup_teardown_taskflow.py
[2026-09-06T09:19:24.513+0000] {processor.py:925} INFO - DAG(s) 'example_setup_teardown_taskflow' retrieved from /home/airflow/.local/lib/python3.12/site-packages/airflow/example_dags/example_setup_teardown_taskflow.py
[2026-09-06T09:19:24.531+0000] {logging_mixin.py:190} INFO - [2026-09-06T09:19:24.531+0000] {dag.py:3239} INFO - Sync 1 DAGs
[2026-09-06T09:19:24.542+0000] {logging_mixin.py:190} INFO - [2026-09-06T09:19:24.542+0000] {dag.py:4180} INFO - Setting next_dagrun for example_setup_teardown_taskflow to None, run_after=None
[2026-09-06T09:19:24.737+0000] {processor.py:208} INFO - Processing /home/airflow/.local/lib/python3.12/site-packages/airflow/example_dags/example_setup_teardown_taskflow.py took 0.241 seconds
[2026-09-06T09:19:56.021+0000] {processor.py:186} INFO - Started process (PID=3307) to work on /home/airflow/.local/lib/python3.12/site-packages/airflow/example_dags/example_setup_teardown_taskflow.py
[2026-09-06T09:19:56.031+0000] {processor.py:914} INFO - Processing file /home/airflow/.local/lib/python3.12/site-packages/airflow/example_dags/example_setup_teardown_taskflow.py for tasks to queue
[2026-09-06T09:19:56.042+0000] {logging_mixin.py:190} INFO - [2026-09-06T09:19:56.041+0000] {dagbag.py:588} INFO - Filling up the DagBag from /home/airflow/.local/lib/python3.12/site-packages/airflow/example_dags/example_setup_teardown_taskflow.py
[2026-09-06T09:19:56.068+0000] {processor.py:925} INFO - DAG(s) 'example_setup_teardown_taskflow' retrieved from /home/airflow/.local/lib/python3.12/site-packages/airflow/example_dags/example_setup_teardown_taskflow.py
[2026-09-06T09:19:56.100+0000] {logging_mixin.py:190} INFO - [2026-09-06T09:19:56.099+0000] {dag.py:3239} INFO - Sync 1 DAGs
[2026-09-06T09:19:56.115+0000] {logging_mixin.py:190} INFO - [2026-09-06T09:19:56.115+0000] {dag.py:4180} INFO - Setting next_dagrun for example_setup_teardown_taskflow to None, run_after=None
[2026-09-06T09:19:56.133+0000] {processor.py:208} INFO - Processing /home/airflow/.local/lib/python3.12/site-packages/airflow/example_dags/example_setup_teardown_taskflow.py took 0.125 seconds
[2026-09-06T09:20:27.061+0000] {processor.py:186} INFO - Started process (PID=3371) to work on /home/airflow/.local/lib/python3.12/site-packages/airflow/example_dags/example_setup_teardown_taskflow.py
[2026-09-06T09:20:27.062+0000] {processor.py:914} INFO - Processing file /home/airflow/.local/lib/python3.12/site-packages/airflow/example_dags/example_setup_teardown_taskflow.py for tasks to queue
[2026-09-06T09:20:27.064+0000] {logging_mixin.py:190} INFO - [2026-09-06T09:20:27.064+0000] {dagbag.py:588} INFO - Filling up the DagBag from /home/airflow/.local/lib/python3.12/site-packages/airflow/example_dags/example_setup_teardown_taskflow.py
[2026-09-06T09:20:27.075+0000] {processor.py:925} INFO - DAG(s) 'example_setup_teardown_taskflow' retrieved from /home/airflow/.local/lib/python3.12/site-packages/airflow/example_dags/example_setup_teardown_taskflow.py
[2026-09-06T09:20:27.094+0000] {logging_mixin.py:190} INFO - [2026-09-06T09:20:27.094+0000] {dag.py:3239} INFO - Sync 1 DAGs
[2026-09-06T09:20:27.108+0000] {logging_mixin.py:190} INFO - [2026-09-06T09:20:27.108+0000] {dag.py:4180} INFO - Setting next_dagrun for example_setup_teardown_taskflow to None, run_after=None
[2026-09-06T09:20:27.124+0000] {processor.py:208} INFO - Processing /home/airflow/.local/lib/python3.12/site-packages/airflow/example_dags/example_setup_teardown_taskflow.py took 0.069 seconds
[2026-09-06T09:20:58.604+0000] {processor.py:186} INFO - Started process (PID=3439) to work on /home/airflow/.local/lib/python3.12/site-packages/airflow/example_dags/example_setup_teardown_taskflow.py
[2026-09-06T09:20:58.605+0000] {processor.py:914} INFO - Processing file /home/airflow/.local/lib/python3.12/site-packages/airflow/example_dags/example_setup_teardown_taskflow.py for tasks to queue
[2026-09-06T09:20:58.607+0000] {logging_mixin.py:190} INFO - [2026-09-06T09:20:58.607+0000] {dagbag.py:588} INFO - Filling up the DagBag from /home/airflow/.local/lib/python3.12/site-packages/airflow/example_dags/example_setup_teardown_taskflow.py
[2026-09-06T09:20:58.615+0000] {processor.py:925} INFO - DAG(s) 'example_setup_teardown_taskflow' retrieved from /home/airflow/.local/lib/python3.12/site-packages/airflow/example_dags/example_setup_teardown_taskflow.py
[2026-09-06T09:20:58.632+0000] {logging_mixin.py:190} INFO - [2026-09-06T09:20:58.632+0000] {dag.py:3239} INFO - Sync 1 DAGs
[2026-09-06T09:20:58.643+0000] {logging_mixin.py:190} INFO - [2026-09-06T09:20:58.642+0000] {dag.py:4180} INFO - Setting next_dagrun for example_setup_teardown_taskflow to None, run_after=None
[2026-09-06T09:20:58.658+0000] {processor.py:208} INFO - Processing /home/airflow/.local/lib/python3.12/site-packages/airflow/example_dags/example_setup_teardown_taskflow.py took 0.059 seconds
[2026-09-06T09:21:29.838+0000] {processor.py:186} INFO - Started process (PID=3509) to work on /home/airflow/.local/lib/python3.12/site-packages/airflow/example_dags/example_setup_teardown_taskflow.py
[2026-09-06T09:21:29.839+0000] {processor.py:914} INFO - Processing file /home/airflow/.local/lib/python3.12/site-packages/airflow/example_dags/example_setup_teardown_taskflow.py for tasks to queue
[2026-09-06T09:21:29.841+0000] {logging_mixin.py:190} INFO - [2026-09-06T09:21:29.841+0000] {dagbag.py:588} INFO - Filling up the DagBag from /home/airflow/.local/lib/python3.12/site-packages/airflow/example_dags/example_setup_teardown_taskflow.py
[2026-09-06T09:21:29.850+0000] {processor.py:925} INFO - DAG(s) 'example_setup_teardown_taskflow' retrieved from /home/airflow/.local/lib/python3.12/site-packages/airflow/example_dags/example_setup_teardown_taskflow.py
[2026-09-06T09:21:29.868+0000] {logging_mixin.py:190} INFO - [2026-09-06T09:21:29.868+0000] {dag.py:3239} INFO - Sync 1 DAGs
[2026-09-06T09:21:29.879+0000] {logging_mixin.py:190} INFO - [2026-09-06T09:21:29.879+0000] {dag.py:4180} INFO - Setting next_dagrun for example_setup_teardown_taskflow to None, run_after=None
[2026-09-06T09:21:29.892+0000] {processor.py:208} INFO - Processing /home/airflow/.local/lib/python3.12/site-packages/airflow/example_dags/example_setup_teardown_taskflow.py took 0.059 seconds
[2026-09-06T09:22:01.119+0000] {processor.py:186} INFO - Started process (PID=3573) to work on /home/airflow/.local/lib/python3.12/site-packages/airflow/example_dags/example_setup_teardown_taskflow.py
[2026-09-06T09:22:01.120+0000] {processor.py:914} INFO - Processing file /home/airflow/.local/lib/python3.12/site-packages/airflow/example_dags/example_setup_teardown_taskflow.py for tasks to queue
[2026-09-06T09:22:01.122+0000] {logging_mixin.py:190} INFO - [2026-09-06T09:22:01.121+0000] {dagbag.py:588} INFO - Filling up the DagBag from /home/airflow/.local/lib/python3.12/site-packages/airflow/example_dags/example_setup_teardown_taskflow.py
[2026-09-06T09:22:01.129+0000] {processor.py:925} INFO - DAG(s) 'example_setup_teardown_taskflow' retrieved from /home/airflow/.local/lib/python3.12/site-packages/airflow/example_dags/example_setup_teardown_taskflow.py
[2026-09-06T09:22:01.145+0000] {logging_mixin.py:190} INFO - [2026-09-06T09:22:01.145+0000] {dag.py:3239} INFO - Sync 1 DAGs
[2026-09-06T09:22:01.155+0000] {logging_mixin.py:190} INFO - [2026-09-06T09:22:01.155+0000] {dag.py:4180} INFO - Setting next_dagrun for example_setup_teardown_taskflow to None, run_after=None
[2026-09-06T09:22:01.169+0000] {processor.py:208} INFO - Processing /home/airflow/.local/lib/python3.12/site-packages/airflow/example_dags/example_setup_teardown_taskflow.py took 0.055 seconds
[2026-09-06T09:22:32.069+0000] {processor.py:186} INFO - Started process (PID=3637) to work on /home/airflow/.local/lib/python3.12/site-packages/airflow/example_dags/example_setup_teardown_taskflow.py
[2026-09-06T09:22:32.070+0000] {processor.py:914} INFO - Processing file /home/airflow/.local/lib/python3.12/site-packages/airflow/example_dags/example_setup_teardown_taskflow.py for tasks to queue
[2026-09-06T09:22:32.073+0000] {logging_mixin.py:190} INFO - [2026-09-06T09:22:32.073+0000] {dagbag.py:588} INFO - Filling up the DagBag from /home/airflow/.local/lib/python3.12/site-packages/airflow/example_dags/example_setup_teardown_taskflow.py
[2026-09-06T09:22:32.082+0000] {processor.py:925} INFO - DAG(s) 'example_setup_teardown_taskflow' retrieved from /home/airflow/.local/lib/python3.12/site-packages/airflow/example_dags/example_setup_teardown_taskflow.py
[2026-09-06T09:22:32.107+0000] {logging_mixin.py:190} INFO - [2026-09-06T09:22:32.107+0000] {dag.py:3239} INFO - Sync 1 DAGs
[2026-09-06T09:22:32.124+0000] {logging_mixin.py:190} INFO - [2026-09-06T09:22:32.124+0000] {dag.py:4180} INFO - Setting next_dagrun for example_setup_teardown_taskflow to None, run_after=None
[2026-09-06T09:22:32.142+0000] {processor.py:208} INFO - Processing /home/airflow/.local/lib/python3.12/site-packages/airflow/example_dags/example_setup_teardown_taskflow.py took 0.077 seconds
[2026-09-06T09:23:03.094+0000] {processor.py:186} INFO - Started process (PID=3701) to work on /home/airflow/.local/lib/python3.12/site-packages/airflow/example_dags/example_setup_teardown_taskflow.py
[2026-09-06T09:23:03.095+0000] {processor.py:914} INFO - Processing file /home/airflow/.local/lib/python3.12/site-packages/airflow/example_dags/example_setup_teardown_taskflow.py for tasks to queue
[2026-09-06T09:23:03.098+0000] {logging_mixin.py:190} INFO - [2026-09-06T09:23:03.097+0000] {dagbag.py:588} INFO - Filling up the DagBag from /home/airflow/.local/lib/python3.12/site-packages/airflow/example_dags/example_setup_teardown_taskflow.py
[2026-09-06T09:23:03.106+0000] {processor.py:925} INFO - DAG(s) 'example_setup_teardown_taskflow' retrieved from /home/airflow/.local/lib/python3.12/site-packages/airflow/example_dags/example_setup_teardown_taskflow.py
[2026-09-06T09:23:03.124+0000] {logging_mixin.py:190} INFO - [2026-09-06T09:23:03.124+0000] {dag.py:3239} INFO - Sync 1 DAGs
[2026-09-06T09:23:03.135+0000] {logging_mixin.py:190} INFO - [2026-09-06T09:23:03.135+0000] {dag.py:4180} INFO - Setting next_dagrun for example_setup_teardown_taskflow to None, run_after=None
[2026-09-06T09:23:03.152+0000] {processor.py:208} INFO - Processing /home/airflow/.local/lib/python3.12/site-packages/airflow/example_dags/example_setup_teardown_taskflow.py took 0.063 seconds
[2026-09-06T09:23:33.987+0000] {processor.py:186} INFO - Started process (PID=3765) to work on /home/airflow/.local/lib/python3.12/site-packages/airflow/example_dags/example_setup_teardown_taskflow.py
[2026-09-06T09:23:33.988+0000] {processor.py:914} INFO - Processing file /home/airflow/.local/lib/python3.12/site-packages/airflow/example_dags/example_setup_teardown_taskflow.py for tasks to queue
[2026-09-06T09:23:33.991+0000] {logging_mixin.py:190} INFO - [2026-09-06T09:23:33.990+0000] {dagbag.py:588} INFO - Filling up the DagBag from /home/airflow/.local/lib/python3.12/site-packages/airflow/example_dags/example_setup_teardown_taskflow.py
[2026-09-06T09:23:34.000+0000] {processor.py:925} INFO - DAG(s) 'example_setup_teardown_taskflow' retrieved from /home/airflow/.local/lib/python3.12/site-packages/airflow/example_dags/example_setup_teardown_taskflow.py
[2026-09-06T09:23:34.016+0000] {logging_mixin.py:190} INFO - [2026-09-06T09:23:34.016+0000] {dag.py:3239} INFO - Sync 1 DAGs
[2026-09-06T09:23:34.027+0000] {logging_mixin.py:190} INFO - [2026-09-06T09:23:34.027+0000] {dag.py:4180} INFO - Setting next_dagrun for example_setup_teardown_taskflow to None, run_after=None
[2026-09-06T09:23:34.041+0000] {processor.py:208} INFO - Processing /home/airflow/.local/lib/python3.12/site-packages/airflow/example_dags/example_setup_teardown_taskflow.py took 0.059 seconds
[2026-09-06T09:24:05.183+0000] {processor.py:186} INFO - Started process (PID=3829) to work on /home/airflow/.local/lib/python3.12/site-packages/airflow/example_dags/example_setup_teardown_taskflow.py
[2026-09-06T09:24:05.184+0000] {processor.py:914} INFO - Processing file /home/airflow/.local/lib/python3.12/site-packages/airflow/example_dags/example_setup_teardown_taskflow.py for tasks to queue
[2026-09-06T09:24:05.186+0000] {logging_mixin.py:190} INFO - [2026-09-06T09:24:05.186+0000] {dagbag.py:588} INFO - Filling up the DagBag from /home/airflow/.local/lib/python3.12/site-packages/airflow/example_dags/example_setup_teardown_taskflow.py
[2026-09-06T09:24:05.195+0000] {processor.py:925} INFO - DAG(s) 'example_setup_teardown_taskflow' retrieved from /home/airflow/.local/lib/python3.12/site-packages/airflow/example_dags/example_setup_teardown_taskflow.py
[2026-09-06T09:24:05.212+0000] {logging_mixin.py:190} INFO - [2026-09-06T09:24:05.212+0000] {dag.py:3239} INFO - Sync 1 DAGs
[2026-09-06T09:24:05.223+0000] {logging_mixin.py:190} INFO - [2026-09-06T09:24:05.222+0000] {dag.py:4180} INFO - Setting next_dagrun for example_setup_teardown_taskflow to None, run_after=None
[2026-09-06T09:24:05.237+0000] {processor.py:208} INFO - Processing /home/airflow/.local/lib/python3.12/site-packages/airflow/example_dags/example_setup_teardown_taskflow.py took 0.058 seconds
[2026-09-06T09:24:36.448+0000] {processor.py:186} INFO - Started process (PID=3893) to work on /home/airflow/.local/lib/python3.12/site-packages/airflow/example_dags/example_setup_teardown_taskflow.py
[2026-09-06T09:24:36.449+0000] {processor.py:914} INFO - Processing file /home/airflow/.local/lib/python3.12/site-packages/airflow/example_dags/example_setup_teardown_taskflow.py for tasks to queue
[2026-09-06T09:24:36.452+0000] {logging_mixin.py:190} INFO - [2026-09-06T09:24:36.451+0000] {dagbag.py:588} INFO - Filling up the DagBag from /home/airflow/.local/lib/python3.12/site-packages/airflow/example_dags/example_setup_teardown_taskflow.py
[2026-09-06T09:24:36.460+0000] {processor.py:925} INFO - DAG(s) 'example_setup_teardown_taskflow' retrieved from /home/airflow/.local/lib/python3.12/site-packages/airflow/example_dags/example_setup_teardown_taskflow.py
[2026-09-06T09:24:36.480+0000] {logging_mixin.py:190} INFO - [2026-09-06T09:24:36.480+0000] {dag.py:3239} INFO - Sync 1 DAGs
[2026-09-06T09:24:36.492+0000] {logging_mixin.py:190} INFO - [2026-09-06T09:24:36.492+0000] {dag.py:4180} INFO - Setting next_dagrun for example_setup_teardown_taskflow to None, run_after=None
[2026-09-06T09:24:36.509+0000] {processor.py:208} INFO - Processing /home/airflow/.local/lib/python3.12/site-packages/airflow/example_dags/example_setup_teardown_taskflow.py took 0.065 seconds
[2026-09-06T09:25:07.310+0000] {processor.py:186} INFO - Started process (PID=3957) to work on /home/airflow/.local/lib/python3.12/site-packages/airflow/example_dags/example_setup_teardown_taskflow.py
[2026-09-06T09:25:07.312+0000] {processor.py:914} INFO - Processing file /home/airflow/.local/lib/python3.12/site-packages/airflow/example_dags/example_setup_teardown_taskflow.py for tasks to queue
[2026-09-06T09:25:07.316+0000] {logging_mixin.py:190} INFO - [2026-09-06T09:25:07.316+0000] {dagbag.py:588} INFO - Filling up the DagBag from /home/airflow/.local/lib/python3.12/site-packages/airflow/example_dags/example_setup_teardown_taskflow.py
[2026-09-06T09:25:07.330+0000] {processor.py:925} INFO - DAG(s) 'example_setup_teardown_taskflow' retrieved from /home/airflow/.local/lib/python3.12/site-packages/airflow/example_dags/example_setup_teardown_taskflow.py
[2026-09-06T09:25:07.356+0000] {logging_mixin.py:190} INFO - [2026-09-06T09:25:07.356+0000] {dag.py:3239} INFO - Sync 1 DAGs
[2026-09-06T09:25:07.374+0000] {logging_mixin.py:190} INFO - [2026-09-06T09:25:07.374+0000] {dag.py:4180} INFO - Setting next_dagrun for example_setup_teardown_taskflow to None, run_after=None
[2026-09-06T09:25:07.397+0000] {processor.py:208} INFO - Processing /home/airflow/.local/lib/python3.12/site-packages/airflow/example_dags/example_setup_teardown_taskflow.py took 0.094 seconds
[2026-09-06T09:25:37.758+0000] {processor.py:186} INFO - Started process (PID=4021) to work on /home/airflow/.local/lib/python3.12/site-packages/airflow/example_dags/example_setup_teardown_taskflow.py
[2026-09-06T09:25:37.759+0000] {processor.py:914} INFO - Processing file /home/airflow/.local/lib/python3.12/site-packages/airflow/example_dags/example_setup_teardown_taskflow.py for tasks to queue
[2026-09-06T09:25:37.761+0000] {logging_mixin.py:190} INFO - [2026-09-06T09:25:37.761+0000] {dagbag.py:588} INFO - Filling up the DagBag from /home/airflow/.local/lib/python3.12/site-packages/airflow/example_dags/example_setup_teardown_taskflow.py
[2026-09-06T09:25:37.770+0000] {processor.py:925} INFO - DAG(s) 'example_setup_teardown_taskflow' retrieved from /home/airflow/.local/lib/python3.12/site-packages/airflow/example_dags/example_setup_teardown_taskflow.py
[2026-09-06T09:25:37.788+0000] {logging_mixin.py:190} INFO - [2026-09-06T09:25:37.788+0000] {dag.py:3239} INFO - Sync 1 DAGs
[2026-09-06T09:25:37.800+0000] {logging_mixin.py:190} INFO - [2026-09-06T09:25:37.799+0000] {dag.py:4180} INFO - Setting next_dagrun for example_setup_teardown_taskflow to None, run_after=None
[2026-09-06T09:25:37.813+0000] {processor.py:208} INFO - Processing /home/airflow/.local/lib/python3.12/site-packages/airflow/example_dags/example_setup_teardown_taskflow.py took 0.060 seconds
[2026-09-06T09:26:08.207+0000] {processor.py:186} INFO - Started process (PID=4085) to work on /home/airflow/.local/lib/python3.12/site-packages/airflow/example_dags/example_setup_teardown_taskflow.py
[2026-09-06T09:26:08.208+0000] {processor.py:914} INFO - Processing file /home/airflow/.local/lib/python3.12/site-packages/airflow/example_dags/example_setup_teardown_taskflow.py for tasks to queue
[2026-09-06T09:26:08.210+0000] {logging_mixin.py:190} INFO - [2026-09-06T09:26:08.210+0000] {dagbag.py:588} INFO - Filling up the DagBag from /home/airflow/.local/lib/python3.12/site-packages/airflow/example_dags/example_setup_teardown_taskflow.py
[2026-09-06T09:26:08.218+0000] {processor.py:925} INFO - DAG(s) 'example_setup_teardown_taskflow' retrieved from /home/airflow/.local/lib/python3.12/site-packages/airflow/example_dags/example_setup_teardown_taskflow.py
[2026-09-06T09:26:08.235+0000] {logging_mixin.py:190} INFO - [2026-09-06T09:26:08.234+0000] {dag.py:3239} INFO - Sync 1 DAGs
[2026-09-06T09:26:08.245+0000] {logging_mixin.py:190} INFO - [2026-09-06T09:26:08.245+0000] {dag.py:4180} INFO - Setting next_dagrun for example_setup_teardown_taskflow to None, run_after=None
[2026-09-06T09:26:08.260+0000] {processor.py:208} INFO - Processing /home/airflow/.local/lib/python3.12/site-packages/airflow/example_dags/example_setup_teardown_taskflow.py took 0.057 seconds
[2026-09-06T09:26:39.570+0000] {processor.py:186} INFO - Started process (PID=4149) to work on /home/airflow/.local/lib/python3.12/site-packages/airflow/example_dags/example_setup_teardown_taskflow.py
[2026-09-06T09:26:39.571+0000] {processor.py:914} INFO - Processing file /home/airflow/.local/lib/python3.12/site-packages/airflow/example_dags/example_setup_teardown_taskflow.py for tasks to queue
[2026-09-06T09:26:39.573+0000] {logging_mixin.py:190} INFO - [2026-09-06T09:26:39.573+0000] {dagbag.py:588} INFO - Filling up the DagBag from /home/airflow/.local/lib/python3.12/site-packages/airflow/example_dags/example_setup_teardown_taskflow.py
[2026-09-06T09:26:39.581+0000] {processor.py:925} INFO - DAG(s) 'example_setup_teardown_taskflow' retrieved from /home/airflow/.local/lib/python3.12/site-packages/airflow/example_dags/example_setup_teardown_taskflow.py
[2026-09-06T09:26:39.597+0000] {logging_mixin.py:190} INFO - [2026-09-06T09:26:39.597+0000] {dag.py:3239} INFO - Sync 1 DAGs
[2026-09-06T09:26:39.607+0000] {logging_mixin.py:190} INFO - [2026-09-06T09:26:39.607+0000] {dag.py:4180} INFO - Setting next_dagrun for example_setup_teardown_taskflow to None, run_after=None
[2026-09-06T09:26:39.620+0000] {processor.py:208} INFO - Processing /home/airflow/.local/lib/python3.12/site-packages/airflow/example_dags/example_setup_teardown_taskflow.py took 0.054 seconds
[2026-09-06T09:27:10.767+0000] {processor.py:186} INFO - Started process (PID=4214) to work on /home/airflow/.local/lib/python3.12/site-packages/airflow/example_dags/example_setup_teardown_taskflow.py
[2026-09-06T09:27:10.768+0000] {processor.py:914} INFO - Processing file /home/airflow/.local/lib/python3.12/site-packages/airflow/example_dags/example_setup_teardown_taskflow.py for tasks to queue
[2026-09-06T09:27:10.770+0000] {logging_mixin.py:190} INFO - [2026-09-06T09:27:10.770+0000] {dagbag.py:588} INFO - Filling up the DagBag from /home/airflow/.local/lib/python3.12/site-packages/airflow/example_dags/example_setup_teardown_taskflow.py
[2026-09-06T09:27:10.780+0000] {processor.py:925} INFO - DAG(s) 'example_setup_teardown_taskflow' retrieved from /home/airflow/.local/lib/python3.12/site-packages/airflow/example_dags/example_setup_teardown_taskflow.py
[2026-09-06T09:27:10.796+0000] {logging_mixin.py:190} INFO - [2026-09-06T09:27:10.796+0000] {dag.py:3239} INFO - Sync 1 DAGs
[2026-09-06T09:27:10.807+0000] {logging_mixin.py:190} INFO - [2026-09-06T09:27:10.806+0000] {dag.py:4180} INFO - Setting next_dagrun for example_setup_teardown_taskflow to None, run_after=None
[2026-09-06T09:27:10.820+0000] {processor.py:208} INFO - Processing /home/airflow/.local/lib/python3.12/site-packages/airflow/example_dags/example_setup_teardown_taskflow.py took 0.058 seconds
[2026-09-06T09:27:41.304+0000] {processor.py:186} INFO - Started process (PID=4278) to work on /home/airflow/.local/lib/python3.12/site-packages/airflow/example_dags/example_setup_teardown_taskflow.py
[2026-09-06T09:27:41.307+0000] {processor.py:914} INFO - Processing file /home/airflow/.local/lib/python3.12/site-packages/airflow/example_dags/example_setup_teardown_taskflow.py for tasks to queue
[2026-09-06T09:27:41.310+0000] {logging_mixin.py:190} INFO - [2026-09-06T09:27:41.310+0000] {dagbag.py:588} INFO - Filling up the DagBag from /home/airflow/.local/lib/python3.12/site-packages/airflow/example_dags/example_setup_teardown_taskflow.py
[2026-09-06T09:27:41.320+0000] {processor.py:925} INFO - DAG(s) 'example_setup_teardown_taskflow' retrieved from /home/airflow/.local/lib/python3.12/site-packages/airflow/example_dags/example_setup_teardown_taskflow.py
[2026-09-06T09:27:41.342+0000] {logging_mixin.py:190} INFO - [2026-09-06T09:27:41.341+0000] {dag.py:3239} INFO - Sync 1 DAGs
[2026-09-06T09:27:41.362+0000] {logging_mixin.py:190} INFO - [2026-09-06T09:27:41.361+0000] {dag.py:4180} INFO - Setting next_dagrun for example_setup_teardown_taskflow to None, run_after=None
[2026-09-06T09:27:41.387+0000] {processor.py:208} INFO - Processing /home/airflow/.local/lib/python3.12/site-packages/airflow/example_dags/example_setup_teardown_taskflow.py took 0.088 seconds
[2026-09-06T09:28:12.009+0000] {processor.py:186} INFO - Started process (PID=4342) to work on /home/airflow/.local/lib/python3.12/site-packages/airflow/example_dags/example_setup_teardown_taskflow.py
[2026-09-06T09:28:12.015+0000] {processor.py:914} INFO - Processing file /home/airflow/.local/lib/python3.12/site-packages/airflow/example_dags/example_setup_teardown_taskflow.py for tasks to queue
[2026-09-06T09:28:12.019+0000] {logging_mixin.py:190} INFO - [2026-09-06T09:28:12.018+0000] {dagbag.py:588} INFO - Filling up the DagBag from /home/airflow/.local/lib/python3.12/site-packages/airflow/example_dags/example_setup_teardown_taskflow.py
[2026-09-06T09:28:12.032+0000] {processor.py:925} INFO - DAG(s) 'example_setup_teardown_taskflow' retrieved from /home/airflow/.local/lib/python3.12/site-packages/airflow/example_dags/example_setup_teardown_taskflow.py
[2026-09-06T09:28:12.057+0000] {logging_mixin.py:190} INFO - [2026-09-06T09:28:12.056+0000] {dag.py:3239} INFO - Sync 1 DAGs
[2026-09-06T09:28:12.074+0000] {logging_mixin.py:190} INFO - [2026-09-06T09:28:12.074+0000] {dag.py:4180} INFO - Setting next_dagrun for example_setup_teardown_taskflow to None, run_after=None
[2026-09-06T09:28:12.105+0000] {processor.py:208} INFO - Processing /home/airflow/.local/lib/python3.12/site-packages/airflow/example_dags/example_setup_teardown_taskflow.py took 0.103 seconds
[2026-09-06T09:28:42.459+0000] {processor.py:186} INFO - Started process (PID=4406) to work on /home/airflow/.local/lib/python3.12/site-packages/airflow/example_dags/example_setup_teardown_taskflow.py
[2026-09-06T09:28:42.460+0000] {processor.py:914} INFO - Processing file /home/airflow/.local/lib/python3.12/site-packages/airflow/example_dags/example_setup_teardown_taskflow.py for tasks to queue
[2026-09-06T09:28:42.462+0000] {logging_mixin.py:190} INFO - [2026-09-06T09:28:42.462+0000] {dagbag.py:588} INFO - Filling up the DagBag from /home/airflow/.local/lib/python3.12/site-packages/airflow/example_dags/example_setup_teardown_taskflow.py
[2026-09-06T09:28:42.470+0000] {processor.py:925} INFO - DAG(s) 'example_setup_teardown_taskflow' retrieved from /home/airflow/.local/lib/python3.12/site-packages/airflow/example_dags/example_setup_teardown_taskflow.py
[2026-09-06T09:28:42.488+0000] {logging_mixin.py:190} INFO - [2026-09-06T09:28:42.488+0000] {dag.py:3239} INFO - Sync 1 DAGs
[2026-09-06T09:28:42.500+0000] {logging_mixin.py:190} INFO - [2026-09-06T09:28:42.500+0000] {dag.py:4180} INFO - Setting next_dagrun for example_setup_teardown_taskflow to None, run_after=None
[2026-09-06T09:28:42.526+0000] {processor.py:208} INFO - Processing /home/airflow/.local/lib/python3.12/site-packages/airflow/example_dags/example_setup_teardown_taskflow.py took 0.071 seconds
[2026-09-06T09:29:12.931+0000] {processor.py:186} INFO - Started process (PID=4470) to work on /home/airflow/.local/lib/python3.12/site-packages/airflow/example_dags/example_setup_teardown_taskflow.py
[2026-09-06T09:29:12.932+0000] {processor.py:914} INFO - Processing file /home/airflow/.local/lib/python3.12/site-packages/airflow/example_dags/example_setup_teardown_taskflow.py for tasks to queue
[2026-09-06T09:29:12.936+0000] {logging_mixin.py:190} INFO - [2026-09-06T09:29:12.935+0000] {dagbag.py:588} INFO - Filling up the DagBag from /home/airflow/.local/lib/python3.12/site-packages/airflow/example_dags/example_setup_teardown_taskflow.py
[2026-09-06T09:29:12.945+0000] {processor.py:925} INFO - DAG(s) 'example_setup_teardown_taskflow' retrieved from /home/airflow/.local/lib/python3.12/site-packages/airflow/example_dags/example_setup_teardown_taskflow.py
[2026-09-06T09:29:12.966+0000] {logging_mixin.py:190} INFO - [2026-09-06T09:29:12.966+0000] {dag.py:3239} INFO - Sync 1 DAGs
[2026-09-06T09:29:12.978+0000] {logging_mixin.py:190} INFO - [2026-09-06T09:29:12.978+0000] {dag.py:4180} INFO - Setting next_dagrun for example_setup_teardown_taskflow to None, run_after=None
[2026-09-06T09:29:12.996+0000] {processor.py:208} INFO - Processing /home/airflow/.local/lib/python3.12/site-packages/airflow/example_dags/example_setup_teardown_taskflow.py took 0.070 seconds
[2026-09-06T09:29:43.386+0000] {processor.py:186} INFO - Started process (PID=4534) to work on /home/airflow/.local/lib/python3.12/site-packages/airflow/example_dags/example_setup_teardown_taskflow.py
[2026-09-06T09:29:43.387+0000] {processor.py:914} INFO - Processing file /home/airflow/.local/lib/python3.12/site-packages/airflow/example_dags/example_setup_teardown_taskflow.py for tasks to queue
[2026-09-06T09:29:43.390+0000] {logging_mixin.py:190} INFO - [2026-09-06T09:29:43.389+0000] {dagbag.py:588} INFO - Filling up the DagBag from /home/airflow/.local/lib/python3.12/site-packages/airflow/example_dags/example_setup_teardown_taskflow.py
[2026-09-06T09:29:43.400+0000] {processor.py:925} INFO - DAG(s) 'example_setup_teardown_taskflow' retrieved from /home/airflow/.local/lib/python3.12/site-packages/airflow/example_dags/example_setup_teardown_taskflow.py
[2026-09-06T09:29:43.419+0000] {logging_mixin.py:190} INFO - [2026-09-06T09:29:43.419+0000] {dag.py:3239} INFO - Sync 1 DAGs
[2026-09-06T09:29:43.431+0000] {logging_mixin.py:190} INFO - [2026-09-06T09:29:43.431+0000] {dag.py:4180} INFO - Setting next_dagrun for example_setup_teardown_taskflow to None, run_after=None
[2026-09-06T09:29:43.450+0000] {processor.py:208} INFO - Processing /home/airflow/.local/lib/python3.12/site-packages/airflow/example_dags/example_setup_teardown_taskflow.py took 0.069 seconds
[2026-09-06T09:30:13.758+0000] {processor.py:186} INFO - Started process (PID=4597) to work on /home/airflow/.local/lib/python3.12/site-packages/airflow/example_dags/example_setup_teardown_taskflow.py
[2026-09-06T09:30:13.759+0000] {processor.py:914} INFO - Processing file /home/airflow/.local/lib/python3.12/site-packages/airflow/example_dags/example_setup_teardown_taskflow.py for tasks to queue
[2026-09-06T09:30:13.761+0000] {logging_mixin.py:190} INFO - [2026-09-06T09:30:13.760+0000] {dagbag.py:588} INFO - Filling up the DagBag from /home/airflow/.local/lib/python3.12/site-packages/airflow/example_dags/example_setup_teardown_taskflow.py
[2026-09-06T09:30:13.769+0000] {processor.py:925} INFO - DAG(s) 'example_setup_teardown_taskflow' retrieved from /home/airflow/.local/lib/python3.12/site-packages/airflow/example_dags/example_setup_teardown_taskflow.py
[2026-09-06T09:30:13.788+0000] {logging_mixin.py:190} INFO - [2026-09-06T09:30:13.787+0000] {dag.py:3239} INFO - Sync 1 DAGs
[2026-09-06T09:30:13.799+0000] {logging_mixin.py:190} INFO - [2026-09-06T09:30:13.799+0000] {dag.py:4180} INFO - Setting next_dagrun for example_setup_teardown_taskflow to None, run_after=None
[2026-09-06T09:30:13.814+0000] {processor.py:208} INFO - Processing /home/airflow/.local/lib/python3.12/site-packages/airflow/example_dags/example_setup_teardown_taskflow.py took 0.061 seconds
[2026-09-06T09:30:44.452+0000] {processor.py:186} INFO - Started process (PID=4661) to work on /home/airflow/.local/lib/python3.12/site-packages/airflow/example_dags/example_setup_teardown_taskflow.py
[2026-09-06T09:30:44.453+0000] {processor.py:914} INFO - Processing file /home/airflow/.local/lib/python3.12/site-packages/airflow/example_dags/example_setup_teardown_taskflow.py for tasks to queue
[2026-09-06T09:30:44.455+0000] {logging_mixin.py:190} INFO - [2026-09-06T09:30:44.455+0000] {dagbag.py:588} INFO - Filling up the DagBag from /home/airflow/.local/lib/python3.12/site-packages/airflow/example_dags/example_setup_teardown_taskflow.py
[2026-09-06T09:30:44.464+0000] {processor.py:925} INFO - DAG(s) 'example_setup_teardown_taskflow' retrieved from /home/airflow/.local/lib/python3.12/site-packages/airflow/example_dags/example_setup_teardown_taskflow.py
[2026-09-06T09:30:44.484+0000] {logging_mixin.py:190} INFO - [2026-09-06T09:30:44.484+0000] {dag.py:3239} INFO - Sync 1 DAGs
[2026-09-06T09:30:44.502+0000] {logging_mixin.py:190} INFO - [2026-09-06T09:30:44.502+0000] {dag.py:4180} INFO - Setting next_dagrun for example_setup_teardown_taskflow to None, run_after=None
[2026-09-06T09:30:44.522+0000] {processor.py:208} INFO - Processing /home/airflow/.local/lib/python3.12/site-packages/airflow/example_dags/example_setup_teardown_taskflow.py took 0.074 seconds
[2026-09-06T09:31:14.908+0000] {processor.py:186} INFO - Started process (PID=4724) to work on /home/airflow/.local/lib/python3.12/site-packages/airflow/example_dags/example_setup_teardown_taskflow.py
[2026-09-06T09:31:14.909+0000] {processor.py:914} INFO - Processing file /home/airflow/.local/lib/python3.12/site-packages/airflow/example_dags/example_setup_teardown_taskflow.py for tasks to queue
[2026-09-06T09:31:14.911+0000] {logging_mixin.py:190} INFO - [2026-09-06T09:31:14.911+0000] {dagbag.py:588} INFO - Filling up the DagBag from /home/airflow/.local/lib/python3.12/site-packages/airflow/example_dags/example_setup_teardown_taskflow.py
[2026-09-06T09:31:14.921+0000] {processor.py:925} INFO - DAG(s) 'example_setup_teardown_taskflow' retrieved from /home/airflow/.local/lib/python3.12/site-packages/airflow/example_dags/example_setup_teardown_taskflow.py
[2026-09-06T09:31:14.939+0000] {logging_mixin.py:190} INFO - [2026-09-06T09:31:14.939+0000] {dag.py:3239} INFO - Sync 1 DAGs
[2026-09-06T09:31:14.950+0000] {logging_mixin.py:190} INFO - [2026-09-06T09:31:14.950+0000] {dag.py:4180} INFO - Setting next_dagrun for example_setup_teardown_taskflow to None, run_after=None
[2026-09-06T09:31:14.965+0000] {processor.py:208} INFO - Processing /home/airflow/.local/lib/python3.12/site-packages/airflow/example_dags/example_setup_teardown_taskflow.py took 0.062 seconds
[2026-09-06T09:31:45.290+0000] {processor.py:186} INFO - Started process (PID=4788) to work on /home/airflow/.local/lib/python3.12/site-packages/airflow/example_dags/example_setup_teardown_taskflow.py
[2026-09-06T09:31:45.291+0000] {processor.py:914} INFO - Processing file /home/airflow/.local/lib/python3.12/site-packages/airflow/example_dags/example_setup_teardown_taskflow.py for tasks to queue
[2026-09-06T09:31:45.293+0000] {logging_mixin.py:190} INFO - [2026-09-06T09:31:45.293+0000] {dagbag.py:588} INFO - Filling up the DagBag from /home/airflow/.local/lib/python3.12/site-packages/airflow/example_dags/example_setup_teardown_taskflow.py
[2026-09-06T09:31:45.301+0000] {processor.py:925} INFO - DAG(s) 'example_setup_teardown_taskflow' retrieved from /home/airflow/.local/lib/python3.12/site-packages/airflow/example_dags/example_setup_teardown_taskflow.py
[2026-09-06T09:31:45.320+0000] {logging_mixin.py:190} INFO - [2026-09-06T09:31:45.320+0000] {dag.py:3239} INFO - Sync 1 DAGs
[2026-09-06T09:31:45.332+0000] {logging_mixin.py:190} INFO - [2026-09-06T09:31:45.332+0000] {dag.py:4180} INFO - Setting next_dagrun for example_setup_teardown_taskflow to None, run_after=None
[2026-09-06T09:31:45.351+0000] {processor.py:208} INFO - Processing /home/airflow/.local/lib/python3.12/site-packages/airflow/example_dags/example_setup_teardown_taskflow.py took 0.066 seconds
[2026-09-06T09:32:15.675+0000] {processor.py:186} INFO - Started process (PID=4852) to work on /home/airflow/.local/lib/python3.12/site-packages/airflow/example_dags/example_setup_teardown_taskflow.py
[2026-09-06T09:32:15.677+0000] {processor.py:914} INFO - Processing file /home/airflow/.local/lib/python3.12/site-packages/airflow/example_dags/example_setup_teardown_taskflow.py for tasks to queue
[2026-09-06T09:32:15.679+0000] {logging_mixin.py:190} INFO - [2026-09-06T09:32:15.679+0000] {dagbag.py:588} INFO - Filling up the DagBag from /home/airflow/.local/lib/python3.12/site-packages/airflow/example_dags/example_setup_teardown_taskflow.py
[2026-09-06T09:32:15.695+0000] {processor.py:925} INFO - DAG(s) 'example_setup_teardown_taskflow' retrieved from /home/airflow/.local/lib/python3.12/site-packages/airflow/example_dags/example_setup_teardown_taskflow.py
[2026-09-06T09:32:15.718+0000] {logging_mixin.py:190} INFO - [2026-09-06T09:32:15.718+0000] {dag.py:3239} INFO - Sync 1 DAGs
[2026-09-06T09:32:15.731+0000] {logging_mixin.py:190} INFO - [2026-09-06T09:32:15.730+0000] {dag.py:4180} INFO - Setting next_dagrun for example_setup_teardown_taskflow to None, run_after=None
[2026-09-06T09:32:15.750+0000] {processor.py:208} INFO - Processing /home/airflow/.local/lib/python3.12/site-packages/airflow/example_dags/example_setup_teardown_taskflow.py took 0.080 seconds
[2026-09-06T09:32:46.076+0000] {processor.py:186} INFO - Started process (PID=4916) to work on /home/airflow/.local/lib/python3.12/site-packages/airflow/example_dags/example_setup_teardown_taskflow.py
[2026-09-06T09:32:46.077+0000] {processor.py:914} INFO - Processing file /home/airflow/.local/lib/python3.12/site-packages/airflow/example_dags/example_setup_teardown_taskflow.py for tasks to queue
[2026-09-06T09:32:46.079+0000] {logging_mixin.py:190} INFO - [2026-09-06T09:32:46.079+0000] {dagbag.py:588} INFO - Filling up the DagBag from /home/airflow/.local/lib/python3.12/site-packages/airflow/example_dags/example_setup_teardown_taskflow.py
[2026-09-06T09:32:46.089+0000] {processor.py:925} INFO - DAG(s) 'example_setup_teardown_taskflow' retrieved from /home/airflow/.local/lib/python3.12/site-packages/airflow/example_dags/example_setup_teardown_taskflow.py
[2026-09-06T09:32:46.109+0000] {logging_mixin.py:190} INFO - [2026-09-06T09:32:46.109+0000] {dag.py:3239} INFO - Sync 1 DAGs
[2026-09-06T09:32:46.122+0000] {logging_mixin.py:190} INFO - [2026-09-06T09:32:46.122+0000] {dag.py:4180} INFO - Setting next_dagrun for example_setup_teardown_taskflow to None, run_after=None
[2026-09-06T09:32:46.140+0000] {processor.py:208} INFO - Processing /home/airflow/.local/lib/python3.12/site-packages/airflow/example_dags/example_setup_teardown_taskflow.py took 0.070 seconds
[2026-09-06T09:33:16.497+0000] {processor.py:186} INFO - Started process (PID=4980) to work on /home/airflow/.local/lib/python3.12/site-packages/airflow/example_dags/example_setup_teardown_taskflow.py
[2026-09-06T09:33:16.498+0000] {processor.py:914} INFO - Processing file /home/airflow/.local/lib/python3.12/site-packages/airflow/example_dags/example_setup_teardown_taskflow.py for tasks to queue
[2026-09-06T09:33:16.500+0000] {logging_mixin.py:190} INFO - [2026-09-06T09:33:16.500+0000] {dagbag.py:588} INFO - Filling up the DagBag from /home/airflow/.local/lib/python3.12/site-packages/airflow/example_dags/example_setup_teardown_taskflow.py
[2026-09-06T09:33:16.512+0000] {processor.py:925} INFO - DAG(s) 'example_setup_teardown_taskflow' retrieved from /home/airflow/.local/lib/python3.12/site-packages/airflow/example_dags/example_setup_teardown_taskflow.py
[2026-09-06T09:33:16.532+0000] {logging_mixin.py:190} INFO - [2026-09-06T09:33:16.531+0000] {dag.py:3239} INFO - Sync 1 DAGs
[2026-09-06T09:33:16.546+0000] {logging_mixin.py:190} INFO - [2026-09-06T09:33:16.546+0000] {dag.py:4180} INFO - Setting next_dagrun for example_setup_teardown_taskflow to None, run_after=None
[2026-09-06T09:33:16.573+0000] {processor.py:208} INFO - Processing /home/airflow/.local/lib/python3.12/site-packages/airflow/example_dags/example_setup_teardown_taskflow.py took 0.081 seconds
[2026-09-06T09:33:46.895+0000] {processor.py:186} INFO - Started process (PID=5044) to work on /home/airflow/.local/lib/python3.12/site-packages/airflow/example_dags/example_setup_teardown_taskflow.py
[2026-09-06T09:33:46.896+0000] {processor.py:914} INFO - Processing file /home/airflow/.local/lib/python3.12/site-packages/airflow/example_dags/example_setup_teardown_taskflow.py for tasks to queue
[2026-09-06T09:33:46.899+0000] {logging_mixin.py:190} INFO - [2026-09-06T09:33:46.899+0000] {dagbag.py:588} INFO - Filling up the DagBag from /home/airflow/.local/lib/python3.12/site-packages/airflow/example_dags/example_setup_teardown_taskflow.py
[2026-09-06T09:33:46.912+0000] {processor.py:925} INFO - DAG(s) 'example_setup_teardown_taskflow' retrieved from /home/airflow/.local/lib/python3.12/site-packages/airflow/example_dags/example_setup_teardown_taskflow.py
[2026-09-06T09:33:46.935+0000] {logging_mixin.py:190} INFO - [2026-09-06T09:33:46.935+0000] {dag.py:3239} INFO - Sync 1 DAGs
[2026-09-06T09:33:46.948+0000] {logging_mixin.py:190} INFO - [2026-09-06T09:33:46.947+0000] {dag.py:4180} INFO - Setting next_dagrun for example_setup_teardown_taskflow to None, run_after=None
[2026-09-06T09:33:46.965+0000] {processor.py:208} INFO - Processing /home/airflow/.local/lib/python3.12/site-packages/airflow/example_dags/example_setup_teardown_taskflow.py took 0.079 seconds
[2026-09-06T09:34:17.107+0000] {processor.py:186} INFO - Started process (PID=5107) to work on /home/airflow/.local/lib/python3.12/site-packages/airflow/example_dags/example_setup_teardown_taskflow.py
[2026-09-06T09:34:17.108+0000] {processor.py:914} INFO - Processing file /home/airflow/.local/lib/python3.12/site-packages/airflow/example_dags/example_setup_teardown_taskflow.py for tasks to queue
[2026-09-06T09:34:17.110+0000] {logging_mixin.py:190} INFO - [2026-09-06T09:34:17.110+0000] {dagbag.py:588} INFO - Filling up the DagBag from /home/airflow/.local/lib/python3.12/site-packages/airflow/example_dags/example_setup_teardown_taskflow.py
[2026-09-06T09:34:17.119+0000] {processor.py:925} INFO - DAG(s) 'example_setup_teardown_taskflow' retrieved from /home/airflow/.local/lib/python3.12/site-packages/airflow/example_dags/example_setup_teardown_taskflow.py
[2026-09-06T09:34:17.136+0000] {logging_mixin.py:190} INFO - [2026-09-06T09:34:17.136+0000] {dag.py:3239} INFO - Sync 1 DAGs
[2026-09-06T09:34:17.146+0000] {logging_mixin.py:190} INFO - [2026-09-06T09:34:17.146+0000] {dag.py:4180} INFO - Setting next_dagrun for example_setup_teardown_taskflow to None, run_after=None
[2026-09-06T09:34:17.161+0000] {processor.py:208} INFO - Processing /home/airflow/.local/lib/python3.12/site-packages/airflow/example_dags/example_setup_teardown_taskflow.py took 0.058 seconds
[2026-09-06T09:34:47.704+0000] {processor.py:186} INFO - Started process (PID=5171) to work on /home/airflow/.local/lib/python3.12/site-packages/airflow/example_dags/example_setup_teardown_taskflow.py
[2026-09-06T09:34:47.705+0000] {processor.py:914} INFO - Processing file /home/airflow/.local/lib/python3.12/site-packages/airflow/example_dags/example_setup_teardown_taskflow.py for tasks to queue
[2026-09-06T09:34:47.707+0000] {logging_mixin.py:190} INFO - [2026-09-06T09:34:47.707+0000] {dagbag.py:588} INFO - Filling up the DagBag from /home/airflow/.local/lib/python3.12/site-packages/airflow/example_dags/example_setup_teardown_taskflow.py
[2026-09-06T09:34:47.716+0000] {processor.py:925} INFO - DAG(s) 'example_setup_teardown_taskflow' retrieved from /home/airflow/.local/lib/python3.12/site-packages/airflow/example_dags/example_setup_teardown_taskflow.py
[2026-09-06T09:34:47.732+0000] {logging_mixin.py:190} INFO - [2026-09-06T09:34:47.732+0000] {dag.py:3239} INFO - Sync 1 DAGs
[2026-09-06T09:34:47.743+0000] {logging_mixin.py:190} INFO - [2026-09-06T09:34:47.743+0000] {dag.py:4180} INFO - Setting next_dagrun for example_setup_teardown_taskflow to None, run_after=None
[2026-09-06T09:34:47.757+0000] {processor.py:208} INFO - Processing /home/airflow/.local/lib/python3.12/site-packages/airflow/example_dags/example_setup_teardown_taskflow.py took 0.057 seconds
[2026-09-06T09:35:18.523+0000] {processor.py:186} INFO - Started process (PID=5235) to work on /home/airflow/.local/lib/python3.12/site-packages/airflow/example_dags/example_setup_teardown_taskflow.py
[2026-09-06T09:35:18.524+0000] {processor.py:914} INFO - Processing file /home/airflow/.local/lib/python3.12/site-packages/airflow/example_dags/example_setup_teardown_taskflow.py for tasks to queue
[2026-09-06T09:35:18.526+0000] {logging_mixin.py:190} INFO - [2026-09-06T09:35:18.526+0000] {dagbag.py:588} INFO - Filling up the DagBag from /home/airflow/.local/lib/python3.12/site-packages/airflow/example_dags/example_setup_teardown_taskflow.py
[2026-09-06T09:35:18.535+0000] {processor.py:925} INFO - DAG(s) 'example_setup_teardown_taskflow' retrieved from /home/airflow/.local/lib/python3.12/site-packages/airflow/example_dags/example_setup_teardown_taskflow.py
[2026-09-06T09:35:18.561+0000] {logging_mixin.py:190} INFO - [2026-09-06T09:35:18.561+0000] {dag.py:3239} INFO - Sync 1 DAGs
[2026-09-06T09:35:18.580+0000] {logging_mixin.py:190} INFO - [2026-09-06T09:35:18.579+0000] {dag.py:4180} INFO - Setting next_dagrun for example_setup_teardown_taskflow to None, run_after=None
[2026-09-06T09:35:18.598+0000] {processor.py:208} INFO - Processing /home/airflow/.local/lib/python3.12/site-packages/airflow/example_dags/example_setup_teardown_taskflow.py took 0.081 seconds
[2026-09-06T09:35:48.898+0000] {processor.py:186} INFO - Started process (PID=5298) to work on /home/airflow/.local/lib/python3.12/site-packages/airflow/example_dags/example_setup_teardown_taskflow.py
[2026-09-06T09:35:48.900+0000] {processor.py:914} INFO - Processing file /home/airflow/.local/lib/python3.12/site-packages/airflow/example_dags/example_setup_teardown_taskflow.py for tasks to queue
[2026-09-06T09:35:48.902+0000] {logging_mixin.py:190} INFO - [2026-09-06T09:35:48.902+0000] {dagbag.py:588} INFO - Filling up the DagBag from /home/airflow/.local/lib/python3.12/site-packages/airflow/example_dags/example_setup_teardown_taskflow.py
[2026-09-06T09:35:48.912+0000] {processor.py:925} INFO - DAG(s) 'example_setup_teardown_taskflow' retrieved from /home/airflow/.local/lib/python3.12/site-packages/airflow/example_dags/example_setup_teardown_taskflow.py
[2026-09-06T09:35:48.930+0000] {logging_mixin.py:190} INFO - [2026-09-06T09:35:48.930+0000] {dag.py:3239} INFO - Sync 1 DAGs
[2026-09-06T09:35:48.942+0000] {logging_mixin.py:190} INFO - [2026-09-06T09:35:48.941+0000] {dag.py:4180} INFO - Setting next_dagrun for example_setup_teardown_taskflow to None, run_after=None
[2026-09-06T09:35:48.959+0000] {processor.py:208} INFO - Processing /home/airflow/.local/lib/python3.12/site-packages/airflow/example_dags/example_setup_teardown_taskflow.py took 0.066 seconds
[2026-09-06T09:36:19.385+0000] {processor.py:186} INFO - Started process (PID=5362) to work on /home/airflow/.local/lib/python3.12/site-packages/airflow/example_dags/example_setup_teardown_taskflow.py
[2026-09-06T09:36:19.386+0000] {processor.py:914} INFO - Processing file /home/airflow/.local/lib/python3.12/site-packages/airflow/example_dags/example_setup_teardown_taskflow.py for tasks to queue
[2026-09-06T09:36:19.388+0000] {logging_mixin.py:190} INFO - [2026-09-06T09:36:19.388+0000] {dagbag.py:588} INFO - Filling up the DagBag from /home/airflow/.local/lib/python3.12/site-packages/airflow/example_dags/example_setup_teardown_taskflow.py
[2026-09-06T09:36:19.396+0000] {processor.py:925} INFO - DAG(s) 'example_setup_teardown_taskflow' retrieved from /home/airflow/.local/lib/python3.12/site-packages/airflow/example_dags/example_setup_teardown_taskflow.py
[2026-09-06T09:36:19.412+0000] {logging_mixin.py:190} INFO - [2026-09-06T09:36:19.411+0000] {dag.py:3239} INFO - Sync 1 DAGs
[2026-09-06T09:36:19.421+0000] {logging_mixin.py:190} INFO - [2026-09-06T09:36:19.421+0000] {dag.py:4180} INFO - Setting next_dagrun for example_setup_teardown_taskflow to None, run_after=None
[2026-09-06T09:36:19.436+0000] {processor.py:208} INFO - Processing /home/airflow/.local/lib/python3.12/site-packages/airflow/example_dags/example_setup_teardown_taskflow.py took 0.056 seconds
[2026-09-06T09:36:49.678+0000] {processor.py:186} INFO - Started process (PID=5426) to work on /home/airflow/.local/lib/python3.12/site-packages/airflow/example_dags/example_setup_teardown_taskflow.py
[2026-09-06T09:36:49.679+0000] {processor.py:914} INFO - Processing file /home/airflow/.local/lib/python3.12/site-packages/airflow/example_dags/example_setup_teardown_taskflow.py for tasks to queue
[2026-09-06T09:36:49.681+0000] {logging_mixin.py:190} INFO - [2026-09-06T09:36:49.681+0000] {dagbag.py:588} INFO - Filling up the DagBag from /home/airflow/.local/lib/python3.12/site-packages/airflow/example_dags/example_setup_teardown_taskflow.py
[2026-09-06T09:36:49.690+0000] {processor.py:925} INFO - DAG(s) 'example_setup_teardown_taskflow' retrieved from /home/airflow/.local/lib/python3.12/site-packages/airflow/example_dags/example_setup_teardown_taskflow.py
[2026-09-06T09:36:49.706+0000] {logging_mixin.py:190} INFO - [2026-09-06T09:36:49.706+0000] {dag.py:3239} INFO - Sync 1 DAGs
[2026-09-06T09:36:49.716+0000] {logging_mixin.py:190} INFO - [2026-09-06T09:36:49.716+0000] {dag.py:4180} INFO - Setting next_dagrun for example_setup_teardown_taskflow to None, run_after=None
[2026-09-06T09:36:49.731+0000] {processor.py:208} INFO - Processing /home/airflow/.local/lib/python3.12/site-packages/airflow/example_dags/example_setup_teardown_taskflow.py took 0.058 seconds
[2026-09-06T09:37:20.647+0000] {processor.py:186} INFO - Started process (PID=5490) to work on /home/airflow/.local/lib/python3.12/site-packages/airflow/example_dags/example_setup_teardown_taskflow.py
[2026-09-06T09:37:20.648+0000] {processor.py:914} INFO - Processing file /home/airflow/.local/lib/python3.12/site-packages/airflow/example_dags/example_setup_teardown_taskflow.py for tasks to queue
[2026-09-06T09:37:20.651+0000] {logging_mixin.py:190} INFO - [2026-09-06T09:37:20.650+0000] {dagbag.py:588} INFO - Filling up the DagBag from /home/airflow/.local/lib/python3.12/site-packages/airflow/example_dags/example_setup_teardown_taskflow.py
[2026-09-06T09:37:20.659+0000] {processor.py:925} INFO - DAG(s) 'example_setup_teardown_taskflow' retrieved from /home/airflow/.local/lib/python3.12/site-packages/airflow/example_dags/example_setup_teardown_taskflow.py
[2026-09-06T09:37:20.674+0000] {logging_mixin.py:190} INFO - [2026-09-06T09:37:20.674+0000] {dag.py:3239} INFO - Sync 1 DAGs
[2026-09-06T09:37:20.684+0000] {logging_mixin.py:190} INFO - [2026-09-06T09:37:20.684+0000] {dag.py:4180} INFO - Setting next_dagrun for example_setup_teardown_taskflow to None, run_after=None
[2026-09-06T09:37:20.700+0000] {processor.py:208} INFO - Processing /home/airflow/.local/lib/python3.12/site-packages/airflow/example_dags/example_setup_teardown_taskflow.py took 0.058 seconds
[2026-09-06T09:37:50.813+0000] {processor.py:186} INFO - Started process (PID=5554) to work on /home/airflow/.local/lib/python3.12/site-packages/airflow/example_dags/example_setup_teardown_taskflow.py
[2026-09-06T09:37:50.814+0000] {processor.py:914} INFO - Processing file /home/airflow/.local/lib/python3.12/site-packages/airflow/example_dags/example_setup_teardown_taskflow.py for tasks to queue
[2026-09-06T09:37:50.816+0000] {logging_mixin.py:190} INFO - [2026-09-06T09:37:50.816+0000] {dagbag.py:588} INFO - Filling up the DagBag from /home/airflow/.local/lib/python3.12/site-packages/airflow/example_dags/example_setup_teardown_taskflow.py
[2026-09-06T09:37:50.824+0000] {processor.py:925} INFO - DAG(s) 'example_setup_teardown_taskflow' retrieved from /home/airflow/.local/lib/python3.12/site-packages/airflow/example_dags/example_setup_teardown_taskflow.py
[2026-09-06T09:37:50.840+0000] {logging_mixin.py:190} INFO - [2026-09-06T09:37:50.839+0000] {dag.py:3239} INFO - Sync 1 DAGs
[2026-09-06T09:37:50.849+0000] {logging_mixin.py:190} INFO - [2026-09-06T09:37:50.849+0000] {dag.py:4180} INFO - Setting next_dagrun for example_setup_teardown_taskflow to None, run_after=None
[2026-09-06T09:37:50.864+0000] {processor.py:208} INFO - Processing /home/airflow/.local/lib/python3.12/site-packages/airflow/example_dags/example_setup_teardown_taskflow.py took 0.056 seconds
[2026-09-06T09:38:21.161+0000] {processor.py:186} INFO - Started process (PID=5618) to work on /home/airflow/.local/lib/python3.12/site-packages/airflow/example_dags/example_setup_teardown_taskflow.py
[2026-09-06T09:38:21.162+0000] {processor.py:914} INFO - Processing file /home/airflow/.local/lib/python3.12/site-packages/airflow/example_dags/example_setup_teardown_taskflow.py for tasks to queue
[2026-09-06T09:38:21.165+0000] {logging_mixin.py:190} INFO - [2026-09-06T09:38:21.164+0000] {dagbag.py:588} INFO - Filling up the DagBag from /home/airflow/.local/lib/python3.12/site-packages/airflow/example_dags/example_setup_teardown_taskflow.py
[2026-09-06T09:38:21.172+0000] {processor.py:925} INFO - DAG(s) 'example_setup_teardown_taskflow' retrieved from /home/airflow/.local/lib/python3.12/site-packages/airflow/example_dags/example_setup_teardown_taskflow.py
[2026-09-06T09:38:21.187+0000] {logging_mixin.py:190} INFO - [2026-09-06T09:38:21.187+0000] {dag.py:3239} INFO - Sync 1 DAGs
[2026-09-06T09:38:21.197+0000] {logging_mixin.py:190} INFO - [2026-09-06T09:38:21.197+0000] {dag.py:4180} INFO - Setting next_dagrun for example_setup_teardown_taskflow to None, run_after=None
[2026-09-06T09:38:21.211+0000] {processor.py:208} INFO - Processing /home/airflow/.local/lib/python3.12/site-packages/airflow/example_dags/example_setup_teardown_taskflow.py took 0.055 seconds
[2026-09-06T09:38:51.669+0000] {processor.py:186} INFO - Started process (PID=5682) to work on /home/airflow/.local/lib/python3.12/site-packages/airflow/example_dags/example_setup_teardown_taskflow.py
[2026-09-06T09:38:51.670+0000] {processor.py:914} INFO - Processing file /home/airflow/.local/lib/python3.12/site-packages/airflow/example_dags/example_setup_teardown_taskflow.py for tasks to queue
[2026-09-06T09:38:51.672+0000] {logging_mixin.py:190} INFO - [2026-09-06T09:38:51.672+0000] {dagbag.py:588} INFO - Filling up the DagBag from /home/airflow/.local/lib/python3.12/site-packages/airflow/example_dags/example_setup_teardown_taskflow.py
[2026-09-06T09:38:51.679+0000] {processor.py:925} INFO - DAG(s) 'example_setup_teardown_taskflow' retrieved from /home/airflow/.local/lib/python3.12/site-packages/airflow/example_dags/example_setup_teardown_taskflow.py
[2026-09-06T09:38:51.695+0000] {logging_mixin.py:190} INFO - [2026-09-06T09:38:51.695+0000] {dag.py:3239} INFO - Sync 1 DAGs
[2026-09-06T09:38:51.706+0000] {logging_mixin.py:190} INFO - [2026-09-06T09:38:51.705+0000] {dag.py:4180} INFO - Setting next_dagrun for example_setup_teardown_taskflow to None, run_after=None
[2026-09-06T09:38:51.725+0000] {processor.py:208} INFO - Processing /home/airflow/.local/lib/python3.12/site-packages/airflow/example_dags/example_setup_teardown_taskflow.py took 0.061 seconds
[2026-09-06T09:39:22.577+0000] {processor.py:186} INFO - Started process (PID=5746) to work on /home/airflow/.local/lib/python3.12/site-packages/airflow/example_dags/example_setup_teardown_taskflow.py
[2026-09-06T09:39:22.578+0000] {processor.py:914} INFO - Processing file /home/airflow/.local/lib/python3.12/site-packages/airflow/example_dags/example_setup_teardown_taskflow.py for tasks to queue
[2026-09-06T09:39:22.581+0000] {logging_mixin.py:190} INFO - [2026-09-06T09:39:22.580+0000] {dagbag.py:588} INFO - Filling up the DagBag from /home/airflow/.local/lib/python3.12/site-packages/airflow/example_dags/example_setup_teardown_taskflow.py
[2026-09-06T09:39:22.589+0000] {processor.py:925} INFO - DAG(s) 'example_setup_teardown_taskflow' retrieved from /home/airflow/.local/lib/python3.12/site-packages/airflow/example_dags/example_setup_teardown_taskflow.py
[2026-09-06T09:39:22.604+0000] {logging_mixin.py:190} INFO - [2026-09-06T09:39:22.604+0000] {dag.py:3239} INFO - Sync 1 DAGs
[2026-09-06T09:39:22.615+0000] {logging_mixin.py:190} INFO - [2026-09-06T09:39:22.615+0000] {dag.py:4180} INFO - Setting next_dagrun for example_setup_teardown_taskflow to None, run_after=None
[2026-09-06T09:39:22.630+0000] {processor.py:208} INFO - Processing /home/airflow/.local/lib/python3.12/site-packages/airflow/example_dags/example_setup_teardown_taskflow.py took 0.058 seconds
[2026-09-06T09:39:52.708+0000] {processor.py:186} INFO - Started process (PID=5810) to work on /home/airflow/.local/lib/python3.12/site-packages/airflow/example_dags/example_setup_teardown_taskflow.py
[2026-09-06T09:39:52.709+0000] {processor.py:914} INFO - Processing file /home/airflow/.local/lib/python3.12/site-packages/airflow/example_dags/example_setup_teardown_taskflow.py for tasks to queue
[2026-09-06T09:39:52.712+0000] {logging_mixin.py:190} INFO - [2026-09-06T09:39:52.712+0000] {dagbag.py:588} INFO - Filling up the DagBag from /home/airflow/.local/lib/python3.12/site-packages/airflow/example_dags/example_setup_teardown_taskflow.py
[2026-09-06T09:39:52.721+0000] {processor.py:925} INFO - DAG(s) 'example_setup_teardown_taskflow' retrieved from /home/airflow/.local/lib/python3.12/site-packages/airflow/example_dags/example_setup_teardown_taskflow.py
[2026-09-06T09:39:52.737+0000] {logging_mixin.py:190} INFO - [2026-09-06T09:39:52.737+0000] {dag.py:3239} INFO - Sync 1 DAGs
[2026-09-06T09:39:52.748+0000] {logging_mixin.py:190} INFO - [2026-09-06T09:39:52.747+0000] {dag.py:4180} INFO - Setting next_dagrun for example_setup_teardown_taskflow to None, run_after=None
[2026-09-06T09:39:52.766+0000] {processor.py:208} INFO - Processing /home/airflow/.local/lib/python3.12/site-packages/airflow/example_dags/example_setup_teardown_taskflow.py took 0.063 seconds
[2026-09-06T09:40:23.260+0000] {processor.py:186} INFO - Started process (PID=5874) to work on /home/airflow/.local/lib/python3.12/site-packages/airflow/example_dags/example_setup_teardown_taskflow.py
[2026-09-06T09:40:23.261+0000] {processor.py:914} INFO - Processing file /home/airflow/.local/lib/python3.12/site-packages/airflow/example_dags/example_setup_teardown_taskflow.py for tasks to queue
[2026-09-06T09:40:23.264+0000] {logging_mixin.py:190} INFO - [2026-09-06T09:40:23.263+0000] {dagbag.py:588} INFO - Filling up the DagBag from /home/airflow/.local/lib/python3.12/site-packages/airflow/example_dags/example_setup_teardown_taskflow.py
[2026-09-06T09:40:23.272+0000] {processor.py:925} INFO - DAG(s) 'example_setup_teardown_taskflow' retrieved from /home/airflow/.local/lib/python3.12/site-packages/airflow/example_dags/example_setup_teardown_taskflow.py
[2026-09-06T09:40:23.286+0000] {logging_mixin.py:190} INFO - [2026-09-06T09:40:23.286+0000] {dag.py:3239} INFO - Sync 1 DAGs
[2026-09-06T09:40:23.295+0000] {logging_mixin.py:190} INFO - [2026-09-06T09:40:23.295+0000] {dag.py:4180} INFO - Setting next_dagrun for example_setup_teardown_taskflow to None, run_after=None
[2026-09-06T09:40:23.310+0000] {processor.py:208} INFO - Processing /home/airflow/.local/lib/python3.12/site-packages/airflow/example_dags/example_setup_teardown_taskflow.py took 0.054 seconds
[2026-09-06T09:40:53.376+0000] {processor.py:186} INFO - Started process (PID=5938) to work on /home/airflow/.local/lib/python3.12/site-packages/airflow/example_dags/example_setup_teardown_taskflow.py
[2026-09-06T09:40:53.377+0000] {processor.py:914} INFO - Processing file /home/airflow/.local/lib/python3.12/site-packages/airflow/example_dags/example_setup_teardown_taskflow.py for tasks to queue
[2026-09-06T09:40:53.379+0000] {logging_mixin.py:190} INFO - [2026-09-06T09:40:53.379+0000] {dagbag.py:588} INFO - Filling up the DagBag from /home/airflow/.local/lib/python3.12/site-packages/airflow/example_dags/example_setup_teardown_taskflow.py
[2026-09-06T09:40:53.389+0000] {processor.py:925} INFO - DAG(s) 'example_setup_teardown_taskflow' retrieved from /home/airflow/.local/lib/python3.12/site-packages/airflow/example_dags/example_setup_teardown_taskflow.py
[2026-09-06T09:40:53.407+0000] {logging_mixin.py:190} INFO - [2026-09-06T09:40:53.406+0000] {dag.py:3239} INFO - Sync 1 DAGs
[2026-09-06T09:40:53.419+0000] {logging_mixin.py:190} INFO - [2026-09-06T09:40:53.419+0000] {dag.py:4180} INFO - Setting next_dagrun for example_setup_teardown_taskflow to None, run_after=None
[2026-09-06T09:40:53.436+0000] {processor.py:208} INFO - Processing /home/airflow/.local/lib/python3.12/site-packages/airflow/example_dags/example_setup_teardown_taskflow.py took 0.065 seconds
[2026-09-06T09:41:23.704+0000] {processor.py:186} INFO - Started process (PID=6002) to work on /home/airflow/.local/lib/python3.12/site-packages/airflow/example_dags/example_setup_teardown_taskflow.py
[2026-09-06T09:41:23.705+0000] {processor.py:914} INFO - Processing file /home/airflow/.local/lib/python3.12/site-packages/airflow/example_dags/example_setup_teardown_taskflow.py for tasks to queue
[2026-09-06T09:41:23.708+0000] {logging_mixin.py:190} INFO - [2026-09-06T09:41:23.707+0000] {dagbag.py:588} INFO - Filling up the DagBag from /home/airflow/.local/lib/python3.12/site-packages/airflow/example_dags/example_setup_teardown_taskflow.py
[2026-09-06T09:41:23.716+0000] {processor.py:925} INFO - DAG(s) 'example_setup_teardown_taskflow' retrieved from /home/airflow/.local/lib/python3.12/site-packages/airflow/example_dags/example_setup_teardown_taskflow.py
[2026-09-06T09:41:23.732+0000] {logging_mixin.py:190} INFO - [2026-09-06T09:41:23.732+0000] {dag.py:3239} INFO - Sync 1 DAGs
[2026-09-06T09:41:23.743+0000] {logging_mixin.py:190} INFO - [2026-09-06T09:41:23.743+0000] {dag.py:4180} INFO - Setting next_dagrun for example_setup_teardown_taskflow to None, run_after=None
[2026-09-06T09:41:23.758+0000] {processor.py:208} INFO - Processing /home/airflow/.local/lib/python3.12/site-packages/airflow/example_dags/example_setup_teardown_taskflow.py took 0.058 seconds
[2026-09-06T09:41:54.396+0000] {processor.py:186} INFO - Started process (PID=6066) to work on /home/airflow/.local/lib/python3.12/site-packages/airflow/example_dags/example_setup_teardown_taskflow.py
[2026-09-06T09:41:54.397+0000] {processor.py:914} INFO - Processing file /home/airflow/.local/lib/python3.12/site-packages/airflow/example_dags/example_setup_teardown_taskflow.py for tasks to queue
[2026-09-06T09:41:54.399+0000] {logging_mixin.py:190} INFO - [2026-09-06T09:41:54.399+0000] {dagbag.py:588} INFO - Filling up the DagBag from /home/airflow/.local/lib/python3.12/site-packages/airflow/example_dags/example_setup_teardown_taskflow.py
[2026-09-06T09:41:54.408+0000] {processor.py:925} INFO - DAG(s) 'example_setup_teardown_taskflow' retrieved from /home/airflow/.local/lib/python3.12/site-packages/airflow/example_dags/example_setup_teardown_taskflow.py
[2026-09-06T09:41:54.424+0000] {logging_mixin.py:190} INFO - [2026-09-06T09:41:54.424+0000] {dag.py:3239} INFO - Sync 1 DAGs
[2026-09-06T09:41:54.436+0000] {logging_mixin.py:190} INFO - [2026-09-06T09:41:54.436+0000] {dag.py:4180} INFO - Setting next_dagrun for example_setup_teardown_taskflow to None, run_after=None
[2026-09-06T09:41:54.452+0000] {processor.py:208} INFO - Processing /home/airflow/.local/lib/python3.12/site-packages/airflow/example_dags/example_setup_teardown_taskflow.py took 0.061 seconds
