[2026-09-06T08:53:55.810+0000] {processor.py:186} INFO - Started process (PID=63) to work on /home/airflow/.local/lib/python3.12/site-packages/airflow/example_dags/example_dynamic_task_mapping_with_no_taskflow_operators.py
[2026-09-06T08:53:55.812+0000] {processor.py:914} INFO - Processing file /home/airflow/.local/lib/python3.12/site-packages/airflow/example_dags/example_dynamic_task_mapping_with_no_taskflow_operators.py for tasks to queue
[2026-09-06T08:53:55.817+0000] {logging_mixin.py:190} INFO - [2026-09-06T08:53:55.817+0000] {dagbag.py:588} INFO - Filling up the DagBag from /home/airflow/.local/lib/python3.12/site-packages/airflow/example_dags/example_dynamic_task_mapping_with_no_taskflow_operators.py
[2026-09-06T08:53:55.839+0000] {processor.py:925} INFO - DAG(s) 'example_dynamic_task_mapping_with_no_taskflow_operators' retrieved from /home/airflow/.local/lib/python3.12/site-packages/airflow/example_dags/example_dynamic_task_mapping_with_no_taskflow_operators.py
[2026-09-06T08:53:55.972+0000] {logging_mixin.py:190} INFO - [2026-09-06T08:53:55.971+0000] {override.py:1911} INFO - Created Permission View: can edit on DAG:example_dynamic_task_mapping_with_no_taskflow_operators
[2026-09-06T08:53:55.983+0000] {logging_mixin.py:190} INFO - [2026-09-06T08:53:55.982+0000] {override.py:1911} INFO - Created Permission View: can delete on DAG:example_dynamic_task_mapping_with_no_taskflow_operators
[2026-09-06T08:53:55.993+0000] {logging_mixin.py:190} INFO - [2026-09-06T08:53:55.992+0000] {override.py:1911} INFO - Created Permission View: can read on DAG:example_dynamic_task_mapping_with_no_taskflow_operators
[2026-09-06T08:53:56.004+0000] {logging_mixin.py:190} INFO - [2026-09-06T08:53:56.003+0000] {override.py:1911} INFO - Created Permission View: can create on DAG Run:example_dynamic_task_mapping_with_no_taskflow_operators
[2026-09-06T08:53:56.012+0000] {logging_mixin.py:190} INFO - [2026-09-06T08:53:56.012+0000] {override.py:1911} INFO - Created Permission View: can delete on DAG Run:example_dynamic_task_mapping_with_no_taskflow_operators
[2026-09-06T08:53:56.020+0000] {logging_mixin.py:190} INFO - [2026-09-06T08:53:56.019+0000] {override.py:1911} INFO - Created Permission View: can read on DAG Run:example_dynamic_task_mapping_with_no_taskflow_operators
[2026-09-06T08:53:56.028+0000] {logging_mixin.py:190} INFO - [2026-09-06T08:53:56.028+0000] {override.py:1911} INFO - Created Permission View: menu access on DAG Run:example_dynamic_task_mapping_with_no_taskflow_operators
[2026-09-06T08:53:56.029+0000] {logging_mixin.py:190} INFO - [2026-09-06T08:53:56.029+0000] {dag.py:3239} INFO - Sync 1 DAGs
[2026-09-06T08:53:56.044+0000] {logging_mixin.py:190} INFO - [2026-09-06T08:53:56.044+0000] {dag.py:3262} INFO - Creating ORM DAG for example_dynamic_task_mapping_with_no_taskflow_operators
[2026-09-06T08:53:56.045+0000] {logging_mixin.py:190} INFO - [2026-09-06T08:53:56.045+0000] {dag.py:4180} INFO - Setting next_dagrun for example_dynamic_task_mapping_with_no_taskflow_operators to None, run_after=None
[2026-09-06T08:53:56.060+0000] {processor.py:208} INFO - Processing /home/airflow/.local/lib/python3.12/site-packages/airflow/example_dags/example_dynamic_task_mapping_with_no_taskflow_operators.py took 0.257 seconds
[2026-09-06T08:54:26.865+0000] {processor.py:186} INFO - Started process (PID=126) to work on /home/airflow/.local/lib/python3.12/site-packages/airflow/example_dags/example_dynamic_task_mapping_with_no_taskflow_operators.py
[2026-09-06T08:54:26.866+0000] {processor.py:914} INFO - Processing file /home/airflow/.local/lib/python3.12/site-packages/airflow/example_dags/example_dynamic_task_mapping_with_no_taskflow_operators.py for tasks to queue
[2026-09-06T08:54:26.868+0000] {logging_mixin.py:190} INFO - [2026-09-06T08:54:26.868+0000] {dagbag.py:588} INFO - Filling up the DagBag from /home/airflow/.local/lib/python3.12/site-packages/airflow/example_dags/example_dynamic_task_mapping_with_no_taskflow_operators.py
[2026-09-06T08:54:26.875+0000] {processor.py:925} INFO - DAG(s) 'example_dynamic_task_mapping_with_no_taskflow_operators' retrieved from /home/airflow/.local/lib/python3.12/site-packages/airflow/example_dags/example_dynamic_task_mapping_with_no_taskflow_operators.py
[2026-09-06T08:54:26.892+0000] {logging_mixin.py:190} INFO - [2026-09-06T08:54:26.891+0000] {dag.py:3239} INFO - Sync 1 DAGs
[2026-09-06T08:54:26.905+0000] {logging_mixin.py:190} INFO - [2026-09-06T08:54:26.905+0000] {dag.py:4180} INFO - Setting next_dagrun for example_dynamic_task_mapping_with_no_taskflow_operators to None, run_after=None
[2026-09-06T08:54:26.921+0000] {processor.py:208} INFO - Processing /home/airflow/.local/lib/python3.12/site-packages/airflow/example_dags/example_dynamic_task_mapping_with_no_taskflow_operators.py took 0.063 seconds
[2026-09-06T08:54:57.000+0000] {processor.py:186} INFO - Started process (PID=189) to work on /home/airflow/.local/lib/python3.12/site-packages/airflow/example_dags/example_dynamic_task_mapping_with_no_taskflow_operators.py
[2026-09-06T08:54:57.001+0000] {processor.py:914} INFO - Processing file /home/airflow/.local/lib/python3.12/site-packages/airflow/example_dags/example_dynamic_task_mapping_with_no_taskflow_operators.py for tasks to queue
[2026-09-06T08:54:57.004+0000] {logging_mixin.py:190} INFO - [2026-09-06T08:54:57.004+0000] {dagbag.py:588} INFO - Filling up the DagBag from /home/airflow/.local/lib/python3.12/site-packages/airflow/example_dags/example_dynamic_task_mapping_with_no_taskflow_operators.py
[2026-09-06T08:54:57.013+0000] {processor.py:925} INFO - DAG(s) 'example_dynamic_task_mapping_with_no_taskflow_operators' retrieved from /home/airflow/.local/lib/python3.12/site-packages/airflow/example_dags/example_dynamic_task_mapping_with_no_taskflow_operators.py
[2026-09-06T08:54:57.030+0000] {logging_mixin.py:190} INFO - [2026-09-06T08:54:57.030+0000] {dag.py:3239} INFO - Sync 1 DAGs
[2026-09-06T08:54:57.044+0000] {logging_mixin.py:190} INFO - [2026-09-06T08:54:57.044+0000] {dag.py:4180} INFO - Setting next_dagrun for example_dynamic_task_mapping_with_no_taskflow_operators to None, run_after=None
[2026-09-06T08:54:57.059+0000] {processor.py:208} INFO - Processing /home/airflow/.local/lib/python3.12/site-packages/airflow/example_dags/example_dynamic_task_mapping_with_no_taskflow_operators.py took 0.065 seconds
[2026-09-06T08:55:27.772+0000] {processor.py:186} INFO - Started process (PID=258) to work on /home/airflow/.local/lib/python3.12/site-packages/airflow/example_dags/example_dynamic_task_mapping_with_no_taskflow_operators.py
[2026-09-06T08:55:27.773+0000] {processor.py:914} INFO - Processing file /home/airflow/.local/lib/python3.12/site-packages/airflow/example_dags/example_dynamic_task_mapping_with_no_taskflow_operators.py for tasks to queue
[2026-09-06T08:55:27.775+0000] {logging_mixin.py:190} INFO - [2026-09-06T08:55:27.774+0000] {dagbag.py:588} INFO - Filling up the DagBag from /home/airflow/.local/lib/python3.12/site-packages/airflow/example_dags/example_dynamic_task_mapping_with_no_taskflow_operators.py
[2026-09-06T08:55:27.782+0000] {processor.py:925} INFO - DAG(s) 'example_dynamic_task_mapping_with_no_taskflow_operators' retrieved from /home/airflow/.local/lib/python3.12/site-packages/airflow/example_dags/example_dynamic_task_mapping_with_no_taskflow_operators.py
[2026-09-06T08:55:27.797+0000] {logging_mixin.py:190} INFO - [2026-09-06T08:55:27.797+0000] {dag.py:3239} INFO - Sync 1 DAGs
[2026-09-06T08:55:27.807+0000] {logging_mixin.py:190} INFO - [2026-09-06T08:55:27.807+0000] {dag.py:4180} INFO - Setting next_dagrun for example_dynamic_task_mapping_with_no_taskflow_operators to None, run_after=None
[2026-09-06T08:55:27.820+0000] {processor.py:208} INFO - Processing /home/airflow/.local/lib/python3.12/site-packages/airflow/example_dags/example_dynamic_task_mapping_with_no_taskflow_operators.py took 0.053 seconds
[2026-09-06T08:55:58.821+0000] {processor.py:186} INFO - Started process (PID=321) to work on /home/airflow/.local/lib/python3.12/site-packages/airflow/example_dags/example_dynamic_task_mapping_with_no_taskflow_operators.py
[2026-09-06T08:55:58.822+0000] {processor.py:914} INFO - Processing file /home/airflow/.local/lib/python3.12/site-packages/airflow/example_dags/example_dynamic_task_mapping_with_no_taskflow_operators.py for tasks to queue
[2026-09-06T08:55:58.824+0000] {logging_mixin.py:190} INFO - [2026-09-06T08:55:58.823+0000] {dagbag.py:588} INFO - Filling up the DagBag from /home/airflow/.local/lib/python3.12/site-packages/airflow/example_dags/example_dynamic_task_mapping_with_no_taskflow_operators.py
[2026-09-06T08:55:58.830+0000] {processor.py:925} INFO - DAG(s) 'example_dynamic_task_mapping_with_no_taskflow_operators' retrieved from /home/airflow/.local/lib/python3.12/site-packages/airflow/example_dags/example_dynamic_task_mapping_with_no_taskflow_operators.py
[2026-09-06T08:55:58.846+0000] {logging_mixin.py:190} INFO - [2026-09-06T08:55:58.845+0000] {dag.py:3239} INFO - Sync 1 DAGs
[2026-09-06T08:55:58.856+0000] {logging_mixin.py:190} INFO - [2026-09-06T08:55:58.856+0000] {dag.py:4180} INFO - Setting next_dagrun for example_dynamic_task_mapping_with_no_taskflow_operators to None, run_after=None
[2026-09-06T08:55:58.871+0000] {processor.py:208} INFO - Processing /home/airflow/.local/lib/python3.12/site-packages/airflow/example_dags/example_dynamic_task_mapping_with_no_taskflow_operators.py took 0.055 seconds
[2026-09-06T08:56:29.577+0000] {processor.py:186} INFO - Started process (PID=384) to work on /home/airflow/.local/lib/python3.12/site-packages/airflow/example_dags/example_dynamic_task_mapping_with_no_taskflow_operators.py
[2026-09-06T08:56:29.578+0000] {processor.py:914} INFO - Processing file /home/airflow/.local/lib/python3.12/site-packages/airflow/example_dags/example_dynamic_task_mapping_with_no_taskflow_operators.py for tasks to queue
[2026-09-06T08:56:29.580+0000] {logging_mixin.py:190} INFO - [2026-09-06T08:56:29.580+0000] {dagbag.py:588} INFO - Filling up the DagBag from /home/airflow/.local/lib/python3.12/site-packages/airflow/example_dags/example_dynamic_task_mapping_with_no_taskflow_operators.py
[2026-09-06T08:56:29.587+0000] {processor.py:925} INFO - DAG(s) 'example_dynamic_task_mapping_with_no_taskflow_operators' retrieved from /home/airflow/.local/lib/python3.12/site-packages/airflow/example_dags/example_dynamic_task_mapping_with_no_taskflow_operators.py
[2026-09-06T08:56:29.601+0000] {logging_mixin.py:190} INFO - [2026-09-06T08:56:29.601+0000] {dag.py:3239} INFO - Sync 1 DAGs
[2026-09-06T08:56:29.611+0000] {logging_mixin.py:190} INFO - [2026-09-06T08:56:29.610+0000] {dag.py:4180} INFO - Setting next_dagrun for example_dynamic_task_mapping_with_no_taskflow_operators to None, run_after=None
[2026-09-06T08:56:29.624+0000] {processor.py:208} INFO - Processing /home/airflow/.local/lib/python3.12/site-packages/airflow/example_dags/example_dynamic_task_mapping_with_no_taskflow_operators.py took 0.051 seconds
[2026-09-06T08:56:59.712+0000] {processor.py:186} INFO - Started process (PID=447) to work on /home/airflow/.local/lib/python3.12/site-packages/airflow/example_dags/example_dynamic_task_mapping_with_no_taskflow_operators.py
[2026-09-06T08:56:59.714+0000] {processor.py:914} INFO - Processing file /home/airflow/.local/lib/python3.12/site-packages/airflow/example_dags/example_dynamic_task_mapping_with_no_taskflow_operators.py for tasks to queue
[2026-09-06T08:56:59.716+0000] {logging_mixin.py:190} INFO - [2026-09-06T08:56:59.715+0000] {dagbag.py:588} INFO - Filling up the DagBag from /home/airflow/.local/lib/python3.12/site-packages/airflow/example_dags/example_dynamic_task_mapping_with_no_taskflow_operators.py
[2026-09-06T08:56:59.722+0000] {processor.py:925} INFO - DAG(s) 'example_dynamic_task_mapping_with_no_taskflow_operators' retrieved from /home/airflow/.local/lib/python3.12/site-packages/airflow/example_dags/example_dynamic_task_mapping_with_no_taskflow_operators.py
[2026-09-06T08:56:59.736+0000] {logging_mixin.py:190} INFO - [2026-09-06T08:56:59.736+0000] {dag.py:3239} INFO - Sync 1 DAGs
[2026-09-06T08:56:59.746+0000] {logging_mixin.py:190} INFO - [2026-09-06T08:56:59.746+0000] {dag.py:4180} INFO - Setting next_dagrun for example_dynamic_task_mapping_with_no_taskflow_operators to None, run_after=None
[2026-09-06T08:56:59.760+0000] {processor.py:208} INFO - Processing /home/airflow/.local/lib/python3.12/site-packages/airflow/example_dags/example_dynamic_task_mapping_with_no_taskflow_operators.py took 0.052 seconds
[2026-09-06T08:57:30.379+0000] {processor.py:186} INFO - Started process (PID=510) to work on /home/airflow/.local/lib/python3.12/site-packages/airflow/example_dags/example_dynamic_task_mapping_with_no_taskflow_operators.py
[2026-09-06T08:57:30.380+0000] {processor.py:914} INFO - Processing file /home/airflow/.local/lib/python3.12/site-packages/airflow/example_dags/example_dynamic_task_mapping_with_no_taskflow_operators.py for tasks to queue
[2026-09-06T08:57:30.382+0000] {logging_mixin.py:190} INFO - [2026-09-06T08:57:30.381+0000] {dagbag.py:588} INFO - Filling up the DagBag from /home/airflow/.local/lib/python3.12/site-packages/airflow/example_dags/example_dynamic_task_mapping_with_no_taskflow_operators.py
[2026-09-06T08:57:30.388+0000] {processor.py:925} INFO - DAG(s) 'example_dynamic_task_mapping_with_no_taskflow_operators' retrieved from /home/airflow/.local/lib/python3.12/site-packages/airflow/example_dags/example_dynamic_task_mapping_with_no_taskflow_operators.py
[2026-09-06T08:57:30.404+0000] {logging_mixin.py:190} INFO - [2026-09-06T08:57:30.403+0000] {dag.py:3239} INFO - Sync 1 DAGs
[2026-09-06T08:57:30.414+0000] {logging_mixin.py:190} INFO - [2026-09-06T08:57:30.414+0000] {dag.py:4180} INFO - Setting next_dagrun for example_dynamic_task_mapping_with_no_taskflow_operators to None, run_after=None
[2026-09-06T08:57:30.427+0000] {processor.py:208} INFO - Processing /home/airflow/.local/lib/python3.12/site-packages/airflow/example_dags/example_dynamic_task_mapping_with_no_taskflow_operators.py took 0.054 seconds
[2026-09-06T08:58:00.540+0000] {processor.py:186} INFO - Started process (PID=573) to work on /home/airflow/.local/lib/python3.12/site-packages/airflow/example_dags/example_dynamic_task_mapping_with_no_taskflow_operators.py
[2026-09-06T08:58:00.541+0000] {processor.py:914} INFO - Processing file /home/airflow/.local/lib/python3.12/site-packages/airflow/example_dags/example_dynamic_task_mapping_with_no_taskflow_operators.py for tasks to queue
[2026-09-06T08:58:00.543+0000] {logging_mixin.py:190} INFO - [2026-09-06T08:58:00.543+0000] {dagbag.py:588} INFO - Filling up the DagBag from /home/airflow/.local/lib/python3.12/site-packages/airflow/example_dags/example_dynamic_task_mapping_with_no_taskflow_operators.py
[2026-09-06T08:58:00.550+0000] {processor.py:925} INFO - DAG(s) 'example_dynamic_task_mapping_with_no_taskflow_operators' retrieved from /home/airflow/.local/lib/python3.12/site-packages/airflow/example_dags/example_dynamic_task_mapping_with_no_taskflow_operators.py
[2026-09-06T08:58:00.567+0000] {logging_mixin.py:190} INFO - [2026-09-06T08:58:00.567+0000] {dag.py:3239} INFO - Sync 1 DAGs
[2026-09-06T08:58:00.579+0000] {logging_mixin.py:190} INFO - [2026-09-06T08:58:00.579+0000] {dag.py:4180} INFO - Setting next_dagrun for example_dynamic_task_mapping_with_no_taskflow_operators to None, run_after=None
[2026-09-06T08:58:00.596+0000] {processor.py:208} INFO - Processing /home/airflow/.local/lib/python3.12/site-packages/airflow/example_dags/example_dynamic_task_mapping_with_no_taskflow_operators.py took 0.060 seconds
[2026-09-06T08:58:31.041+0000] {processor.py:186} INFO - Started process (PID=636) to work on /home/airflow/.local/lib/python3.12/site-packages/airflow/example_dags/example_dynamic_task_mapping_with_no_taskflow_operators.py
[2026-09-06T08:58:31.042+0000] {processor.py:914} INFO - Processing file /home/airflow/.local/lib/python3.12/site-packages/airflow/example_dags/example_dynamic_task_mapping_with_no_taskflow_operators.py for tasks to queue
[2026-09-06T08:58:31.044+0000] {logging_mixin.py:190} INFO - [2026-09-06T08:58:31.044+0000] {dagbag.py:588} INFO - Filling up the DagBag from /home/airflow/.local/lib/python3.12/site-packages/airflow/example_dags/example_dynamic_task_mapping_with_no_taskflow_operators.py
[2026-09-06T08:58:31.051+0000] {processor.py:925} INFO - DAG(s) 'example_dynamic_task_mapping_with_no_taskflow_operators' retrieved from /home/airflow/.local/lib/python3.12/site-packages/airflow/example_dags/example_dynamic_task_mapping_with_no_taskflow_operators.py
[2026-09-06T08:58:31.069+0000] {logging_mixin.py:190} INFO - [2026-09-06T08:58:31.069+0000] {dag.py:3239} INFO - Sync 1 DAGs
[2026-09-06T08:58:31.081+0000] {logging_mixin.py:190} INFO - [2026-09-06T08:58:31.081+0000] {dag.py:4180} INFO - Setting next_dagrun for example_dynamic_task_mapping_with_no_taskflow_operators to None, run_after=None
[2026-09-06T08:58:31.095+0000] {processor.py:208} INFO - Processing /home/airflow/.local/lib/python3.12/site-packages/airflow/example_dags/example_dynamic_task_mapping_with_no_taskflow_operators.py took 0.059 seconds
[2026-09-06T08:59:01.314+0000] {processor.py:186} INFO - Started process (PID=700) to work on /home/airflow/.local/lib/python3.12/site-packages/airflow/example_dags/example_dynamic_task_mapping_with_no_taskflow_operators.py
[2026-09-06T08:59:01.315+0000] {processor.py:914} INFO - Processing file /home/airflow/.local/lib/python3.12/site-packages/airflow/example_dags/example_dynamic_task_mapping_with_no_taskflow_operators.py for tasks to queue
[2026-09-06T08:59:01.317+0000] {logging_mixin.py:190} INFO - [2026-09-06T08:59:01.317+0000] {dagbag.py:588} INFO - Filling up the DagBag from /home/airflow/.local/lib/python3.12/site-packages/airflow/example_dags/example_dynamic_task_mapping_with_no_taskflow_operators.py
[2026-09-06T08:59:01.324+0000] {processor.py:925} INFO - DAG(s) 'example_dynamic_task_mapping_with_no_taskflow_operators' retrieved from /home/airflow/.local/lib/python3.12/site-packages/airflow/example_dags/example_dynamic_task_mapping_with_no_taskflow_operators.py
[2026-09-06T08:59:01.342+0000] {logging_mixin.py:190} INFO - [2026-09-06T08:59:01.342+0000] {dag.py:3239} INFO - Sync 1 DAGs
[2026-09-06T08:59:01.362+0000] {logging_mixin.py:190} INFO - [2026-09-06T08:59:01.361+0000] {dag.py:4180} INFO - Setting next_dagrun for example_dynamic_task_mapping_with_no_taskflow_operators to None, run_after=None
[2026-09-06T08:59:01.392+0000] {processor.py:208} INFO - Processing /home/airflow/.local/lib/python3.12/site-packages/airflow/example_dags/example_dynamic_task_mapping_with_no_taskflow_operators.py took 0.082 seconds
[2026-09-06T08:59:31.796+0000] {processor.py:186} INFO - Started process (PID=764) to work on /home/airflow/.local/lib/python3.12/site-packages/airflow/example_dags/example_dynamic_task_mapping_with_no_taskflow_operators.py
[2026-09-06T08:59:31.797+0000] {processor.py:914} INFO - Processing file /home/airflow/.local/lib/python3.12/site-packages/airflow/example_dags/example_dynamic_task_mapping_with_no_taskflow_operators.py for tasks to queue
[2026-09-06T08:59:31.799+0000] {logging_mixin.py:190} INFO - [2026-09-06T08:59:31.799+0000] {dagbag.py:588} INFO - Filling up the DagBag from /home/airflow/.local/lib/python3.12/site-packages/airflow/example_dags/example_dynamic_task_mapping_with_no_taskflow_operators.py
[2026-09-06T08:59:31.806+0000] {processor.py:925} INFO - DAG(s) 'example_dynamic_task_mapping_with_no_taskflow_operators' retrieved from /home/airflow/.local/lib/python3.12/site-packages/airflow/example_dags/example_dynamic_task_mapping_with_no_taskflow_operators.py
[2026-09-06T08:59:31.822+0000] {logging_mixin.py:190} INFO - [2026-09-06T08:59:31.822+0000] {dag.py:3239} INFO - Sync 1 DAGs
[2026-09-06T08:59:31.834+0000] {logging_mixin.py:190} INFO - [2026-09-06T08:59:31.834+0000] {dag.py:4180} INFO - Setting next_dagrun for example_dynamic_task_mapping_with_no_taskflow_operators to None, run_after=None
[2026-09-06T08:59:31.849+0000] {processor.py:208} INFO - Processing /home/airflow/.local/lib/python3.12/site-packages/airflow/example_dags/example_dynamic_task_mapping_with_no_taskflow_operators.py took 0.057 seconds
[2026-09-06T09:00:02.238+0000] {processor.py:186} INFO - Started process (PID=828) to work on /home/airflow/.local/lib/python3.12/site-packages/airflow/example_dags/example_dynamic_task_mapping_with_no_taskflow_operators.py
[2026-09-06T09:00:02.239+0000] {processor.py:914} INFO - Processing file /home/airflow/.local/lib/python3.12/site-packages/airflow/example_dags/example_dynamic_task_mapping_with_no_taskflow_operators.py for tasks to queue
[2026-09-06T09:00:02.242+0000] {logging_mixin.py:190} INFO - [2026-09-06T09:00:02.241+0000] {dagbag.py:588} INFO - Filling up the DagBag from /home/airflow/.local/lib/python3.12/site-packages/airflow/example_dags/example_dynamic_task_mapping_with_no_taskflow_operators.py
[2026-09-06T09:00:02.249+0000] {processor.py:925} INFO - DAG(s) 'example_dynamic_task_mapping_with_no_taskflow_operators' retrieved from /home/airflow/.local/lib/python3.12/site-packages/airflow/example_dags/example_dynamic_task_mapping_with_no_taskflow_operators.py
[2026-09-06T09:00:02.264+0000] {logging_mixin.py:190} INFO - [2026-09-06T09:00:02.264+0000] {dag.py:3239} INFO - Sync 1 DAGs
[2026-09-06T09:00:02.274+0000] {logging_mixin.py:190} INFO - [2026-09-06T09:00:02.274+0000] {dag.py:4180} INFO - Setting next_dagrun for example_dynamic_task_mapping_with_no_taskflow_operators to None, run_after=None
[2026-09-06T09:00:02.288+0000] {processor.py:208} INFO - Processing /home/airflow/.local/lib/python3.12/site-packages/airflow/example_dags/example_dynamic_task_mapping_with_no_taskflow_operators.py took 0.054 seconds
[2026-09-06T09:00:32.515+0000] {processor.py:186} INFO - Started process (PID=892) to work on /home/airflow/.local/lib/python3.12/site-packages/airflow/example_dags/example_dynamic_task_mapping_with_no_taskflow_operators.py
[2026-09-06T09:00:32.516+0000] {processor.py:914} INFO - Processing file /home/airflow/.local/lib/python3.12/site-packages/airflow/example_dags/example_dynamic_task_mapping_with_no_taskflow_operators.py for tasks to queue
[2026-09-06T09:00:32.518+0000] {logging_mixin.py:190} INFO - [2026-09-06T09:00:32.518+0000] {dagbag.py:588} INFO - Filling up the DagBag from /home/airflow/.local/lib/python3.12/site-packages/airflow/example_dags/example_dynamic_task_mapping_with_no_taskflow_operators.py
[2026-09-06T09:00:32.526+0000] {processor.py:925} INFO - DAG(s) 'example_dynamic_task_mapping_with_no_taskflow_operators' retrieved from /home/airflow/.local/lib/python3.12/site-packages/airflow/example_dags/example_dynamic_task_mapping_with_no_taskflow_operators.py
[2026-09-06T09:00:32.541+0000] {logging_mixin.py:190} INFO - [2026-09-06T09:00:32.541+0000] {dag.py:3239} INFO - Sync 1 DAGs
[2026-09-06T09:00:32.553+0000] {logging_mixin.py:190} INFO - [2026-09-06T09:00:32.553+0000] {dag.py:4180} INFO - Setting next_dagrun for example_dynamic_task_mapping_with_no_taskflow_operators to None, run_after=None
[2026-09-06T09:00:32.567+0000] {processor.py:208} INFO - Processing /home/airflow/.local/lib/python3.12/site-packages/airflow/example_dags/example_dynamic_task_mapping_with_no_taskflow_operators.py took 0.057 seconds
[2026-09-06T09:01:03.180+0000] {processor.py:186} INFO - Started process (PID=956) to work on /home/airflow/.local/lib/python3.12/site-packages/airflow/example_dags/example_dynamic_task_mapping_with_no_taskflow_operators.py
[2026-09-06T09:01:03.181+0000] {processor.py:914} INFO - Processing file /home/airflow/.local/lib/python3.12/site-packages/airflow/example_dags/example_dynamic_task_mapping_with_no_taskflow_operators.py for tasks to queue
[2026-09-06T09:01:03.183+0000] {logging_mixin.py:190} INFO - [2026-09-06T09:01:03.183+0000] {dagbag.py:588} INFO - Filling up the DagBag from /home/airflow/.local/lib/python3.12/site-packages/airflow/example_dags/example_dynamic_task_mapping_with_no_taskflow_operators.py
[2026-09-06T09:01:03.191+0000] {processor.py:925} INFO - DAG(s) 'example_dynamic_task_mapping_with_no_taskflow_operators' retrieved from /home/airflow/.local/lib/python3.12/site-packages/airflow/example_dags/example_dynamic_task_mapping_with_no_taskflow_operators.py
[2026-09-06T09:01:03.206+0000] {logging_mixin.py:190} INFO - [2026-09-06T09:01:03.206+0000] {dag.py:3239} INFO - Sync 1 DAGs
[2026-09-06T09:01:03.216+0000] {logging_mixin.py:190} INFO - [2026-09-06T09:01:03.216+0000] {dag.py:4180} INFO - Setting next_dagrun for example_dynamic_task_mapping_with_no_taskflow_operators to None, run_after=None
[2026-09-06T09:01:03.230+0000] {processor.py:208} INFO - Processing /home/airflow/.local/lib/python3.12/site-packages/airflow/example_dags/example_dynamic_task_mapping_with_no_taskflow_operators.py took 0.056 seconds
[2026-09-06T09:01:33.885+0000] {processor.py:186} INFO - Started process (PID=1020) to work on /home/airflow/.local/lib/python3.12/site-packages/airflow/example_dags/example_dynamic_task_mapping_with_no_taskflow_operators.py
[2026-09-06T09:01:33.887+0000] {processor.py:914} INFO - Processing file /home/airflow/.local/lib/python3.12/site-packages/airflow/example_dags/example_dynamic_task_mapping_with_no_taskflow_operators.py for tasks to queue
[2026-09-06T09:01:33.889+0000] {logging_mixin.py:190} INFO - [2026-09-06T09:01:33.889+0000] {dagbag.py:588} INFO - Filling up the DagBag from /home/airflow/.local/lib/python3.12/site-packages/airflow/example_dags/example_dynamic_task_mapping_with_no_taskflow_operators.py
[2026-09-06T09:01:33.898+0000] {processor.py:925} INFO - DAG(s) 'example_dynamic_task_mapping_with_no_taskflow_operators' retrieved from /home/airflow/.local/lib/python3.12/site-packages/airflow/example_dags/example_dynamic_task_mapping_with_no_taskflow_operators.py
[2026-09-06T09:01:33.915+0000] {logging_mixin.py:190} INFO - [2026-09-06T09:01:33.915+0000] {dag.py:3239} INFO - Sync 1 DAGs
[2026-09-06T09:01:33.926+0000] {logging_mixin.py:190} INFO - [2026-09-06T09:01:33.926+0000] {dag.py:4180} INFO - Setting next_dagrun for example_dynamic_task_mapping_with_no_taskflow_operators to None, run_after=None
[2026-09-06T09:01:33.940+0000] {processor.py:208} INFO - Processing /home/airflow/.local/lib/python3.12/site-packages/airflow/example_dags/example_dynamic_task_mapping_with_no_taskflow_operators.py took 0.060 seconds
[2026-09-06T09:02:04.523+0000] {processor.py:186} INFO - Started process (PID=1084) to work on /home/airflow/.local/lib/python3.12/site-packages/airflow/example_dags/example_dynamic_task_mapping_with_no_taskflow_operators.py
[2026-09-06T09:02:04.525+0000] {processor.py:914} INFO - Processing file /home/airflow/.local/lib/python3.12/site-packages/airflow/example_dags/example_dynamic_task_mapping_with_no_taskflow_operators.py for tasks to queue
[2026-09-06T09:02:04.528+0000] {logging_mixin.py:190} INFO - [2026-09-06T09:02:04.527+0000] {dagbag.py:588} INFO - Filling up the DagBag from /home/airflow/.local/lib/python3.12/site-packages/airflow/example_dags/example_dynamic_task_mapping_with_no_taskflow_operators.py
[2026-09-06T09:02:04.539+0000] {processor.py:925} INFO - DAG(s) 'example_dynamic_task_mapping_with_no_taskflow_operators' retrieved from /home/airflow/.local/lib/python3.12/site-packages/airflow/example_dags/example_dynamic_task_mapping_with_no_taskflow_operators.py
[2026-09-06T09:02:04.555+0000] {logging_mixin.py:190} INFO - [2026-09-06T09:02:04.555+0000] {dag.py:3239} INFO - Sync 1 DAGs
[2026-09-06T09:02:04.568+0000] {logging_mixin.py:190} INFO - [2026-09-06T09:02:04.568+0000] {dag.py:4180} INFO - Setting next_dagrun for example_dynamic_task_mapping_with_no_taskflow_operators to None, run_after=None
[2026-09-06T09:02:04.584+0000] {processor.py:208} INFO - Processing /home/airflow/.local/lib/python3.12/site-packages/airflow/example_dags/example_dynamic_task_mapping_with_no_taskflow_operators.py took 0.069 seconds
[2026-09-06T09:02:34.820+0000] {processor.py:186} INFO - Started process (PID=1148) to work on /home/airflow/.local/lib/python3.12/site-packages/airflow/example_dags/example_dynamic_task_mapping_with_no_taskflow_operators.py
[2026-09-06T09:02:34.821+0000] {processor.py:914} INFO - Processing file /home/airflow/.local/lib/python3.12/site-packages/airflow/example_dags/example_dynamic_task_mapping_with_no_taskflow_operators.py for tasks to queue
[2026-09-06T09:02:34.824+0000] {logging_mixin.py:190} INFO - [2026-09-06T09:02:34.824+0000] {dagbag.py:588} INFO - Filling up the DagBag from /home/airflow/.local/lib/python3.12/site-packages/airflow/example_dags/example_dynamic_task_mapping_with_no_taskflow_operators.py
[2026-09-06T09:02:34.834+0000] {processor.py:925} INFO - DAG(s) 'example_dynamic_task_mapping_with_no_taskflow_operators' retrieved from /home/airflow/.local/lib/python3.12/site-packages/airflow/example_dags/example_dynamic_task_mapping_with_no_taskflow_operators.py
[2026-09-06T09:02:34.851+0000] {logging_mixin.py:190} INFO - [2026-09-06T09:02:34.851+0000] {dag.py:3239} INFO - Sync 1 DAGs
[2026-09-06T09:02:34.862+0000] {logging_mixin.py:190} INFO - [2026-09-06T09:02:34.862+0000] {dag.py:4180} INFO - Setting next_dagrun for example_dynamic_task_mapping_with_no_taskflow_operators to None, run_after=None
[2026-09-06T09:02:34.877+0000] {processor.py:208} INFO - Processing /home/airflow/.local/lib/python3.12/site-packages/airflow/example_dags/example_dynamic_task_mapping_with_no_taskflow_operators.py took 0.063 seconds
[2026-09-06T09:03:05.602+0000] {processor.py:186} INFO - Started process (PID=1212) to work on /home/airflow/.local/lib/python3.12/site-packages/airflow/example_dags/example_dynamic_task_mapping_with_no_taskflow_operators.py
[2026-09-06T09:03:05.604+0000] {processor.py:914} INFO - Processing file /home/airflow/.local/lib/python3.12/site-packages/airflow/example_dags/example_dynamic_task_mapping_with_no_taskflow_operators.py for tasks to queue
[2026-09-06T09:03:05.607+0000] {logging_mixin.py:190} INFO - [2026-09-06T09:03:05.607+0000] {dagbag.py:588} INFO - Filling up the DagBag from /home/airflow/.local/lib/python3.12/site-packages/airflow/example_dags/example_dynamic_task_mapping_with_no_taskflow_operators.py
[2026-09-06T09:03:05.615+0000] {processor.py:925} INFO - DAG(s) 'example_dynamic_task_mapping_with_no_taskflow_operators' retrieved from /home/airflow/.local/lib/python3.12/site-packages/airflow/example_dags/example_dynamic_task_mapping_with_no_taskflow_operators.py
[2026-09-06T09:03:05.632+0000] {logging_mixin.py:190} INFO - [2026-09-06T09:03:05.631+0000] {dag.py:3239} INFO - Sync 1 DAGs
[2026-09-06T09:03:05.644+0000] {logging_mixin.py:190} INFO - [2026-09-06T09:03:05.644+0000] {dag.py:4180} INFO - Setting next_dagrun for example_dynamic_task_mapping_with_no_taskflow_operators to None, run_after=None
[2026-09-06T09:03:05.661+0000] {processor.py:208} INFO - Processing /home/airflow/.local/lib/python3.12/site-packages/airflow/example_dags/example_dynamic_task_mapping_with_no_taskflow_operators.py took 0.065 seconds
[2026-09-06T09:03:35.840+0000] {processor.py:186} INFO - Started process (PID=1276) to work on /home/airflow/.local/lib/python3.12/site-packages/airflow/example_dags/example_dynamic_task_mapping_with_no_taskflow_operators.py
[2026-09-06T09:03:35.841+0000] {processor.py:914} INFO - Processing file /home/airflow/.local/lib/python3.12/site-packages/airflow/example_dags/example_dynamic_task_mapping_with_no_taskflow_operators.py for tasks to queue
[2026-09-06T09:03:35.844+0000] {logging_mixin.py:190} INFO - [2026-09-06T09:03:35.843+0000] {dagbag.py:588} INFO - Filling up the DagBag from /home/airflow/.local/lib/python3.12/site-packages/airflow/example_dags/example_dynamic_task_mapping_with_no_taskflow_operators.py
[2026-09-06T09:03:35.854+0000] {processor.py:925} INFO - DAG(s) 'example_dynamic_task_mapping_with_no_taskflow_operators' retrieved from /home/airflow/.local/lib/python3.12/site-packages/airflow/example_dags/example_dynamic_task_mapping_with_no_taskflow_operators.py
[2026-09-06T09:03:35.873+0000] {logging_mixin.py:190} INFO - [2026-09-06T09:03:35.873+0000] {dag.py:3239} INFO - Sync 1 DAGs
[2026-09-06T09:03:35.888+0000] {logging_mixin.py:190} INFO - [2026-09-06T09:03:35.887+0000] {dag.py:4180} INFO - Setting next_dagrun for example_dynamic_task_mapping_with_no_taskflow_operators to None, run_after=None
[2026-09-06T09:03:35.913+0000] {processor.py:208} INFO - Processing /home/airflow/.local/lib/python3.12/site-packages/airflow/example_dags/example_dynamic_task_mapping_with_no_taskflow_operators.py took 0.081 seconds
[2026-09-06T09:04:05.997+0000] {processor.py:186} INFO - Started process (PID=1340) to work on /home/airflow/.local/lib/python3.12/site-packages/airflow/example_dags/example_dynamic_task_mapping_with_no_taskflow_operators.py
[2026-09-06T09:04:05.998+0000] {processor.py:914} INFO - Processing file /home/airflow/.local/lib/python3.12/site-packages/airflow/example_dags/example_dynamic_task_mapping_with_no_taskflow_operators.py for tasks to queue
[2026-09-06T09:04:06.000+0000] {logging_mixin.py:190} INFO - [2026-09-06T09:04:06.000+0000] {dagbag.py:588} INFO - Filling up the DagBag from /home/airflow/.local/lib/python3.12/site-packages/airflow/example_dags/example_dynamic_task_mapping_with_no_taskflow_operators.py
[2026-09-06T09:04:06.007+0000] {processor.py:925} INFO - DAG(s) 'example_dynamic_task_mapping_with_no_taskflow_operators' retrieved from /home/airflow/.local/lib/python3.12/site-packages/airflow/example_dags/example_dynamic_task_mapping_with_no_taskflow_operators.py
[2026-09-06T09:04:06.022+0000] {logging_mixin.py:190} INFO - [2026-09-06T09:04:06.022+0000] {dag.py:3239} INFO - Sync 1 DAGs
[2026-09-06T09:04:06.032+0000] {logging_mixin.py:190} INFO - [2026-09-06T09:04:06.032+0000] {dag.py:4180} INFO - Setting next_dagrun for example_dynamic_task_mapping_with_no_taskflow_operators to None, run_after=None
[2026-09-06T09:04:06.047+0000] {processor.py:208} INFO - Processing /home/airflow/.local/lib/python3.12/site-packages/airflow/example_dags/example_dynamic_task_mapping_with_no_taskflow_operators.py took 0.055 seconds
[2026-09-06T09:04:36.525+0000] {processor.py:186} INFO - Started process (PID=1404) to work on /home/airflow/.local/lib/python3.12/site-packages/airflow/example_dags/example_dynamic_task_mapping_with_no_taskflow_operators.py
[2026-09-06T09:04:36.526+0000] {processor.py:914} INFO - Processing file /home/airflow/.local/lib/python3.12/site-packages/airflow/example_dags/example_dynamic_task_mapping_with_no_taskflow_operators.py for tasks to queue
[2026-09-06T09:04:36.528+0000] {logging_mixin.py:190} INFO - [2026-09-06T09:04:36.528+0000] {dagbag.py:588} INFO - Filling up the DagBag from /home/airflow/.local/lib/python3.12/site-packages/airflow/example_dags/example_dynamic_task_mapping_with_no_taskflow_operators.py
[2026-09-06T09:04:36.535+0000] {processor.py:925} INFO - DAG(s) 'example_dynamic_task_mapping_with_no_taskflow_operators' retrieved from /home/airflow/.local/lib/python3.12/site-packages/airflow/example_dags/example_dynamic_task_mapping_with_no_taskflow_operators.py
[2026-09-06T09:04:36.551+0000] {logging_mixin.py:190} INFO - [2026-09-06T09:04:36.551+0000] {dag.py:3239} INFO - Sync 1 DAGs
[2026-09-06T09:04:36.562+0000] {logging_mixin.py:190} INFO - [2026-09-06T09:04:36.562+0000] {dag.py:4180} INFO - Setting next_dagrun for example_dynamic_task_mapping_with_no_taskflow_operators to None, run_after=None
[2026-09-06T09:04:36.579+0000] {processor.py:208} INFO - Processing /home/airflow/.local/lib/python3.12/site-packages/airflow/example_dags/example_dynamic_task_mapping_with_no_taskflow_operators.py took 0.058 seconds
[2026-09-06T09:05:07.166+0000] {processor.py:186} INFO - Started process (PID=1468) to work on /home/airflow/.local/lib/python3.12/site-packages/airflow/example_dags/example_dynamic_task_mapping_with_no_taskflow_operators.py
[2026-09-06T09:05:07.167+0000] {processor.py:914} INFO - Processing file /home/airflow/.local/lib/python3.12/site-packages/airflow/example_dags/example_dynamic_task_mapping_with_no_taskflow_operators.py for tasks to queue
[2026-09-06T09:05:07.169+0000] {logging_mixin.py:190} INFO - [2026-09-06T09:05:07.169+0000] {dagbag.py:588} INFO - Filling up the DagBag from /home/airflow/.local/lib/python3.12/site-packages/airflow/example_dags/example_dynamic_task_mapping_with_no_taskflow_operators.py
[2026-09-06T09:05:07.177+0000] {processor.py:925} INFO - DAG(s) 'example_dynamic_task_mapping_with_no_taskflow_operators' retrieved from /home/airflow/.local/lib/python3.12/site-packages/airflow/example_dags/example_dynamic_task_mapping_with_no_taskflow_operators.py
[2026-09-06T09:05:07.192+0000] {logging_mixin.py:190} INFO - [2026-09-06T09:05:07.192+0000] {dag.py:3239} INFO - Sync 1 DAGs
[2026-09-06T09:05:07.202+0000] {logging_mixin.py:190} INFO - [2026-09-06T09:05:07.202+0000] {dag.py:4180} INFO - Setting next_dagrun for example_dynamic_task_mapping_with_no_taskflow_operators to None, run_after=None
[2026-09-06T09:05:07.216+0000] {processor.py:208} INFO - Processing /home/airflow/.local/lib/python3.12/site-packages/airflow/example_dags/example_dynamic_task_mapping_with_no_taskflow_operators.py took 0.054 seconds
[2026-09-06T09:05:37.372+0000] {processor.py:186} INFO - Started process (PID=1532) to work on /home/airflow/.local/lib/python3.12/site-packages/airflow/example_dags/example_dynamic_task_mapping_with_no_taskflow_operators.py
[2026-09-06T09:05:37.374+0000] {processor.py:914} INFO - Processing file /home/airflow/.local/lib/python3.12/site-packages/airflow/example_dags/example_dynamic_task_mapping_with_no_taskflow_operators.py for tasks to queue
[2026-09-06T09:05:37.376+0000] {logging_mixin.py:190} INFO - [2026-09-06T09:05:37.375+0000] {dagbag.py:588} INFO - Filling up the DagBag from /home/airflow/.local/lib/python3.12/site-packages/airflow/example_dags/example_dynamic_task_mapping_with_no_taskflow_operators.py
[2026-09-06T09:05:37.382+0000] {processor.py:925} INFO - DAG(s) 'example_dynamic_task_mapping_with_no_taskflow_operators' retrieved from /home/airflow/.local/lib/python3.12/site-packages/airflow/example_dags/example_dynamic_task_mapping_with_no_taskflow_operators.py
[2026-09-06T09:05:37.398+0000] {logging_mixin.py:190} INFO - [2026-09-06T09:05:37.398+0000] {dag.py:3239} INFO - Sync 1 DAGs
[2026-09-06T09:05:37.409+0000] {logging_mixin.py:190} INFO - [2026-09-06T09:05:37.409+0000] {dag.py:4180} INFO - Setting next_dagrun for example_dynamic_task_mapping_with_no_taskflow_operators to None, run_after=None
[2026-09-06T09:05:37.422+0000] {processor.py:208} INFO - Processing /home/airflow/.local/lib/python3.12/site-packages/airflow/example_dags/example_dynamic_task_mapping_with_no_taskflow_operators.py took 0.054 seconds
[2026-09-06T09:06:08.045+0000] {processor.py:186} INFO - Started process (PID=1596) to work on /home/airflow/.local/lib/python3.12/site-packages/airflow/example_dags/example_dynamic_task_mapping_with_no_taskflow_operators.py
[2026-09-06T09:06:08.046+0000] {processor.py:914} INFO - Processing file /home/airflow/.local/lib/python3.12/site-packages/airflow/example_dags/example_dynamic_task_mapping_with_no_taskflow_operators.py for tasks to queue
[2026-09-06T09:06:08.048+0000] {logging_mixin.py:190} INFO - [2026-09-06T09:06:08.047+0000] {dagbag.py:588} INFO - Filling up the DagBag from /home/airflow/.local/lib/python3.12/site-packages/airflow/example_dags/example_dynamic_task_mapping_with_no_taskflow_operators.py
[2026-09-06T09:06:08.056+0000] {processor.py:925} INFO - DAG(s) 'example_dynamic_task_mapping_with_no_taskflow_operators' retrieved from /home/airflow/.local/lib/python3.12/site-packages/airflow/example_dags/example_dynamic_task_mapping_with_no_taskflow_operators.py
[2026-09-06T09:06:08.072+0000] {logging_mixin.py:190} INFO - [2026-09-06T09:06:08.071+0000] {dag.py:3239} INFO - Sync 1 DAGs
[2026-09-06T09:06:08.082+0000] {logging_mixin.py:190} INFO - [2026-09-06T09:06:08.081+0000] {dag.py:4180} INFO - Setting next_dagrun for example_dynamic_task_mapping_with_no_taskflow_operators to None, run_after=None
[2026-09-06T09:06:08.096+0000] {processor.py:208} INFO - Processing /home/airflow/.local/lib/python3.12/site-packages/airflow/example_dags/example_dynamic_task_mapping_with_no_taskflow_operators.py took 0.056 seconds
[2026-09-06T09:06:39.006+0000] {processor.py:186} INFO - Started process (PID=1660) to work on /home/airflow/.local/lib/python3.12/site-packages/airflow/example_dags/example_dynamic_task_mapping_with_no_taskflow_operators.py
[2026-09-06T09:06:39.007+0000] {processor.py:914} INFO - Processing file /home/airflow/.local/lib/python3.12/site-packages/airflow/example_dags/example_dynamic_task_mapping_with_no_taskflow_operators.py for tasks to queue
[2026-09-06T09:06:39.009+0000] {logging_mixin.py:190} INFO - [2026-09-06T09:06:39.009+0000] {dagbag.py:588} INFO - Filling up the DagBag from /home/airflow/.local/lib/python3.12/site-packages/airflow/example_dags/example_dynamic_task_mapping_with_no_taskflow_operators.py
[2026-09-06T09:06:39.016+0000] {processor.py:925} INFO - DAG(s) 'example_dynamic_task_mapping_with_no_taskflow_operators' retrieved from /home/airflow/.local/lib/python3.12/site-packages/airflow/example_dags/example_dynamic_task_mapping_with_no_taskflow_operators.py
[2026-09-06T09:06:39.032+0000] {logging_mixin.py:190} INFO - [2026-09-06T09:06:39.032+0000] {dag.py:3239} INFO - Sync 1 DAGs
[2026-09-06T09:06:39.042+0000] {logging_mixin.py:190} INFO - [2026-09-06T09:06:39.042+0000] {dag.py:4180} INFO - Setting next_dagrun for example_dynamic_task_mapping_with_no_taskflow_operators to None, run_after=None
[2026-09-06T09:06:39.055+0000] {processor.py:208} INFO - Processing /home/airflow/.local/lib/python3.12/site-packages/airflow/example_dags/example_dynamic_task_mapping_with_no_taskflow_operators.py took 0.054 seconds
[2026-09-06T09:07:09.901+0000] {processor.py:186} INFO - Started process (PID=1724) to work on /home/airflow/.local/lib/python3.12/site-packages/airflow/example_dags/example_dynamic_task_mapping_with_no_taskflow_operators.py
[2026-09-06T09:07:09.902+0000] {processor.py:914} INFO - Processing file /home/airflow/.local/lib/python3.12/site-packages/airflow/example_dags/example_dynamic_task_mapping_with_no_taskflow_operators.py for tasks to queue
[2026-09-06T09:07:09.905+0000] {logging_mixin.py:190} INFO - [2026-09-06T09:07:09.904+0000] {dagbag.py:588} INFO - Filling up the DagBag from /home/airflow/.local/lib/python3.12/site-packages/airflow/example_dags/example_dynamic_task_mapping_with_no_taskflow_operators.py
[2026-09-06T09:07:09.913+0000] {processor.py:925} INFO - DAG(s) 'example_dynamic_task_mapping_with_no_taskflow_operators' retrieved from /home/airflow/.local/lib/python3.12/site-packages/airflow/example_dags/example_dynamic_task_mapping_with_no_taskflow_operators.py
[2026-09-06T09:07:09.929+0000] {logging_mixin.py:190} INFO - [2026-09-06T09:07:09.929+0000] {dag.py:3239} INFO - Sync 1 DAGs
[2026-09-06T09:07:09.941+0000] {logging_mixin.py:190} INFO - [2026-09-06T09:07:09.941+0000] {dag.py:4180} INFO - Setting next_dagrun for example_dynamic_task_mapping_with_no_taskflow_operators to None, run_after=None
[2026-09-06T09:07:09.957+0000] {processor.py:208} INFO - Processing /home/airflow/.local/lib/python3.12/site-packages/airflow/example_dags/example_dynamic_task_mapping_with_no_taskflow_operators.py took 0.061 seconds
[2026-09-06T09:07:40.807+0000] {processor.py:186} INFO - Started process (PID=1788) to work on /home/airflow/.local/lib/python3.12/site-packages/airflow/example_dags/example_dynamic_task_mapping_with_no_taskflow_operators.py
[2026-09-06T09:07:40.809+0000] {processor.py:914} INFO - Processing file /home/airflow/.local/lib/python3.12/site-packages/airflow/example_dags/example_dynamic_task_mapping_with_no_taskflow_operators.py for tasks to queue
[2026-09-06T09:07:40.811+0000] {logging_mixin.py:190} INFO - [2026-09-06T09:07:40.811+0000] {dagbag.py:588} INFO - Filling up the DagBag from /home/airflow/.local/lib/python3.12/site-packages/airflow/example_dags/example_dynamic_task_mapping_with_no_taskflow_operators.py
[2026-09-06T09:07:40.819+0000] {processor.py:925} INFO - DAG(s) 'example_dynamic_task_mapping_with_no_taskflow_operators' retrieved from /home/airflow/.local/lib/python3.12/site-packages/airflow/example_dags/example_dynamic_task_mapping_with_no_taskflow_operators.py
[2026-09-06T09:07:40.838+0000] {logging_mixin.py:190} INFO - [2026-09-06T09:07:40.838+0000] {dag.py:3239} INFO - Sync 1 DAGs
[2026-09-06T09:07:40.852+0000] {logging_mixin.py:190} INFO - [2026-09-06T09:07:40.852+0000] {dag.py:4180} INFO - Setting next_dagrun for example_dynamic_task_mapping_with_no_taskflow_operators to None, run_after=None
[2026-09-06T09:07:40.868+0000] {processor.py:208} INFO - Processing /home/airflow/.local/lib/python3.12/site-packages/airflow/example_dags/example_dynamic_task_mapping_with_no_taskflow_operators.py took 0.066 seconds
[2026-09-06T09:08:11.542+0000] {processor.py:186} INFO - Started process (PID=1852) to work on /home/airflow/.local/lib/python3.12/site-packages/airflow/example_dags/example_dynamic_task_mapping_with_no_taskflow_operators.py
[2026-09-06T09:08:11.544+0000] {processor.py:914} INFO - Processing file /home/airflow/.local/lib/python3.12/site-packages/airflow/example_dags/example_dynamic_task_mapping_with_no_taskflow_operators.py for tasks to queue
[2026-09-06T09:08:11.546+0000] {logging_mixin.py:190} INFO - [2026-09-06T09:08:11.546+0000] {dagbag.py:588} INFO - Filling up the DagBag from /home/airflow/.local/lib/python3.12/site-packages/airflow/example_dags/example_dynamic_task_mapping_with_no_taskflow_operators.py
[2026-09-06T09:08:11.553+0000] {processor.py:925} INFO - DAG(s) 'example_dynamic_task_mapping_with_no_taskflow_operators' retrieved from /home/airflow/.local/lib/python3.12/site-packages/airflow/example_dags/example_dynamic_task_mapping_with_no_taskflow_operators.py
[2026-09-06T09:08:11.568+0000] {logging_mixin.py:190} INFO - [2026-09-06T09:08:11.568+0000] {dag.py:3239} INFO - Sync 1 DAGs
[2026-09-06T09:08:11.579+0000] {logging_mixin.py:190} INFO - [2026-09-06T09:08:11.578+0000] {dag.py:4180} INFO - Setting next_dagrun for example_dynamic_task_mapping_with_no_taskflow_operators to None, run_after=None
[2026-09-06T09:08:11.592+0000] {processor.py:208} INFO - Processing /home/airflow/.local/lib/python3.12/site-packages/airflow/example_dags/example_dynamic_task_mapping_with_no_taskflow_operators.py took 0.054 seconds
[2026-09-06T09:08:42.203+0000] {processor.py:186} INFO - Started process (PID=1916) to work on /home/airflow/.local/lib/python3.12/site-packages/airflow/example_dags/example_dynamic_task_mapping_with_no_taskflow_operators.py
[2026-09-06T09:08:42.204+0000] {processor.py:914} INFO - Processing file /home/airflow/.local/lib/python3.12/site-packages/airflow/example_dags/example_dynamic_task_mapping_with_no_taskflow_operators.py for tasks to queue
[2026-09-06T09:08:42.206+0000] {logging_mixin.py:190} INFO - [2026-09-06T09:08:42.206+0000] {dagbag.py:588} INFO - Filling up the DagBag from /home/airflow/.local/lib/python3.12/site-packages/airflow/example_dags/example_dynamic_task_mapping_with_no_taskflow_operators.py
[2026-09-06T09:08:42.213+0000] {processor.py:925} INFO - DAG(s) 'example_dynamic_task_mapping_with_no_taskflow_operators' retrieved from /home/airflow/.local/lib/python3.12/site-packages/airflow/example_dags/example_dynamic_task_mapping_with_no_taskflow_operators.py
[2026-09-06T09:08:42.228+0000] {logging_mixin.py:190} INFO - [2026-09-06T09:08:42.228+0000] {dag.py:3239} INFO - Sync 1 DAGs
[2026-09-06T09:08:42.238+0000] {logging_mixin.py:190} INFO - [2026-09-06T09:08:42.238+0000] {dag.py:4180} INFO - Setting next_dagrun for example_dynamic_task_mapping_with_no_taskflow_operators to None, run_after=None
[2026-09-06T09:08:42.251+0000] {processor.py:208} INFO - Processing /home/airflow/.local/lib/python3.12/site-packages/airflow/example_dags/example_dynamic_task_mapping_with_no_taskflow_operators.py took 0.052 seconds
[2026-09-06T09:09:12.966+0000] {processor.py:186} INFO - Started process (PID=1980) to work on /home/airflow/.local/lib/python3.12/site-packages/airflow/example_dags/example_dynamic_task_mapping_with_no_taskflow_operators.py
[2026-09-06T09:09:12.967+0000] {processor.py:914} INFO - Processing file /home/airflow/.local/lib/python3.12/site-packages/airflow/example_dags/example_dynamic_task_mapping_with_no_taskflow_operators.py for tasks to queue
[2026-09-06T09:09:12.969+0000] {logging_mixin.py:190} INFO - [2026-09-06T09:09:12.969+0000] {dagbag.py:588} INFO - Filling up the DagBag from /home/airflow/.local/lib/python3.12/site-packages/airflow/example_dags/example_dynamic_task_mapping_with_no_taskflow_operators.py
[2026-09-06T09:09:12.975+0000] {processor.py:925} INFO - DAG(s) 'example_dynamic_task_mapping_with_no_taskflow_operators' retrieved from /home/airflow/.local/lib/python3.12/site-packages/airflow/example_dags/example_dynamic_task_mapping_with_no_taskflow_operators.py
[2026-09-06T09:09:12.991+0000] {logging_mixin.py:190} INFO - [2026-09-06T09:09:12.990+0000] {dag.py:3239} INFO - Sync 1 DAGs
[2026-09-06T09:09:13.001+0000] {logging_mixin.py:190} INFO - [2026-09-06T09:09:13.000+0000] {dag.py:4180} INFO - Setting next_dagrun for example_dynamic_task_mapping_with_no_taskflow_operators to None, run_after=None
[2026-09-06T09:09:13.014+0000] {processor.py:208} INFO - Processing /home/airflow/.local/lib/python3.12/site-packages/airflow/example_dags/example_dynamic_task_mapping_with_no_taskflow_operators.py took 0.054 seconds
[2026-09-06T09:09:43.152+0000] {processor.py:186} INFO - Started process (PID=2044) to work on /home/airflow/.local/lib/python3.12/site-packages/airflow/example_dags/example_dynamic_task_mapping_with_no_taskflow_operators.py
[2026-09-06T09:09:43.154+0000] {processor.py:914} INFO - Processing file /home/airflow/.local/lib/python3.12/site-packages/airflow/example_dags/example_dynamic_task_mapping_with_no_taskflow_operators.py for tasks to queue
[2026-09-06T09:09:43.156+0000] {logging_mixin.py:190} INFO - [2026-09-06T09:09:43.156+0000] {dagbag.py:588} INFO - Filling up the DagBag from /home/airflow/.local/lib/python3.12/site-packages/airflow/example_dags/example_dynamic_task_mapping_with_no_taskflow_operators.py
[2026-09-06T09:09:43.164+0000] {processor.py:925} INFO - DAG(s) 'example_dynamic_task_mapping_with_no_taskflow_operators' retrieved from /home/airflow/.local/lib/python3.12/site-packages/airflow/example_dags/example_dynamic_task_mapping_with_no_taskflow_operators.py
[2026-09-06T09:09:43.180+0000] {logging_mixin.py:190} INFO - [2026-09-06T09:09:43.180+0000] {dag.py:3239} INFO - Sync 1 DAGs
[2026-09-06T09:09:43.191+0000] {logging_mixin.py:190} INFO - [2026-09-06T09:09:43.191+0000] {dag.py:4180} INFO - Setting next_dagrun for example_dynamic_task_mapping_with_no_taskflow_operators to None, run_after=None
[2026-09-06T09:09:43.205+0000] {processor.py:208} INFO - Processing /home/airflow/.local/lib/python3.12/site-packages/airflow/example_dags/example_dynamic_task_mapping_with_no_taskflow_operators.py took 0.058 seconds
[2026-09-06T09:10:13.695+0000] {processor.py:186} INFO - Started process (PID=2108) to work on /home/airflow/.local/lib/python3.12/site-packages/airflow/example_dags/example_dynamic_task_mapping_with_no_taskflow_operators.py
[2026-09-06T09:10:13.696+0000] {processor.py:914} INFO - Processing file /home/airflow/.local/lib/python3.12/site-packages/airflow/example_dags/example_dynamic_task_mapping_with_no_taskflow_operators.py for tasks to queue
[2026-09-06T09:10:13.699+0000] {logging_mixin.py:190} INFO - [2026-09-06T09:10:13.699+0000] {dagbag.py:588} INFO - Filling up the DagBag from /home/airflow/.local/lib/python3.12/site-packages/airflow/example_dags/example_dynamic_task_mapping_with_no_taskflow_operators.py
[2026-09-06T09:10:13.707+0000] {processor.py:925} INFO - DAG(s) 'example_dynamic_task_mapping_with_no_taskflow_operators' retrieved from /home/airflow/.local/lib/python3.12/site-packages/airflow/example_dags/example_dynamic_task_mapping_with_no_taskflow_operators.py
[2026-09-06T09:10:13.724+0000] {logging_mixin.py:190} INFO - [2026-09-06T09:10:13.724+0000] {dag.py:3239} INFO - Sync 1 DAGs
[2026-09-06T09:10:13.736+0000] {logging_mixin.py:190} INFO - [2026-09-06T09:10:13.736+0000] {dag.py:4180} INFO - Setting next_dagrun for example_dynamic_task_mapping_with_no_taskflow_operators to None, run_after=None
[2026-09-06T09:10:13.755+0000] {processor.py:208} INFO - Processing /home/airflow/.local/lib/python3.12/site-packages/airflow/example_dags/example_dynamic_task_mapping_with_no_taskflow_operators.py took 0.066 seconds
[2026-09-06T09:10:44.024+0000] {processor.py:186} INFO - Started process (PID=2172) to work on /home/airflow/.local/lib/python3.12/site-packages/airflow/example_dags/example_dynamic_task_mapping_with_no_taskflow_operators.py
[2026-09-06T09:10:44.025+0000] {processor.py:914} INFO - Processing file /home/airflow/.local/lib/python3.12/site-packages/airflow/example_dags/example_dynamic_task_mapping_with_no_taskflow_operators.py for tasks to queue
[2026-09-06T09:10:44.027+0000] {logging_mixin.py:190} INFO - [2026-09-06T09:10:44.027+0000] {dagbag.py:588} INFO - Filling up the DagBag from /home/airflow/.local/lib/python3.12/site-packages/airflow/example_dags/example_dynamic_task_mapping_with_no_taskflow_operators.py
[2026-09-06T09:10:44.035+0000] {processor.py:925} INFO - DAG(s) 'example_dynamic_task_mapping_with_no_taskflow_operators' retrieved from /home/airflow/.local/lib/python3.12/site-packages/airflow/example_dags/example_dynamic_task_mapping_with_no_taskflow_operators.py
[2026-09-06T09:10:44.050+0000] {logging_mixin.py:190} INFO - [2026-09-06T09:10:44.050+0000] {dag.py:3239} INFO - Sync 1 DAGs
[2026-09-06T09:10:44.062+0000] {logging_mixin.py:190} INFO - [2026-09-06T09:10:44.062+0000] {dag.py:4180} INFO - Setting next_dagrun for example_dynamic_task_mapping_with_no_taskflow_operators to None, run_after=None
[2026-09-06T09:10:44.078+0000] {processor.py:208} INFO - Processing /home/airflow/.local/lib/python3.12/site-packages/airflow/example_dags/example_dynamic_task_mapping_with_no_taskflow_operators.py took 0.059 seconds
[2026-09-06T09:11:14.243+0000] {processor.py:186} INFO - Started process (PID=2236) to work on /home/airflow/.local/lib/python3.12/site-packages/airflow/example_dags/example_dynamic_task_mapping_with_no_taskflow_operators.py
[2026-09-06T09:11:14.244+0000] {processor.py:914} INFO - Processing file /home/airflow/.local/lib/python3.12/site-packages/airflow/example_dags/example_dynamic_task_mapping_with_no_taskflow_operators.py for tasks to queue
[2026-09-06T09:11:14.246+0000] {logging_mixin.py:190} INFO - [2026-09-06T09:11:14.246+0000] {dagbag.py:588} INFO - Filling up the DagBag from /home/airflow/.local/lib/python3.12/site-packages/airflow/example_dags/example_dynamic_task_mapping_with_no_taskflow_operators.py
[2026-09-06T09:11:14.254+0000] {processor.py:925} INFO - DAG(s) 'example_dynamic_task_mapping_with_no_taskflow_operators' retrieved from /home/airflow/.local/lib/python3.12/site-packages/airflow/example_dags/example_dynamic_task_mapping_with_no_taskflow_operators.py
[2026-09-06T09:11:14.271+0000] {logging_mixin.py:190} INFO - [2026-09-06T09:11:14.271+0000] {dag.py:3239} INFO - Sync 1 DAGs
[2026-09-06T09:11:14.282+0000] {logging_mixin.py:190} INFO - [2026-09-06T09:11:14.282+0000] {dag.py:4180} INFO - Setting next_dagrun for example_dynamic_task_mapping_with_no_taskflow_operators to None, run_after=None
[2026-09-06T09:11:14.297+0000] {processor.py:208} INFO - Processing /home/airflow/.local/lib/python3.12/site-packages/airflow/example_dags/example_dynamic_task_mapping_with_no_taskflow_operators.py took 0.059 seconds
[2026-09-06T09:11:44.466+0000] {processor.py:186} INFO - Started process (PID=2300) to work on /home/airflow/.local/lib/python3.12/site-packages/airflow/example_dags/example_dynamic_task_mapping_with_no_taskflow_operators.py
[2026-09-06T09:11:44.467+0000] {processor.py:914} INFO - Processing file /home/airflow/.local/lib/python3.12/site-packages/airflow/example_dags/example_dynamic_task_mapping_with_no_taskflow_operators.py for tasks to queue
[2026-09-06T09:11:44.470+0000] {logging_mixin.py:190} INFO - [2026-09-06T09:11:44.469+0000] {dagbag.py:588} INFO - Filling up the DagBag from /home/airflow/.local/lib/python3.12/site-packages/airflow/example_dags/example_dynamic_task_mapping_with_no_taskflow_operators.py
[2026-09-06T09:11:44.478+0000] {processor.py:925} INFO - DAG(s) 'example_dynamic_task_mapping_with_no_taskflow_operators' retrieved from /home/airflow/.local/lib/python3.12/site-packages/airflow/example_dags/example_dynamic_task_mapping_with_no_taskflow_operators.py
[2026-09-06T09:11:44.495+0000] {logging_mixin.py:190} INFO - [2026-09-06T09:11:44.495+0000] {dag.py:3239} INFO - Sync 1 DAGs
[2026-09-06T09:11:44.507+0000] {logging_mixin.py:190} INFO - [2026-09-06T09:11:44.507+0000] {dag.py:4180} INFO - Setting next_dagrun for example_dynamic_task_mapping_with_no_taskflow_operators to None, run_after=None
[2026-09-06T09:11:44.527+0000] {processor.py:208} INFO - Processing /home/airflow/.local/lib/python3.12/site-packages/airflow/example_dags/example_dynamic_task_mapping_with_no_taskflow_operators.py took 0.065 seconds
[2026-09-06T09:12:14.858+0000] {processor.py:186} INFO - Started process (PID=2364) to work on /home/airflow/.local/lib/python3.12/site-packages/airflow/example_dags/example_dynamic_task_mapping_with_no_taskflow_operators.py
[2026-09-06T09:12:14.859+0000] {processor.py:914} INFO - Processing file /home/airflow/.local/lib/python3.12/site-packages/airflow/example_dags/example_dynamic_task_mapping_with_no_taskflow_operators.py for tasks to queue
[2026-09-06T09:12:14.862+0000] {logging_mixin.py:190} INFO - [2026-09-06T09:12:14.861+0000] {dagbag.py:588} INFO - Filling up the DagBag from /home/airflow/.local/lib/python3.12/site-packages/airflow/example_dags/example_dynamic_task_mapping_with_no_taskflow_operators.py
[2026-09-06T09:12:14.869+0000] {processor.py:925} INFO - DAG(s) 'example_dynamic_task_mapping_with_no_taskflow_operators' retrieved from /home/airflow/.local/lib/python3.12/site-packages/airflow/example_dags/example_dynamic_task_mapping_with_no_taskflow_operators.py
[2026-09-06T09:12:14.886+0000] {logging_mixin.py:190} INFO - [2026-09-06T09:12:14.886+0000] {dag.py:3239} INFO - Sync 1 DAGs
[2026-09-06T09:12:14.897+0000] {logging_mixin.py:190} INFO - [2026-09-06T09:12:14.897+0000] {dag.py:4180} INFO - Setting next_dagrun for example_dynamic_task_mapping_with_no_taskflow_operators to None, run_after=None
[2026-09-06T09:12:14.912+0000] {processor.py:208} INFO - Processing /home/airflow/.local/lib/python3.12/site-packages/airflow/example_dags/example_dynamic_task_mapping_with_no_taskflow_operators.py took 0.059 seconds
[2026-09-06T09:12:45.117+0000] {processor.py:186} INFO - Started process (PID=2428) to work on /home/airflow/.local/lib/python3.12/site-packages/airflow/example_dags/example_dynamic_task_mapping_with_no_taskflow_operators.py
[2026-09-06T09:12:45.118+0000] {processor.py:914} INFO - Processing file /home/airflow/.local/lib/python3.12/site-packages/airflow/example_dags/example_dynamic_task_mapping_with_no_taskflow_operators.py for tasks to queue
[2026-09-06T09:12:45.121+0000] {logging_mixin.py:190} INFO - [2026-09-06T09:12:45.120+0000] {dagbag.py:588} INFO - Filling up the DagBag from /home/airflow/.local/lib/python3.12/site-packages/airflow/example_dags/example_dynamic_task_mapping_with_no_taskflow_operators.py
[2026-09-06T09:12:45.129+0000] {processor.py:925} INFO - DAG(s) 'example_dynamic_task_mapping_with_no_taskflow_operators' retrieved from /home/airflow/.local/lib/python3.12/site-packages/airflow/example_dags/example_dynamic_task_mapping_with_no_taskflow_operators.py
[2026-09-06T09:12:45.146+0000] {logging_mixin.py:190} INFO - [2026-09-06T09:12:45.146+0000] {dag.py:3239} INFO - Sync 1 DAGs
[2026-09-06T09:12:45.159+0000] {logging_mixin.py:190} INFO - [2026-09-06T09:12:45.159+0000] {dag.py:4180} INFO - Setting next_dagrun for example_dynamic_task_mapping_with_no_taskflow_operators to None, run_after=None
[2026-09-06T09:12:45.179+0000] {processor.py:208} INFO - Processing /home/airflow/.local/lib/python3.12/site-packages/airflow/example_dags/example_dynamic_task_mapping_with_no_taskflow_operators.py took 0.066 seconds
[2026-09-06T09:13:15.392+0000] {processor.py:186} INFO - Started process (PID=2492) to work on /home/airflow/.local/lib/python3.12/site-packages/airflow/example_dags/example_dynamic_task_mapping_with_no_taskflow_operators.py
[2026-09-06T09:13:15.393+0000] {processor.py:914} INFO - Processing file /home/airflow/.local/lib/python3.12/site-packages/airflow/example_dags/example_dynamic_task_mapping_with_no_taskflow_operators.py for tasks to queue
[2026-09-06T09:13:15.395+0000] {logging_mixin.py:190} INFO - [2026-09-06T09:13:15.395+0000] {dagbag.py:588} INFO - Filling up the DagBag from /home/airflow/.local/lib/python3.12/site-packages/airflow/example_dags/example_dynamic_task_mapping_with_no_taskflow_operators.py
[2026-09-06T09:13:15.403+0000] {processor.py:925} INFO - DAG(s) 'example_dynamic_task_mapping_with_no_taskflow_operators' retrieved from /home/airflow/.local/lib/python3.12/site-packages/airflow/example_dags/example_dynamic_task_mapping_with_no_taskflow_operators.py
[2026-09-06T09:13:15.418+0000] {logging_mixin.py:190} INFO - [2026-09-06T09:13:15.418+0000] {dag.py:3239} INFO - Sync 1 DAGs
[2026-09-06T09:13:15.429+0000] {logging_mixin.py:190} INFO - [2026-09-06T09:13:15.428+0000] {dag.py:4180} INFO - Setting next_dagrun for example_dynamic_task_mapping_with_no_taskflow_operators to None, run_after=None
[2026-09-06T09:13:15.442+0000] {processor.py:208} INFO - Processing /home/airflow/.local/lib/python3.12/site-packages/airflow/example_dags/example_dynamic_task_mapping_with_no_taskflow_operators.py took 0.055 seconds
[2026-09-06T09:13:45.606+0000] {processor.py:186} INFO - Started process (PID=2556) to work on /home/airflow/.local/lib/python3.12/site-packages/airflow/example_dags/example_dynamic_task_mapping_with_no_taskflow_operators.py
[2026-09-06T09:13:45.607+0000] {processor.py:914} INFO - Processing file /home/airflow/.local/lib/python3.12/site-packages/airflow/example_dags/example_dynamic_task_mapping_with_no_taskflow_operators.py for tasks to queue
[2026-09-06T09:13:45.609+0000] {logging_mixin.py:190} INFO - [2026-09-06T09:13:45.609+0000] {dagbag.py:588} INFO - Filling up the DagBag from /home/airflow/.local/lib/python3.12/site-packages/airflow/example_dags/example_dynamic_task_mapping_with_no_taskflow_operators.py
[2026-09-06T09:13:45.615+0000] {processor.py:925} INFO - DAG(s) 'example_dynamic_task_mapping_with_no_taskflow_operators' retrieved from /home/airflow/.local/lib/python3.12/site-packages/airflow/example_dags/example_dynamic_task_mapping_with_no_taskflow_operators.py
[2026-09-06T09:13:45.630+0000] {logging_mixin.py:190} INFO - [2026-09-06T09:13:45.630+0000] {dag.py:3239} INFO - Sync 1 DAGs
[2026-09-06T09:13:45.640+0000] {logging_mixin.py:190} INFO - [2026-09-06T09:13:45.640+0000] {dag.py:4180} INFO - Setting next_dagrun for example_dynamic_task_mapping_with_no_taskflow_operators to None, run_after=None
[2026-09-06T09:13:45.655+0000] {processor.py:208} INFO - Processing /home/airflow/.local/lib/python3.12/site-packages/airflow/example_dags/example_dynamic_task_mapping_with_no_taskflow_operators.py took 0.053 seconds
[2026-09-06T09:14:15.731+0000] {processor.py:186} INFO - Started process (PID=2620) to work on /home/airflow/.local/lib/python3.12/site-packages/airflow/example_dags/example_dynamic_task_mapping_with_no_taskflow_operators.py
[2026-09-06T09:14:15.732+0000] {processor.py:914} INFO - Processing file /home/airflow/.local/lib/python3.12/site-packages/airflow/example_dags/example_dynamic_task_mapping_with_no_taskflow_operators.py for tasks to queue
[2026-09-06T09:14:15.733+0000] {logging_mixin.py:190} INFO - [2026-09-06T09:14:15.733+0000] {dagbag.py:588} INFO - Filling up the DagBag from /home/airflow/.local/lib/python3.12/site-packages/airflow/example_dags/example_dynamic_task_mapping_with_no_taskflow_operators.py
[2026-09-06T09:14:15.739+0000] {processor.py:925} INFO - DAG(s) 'example_dynamic_task_mapping_with_no_taskflow_operators' retrieved from /home/airflow/.local/lib/python3.12/site-packages/airflow/example_dags/example_dynamic_task_mapping_with_no_taskflow_operators.py
[2026-09-06T09:14:15.754+0000] {logging_mixin.py:190} INFO - [2026-09-06T09:14:15.754+0000] {dag.py:3239} INFO - Sync 1 DAGs
[2026-09-06T09:14:15.764+0000] {logging_mixin.py:190} INFO - [2026-09-06T09:14:15.764+0000] {dag.py:4180} INFO - Setting next_dagrun for example_dynamic_task_mapping_with_no_taskflow_operators to None, run_after=None
[2026-09-06T09:14:15.777+0000] {processor.py:208} INFO - Processing /home/airflow/.local/lib/python3.12/site-packages/airflow/example_dags/example_dynamic_task_mapping_with_no_taskflow_operators.py took 0.051 seconds
[2026-09-06T09:14:45.923+0000] {processor.py:186} INFO - Started process (PID=2684) to work on /home/airflow/.local/lib/python3.12/site-packages/airflow/example_dags/example_dynamic_task_mapping_with_no_taskflow_operators.py
[2026-09-06T09:14:45.924+0000] {processor.py:914} INFO - Processing file /home/airflow/.local/lib/python3.12/site-packages/airflow/example_dags/example_dynamic_task_mapping_with_no_taskflow_operators.py for tasks to queue
[2026-09-06T09:14:45.926+0000] {logging_mixin.py:190} INFO - [2026-09-06T09:14:45.926+0000] {dagbag.py:588} INFO - Filling up the DagBag from /home/airflow/.local/lib/python3.12/site-packages/airflow/example_dags/example_dynamic_task_mapping_with_no_taskflow_operators.py
[2026-09-06T09:14:45.932+0000] {processor.py:925} INFO - DAG(s) 'example_dynamic_task_mapping_with_no_taskflow_operators' retrieved from /home/airflow/.local/lib/python3.12/site-packages/airflow/example_dags/example_dynamic_task_mapping_with_no_taskflow_operators.py
[2026-09-06T09:14:45.947+0000] {logging_mixin.py:190} INFO - [2026-09-06T09:14:45.947+0000] {dag.py:3239} INFO - Sync 1 DAGs
[2026-09-06T09:14:45.957+0000] {logging_mixin.py:190} INFO - [2026-09-06T09:14:45.957+0000] {dag.py:4180} INFO - Setting next_dagrun for example_dynamic_task_mapping_with_no_taskflow_operators to None, run_after=None
[2026-09-06T09:14:45.972+0000] {processor.py:208} INFO - Processing /home/airflow/.local/lib/python3.12/site-packages/airflow/example_dags/example_dynamic_task_mapping_with_no_taskflow_operators.py took 0.053 seconds
[2026-09-06T09:15:16.717+0000] {processor.py:186} INFO - Started process (PID=2748) to work on /home/airflow/.local/lib/python3.12/site-packages/airflow/example_dags/example_dynamic_task_mapping_with_no_taskflow_operators.py
[2026-09-06T09:15:16.718+0000] {processor.py:914} INFO - Processing file /home/airflow/.local/lib/python3.12/site-packages/airflow/example_dags/example_dynamic_task_mapping_with_no_taskflow_operators.py for tasks to queue
[2026-09-06T09:15:16.721+0000] {logging_mixin.py:190} INFO - [2026-09-06T09:15:16.721+0000] {dagbag.py:588} INFO - Filling up the DagBag from /home/airflow/.local/lib/python3.12/site-packages/airflow/example_dags/example_dynamic_task_mapping_with_no_taskflow_operators.py
[2026-09-06T09:15:16.729+0000] {processor.py:925} INFO - DAG(s) 'example_dynamic_task_mapping_with_no_taskflow_operators' retrieved from /home/airflow/.local/lib/python3.12/site-packages/airflow/example_dags/example_dynamic_task_mapping_with_no_taskflow_operators.py
[2026-09-06T09:15:16.744+0000] {logging_mixin.py:190} INFO - [2026-09-06T09:15:16.744+0000] {dag.py:3239} INFO - Sync 1 DAGs
[2026-09-06T09:15:16.755+0000] {logging_mixin.py:190} INFO - [2026-09-06T09:15:16.755+0000] {dag.py:4180} INFO - Setting next_dagrun for example_dynamic_task_mapping_with_no_taskflow_operators to None, run_after=None
[2026-09-06T09:15:16.770+0000] {processor.py:208} INFO - Processing /home/airflow/.local/lib/python3.12/site-packages/airflow/example_dags/example_dynamic_task_mapping_with_no_taskflow_operators.py took 0.057 seconds
[2026-09-06T09:15:47.230+0000] {processor.py:186} INFO - Started process (PID=2810) to work on /home/airflow/.local/lib/python3.12/site-packages/airflow/example_dags/example_dynamic_task_mapping_with_no_taskflow_operators.py
[2026-09-06T09:15:47.231+0000] {processor.py:914} INFO - Processing file /home/airflow/.local/lib/python3.12/site-packages/airflow/example_dags/example_dynamic_task_mapping_with_no_taskflow_operators.py for tasks to queue
[2026-09-06T09:15:47.233+0000] {logging_mixin.py:190} INFO - [2026-09-06T09:15:47.233+0000] {dagbag.py:588} INFO - Filling up the DagBag from /home/airflow/.local/lib/python3.12/site-packages/airflow/example_dags/example_dynamic_task_mapping_with_no_taskflow_operators.py
[2026-09-06T09:15:47.240+0000] {processor.py:925} INFO - DAG(s) 'example_dynamic_task_mapping_with_no_taskflow_operators' retrieved from /home/airflow/.local/lib/python3.12/site-packages/airflow/example_dags/example_dynamic_task_mapping_with_no_taskflow_operators.py
[2026-09-06T09:15:47.255+0000] {logging_mixin.py:190} INFO - [2026-09-06T09:15:47.255+0000] {dag.py:3239} INFO - Sync 1 DAGs
[2026-09-06T09:15:47.267+0000] {logging_mixin.py:190} INFO - [2026-09-06T09:15:47.267+0000] {dag.py:4180} INFO - Setting next_dagrun for example_dynamic_task_mapping_with_no_taskflow_operators to None, run_after=None
[2026-09-06T09:15:47.288+0000] {processor.py:208} INFO - Processing /home/airflow/.local/lib/python3.12/site-packages/airflow/example_dags/example_dynamic_task_mapping_with_no_taskflow_operators.py took 0.063 seconds
[2026-09-06T09:16:17.552+0000] {processor.py:186} INFO - Started process (PID=2872) to work on /home/airflow/.local/lib/python3.12/site-packages/airflow/example_dags/example_dynamic_task_mapping_with_no_taskflow_operators.py
[2026-09-06T09:16:17.553+0000] {processor.py:914} INFO - Processing file /home/airflow/.local/lib/python3.12/site-packages/airflow/example_dags/example_dynamic_task_mapping_with_no_taskflow_operators.py for tasks to queue
[2026-09-06T09:16:17.555+0000] {logging_mixin.py:190} INFO - [2026-09-06T09:16:17.555+0000] {dagbag.py:588} INFO - Filling up the DagBag from /home/airflow/.local/lib/python3.12/site-packages/airflow/example_dags/example_dynamic_task_mapping_with_no_taskflow_operators.py
[2026-09-06T09:16:17.562+0000] {processor.py:925} INFO - DAG(s) 'example_dynamic_task_mapping_with_no_taskflow_operators' retrieved from /home/airflow/.local/lib/python3.12/site-packages/airflow/example_dags/example_dynamic_task_mapping_with_no_taskflow_operators.py
[2026-09-06T09:16:17.578+0000] {logging_mixin.py:190} INFO - [2026-09-06T09:16:17.578+0000] {dag.py:3239} INFO - Sync 1 DAGs
[2026-09-06T09:16:17.588+0000] {logging_mixin.py:190} INFO - [2026-09-06T09:16:17.588+0000] {dag.py:4180} INFO - Setting next_dagrun for example_dynamic_task_mapping_with_no_taskflow_operators to None, run_after=None
[2026-09-06T09:16:17.601+0000] {processor.py:208} INFO - Processing /home/airflow/.local/lib/python3.12/site-packages/airflow/example_dags/example_dynamic_task_mapping_with_no_taskflow_operators.py took 0.053 seconds
[2026-09-06T09:16:49.707+0000] {processor.py:186} INFO - Started process (PID=2932) to work on /home/airflow/.local/lib/python3.12/site-packages/airflow/example_dags/example_dynamic_task_mapping_with_no_taskflow_operators.py
[2026-09-06T09:16:49.708+0000] {processor.py:914} INFO - Processing file /home/airflow/.local/lib/python3.12/site-packages/airflow/example_dags/example_dynamic_task_mapping_with_no_taskflow_operators.py for tasks to queue
[2026-09-06T09:16:49.710+0000] {logging_mixin.py:190} INFO - [2026-09-06T09:16:49.710+0000] {dagbag.py:588} INFO - Filling up the DagBag from /home/airflow/.local/lib/python3.12/site-packages/airflow/example_dags/example_dynamic_task_mapping_with_no_taskflow_operators.py
[2026-09-06T09:16:49.717+0000] {processor.py:925} INFO - DAG(s) 'example_dynamic_task_mapping_with_no_taskflow_operators' retrieved from /home/airflow/.local/lib/python3.12/site-packages/airflow/example_dags/example_dynamic_task_mapping_with_no_taskflow_operators.py
[2026-09-06T09:16:49.733+0000] {logging_mixin.py:190} INFO - [2026-09-06T09:16:49.733+0000] {dag.py:3239} INFO - Sync 1 DAGs
[2026-09-06T09:16:49.744+0000] {logging_mixin.py:190} INFO - [2026-09-06T09:16:49.743+0000] {dag.py:4180} INFO - Setting next_dagrun for example_dynamic_task_mapping_with_no_taskflow_operators to None, run_after=None
[2026-09-06T09:16:49.758+0000] {processor.py:208} INFO - Processing /home/airflow/.local/lib/python3.12/site-packages/airflow/example_dags/example_dynamic_task_mapping_with_no_taskflow_operators.py took 0.055 seconds
[2026-09-06T09:17:20.273+0000] {processor.py:186} INFO - Started process (PID=2996) to work on /home/airflow/.local/lib/python3.12/site-packages/airflow/example_dags/example_dynamic_task_mapping_with_no_taskflow_operators.py
[2026-09-06T09:17:20.275+0000] {processor.py:914} INFO - Processing file /home/airflow/.local/lib/python3.12/site-packages/airflow/example_dags/example_dynamic_task_mapping_with_no_taskflow_operators.py for tasks to queue
[2026-09-06T09:17:20.278+0000] {logging_mixin.py:190} INFO - [2026-09-06T09:17:20.277+0000] {dagbag.py:588} INFO - Filling up the DagBag from /home/airflow/.local/lib/python3.12/site-packages/airflow/example_dags/example_dynamic_task_mapping_with_no_taskflow_operators.py
[2026-09-06T09:17:20.288+0000] {processor.py:925} INFO - DAG(s) 'example_dynamic_task_mapping_with_no_taskflow_operators' retrieved from /home/airflow/.local/lib/python3.12/site-packages/airflow/example_dags/example_dynamic_task_mapping_with_no_taskflow_operators.py
[2026-09-06T09:17:20.306+0000] {logging_mixin.py:190} INFO - [2026-09-06T09:17:20.305+0000] {dag.py:3239} INFO - Sync 1 DAGs
[2026-09-06T09:17:20.317+0000] {logging_mixin.py:190} INFO - [2026-09-06T09:17:20.317+0000] {dag.py:4180} INFO - Setting next_dagrun for example_dynamic_task_mapping_with_no_taskflow_operators to None, run_after=None
[2026-09-06T09:17:20.334+0000] {processor.py:208} INFO - Processing /home/airflow/.local/lib/python3.12/site-packages/airflow/example_dags/example_dynamic_task_mapping_with_no_taskflow_operators.py took 0.067 seconds
[2026-09-06T09:17:50.603+0000] {processor.py:186} INFO - Started process (PID=3057) to work on /home/airflow/.local/lib/python3.12/site-packages/airflow/example_dags/example_dynamic_task_mapping_with_no_taskflow_operators.py
[2026-09-06T09:17:50.604+0000] {processor.py:914} INFO - Processing file /home/airflow/.local/lib/python3.12/site-packages/airflow/example_dags/example_dynamic_task_mapping_with_no_taskflow_operators.py for tasks to queue
[2026-09-06T09:17:50.606+0000] {logging_mixin.py:190} INFO - [2026-09-06T09:17:50.606+0000] {dagbag.py:588} INFO - Filling up the DagBag from /home/airflow/.local/lib/python3.12/site-packages/airflow/example_dags/example_dynamic_task_mapping_with_no_taskflow_operators.py
[2026-09-06T09:17:50.613+0000] {processor.py:925} INFO - DAG(s) 'example_dynamic_task_mapping_with_no_taskflow_operators' retrieved from /home/airflow/.local/lib/python3.12/site-packages/airflow/example_dags/example_dynamic_task_mapping_with_no_taskflow_operators.py
[2026-09-06T09:17:50.629+0000] {logging_mixin.py:190} INFO - [2026-09-06T09:17:50.629+0000] {dag.py:3239} INFO - Sync 1 DAGs
[2026-09-06T09:17:50.640+0000] {logging_mixin.py:190} INFO - [2026-09-06T09:17:50.640+0000] {dag.py:4180} INFO - Setting next_dagrun for example_dynamic_task_mapping_with_no_taskflow_operators to None, run_after=None
[2026-09-06T09:17:50.655+0000] {processor.py:208} INFO - Processing /home/airflow/.local/lib/python3.12/site-packages/airflow/example_dags/example_dynamic_task_mapping_with_no_taskflow_operators.py took 0.056 seconds
[2026-09-06T09:18:20.912+0000] {processor.py:186} INFO - Started process (PID=3110) to work on /home/airflow/.local/lib/python3.12/site-packages/airflow/example_dags/example_dynamic_task_mapping_with_no_taskflow_operators.py
[2026-09-06T09:18:20.913+0000] {processor.py:914} INFO - Processing file /home/airflow/.local/lib/python3.12/site-packages/airflow/example_dags/example_dynamic_task_mapping_with_no_taskflow_operators.py for tasks to queue
[2026-09-06T09:18:20.915+0000] {logging_mixin.py:190} INFO - [2026-09-06T09:18:20.915+0000] {dagbag.py:588} INFO - Filling up the DagBag from /home/airflow/.local/lib/python3.12/site-packages/airflow/example_dags/example_dynamic_task_mapping_with_no_taskflow_operators.py
[2026-09-06T09:18:20.922+0000] {processor.py:925} INFO - DAG(s) 'example_dynamic_task_mapping_with_no_taskflow_operators' retrieved from /home/airflow/.local/lib/python3.12/site-packages/airflow/example_dags/example_dynamic_task_mapping_with_no_taskflow_operators.py
[2026-09-06T09:18:20.937+0000] {logging_mixin.py:190} INFO - [2026-09-06T09:18:20.937+0000] {dag.py:3239} INFO - Sync 1 DAGs
[2026-09-06T09:18:20.949+0000] {logging_mixin.py:190} INFO - [2026-09-06T09:18:20.949+0000] {dag.py:4180} INFO - Setting next_dagrun for example_dynamic_task_mapping_with_no_taskflow_operators to None, run_after=None
[2026-09-06T09:18:20.964+0000] {processor.py:208} INFO - Processing /home/airflow/.local/lib/python3.12/site-packages/airflow/example_dags/example_dynamic_task_mapping_with_no_taskflow_operators.py took 0.056 seconds
[2026-09-06T09:18:52.560+0000] {processor.py:186} INFO - Started process (PID=3174) to work on /home/airflow/.local/lib/python3.12/site-packages/airflow/example_dags/example_dynamic_task_mapping_with_no_taskflow_operators.py
[2026-09-06T09:18:52.561+0000] {processor.py:914} INFO - Processing file /home/airflow/.local/lib/python3.12/site-packages/airflow/example_dags/example_dynamic_task_mapping_with_no_taskflow_operators.py for tasks to queue
[2026-09-06T09:18:52.563+0000] {logging_mixin.py:190} INFO - [2026-09-06T09:18:52.563+0000] {dagbag.py:588} INFO - Filling up the DagBag from /home/airflow/.local/lib/python3.12/site-packages/airflow/example_dags/example_dynamic_task_mapping_with_no_taskflow_operators.py
[2026-09-06T09:18:52.570+0000] {processor.py:925} INFO - DAG(s) 'example_dynamic_task_mapping_with_no_taskflow_operators' retrieved from /home/airflow/.local/lib/python3.12/site-packages/airflow/example_dags/example_dynamic_task_mapping_with_no_taskflow_operators.py
[2026-09-06T09:18:52.588+0000] {logging_mixin.py:190} INFO - [2026-09-06T09:18:52.588+0000] {dag.py:3239} INFO - Sync 1 DAGs
[2026-09-06T09:18:52.793+0000] {logging_mixin.py:190} INFO - [2026-09-06T09:18:52.792+0000] {dag.py:4180} INFO - Setting next_dagrun for example_dynamic_task_mapping_with_no_taskflow_operators to None, run_after=None
[2026-09-06T09:18:52.806+0000] {processor.py:208} INFO - Processing /home/airflow/.local/lib/python3.12/site-packages/airflow/example_dags/example_dynamic_task_mapping_with_no_taskflow_operators.py took 0.251 seconds
[2026-09-06T09:19:23.426+0000] {processor.py:186} INFO - Started process (PID=3238) to work on /home/airflow/.local/lib/python3.12/site-packages/airflow/example_dags/example_dynamic_task_mapping_with_no_taskflow_operators.py
[2026-09-06T09:19:23.427+0000] {processor.py:914} INFO - Processing file /home/airflow/.local/lib/python3.12/site-packages/airflow/example_dags/example_dynamic_task_mapping_with_no_taskflow_operators.py for tasks to queue
[2026-09-06T09:19:23.429+0000] {logging_mixin.py:190} INFO - [2026-09-06T09:19:23.429+0000] {dagbag.py:588} INFO - Filling up the DagBag from /home/airflow/.local/lib/python3.12/site-packages/airflow/example_dags/example_dynamic_task_mapping_with_no_taskflow_operators.py
[2026-09-06T09:19:23.437+0000] {processor.py:925} INFO - DAG(s) 'example_dynamic_task_mapping_with_no_taskflow_operators' retrieved from /home/airflow/.local/lib/python3.12/site-packages/airflow/example_dags/example_dynamic_task_mapping_with_no_taskflow_operators.py
[2026-09-06T09:19:23.454+0000] {logging_mixin.py:190} INFO - [2026-09-06T09:19:23.454+0000] {dag.py:3239} INFO - Sync 1 DAGs
[2026-09-06T09:19:23.467+0000] {logging_mixin.py:190} INFO - [2026-09-06T09:19:23.467+0000] {dag.py:4180} INFO - Setting next_dagrun for example_dynamic_task_mapping_with_no_taskflow_operators to None, run_after=None
[2026-09-06T09:19:23.483+0000] {processor.py:208} INFO - Processing /home/airflow/.local/lib/python3.12/site-packages/airflow/example_dags/example_dynamic_task_mapping_with_no_taskflow_operators.py took 0.062 seconds
[2026-09-06T09:19:53.784+0000] {processor.py:186} INFO - Started process (PID=3296) to work on /home/airflow/.local/lib/python3.12/site-packages/airflow/example_dags/example_dynamic_task_mapping_with_no_taskflow_operators.py
[2026-09-06T09:19:53.785+0000] {processor.py:914} INFO - Processing file /home/airflow/.local/lib/python3.12/site-packages/airflow/example_dags/example_dynamic_task_mapping_with_no_taskflow_operators.py for tasks to queue
[2026-09-06T09:19:53.788+0000] {logging_mixin.py:190} INFO - [2026-09-06T09:19:53.787+0000] {dagbag.py:588} INFO - Filling up the DagBag from /home/airflow/.local/lib/python3.12/site-packages/airflow/example_dags/example_dynamic_task_mapping_with_no_taskflow_operators.py
[2026-09-06T09:19:53.794+0000] {processor.py:925} INFO - DAG(s) 'example_dynamic_task_mapping_with_no_taskflow_operators' retrieved from /home/airflow/.local/lib/python3.12/site-packages/airflow/example_dags/example_dynamic_task_mapping_with_no_taskflow_operators.py
[2026-09-06T09:19:53.810+0000] {logging_mixin.py:190} INFO - [2026-09-06T09:19:53.809+0000] {dag.py:3239} INFO - Sync 1 DAGs
[2026-09-06T09:19:53.820+0000] {logging_mixin.py:190} INFO - [2026-09-06T09:19:53.820+0000] {dag.py:4180} INFO - Setting next_dagrun for example_dynamic_task_mapping_with_no_taskflow_operators to None, run_after=None
[2026-09-06T09:19:53.834+0000] {processor.py:208} INFO - Processing /home/airflow/.local/lib/python3.12/site-packages/airflow/example_dags/example_dynamic_task_mapping_with_no_taskflow_operators.py took 0.053 seconds
[2026-09-06T09:20:24.883+0000] {processor.py:186} INFO - Started process (PID=3355) to work on /home/airflow/.local/lib/python3.12/site-packages/airflow/example_dags/example_dynamic_task_mapping_with_no_taskflow_operators.py
[2026-09-06T09:20:24.884+0000] {processor.py:914} INFO - Processing file /home/airflow/.local/lib/python3.12/site-packages/airflow/example_dags/example_dynamic_task_mapping_with_no_taskflow_operators.py for tasks to queue
[2026-09-06T09:20:24.887+0000] {logging_mixin.py:190} INFO - [2026-09-06T09:20:24.886+0000] {dagbag.py:588} INFO - Filling up the DagBag from /home/airflow/.local/lib/python3.12/site-packages/airflow/example_dags/example_dynamic_task_mapping_with_no_taskflow_operators.py
[2026-09-06T09:20:24.895+0000] {processor.py:925} INFO - DAG(s) 'example_dynamic_task_mapping_with_no_taskflow_operators' retrieved from /home/airflow/.local/lib/python3.12/site-packages/airflow/example_dags/example_dynamic_task_mapping_with_no_taskflow_operators.py
[2026-09-06T09:20:25.083+0000] {logging_mixin.py:190} INFO - [2026-09-06T09:20:25.083+0000] {dag.py:3239} INFO - Sync 1 DAGs
[2026-09-06T09:20:25.092+0000] {logging_mixin.py:190} INFO - [2026-09-06T09:20:25.092+0000] {dag.py:4180} INFO - Setting next_dagrun for example_dynamic_task_mapping_with_no_taskflow_operators to None, run_after=None
[2026-09-06T09:20:25.106+0000] {processor.py:208} INFO - Processing /home/airflow/.local/lib/python3.12/site-packages/airflow/example_dags/example_dynamic_task_mapping_with_no_taskflow_operators.py took 0.228 seconds
[2026-09-06T09:20:56.108+0000] {processor.py:186} INFO - Started process (PID=3419) to work on /home/airflow/.local/lib/python3.12/site-packages/airflow/example_dags/example_dynamic_task_mapping_with_no_taskflow_operators.py
[2026-09-06T09:20:56.109+0000] {processor.py:914} INFO - Processing file /home/airflow/.local/lib/python3.12/site-packages/airflow/example_dags/example_dynamic_task_mapping_with_no_taskflow_operators.py for tasks to queue
[2026-09-06T09:20:56.111+0000] {logging_mixin.py:190} INFO - [2026-09-06T09:20:56.110+0000] {dagbag.py:588} INFO - Filling up the DagBag from /home/airflow/.local/lib/python3.12/site-packages/airflow/example_dags/example_dynamic_task_mapping_with_no_taskflow_operators.py
[2026-09-06T09:20:56.117+0000] {processor.py:925} INFO - DAG(s) 'example_dynamic_task_mapping_with_no_taskflow_operators' retrieved from /home/airflow/.local/lib/python3.12/site-packages/airflow/example_dags/example_dynamic_task_mapping_with_no_taskflow_operators.py
[2026-09-06T09:20:56.132+0000] {logging_mixin.py:190} INFO - [2026-09-06T09:20:56.132+0000] {dag.py:3239} INFO - Sync 1 DAGs
[2026-09-06T09:20:56.142+0000] {logging_mixin.py:190} INFO - [2026-09-06T09:20:56.142+0000] {dag.py:4180} INFO - Setting next_dagrun for example_dynamic_task_mapping_with_no_taskflow_operators to None, run_after=None
[2026-09-06T09:20:56.160+0000] {processor.py:208} INFO - Processing /home/airflow/.local/lib/python3.12/site-packages/airflow/example_dags/example_dynamic_task_mapping_with_no_taskflow_operators.py took 0.057 seconds
[2026-09-06T09:21:26.437+0000] {processor.py:186} INFO - Started process (PID=3483) to work on /home/airflow/.local/lib/python3.12/site-packages/airflow/example_dags/example_dynamic_task_mapping_with_no_taskflow_operators.py
[2026-09-06T09:21:26.438+0000] {processor.py:914} INFO - Processing file /home/airflow/.local/lib/python3.12/site-packages/airflow/example_dags/example_dynamic_task_mapping_with_no_taskflow_operators.py for tasks to queue
[2026-09-06T09:21:26.440+0000] {logging_mixin.py:190} INFO - [2026-09-06T09:21:26.440+0000] {dagbag.py:588} INFO - Filling up the DagBag from /home/airflow/.local/lib/python3.12/site-packages/airflow/example_dags/example_dynamic_task_mapping_with_no_taskflow_operators.py
[2026-09-06T09:21:26.447+0000] {processor.py:925} INFO - DAG(s) 'example_dynamic_task_mapping_with_no_taskflow_operators' retrieved from /home/airflow/.local/lib/python3.12/site-packages/airflow/example_dags/example_dynamic_task_mapping_with_no_taskflow_operators.py
[2026-09-06T09:21:26.466+0000] {logging_mixin.py:190} INFO - [2026-09-06T09:21:26.465+0000] {dag.py:3239} INFO - Sync 1 DAGs
[2026-09-06T09:21:26.478+0000] {logging_mixin.py:190} INFO - [2026-09-06T09:21:26.478+0000] {dag.py:4180} INFO - Setting next_dagrun for example_dynamic_task_mapping_with_no_taskflow_operators to None, run_after=None
[2026-09-06T09:21:26.493+0000] {processor.py:208} INFO - Processing /home/airflow/.local/lib/python3.12/site-packages/airflow/example_dags/example_dynamic_task_mapping_with_no_taskflow_operators.py took 0.060 seconds
[2026-09-06T09:21:56.762+0000] {processor.py:186} INFO - Started process (PID=3537) to work on /home/airflow/.local/lib/python3.12/site-packages/airflow/example_dags/example_dynamic_task_mapping_with_no_taskflow_operators.py
[2026-09-06T09:21:56.763+0000] {processor.py:914} INFO - Processing file /home/airflow/.local/lib/python3.12/site-packages/airflow/example_dags/example_dynamic_task_mapping_with_no_taskflow_operators.py for tasks to queue
[2026-09-06T09:21:56.766+0000] {logging_mixin.py:190} INFO - [2026-09-06T09:21:56.766+0000] {dagbag.py:588} INFO - Filling up the DagBag from /home/airflow/.local/lib/python3.12/site-packages/airflow/example_dags/example_dynamic_task_mapping_with_no_taskflow_operators.py
[2026-09-06T09:21:56.777+0000] {processor.py:925} INFO - DAG(s) 'example_dynamic_task_mapping_with_no_taskflow_operators' retrieved from /home/airflow/.local/lib/python3.12/site-packages/airflow/example_dags/example_dynamic_task_mapping_with_no_taskflow_operators.py
[2026-09-06T09:21:56.795+0000] {logging_mixin.py:190} INFO - [2026-09-06T09:21:56.795+0000] {dag.py:3239} INFO - Sync 1 DAGs
[2026-09-06T09:21:56.805+0000] {logging_mixin.py:190} INFO - [2026-09-06T09:21:56.805+0000] {dag.py:4180} INFO - Setting next_dagrun for example_dynamic_task_mapping_with_no_taskflow_operators to None, run_after=None
[2026-09-06T09:21:56.820+0000] {processor.py:208} INFO - Processing /home/airflow/.local/lib/python3.12/site-packages/airflow/example_dags/example_dynamic_task_mapping_with_no_taskflow_operators.py took 0.065 seconds
[2026-09-06T09:22:27.708+0000] {processor.py:186} INFO - Started process (PID=3601) to work on /home/airflow/.local/lib/python3.12/site-packages/airflow/example_dags/example_dynamic_task_mapping_with_no_taskflow_operators.py
[2026-09-06T09:22:27.709+0000] {processor.py:914} INFO - Processing file /home/airflow/.local/lib/python3.12/site-packages/airflow/example_dags/example_dynamic_task_mapping_with_no_taskflow_operators.py for tasks to queue
[2026-09-06T09:22:27.712+0000] {logging_mixin.py:190} INFO - [2026-09-06T09:22:27.711+0000] {dagbag.py:588} INFO - Filling up the DagBag from /home/airflow/.local/lib/python3.12/site-packages/airflow/example_dags/example_dynamic_task_mapping_with_no_taskflow_operators.py
[2026-09-06T09:22:27.719+0000] {processor.py:925} INFO - DAG(s) 'example_dynamic_task_mapping_with_no_taskflow_operators' retrieved from /home/airflow/.local/lib/python3.12/site-packages/airflow/example_dags/example_dynamic_task_mapping_with_no_taskflow_operators.py
[2026-09-06T09:22:27.737+0000] {logging_mixin.py:190} INFO - [2026-09-06T09:22:27.736+0000] {dag.py:3239} INFO - Sync 1 DAGs
[2026-09-06T09:22:27.748+0000] {logging_mixin.py:190} INFO - [2026-09-06T09:22:27.748+0000] {dag.py:4180} INFO - Setting next_dagrun for example_dynamic_task_mapping_with_no_taskflow_operators to None, run_after=None
[2026-09-06T09:22:27.762+0000] {processor.py:208} INFO - Processing /home/airflow/.local/lib/python3.12/site-packages/airflow/example_dags/example_dynamic_task_mapping_with_no_taskflow_operators.py took 0.059 seconds
[2026-09-06T09:22:58.719+0000] {processor.py:186} INFO - Started process (PID=3665) to work on /home/airflow/.local/lib/python3.12/site-packages/airflow/example_dags/example_dynamic_task_mapping_with_no_taskflow_operators.py
[2026-09-06T09:22:58.720+0000] {processor.py:914} INFO - Processing file /home/airflow/.local/lib/python3.12/site-packages/airflow/example_dags/example_dynamic_task_mapping_with_no_taskflow_operators.py for tasks to queue
[2026-09-06T09:22:58.723+0000] {logging_mixin.py:190} INFO - [2026-09-06T09:22:58.723+0000] {dagbag.py:588} INFO - Filling up the DagBag from /home/airflow/.local/lib/python3.12/site-packages/airflow/example_dags/example_dynamic_task_mapping_with_no_taskflow_operators.py
[2026-09-06T09:22:58.733+0000] {processor.py:925} INFO - DAG(s) 'example_dynamic_task_mapping_with_no_taskflow_operators' retrieved from /home/airflow/.local/lib/python3.12/site-packages/airflow/example_dags/example_dynamic_task_mapping_with_no_taskflow_operators.py
[2026-09-06T09:22:58.753+0000] {logging_mixin.py:190} INFO - [2026-09-06T09:22:58.753+0000] {dag.py:3239} INFO - Sync 1 DAGs
[2026-09-06T09:22:58.765+0000] {logging_mixin.py:190} INFO - [2026-09-06T09:22:58.765+0000] {dag.py:4180} INFO - Setting next_dagrun for example_dynamic_task_mapping_with_no_taskflow_operators to None, run_after=None
[2026-09-06T09:22:58.780+0000] {processor.py:208} INFO - Processing /home/airflow/.local/lib/python3.12/site-packages/airflow/example_dags/example_dynamic_task_mapping_with_no_taskflow_operators.py took 0.067 seconds
[2026-09-06T09:23:28.927+0000] {processor.py:186} INFO - Started process (PID=3729) to work on /home/airflow/.local/lib/python3.12/site-packages/airflow/example_dags/example_dynamic_task_mapping_with_no_taskflow_operators.py
[2026-09-06T09:23:28.928+0000] {processor.py:914} INFO - Processing file /home/airflow/.local/lib/python3.12/site-packages/airflow/example_dags/example_dynamic_task_mapping_with_no_taskflow_operators.py for tasks to queue
[2026-09-06T09:23:28.930+0000] {logging_mixin.py:190} INFO - [2026-09-06T09:23:28.930+0000] {dagbag.py:588} INFO - Filling up the DagBag from /home/airflow/.local/lib/python3.12/site-packages/airflow/example_dags/example_dynamic_task_mapping_with_no_taskflow_operators.py
[2026-09-06T09:23:28.937+0000] {processor.py:925} INFO - DAG(s) 'example_dynamic_task_mapping_with_no_taskflow_operators' retrieved from /home/airflow/.local/lib/python3.12/site-packages/airflow/example_dags/example_dynamic_task_mapping_with_no_taskflow_operators.py
[2026-09-06T09:23:28.954+0000] {logging_mixin.py:190} INFO - [2026-09-06T09:23:28.953+0000] {dag.py:3239} INFO - Sync 1 DAGs
[2026-09-06T09:23:28.964+0000] {logging_mixin.py:190} INFO - [2026-09-06T09:23:28.964+0000] {dag.py:4180} INFO - Setting next_dagrun for example_dynamic_task_mapping_with_no_taskflow_operators to None, run_after=None
[2026-09-06T09:23:28.980+0000] {processor.py:208} INFO - Processing /home/airflow/.local/lib/python3.12/site-packages/airflow/example_dags/example_dynamic_task_mapping_with_no_taskflow_operators.py took 0.057 seconds
[2026-09-06T09:23:59.761+0000] {processor.py:186} INFO - Started process (PID=3799) to work on /home/airflow/.local/lib/python3.12/site-packages/airflow/example_dags/example_dynamic_task_mapping_with_no_taskflow_operators.py
[2026-09-06T09:23:59.762+0000] {processor.py:914} INFO - Processing file /home/airflow/.local/lib/python3.12/site-packages/airflow/example_dags/example_dynamic_task_mapping_with_no_taskflow_operators.py for tasks to queue
[2026-09-06T09:23:59.764+0000] {logging_mixin.py:190} INFO - [2026-09-06T09:23:59.764+0000] {dagbag.py:588} INFO - Filling up the DagBag from /home/airflow/.local/lib/python3.12/site-packages/airflow/example_dags/example_dynamic_task_mapping_with_no_taskflow_operators.py
[2026-09-06T09:23:59.773+0000] {processor.py:925} INFO - DAG(s) 'example_dynamic_task_mapping_with_no_taskflow_operators' retrieved from /home/airflow/.local/lib/python3.12/site-packages/airflow/example_dags/example_dynamic_task_mapping_with_no_taskflow_operators.py
[2026-09-06T09:23:59.790+0000] {logging_mixin.py:190} INFO - [2026-09-06T09:23:59.790+0000] {dag.py:3239} INFO - Sync 1 DAGs
[2026-09-06T09:23:59.801+0000] {logging_mixin.py:190} INFO - [2026-09-06T09:23:59.801+0000] {dag.py:4180} INFO - Setting next_dagrun for example_dynamic_task_mapping_with_no_taskflow_operators to None, run_after=None
[2026-09-06T09:23:59.816+0000] {processor.py:208} INFO - Processing /home/airflow/.local/lib/python3.12/site-packages/airflow/example_dags/example_dynamic_task_mapping_with_no_taskflow_operators.py took 0.062 seconds
[2026-09-06T09:24:29.922+0000] {processor.py:186} INFO - Started process (PID=3863) to work on /home/airflow/.local/lib/python3.12/site-packages/airflow/example_dags/example_dynamic_task_mapping_with_no_taskflow_operators.py
[2026-09-06T09:24:29.923+0000] {processor.py:914} INFO - Processing file /home/airflow/.local/lib/python3.12/site-packages/airflow/example_dags/example_dynamic_task_mapping_with_no_taskflow_operators.py for tasks to queue
[2026-09-06T09:24:29.926+0000] {logging_mixin.py:190} INFO - [2026-09-06T09:24:29.926+0000] {dagbag.py:588} INFO - Filling up the DagBag from /home/airflow/.local/lib/python3.12/site-packages/airflow/example_dags/example_dynamic_task_mapping_with_no_taskflow_operators.py
[2026-09-06T09:24:29.935+0000] {processor.py:925} INFO - DAG(s) 'example_dynamic_task_mapping_with_no_taskflow_operators' retrieved from /home/airflow/.local/lib/python3.12/site-packages/airflow/example_dags/example_dynamic_task_mapping_with_no_taskflow_operators.py
[2026-09-06T09:24:29.956+0000] {logging_mixin.py:190} INFO - [2026-09-06T09:24:29.956+0000] {dag.py:3239} INFO - Sync 1 DAGs
[2026-09-06T09:24:29.971+0000] {logging_mixin.py:190} INFO - [2026-09-06T09:24:29.971+0000] {dag.py:4180} INFO - Setting next_dagrun for example_dynamic_task_mapping_with_no_taskflow_operators to None, run_after=None
[2026-09-06T09:24:29.990+0000] {processor.py:208} INFO - Processing /home/airflow/.local/lib/python3.12/site-packages/airflow/example_dags/example_dynamic_task_mapping_with_no_taskflow_operators.py took 0.073 seconds
[2026-09-06T09:25:00.060+0000] {processor.py:186} INFO - Started process (PID=3927) to work on /home/airflow/.local/lib/python3.12/site-packages/airflow/example_dags/example_dynamic_task_mapping_with_no_taskflow_operators.py
[2026-09-06T09:25:00.061+0000] {processor.py:914} INFO - Processing file /home/airflow/.local/lib/python3.12/site-packages/airflow/example_dags/example_dynamic_task_mapping_with_no_taskflow_operators.py for tasks to queue
[2026-09-06T09:25:00.063+0000] {logging_mixin.py:190} INFO - [2026-09-06T09:25:00.063+0000] {dagbag.py:588} INFO - Filling up the DagBag from /home/airflow/.local/lib/python3.12/site-packages/airflow/example_dags/example_dynamic_task_mapping_with_no_taskflow_operators.py
[2026-09-06T09:25:00.071+0000] {processor.py:925} INFO - DAG(s) 'example_dynamic_task_mapping_with_no_taskflow_operators' retrieved from /home/airflow/.local/lib/python3.12/site-packages/airflow/example_dags/example_dynamic_task_mapping_with_no_taskflow_operators.py
[2026-09-06T09:25:00.091+0000] {logging_mixin.py:190} INFO - [2026-09-06T09:25:00.091+0000] {dag.py:3239} INFO - Sync 1 DAGs
[2026-09-06T09:25:00.103+0000] {logging_mixin.py:190} INFO - [2026-09-06T09:25:00.103+0000] {dag.py:4180} INFO - Setting next_dagrun for example_dynamic_task_mapping_with_no_taskflow_operators to None, run_after=None
[2026-09-06T09:25:00.118+0000] {processor.py:208} INFO - Processing /home/airflow/.local/lib/python3.12/site-packages/airflow/example_dags/example_dynamic_task_mapping_with_no_taskflow_operators.py took 0.063 seconds
[2026-09-06T09:25:30.248+0000] {processor.py:186} INFO - Started process (PID=3991) to work on /home/airflow/.local/lib/python3.12/site-packages/airflow/example_dags/example_dynamic_task_mapping_with_no_taskflow_operators.py
[2026-09-06T09:25:30.249+0000] {processor.py:914} INFO - Processing file /home/airflow/.local/lib/python3.12/site-packages/airflow/example_dags/example_dynamic_task_mapping_with_no_taskflow_operators.py for tasks to queue
[2026-09-06T09:25:30.251+0000] {logging_mixin.py:190} INFO - [2026-09-06T09:25:30.251+0000] {dagbag.py:588} INFO - Filling up the DagBag from /home/airflow/.local/lib/python3.12/site-packages/airflow/example_dags/example_dynamic_task_mapping_with_no_taskflow_operators.py
[2026-09-06T09:25:30.258+0000] {processor.py:925} INFO - DAG(s) 'example_dynamic_task_mapping_with_no_taskflow_operators' retrieved from /home/airflow/.local/lib/python3.12/site-packages/airflow/example_dags/example_dynamic_task_mapping_with_no_taskflow_operators.py
[2026-09-06T09:25:30.274+0000] {logging_mixin.py:190} INFO - [2026-09-06T09:25:30.274+0000] {dag.py:3239} INFO - Sync 1 DAGs
[2026-09-06T09:25:30.288+0000] {logging_mixin.py:190} INFO - [2026-09-06T09:25:30.288+0000] {dag.py:4180} INFO - Setting next_dagrun for example_dynamic_task_mapping_with_no_taskflow_operators to None, run_after=None
[2026-09-06T09:25:30.304+0000] {processor.py:208} INFO - Processing /home/airflow/.local/lib/python3.12/site-packages/airflow/example_dags/example_dynamic_task_mapping_with_no_taskflow_operators.py took 0.060 seconds
[2026-09-06T09:26:00.652+0000] {processor.py:186} INFO - Started process (PID=4055) to work on /home/airflow/.local/lib/python3.12/site-packages/airflow/example_dags/example_dynamic_task_mapping_with_no_taskflow_operators.py
[2026-09-06T09:26:00.653+0000] {processor.py:914} INFO - Processing file /home/airflow/.local/lib/python3.12/site-packages/airflow/example_dags/example_dynamic_task_mapping_with_no_taskflow_operators.py for tasks to queue
[2026-09-06T09:26:00.655+0000] {logging_mixin.py:190} INFO - [2026-09-06T09:26:00.655+0000] {dagbag.py:588} INFO - Filling up the DagBag from /home/airflow/.local/lib/python3.12/site-packages/airflow/example_dags/example_dynamic_task_mapping_with_no_taskflow_operators.py
[2026-09-06T09:26:00.663+0000] {processor.py:925} INFO - DAG(s) 'example_dynamic_task_mapping_with_no_taskflow_operators' retrieved from /home/airflow/.local/lib/python3.12/site-packages/airflow/example_dags/example_dynamic_task_mapping_with_no_taskflow_operators.py
[2026-09-06T09:26:00.680+0000] {logging_mixin.py:190} INFO - [2026-09-06T09:26:00.679+0000] {dag.py:3239} INFO - Sync 1 DAGs
[2026-09-06T09:26:00.691+0000] {logging_mixin.py:190} INFO - [2026-09-06T09:26:00.691+0000] {dag.py:4180} INFO - Setting next_dagrun for example_dynamic_task_mapping_with_no_taskflow_operators to None, run_after=None
[2026-09-06T09:26:00.708+0000] {processor.py:208} INFO - Processing /home/airflow/.local/lib/python3.12/site-packages/airflow/example_dags/example_dynamic_task_mapping_with_no_taskflow_operators.py took 0.061 seconds
[2026-09-06T09:26:31.324+0000] {processor.py:186} INFO - Started process (PID=4119) to work on /home/airflow/.local/lib/python3.12/site-packages/airflow/example_dags/example_dynamic_task_mapping_with_no_taskflow_operators.py
[2026-09-06T09:26:31.325+0000] {processor.py:914} INFO - Processing file /home/airflow/.local/lib/python3.12/site-packages/airflow/example_dags/example_dynamic_task_mapping_with_no_taskflow_operators.py for tasks to queue
[2026-09-06T09:26:31.327+0000] {logging_mixin.py:190} INFO - [2026-09-06T09:26:31.326+0000] {dagbag.py:588} INFO - Filling up the DagBag from /home/airflow/.local/lib/python3.12/site-packages/airflow/example_dags/example_dynamic_task_mapping_with_no_taskflow_operators.py
[2026-09-06T09:26:31.334+0000] {processor.py:925} INFO - DAG(s) 'example_dynamic_task_mapping_with_no_taskflow_operators' retrieved from /home/airflow/.local/lib/python3.12/site-packages/airflow/example_dags/example_dynamic_task_mapping_with_no_taskflow_operators.py
[2026-09-06T09:26:31.349+0000] {logging_mixin.py:190} INFO - [2026-09-06T09:26:31.349+0000] {dag.py:3239} INFO - Sync 1 DAGs
[2026-09-06T09:26:31.360+0000] {logging_mixin.py:190} INFO - [2026-09-06T09:26:31.360+0000] {dag.py:4180} INFO - Setting next_dagrun for example_dynamic_task_mapping_with_no_taskflow_operators to None, run_after=None
[2026-09-06T09:26:31.373+0000] {processor.py:208} INFO - Processing /home/airflow/.local/lib/python3.12/site-packages/airflow/example_dags/example_dynamic_task_mapping_with_no_taskflow_operators.py took 0.055 seconds
[2026-09-06T09:27:01.541+0000] {processor.py:186} INFO - Started process (PID=4184) to work on /home/airflow/.local/lib/python3.12/site-packages/airflow/example_dags/example_dynamic_task_mapping_with_no_taskflow_operators.py
[2026-09-06T09:27:01.543+0000] {processor.py:914} INFO - Processing file /home/airflow/.local/lib/python3.12/site-packages/airflow/example_dags/example_dynamic_task_mapping_with_no_taskflow_operators.py for tasks to queue
[2026-09-06T09:27:01.547+0000] {logging_mixin.py:190} INFO - [2026-09-06T09:27:01.546+0000] {dagbag.py:588} INFO - Filling up the DagBag from /home/airflow/.local/lib/python3.12/site-packages/airflow/example_dags/example_dynamic_task_mapping_with_no_taskflow_operators.py
[2026-09-06T09:27:01.557+0000] {processor.py:925} INFO - DAG(s) 'example_dynamic_task_mapping_with_no_taskflow_operators' retrieved from /home/airflow/.local/lib/python3.12/site-packages/airflow/example_dags/example_dynamic_task_mapping_with_no_taskflow_operators.py
[2026-09-06T09:27:01.577+0000] {logging_mixin.py:190} INFO - [2026-09-06T09:27:01.577+0000] {dag.py:3239} INFO - Sync 1 DAGs
[2026-09-06T09:27:01.596+0000] {logging_mixin.py:190} INFO - [2026-09-06T09:27:01.595+0000] {dag.py:4180} INFO - Setting next_dagrun for example_dynamic_task_mapping_with_no_taskflow_operators to None, run_after=None
[2026-09-06T09:27:01.614+0000] {processor.py:208} INFO - Processing /home/airflow/.local/lib/python3.12/site-packages/airflow/example_dags/example_dynamic_task_mapping_with_no_taskflow_operators.py took 0.081 seconds
