[2026-09-06T08:53:59.342+0000] {processor.py:186} INFO - Started process (PID=82) to work on /home/airflow/.local/lib/python3.12/site-packages/airflow/example_dags/example_external_task_marker_dag.py
[2026-09-06T08:53:59.343+0000] {processor.py:914} INFO - Processing file /home/airflow/.local/lib/python3.12/site-packages/airflow/example_dags/example_external_task_marker_dag.py for tasks to queue
[2026-09-06T08:53:59.346+0000] {logging_mixin.py:190} INFO - [2026-09-06T08:53:59.345+0000] {dagbag.py:588} INFO - Filling up the DagBag from /home/airflow/.local/lib/python3.12/site-packages/airflow/example_dags/example_external_task_marker_dag.py
[2026-09-06T08:53:59.354+0000] {processor.py:925} INFO - DAG(s) 'example_external_task_marker_child', 'example_external_task_marker_parent' retrieved from /home/airflow/.local/lib/python3.12/site-packages/airflow/example_dags/example_external_task_marker_dag.py
[2026-09-06T08:53:59.481+0000] {logging_mixin.py:190} INFO - [2026-09-06T08:53:59.480+0000] {override.py:1911} INFO - Created Permission View: can edit on DAG:example_external_task_marker_child
[2026-09-06T08:53:59.493+0000] {logging_mixin.py:190} INFO - [2026-09-06T08:53:59.493+0000] {override.py:1911} INFO - Created Permission View: can delete on DAG:example_external_task_marker_child
[2026-09-06T08:53:59.502+0000] {logging_mixin.py:190} INFO - [2026-09-06T08:53:59.502+0000] {override.py:1911} INFO - Created Permission View: can read on DAG:example_external_task_marker_child
[2026-09-06T08:53:59.514+0000] {logging_mixin.py:190} INFO - [2026-09-06T08:53:59.513+0000] {override.py:1911} INFO - Created Permission View: can create on DAG Run:example_external_task_marker_child
[2026-09-06T08:53:59.522+0000] {logging_mixin.py:190} INFO - [2026-09-06T08:53:59.522+0000] {override.py:1911} INFO - Created Permission View: can delete on DAG Run:example_external_task_marker_child
[2026-09-06T08:53:59.531+0000] {logging_mixin.py:190} INFO - [2026-09-06T08:53:59.530+0000] {override.py:1911} INFO - Created Permission View: can read on DAG Run:example_external_task_marker_child
[2026-09-06T08:53:59.539+0000] {logging_mixin.py:190} INFO - [2026-09-06T08:53:59.538+0000] {override.py:1911} INFO - Created Permission View: menu access on DAG Run:example_external_task_marker_child
[2026-09-06T08:53:59.553+0000] {logging_mixin.py:190} INFO - [2026-09-06T08:53:59.553+0000] {override.py:1911} INFO - Created Permission View: can edit on DAG:example_external_task_marker_parent
[2026-09-06T08:53:59.561+0000] {logging_mixin.py:190} INFO - [2026-09-06T08:53:59.561+0000] {override.py:1911} INFO - Created Permission View: can delete on DAG:example_external_task_marker_parent
[2026-09-06T08:53:59.570+0000] {logging_mixin.py:190} INFO - [2026-09-06T08:53:59.569+0000] {override.py:1911} INFO - Created Permission View: can read on DAG:example_external_task_marker_parent
[2026-09-06T08:53:59.580+0000] {logging_mixin.py:190} INFO - [2026-09-06T08:53:59.580+0000] {override.py:1911} INFO - Created Permission View: can create on DAG Run:example_external_task_marker_parent
[2026-09-06T08:53:59.589+0000] {logging_mixin.py:190} INFO - [2026-09-06T08:53:59.589+0000] {override.py:1911} INFO - Created Permission View: can delete on DAG Run:example_external_task_marker_parent
[2026-09-06T08:53:59.597+0000] {logging_mixin.py:190} INFO - [2026-09-06T08:53:59.597+0000] {override.py:1911} INFO - Created Permission View: can read on DAG Run:example_external_task_marker_parent
[2026-09-06T08:53:59.605+0000] {logging_mixin.py:190} INFO - [2026-09-06T08:53:59.605+0000] {override.py:1911} INFO - Created Permission View: menu access on DAG Run:example_external_task_marker_parent
[2026-09-06T08:53:59.606+0000] {logging_mixin.py:190} INFO - [2026-09-06T08:53:59.606+0000] {dag.py:3239} INFO - Sync 2 DAGs
[2026-09-06T08:53:59.620+0000] {logging_mixin.py:190} INFO - [2026-09-06T08:53:59.620+0000] {dag.py:3262} INFO - Creating ORM DAG for example_external_task_marker_child
[2026-09-06T08:53:59.622+0000] {logging_mixin.py:190} INFO - [2026-09-06T08:53:59.621+0000] {dag.py:3262} INFO - Creating ORM DAG for example_external_task_marker_parent
[2026-09-06T08:53:59.623+0000] {logging_mixin.py:190} INFO - [2026-09-06T08:53:59.622+0000] {dag.py:4180} INFO - Setting next_dagrun for example_external_task_marker_child to None, run_after=None
[2026-09-06T08:53:59.623+0000] {logging_mixin.py:190} INFO - [2026-09-06T08:53:59.623+0000] {dag.py:4180} INFO - Setting next_dagrun for example_external_task_marker_parent to None, run_after=None
[2026-09-06T08:53:59.643+0000] {processor.py:208} INFO - Processing /home/airflow/.local/lib/python3.12/site-packages/airflow/example_dags/example_external_task_marker_dag.py took 0.305 seconds
[2026-09-06T08:54:30.183+0000] {processor.py:186} INFO - Started process (PID=145) to work on /home/airflow/.local/lib/python3.12/site-packages/airflow/example_dags/example_external_task_marker_dag.py
[2026-09-06T08:54:30.184+0000] {processor.py:914} INFO - Processing file /home/airflow/.local/lib/python3.12/site-packages/airflow/example_dags/example_external_task_marker_dag.py for tasks to queue
[2026-09-06T08:54:30.186+0000] {logging_mixin.py:190} INFO - [2026-09-06T08:54:30.186+0000] {dagbag.py:588} INFO - Filling up the DagBag from /home/airflow/.local/lib/python3.12/site-packages/airflow/example_dags/example_external_task_marker_dag.py
[2026-09-06T08:54:30.192+0000] {processor.py:925} INFO - DAG(s) 'example_external_task_marker_child', 'example_external_task_marker_parent' retrieved from /home/airflow/.local/lib/python3.12/site-packages/airflow/example_dags/example_external_task_marker_dag.py
[2026-09-06T08:54:30.209+0000] {logging_mixin.py:190} INFO - [2026-09-06T08:54:30.209+0000] {dag.py:3239} INFO - Sync 2 DAGs
[2026-09-06T08:54:30.219+0000] {logging_mixin.py:190} INFO - [2026-09-06T08:54:30.219+0000] {dag.py:4180} INFO - Setting next_dagrun for example_external_task_marker_child to None, run_after=None
[2026-09-06T08:54:30.222+0000] {logging_mixin.py:190} INFO - [2026-09-06T08:54:30.222+0000] {dag.py:4180} INFO - Setting next_dagrun for example_external_task_marker_parent to None, run_after=None
[2026-09-06T08:54:30.234+0000] {processor.py:208} INFO - Processing /home/airflow/.local/lib/python3.12/site-packages/airflow/example_dags/example_external_task_marker_dag.py took 0.056 seconds
[2026-09-06T08:55:01.118+0000] {processor.py:186} INFO - Started process (PID=207) to work on /home/airflow/.local/lib/python3.12/site-packages/airflow/example_dags/example_external_task_marker_dag.py
[2026-09-06T08:55:01.120+0000] {processor.py:914} INFO - Processing file /home/airflow/.local/lib/python3.12/site-packages/airflow/example_dags/example_external_task_marker_dag.py for tasks to queue
[2026-09-06T08:55:01.123+0000] {logging_mixin.py:190} INFO - [2026-09-06T08:55:01.122+0000] {dagbag.py:588} INFO - Filling up the DagBag from /home/airflow/.local/lib/python3.12/site-packages/airflow/example_dags/example_external_task_marker_dag.py
[2026-09-06T08:55:01.131+0000] {processor.py:925} INFO - DAG(s) 'example_external_task_marker_child', 'example_external_task_marker_parent' retrieved from /home/airflow/.local/lib/python3.12/site-packages/airflow/example_dags/example_external_task_marker_dag.py
[2026-09-06T08:55:01.150+0000] {logging_mixin.py:190} INFO - [2026-09-06T08:55:01.150+0000] {dag.py:3239} INFO - Sync 2 DAGs
[2026-09-06T08:55:01.165+0000] {logging_mixin.py:190} INFO - [2026-09-06T08:55:01.164+0000] {dag.py:4180} INFO - Setting next_dagrun for example_external_task_marker_child to None, run_after=None
[2026-09-06T08:55:01.169+0000] {logging_mixin.py:190} INFO - [2026-09-06T08:55:01.168+0000] {dag.py:4180} INFO - Setting next_dagrun for example_external_task_marker_parent to None, run_after=None
[2026-09-06T08:55:01.183+0000] {processor.py:208} INFO - Processing /home/airflow/.local/lib/python3.12/site-packages/airflow/example_dags/example_external_task_marker_dag.py took 0.072 seconds
[2026-09-06T08:55:31.820+0000] {processor.py:186} INFO - Started process (PID=270) to work on /home/airflow/.local/lib/python3.12/site-packages/airflow/example_dags/example_external_task_marker_dag.py
[2026-09-06T08:55:31.821+0000] {processor.py:914} INFO - Processing file /home/airflow/.local/lib/python3.12/site-packages/airflow/example_dags/example_external_task_marker_dag.py for tasks to queue
[2026-09-06T08:55:31.823+0000] {logging_mixin.py:190} INFO - [2026-09-06T08:55:31.823+0000] {dagbag.py:588} INFO - Filling up the DagBag from /home/airflow/.local/lib/python3.12/site-packages/airflow/example_dags/example_external_task_marker_dag.py
[2026-09-06T08:55:31.829+0000] {processor.py:925} INFO - DAG(s) 'example_external_task_marker_parent', 'example_external_task_marker_child' retrieved from /home/airflow/.local/lib/python3.12/site-packages/airflow/example_dags/example_external_task_marker_dag.py
[2026-09-06T08:55:31.847+0000] {logging_mixin.py:190} INFO - [2026-09-06T08:55:31.847+0000] {dag.py:3239} INFO - Sync 2 DAGs
[2026-09-06T08:55:31.859+0000] {logging_mixin.py:190} INFO - [2026-09-06T08:55:31.859+0000] {dag.py:4180} INFO - Setting next_dagrun for example_external_task_marker_child to None, run_after=None
[2026-09-06T08:55:31.863+0000] {logging_mixin.py:190} INFO - [2026-09-06T08:55:31.863+0000] {dag.py:4180} INFO - Setting next_dagrun for example_external_task_marker_parent to None, run_after=None
[2026-09-06T08:55:31.878+0000] {processor.py:208} INFO - Processing /home/airflow/.local/lib/python3.12/site-packages/airflow/example_dags/example_external_task_marker_dag.py took 0.063 seconds
[2026-09-06T08:56:03.121+0000] {processor.py:186} INFO - Started process (PID=333) to work on /home/airflow/.local/lib/python3.12/site-packages/airflow/example_dags/example_external_task_marker_dag.py
[2026-09-06T08:56:03.122+0000] {processor.py:914} INFO - Processing file /home/airflow/.local/lib/python3.12/site-packages/airflow/example_dags/example_external_task_marker_dag.py for tasks to queue
[2026-09-06T08:56:03.124+0000] {logging_mixin.py:190} INFO - [2026-09-06T08:56:03.124+0000] {dagbag.py:588} INFO - Filling up the DagBag from /home/airflow/.local/lib/python3.12/site-packages/airflow/example_dags/example_external_task_marker_dag.py
[2026-09-06T08:56:03.131+0000] {processor.py:925} INFO - DAG(s) 'example_external_task_marker_child', 'example_external_task_marker_parent' retrieved from /home/airflow/.local/lib/python3.12/site-packages/airflow/example_dags/example_external_task_marker_dag.py
[2026-09-06T08:56:03.157+0000] {logging_mixin.py:190} INFO - [2026-09-06T08:56:03.157+0000] {dag.py:3239} INFO - Sync 2 DAGs
[2026-09-06T08:56:03.171+0000] {logging_mixin.py:190} INFO - [2026-09-06T08:56:03.171+0000] {dag.py:4180} INFO - Setting next_dagrun for example_external_task_marker_child to None, run_after=None
[2026-09-06T08:56:03.176+0000] {logging_mixin.py:190} INFO - [2026-09-06T08:56:03.176+0000] {dag.py:4180} INFO - Setting next_dagrun for example_external_task_marker_parent to None, run_after=None
[2026-09-06T08:56:03.193+0000] {processor.py:208} INFO - Processing /home/airflow/.local/lib/python3.12/site-packages/airflow/example_dags/example_external_task_marker_dag.py took 0.077 seconds
[2026-09-06T08:56:33.896+0000] {processor.py:186} INFO - Started process (PID=396) to work on /home/airflow/.local/lib/python3.12/site-packages/airflow/example_dags/example_external_task_marker_dag.py
[2026-09-06T08:56:33.897+0000] {processor.py:914} INFO - Processing file /home/airflow/.local/lib/python3.12/site-packages/airflow/example_dags/example_external_task_marker_dag.py for tasks to queue
[2026-09-06T08:56:33.900+0000] {logging_mixin.py:190} INFO - [2026-09-06T08:56:33.899+0000] {dagbag.py:588} INFO - Filling up the DagBag from /home/airflow/.local/lib/python3.12/site-packages/airflow/example_dags/example_external_task_marker_dag.py
[2026-09-06T08:56:33.908+0000] {processor.py:925} INFO - DAG(s) 'example_external_task_marker_child', 'example_external_task_marker_parent' retrieved from /home/airflow/.local/lib/python3.12/site-packages/airflow/example_dags/example_external_task_marker_dag.py
[2026-09-06T08:56:33.927+0000] {logging_mixin.py:190} INFO - [2026-09-06T08:56:33.927+0000] {dag.py:3239} INFO - Sync 2 DAGs
[2026-09-06T08:56:33.939+0000] {logging_mixin.py:190} INFO - [2026-09-06T08:56:33.939+0000] {dag.py:4180} INFO - Setting next_dagrun for example_external_task_marker_child to None, run_after=None
[2026-09-06T08:56:33.942+0000] {logging_mixin.py:190} INFO - [2026-09-06T08:56:33.942+0000] {dag.py:4180} INFO - Setting next_dagrun for example_external_task_marker_parent to None, run_after=None
[2026-09-06T08:56:33.956+0000] {processor.py:208} INFO - Processing /home/airflow/.local/lib/python3.12/site-packages/airflow/example_dags/example_external_task_marker_dag.py took 0.065 seconds
[2026-09-06T08:57:04.904+0000] {processor.py:186} INFO - Started process (PID=459) to work on /home/airflow/.local/lib/python3.12/site-packages/airflow/example_dags/example_external_task_marker_dag.py
[2026-09-06T08:57:04.905+0000] {processor.py:914} INFO - Processing file /home/airflow/.local/lib/python3.12/site-packages/airflow/example_dags/example_external_task_marker_dag.py for tasks to queue
[2026-09-06T08:57:04.907+0000] {logging_mixin.py:190} INFO - [2026-09-06T08:57:04.907+0000] {dagbag.py:588} INFO - Filling up the DagBag from /home/airflow/.local/lib/python3.12/site-packages/airflow/example_dags/example_external_task_marker_dag.py
[2026-09-06T08:57:04.914+0000] {processor.py:925} INFO - DAG(s) 'example_external_task_marker_child', 'example_external_task_marker_parent' retrieved from /home/airflow/.local/lib/python3.12/site-packages/airflow/example_dags/example_external_task_marker_dag.py
[2026-09-06T08:57:04.930+0000] {logging_mixin.py:190} INFO - [2026-09-06T08:57:04.930+0000] {dag.py:3239} INFO - Sync 2 DAGs
[2026-09-06T08:57:04.941+0000] {logging_mixin.py:190} INFO - [2026-09-06T08:57:04.940+0000] {dag.py:4180} INFO - Setting next_dagrun for example_external_task_marker_child to None, run_after=None
[2026-09-06T08:57:04.943+0000] {logging_mixin.py:190} INFO - [2026-09-06T08:57:04.943+0000] {dag.py:4180} INFO - Setting next_dagrun for example_external_task_marker_parent to None, run_after=None
[2026-09-06T08:57:04.956+0000] {processor.py:208} INFO - Processing /home/airflow/.local/lib/python3.12/site-packages/airflow/example_dags/example_external_task_marker_dag.py took 0.056 seconds
[2026-09-06T08:57:35.613+0000] {processor.py:186} INFO - Started process (PID=522) to work on /home/airflow/.local/lib/python3.12/site-packages/airflow/example_dags/example_external_task_marker_dag.py
[2026-09-06T08:57:35.614+0000] {processor.py:914} INFO - Processing file /home/airflow/.local/lib/python3.12/site-packages/airflow/example_dags/example_external_task_marker_dag.py for tasks to queue
[2026-09-06T08:57:35.616+0000] {logging_mixin.py:190} INFO - [2026-09-06T08:57:35.616+0000] {dagbag.py:588} INFO - Filling up the DagBag from /home/airflow/.local/lib/python3.12/site-packages/airflow/example_dags/example_external_task_marker_dag.py
[2026-09-06T08:57:35.623+0000] {processor.py:925} INFO - DAG(s) 'example_external_task_marker_parent', 'example_external_task_marker_child' retrieved from /home/airflow/.local/lib/python3.12/site-packages/airflow/example_dags/example_external_task_marker_dag.py
[2026-09-06T08:57:35.643+0000] {logging_mixin.py:190} INFO - [2026-09-06T08:57:35.643+0000] {dag.py:3239} INFO - Sync 2 DAGs
[2026-09-06T08:57:35.656+0000] {logging_mixin.py:190} INFO - [2026-09-06T08:57:35.656+0000] {dag.py:4180} INFO - Setting next_dagrun for example_external_task_marker_child to None, run_after=None
[2026-09-06T08:57:35.659+0000] {logging_mixin.py:190} INFO - [2026-09-06T08:57:35.659+0000] {dag.py:4180} INFO - Setting next_dagrun for example_external_task_marker_parent to None, run_after=None
[2026-09-06T08:57:35.673+0000] {processor.py:208} INFO - Processing /home/airflow/.local/lib/python3.12/site-packages/airflow/example_dags/example_external_task_marker_dag.py took 0.065 seconds
[2026-09-06T08:58:06.752+0000] {processor.py:186} INFO - Started process (PID=585) to work on /home/airflow/.local/lib/python3.12/site-packages/airflow/example_dags/example_external_task_marker_dag.py
[2026-09-06T08:58:06.753+0000] {processor.py:914} INFO - Processing file /home/airflow/.local/lib/python3.12/site-packages/airflow/example_dags/example_external_task_marker_dag.py for tasks to queue
[2026-09-06T08:58:06.755+0000] {logging_mixin.py:190} INFO - [2026-09-06T08:58:06.755+0000] {dagbag.py:588} INFO - Filling up the DagBag from /home/airflow/.local/lib/python3.12/site-packages/airflow/example_dags/example_external_task_marker_dag.py
[2026-09-06T08:58:06.761+0000] {processor.py:925} INFO - DAG(s) 'example_external_task_marker_child', 'example_external_task_marker_parent' retrieved from /home/airflow/.local/lib/python3.12/site-packages/airflow/example_dags/example_external_task_marker_dag.py
[2026-09-06T08:58:06.779+0000] {logging_mixin.py:190} INFO - [2026-09-06T08:58:06.779+0000] {dag.py:3239} INFO - Sync 2 DAGs
[2026-09-06T08:58:06.793+0000] {logging_mixin.py:190} INFO - [2026-09-06T08:58:06.793+0000] {dag.py:4180} INFO - Setting next_dagrun for example_external_task_marker_child to None, run_after=None
[2026-09-06T08:58:06.797+0000] {logging_mixin.py:190} INFO - [2026-09-06T08:58:06.797+0000] {dag.py:4180} INFO - Setting next_dagrun for example_external_task_marker_parent to None, run_after=None
[2026-09-06T08:58:06.810+0000] {processor.py:208} INFO - Processing /home/airflow/.local/lib/python3.12/site-packages/airflow/example_dags/example_external_task_marker_dag.py took 0.062 seconds
[2026-09-06T08:58:38.300+0000] {processor.py:186} INFO - Started process (PID=648) to work on /home/airflow/.local/lib/python3.12/site-packages/airflow/example_dags/example_external_task_marker_dag.py
[2026-09-06T08:58:38.301+0000] {processor.py:914} INFO - Processing file /home/airflow/.local/lib/python3.12/site-packages/airflow/example_dags/example_external_task_marker_dag.py for tasks to queue
[2026-09-06T08:58:38.304+0000] {logging_mixin.py:190} INFO - [2026-09-06T08:58:38.303+0000] {dagbag.py:588} INFO - Filling up the DagBag from /home/airflow/.local/lib/python3.12/site-packages/airflow/example_dags/example_external_task_marker_dag.py
[2026-09-06T08:58:38.311+0000] {processor.py:925} INFO - DAG(s) 'example_external_task_marker_parent', 'example_external_task_marker_child' retrieved from /home/airflow/.local/lib/python3.12/site-packages/airflow/example_dags/example_external_task_marker_dag.py
[2026-09-06T08:58:38.328+0000] {logging_mixin.py:190} INFO - [2026-09-06T08:58:38.328+0000] {dag.py:3239} INFO - Sync 2 DAGs
[2026-09-06T08:58:38.340+0000] {logging_mixin.py:190} INFO - [2026-09-06T08:58:38.340+0000] {dag.py:4180} INFO - Setting next_dagrun for example_external_task_marker_child to None, run_after=None
[2026-09-06T08:58:38.343+0000] {logging_mixin.py:190} INFO - [2026-09-06T08:58:38.343+0000] {dag.py:4180} INFO - Setting next_dagrun for example_external_task_marker_parent to None, run_after=None
[2026-09-06T08:58:38.356+0000] {processor.py:208} INFO - Processing /home/airflow/.local/lib/python3.12/site-packages/airflow/example_dags/example_external_task_marker_dag.py took 0.060 seconds
[2026-09-06T08:59:09.723+0000] {processor.py:186} INFO - Started process (PID=712) to work on /home/airflow/.local/lib/python3.12/site-packages/airflow/example_dags/example_external_task_marker_dag.py
[2026-09-06T08:59:09.724+0000] {processor.py:914} INFO - Processing file /home/airflow/.local/lib/python3.12/site-packages/airflow/example_dags/example_external_task_marker_dag.py for tasks to queue
[2026-09-06T08:59:09.726+0000] {logging_mixin.py:190} INFO - [2026-09-06T08:59:09.725+0000] {dagbag.py:588} INFO - Filling up the DagBag from /home/airflow/.local/lib/python3.12/site-packages/airflow/example_dags/example_external_task_marker_dag.py
[2026-09-06T08:59:09.732+0000] {processor.py:925} INFO - DAG(s) 'example_external_task_marker_parent', 'example_external_task_marker_child' retrieved from /home/airflow/.local/lib/python3.12/site-packages/airflow/example_dags/example_external_task_marker_dag.py
[2026-09-06T08:59:09.750+0000] {logging_mixin.py:190} INFO - [2026-09-06T08:59:09.750+0000] {dag.py:3239} INFO - Sync 2 DAGs
[2026-09-06T08:59:09.761+0000] {logging_mixin.py:190} INFO - [2026-09-06T08:59:09.761+0000] {dag.py:4180} INFO - Setting next_dagrun for example_external_task_marker_child to None, run_after=None
[2026-09-06T08:59:09.764+0000] {logging_mixin.py:190} INFO - [2026-09-06T08:59:09.764+0000] {dag.py:4180} INFO - Setting next_dagrun for example_external_task_marker_parent to None, run_after=None
[2026-09-06T08:59:09.777+0000] {processor.py:208} INFO - Processing /home/airflow/.local/lib/python3.12/site-packages/airflow/example_dags/example_external_task_marker_dag.py took 0.059 seconds
[2026-09-06T08:59:40.997+0000] {processor.py:186} INFO - Started process (PID=776) to work on /home/airflow/.local/lib/python3.12/site-packages/airflow/example_dags/example_external_task_marker_dag.py
[2026-09-06T08:59:40.998+0000] {processor.py:914} INFO - Processing file /home/airflow/.local/lib/python3.12/site-packages/airflow/example_dags/example_external_task_marker_dag.py for tasks to queue
[2026-09-06T08:59:41.000+0000] {logging_mixin.py:190} INFO - [2026-09-06T08:59:41.000+0000] {dagbag.py:588} INFO - Filling up the DagBag from /home/airflow/.local/lib/python3.12/site-packages/airflow/example_dags/example_external_task_marker_dag.py
[2026-09-06T08:59:41.007+0000] {processor.py:925} INFO - DAG(s) 'example_external_task_marker_parent', 'example_external_task_marker_child' retrieved from /home/airflow/.local/lib/python3.12/site-packages/airflow/example_dags/example_external_task_marker_dag.py
[2026-09-06T08:59:41.025+0000] {logging_mixin.py:190} INFO - [2026-09-06T08:59:41.025+0000] {dag.py:3239} INFO - Sync 2 DAGs
[2026-09-06T08:59:41.037+0000] {logging_mixin.py:190} INFO - [2026-09-06T08:59:41.036+0000] {dag.py:4180} INFO - Setting next_dagrun for example_external_task_marker_child to None, run_after=None
[2026-09-06T08:59:41.039+0000] {logging_mixin.py:190} INFO - [2026-09-06T08:59:41.039+0000] {dag.py:4180} INFO - Setting next_dagrun for example_external_task_marker_parent to None, run_after=None
[2026-09-06T08:59:41.051+0000] {processor.py:208} INFO - Processing /home/airflow/.local/lib/python3.12/site-packages/airflow/example_dags/example_external_task_marker_dag.py took 0.059 seconds
[2026-09-06T09:00:12.279+0000] {processor.py:186} INFO - Started process (PID=840) to work on /home/airflow/.local/lib/python3.12/site-packages/airflow/example_dags/example_external_task_marker_dag.py
[2026-09-06T09:00:12.280+0000] {processor.py:914} INFO - Processing file /home/airflow/.local/lib/python3.12/site-packages/airflow/example_dags/example_external_task_marker_dag.py for tasks to queue
[2026-09-06T09:00:12.282+0000] {logging_mixin.py:190} INFO - [2026-09-06T09:00:12.282+0000] {dagbag.py:588} INFO - Filling up the DagBag from /home/airflow/.local/lib/python3.12/site-packages/airflow/example_dags/example_external_task_marker_dag.py
[2026-09-06T09:00:12.288+0000] {processor.py:925} INFO - DAG(s) 'example_external_task_marker_parent', 'example_external_task_marker_child' retrieved from /home/airflow/.local/lib/python3.12/site-packages/airflow/example_dags/example_external_task_marker_dag.py
[2026-09-06T09:00:12.304+0000] {logging_mixin.py:190} INFO - [2026-09-06T09:00:12.304+0000] {dag.py:3239} INFO - Sync 2 DAGs
[2026-09-06T09:00:12.315+0000] {logging_mixin.py:190} INFO - [2026-09-06T09:00:12.315+0000] {dag.py:4180} INFO - Setting next_dagrun for example_external_task_marker_child to None, run_after=None
[2026-09-06T09:00:12.319+0000] {logging_mixin.py:190} INFO - [2026-09-06T09:00:12.319+0000] {dag.py:4180} INFO - Setting next_dagrun for example_external_task_marker_parent to None, run_after=None
[2026-09-06T09:00:12.331+0000] {processor.py:208} INFO - Processing /home/airflow/.local/lib/python3.12/site-packages/airflow/example_dags/example_external_task_marker_dag.py took 0.056 seconds
[2026-09-06T09:00:43.727+0000] {processor.py:186} INFO - Started process (PID=904) to work on /home/airflow/.local/lib/python3.12/site-packages/airflow/example_dags/example_external_task_marker_dag.py
[2026-09-06T09:00:43.728+0000] {processor.py:914} INFO - Processing file /home/airflow/.local/lib/python3.12/site-packages/airflow/example_dags/example_external_task_marker_dag.py for tasks to queue
[2026-09-06T09:00:43.730+0000] {logging_mixin.py:190} INFO - [2026-09-06T09:00:43.730+0000] {dagbag.py:588} INFO - Filling up the DagBag from /home/airflow/.local/lib/python3.12/site-packages/airflow/example_dags/example_external_task_marker_dag.py
[2026-09-06T09:00:43.738+0000] {processor.py:925} INFO - DAG(s) 'example_external_task_marker_parent', 'example_external_task_marker_child' retrieved from /home/airflow/.local/lib/python3.12/site-packages/airflow/example_dags/example_external_task_marker_dag.py
[2026-09-06T09:00:43.756+0000] {logging_mixin.py:190} INFO - [2026-09-06T09:00:43.756+0000] {dag.py:3239} INFO - Sync 2 DAGs
[2026-09-06T09:00:43.767+0000] {logging_mixin.py:190} INFO - [2026-09-06T09:00:43.767+0000] {dag.py:4180} INFO - Setting next_dagrun for example_external_task_marker_child to None, run_after=None
[2026-09-06T09:00:43.770+0000] {logging_mixin.py:190} INFO - [2026-09-06T09:00:43.770+0000] {dag.py:4180} INFO - Setting next_dagrun for example_external_task_marker_parent to None, run_after=None
[2026-09-06T09:00:43.783+0000] {processor.py:208} INFO - Processing /home/airflow/.local/lib/python3.12/site-packages/airflow/example_dags/example_external_task_marker_dag.py took 0.062 seconds
[2026-09-06T09:01:14.355+0000] {processor.py:186} INFO - Started process (PID=968) to work on /home/airflow/.local/lib/python3.12/site-packages/airflow/example_dags/example_external_task_marker_dag.py
[2026-09-06T09:01:14.356+0000] {processor.py:914} INFO - Processing file /home/airflow/.local/lib/python3.12/site-packages/airflow/example_dags/example_external_task_marker_dag.py for tasks to queue
[2026-09-06T09:01:14.358+0000] {logging_mixin.py:190} INFO - [2026-09-06T09:01:14.358+0000] {dagbag.py:588} INFO - Filling up the DagBag from /home/airflow/.local/lib/python3.12/site-packages/airflow/example_dags/example_external_task_marker_dag.py
[2026-09-06T09:01:14.365+0000] {processor.py:925} INFO - DAG(s) 'example_external_task_marker_parent', 'example_external_task_marker_child' retrieved from /home/airflow/.local/lib/python3.12/site-packages/airflow/example_dags/example_external_task_marker_dag.py
[2026-09-06T09:01:14.384+0000] {logging_mixin.py:190} INFO - [2026-09-06T09:01:14.384+0000] {dag.py:3239} INFO - Sync 2 DAGs
[2026-09-06T09:01:14.396+0000] {logging_mixin.py:190} INFO - [2026-09-06T09:01:14.395+0000] {dag.py:4180} INFO - Setting next_dagrun for example_external_task_marker_child to None, run_after=None
[2026-09-06T09:01:14.399+0000] {logging_mixin.py:190} INFO - [2026-09-06T09:01:14.399+0000] {dag.py:4180} INFO - Setting next_dagrun for example_external_task_marker_parent to None, run_after=None
[2026-09-06T09:01:14.412+0000] {processor.py:208} INFO - Processing /home/airflow/.local/lib/python3.12/site-packages/airflow/example_dags/example_external_task_marker_dag.py took 0.062 seconds
[2026-09-06T09:01:45.033+0000] {processor.py:186} INFO - Started process (PID=1032) to work on /home/airflow/.local/lib/python3.12/site-packages/airflow/example_dags/example_external_task_marker_dag.py
[2026-09-06T09:01:45.034+0000] {processor.py:914} INFO - Processing file /home/airflow/.local/lib/python3.12/site-packages/airflow/example_dags/example_external_task_marker_dag.py for tasks to queue
[2026-09-06T09:01:45.036+0000] {logging_mixin.py:190} INFO - [2026-09-06T09:01:45.036+0000] {dagbag.py:588} INFO - Filling up the DagBag from /home/airflow/.local/lib/python3.12/site-packages/airflow/example_dags/example_external_task_marker_dag.py
[2026-09-06T09:01:45.044+0000] {processor.py:925} INFO - DAG(s) 'example_external_task_marker_parent', 'example_external_task_marker_child' retrieved from /home/airflow/.local/lib/python3.12/site-packages/airflow/example_dags/example_external_task_marker_dag.py
[2026-09-06T09:01:45.063+0000] {logging_mixin.py:190} INFO - [2026-09-06T09:01:45.063+0000] {dag.py:3239} INFO - Sync 2 DAGs
[2026-09-06T09:01:45.074+0000] {logging_mixin.py:190} INFO - [2026-09-06T09:01:45.074+0000] {dag.py:4180} INFO - Setting next_dagrun for example_external_task_marker_child to None, run_after=None
[2026-09-06T09:01:45.077+0000] {logging_mixin.py:190} INFO - [2026-09-06T09:01:45.077+0000] {dag.py:4180} INFO - Setting next_dagrun for example_external_task_marker_parent to None, run_after=None
[2026-09-06T09:01:45.091+0000] {processor.py:208} INFO - Processing /home/airflow/.local/lib/python3.12/site-packages/airflow/example_dags/example_external_task_marker_dag.py took 0.062 seconds
[2026-09-06T09:02:15.720+0000] {processor.py:186} INFO - Started process (PID=1096) to work on /home/airflow/.local/lib/python3.12/site-packages/airflow/example_dags/example_external_task_marker_dag.py
[2026-09-06T09:02:15.721+0000] {processor.py:914} INFO - Processing file /home/airflow/.local/lib/python3.12/site-packages/airflow/example_dags/example_external_task_marker_dag.py for tasks to queue
[2026-09-06T09:02:15.723+0000] {logging_mixin.py:190} INFO - [2026-09-06T09:02:15.723+0000] {dagbag.py:588} INFO - Filling up the DagBag from /home/airflow/.local/lib/python3.12/site-packages/airflow/example_dags/example_external_task_marker_dag.py
[2026-09-06T09:02:15.729+0000] {processor.py:925} INFO - DAG(s) 'example_external_task_marker_parent', 'example_external_task_marker_child' retrieved from /home/airflow/.local/lib/python3.12/site-packages/airflow/example_dags/example_external_task_marker_dag.py
[2026-09-06T09:02:15.746+0000] {logging_mixin.py:190} INFO - [2026-09-06T09:02:15.746+0000] {dag.py:3239} INFO - Sync 2 DAGs
[2026-09-06T09:02:15.757+0000] {logging_mixin.py:190} INFO - [2026-09-06T09:02:15.757+0000] {dag.py:4180} INFO - Setting next_dagrun for example_external_task_marker_child to None, run_after=None
[2026-09-06T09:02:15.762+0000] {logging_mixin.py:190} INFO - [2026-09-06T09:02:15.762+0000] {dag.py:4180} INFO - Setting next_dagrun for example_external_task_marker_parent to None, run_after=None
[2026-09-06T09:02:15.775+0000] {processor.py:208} INFO - Processing /home/airflow/.local/lib/python3.12/site-packages/airflow/example_dags/example_external_task_marker_dag.py took 0.059 seconds
[2026-09-06T09:02:47.120+0000] {processor.py:186} INFO - Started process (PID=1160) to work on /home/airflow/.local/lib/python3.12/site-packages/airflow/example_dags/example_external_task_marker_dag.py
[2026-09-06T09:02:47.121+0000] {processor.py:914} INFO - Processing file /home/airflow/.local/lib/python3.12/site-packages/airflow/example_dags/example_external_task_marker_dag.py for tasks to queue
[2026-09-06T09:02:47.123+0000] {logging_mixin.py:190} INFO - [2026-09-06T09:02:47.123+0000] {dagbag.py:588} INFO - Filling up the DagBag from /home/airflow/.local/lib/python3.12/site-packages/airflow/example_dags/example_external_task_marker_dag.py
[2026-09-06T09:02:47.132+0000] {processor.py:925} INFO - DAG(s) 'example_external_task_marker_parent', 'example_external_task_marker_child' retrieved from /home/airflow/.local/lib/python3.12/site-packages/airflow/example_dags/example_external_task_marker_dag.py
[2026-09-06T09:02:47.154+0000] {logging_mixin.py:190} INFO - [2026-09-06T09:02:47.154+0000] {dag.py:3239} INFO - Sync 2 DAGs
[2026-09-06T09:02:47.168+0000] {logging_mixin.py:190} INFO - [2026-09-06T09:02:47.168+0000] {dag.py:4180} INFO - Setting next_dagrun for example_external_task_marker_child to None, run_after=None
[2026-09-06T09:02:47.172+0000] {logging_mixin.py:190} INFO - [2026-09-06T09:02:47.172+0000] {dag.py:4180} INFO - Setting next_dagrun for example_external_task_marker_parent to None, run_after=None
[2026-09-06T09:02:47.200+0000] {processor.py:208} INFO - Processing /home/airflow/.local/lib/python3.12/site-packages/airflow/example_dags/example_external_task_marker_dag.py took 0.085 seconds
[2026-09-06T09:03:17.887+0000] {processor.py:186} INFO - Started process (PID=1224) to work on /home/airflow/.local/lib/python3.12/site-packages/airflow/example_dags/example_external_task_marker_dag.py
[2026-09-06T09:03:17.889+0000] {processor.py:914} INFO - Processing file /home/airflow/.local/lib/python3.12/site-packages/airflow/example_dags/example_external_task_marker_dag.py for tasks to queue
[2026-09-06T09:03:17.891+0000] {logging_mixin.py:190} INFO - [2026-09-06T09:03:17.891+0000] {dagbag.py:588} INFO - Filling up the DagBag from /home/airflow/.local/lib/python3.12/site-packages/airflow/example_dags/example_external_task_marker_dag.py
[2026-09-06T09:03:17.899+0000] {processor.py:925} INFO - DAG(s) 'example_external_task_marker_parent', 'example_external_task_marker_child' retrieved from /home/airflow/.local/lib/python3.12/site-packages/airflow/example_dags/example_external_task_marker_dag.py
[2026-09-06T09:03:17.918+0000] {logging_mixin.py:190} INFO - [2026-09-06T09:03:17.918+0000] {dag.py:3239} INFO - Sync 2 DAGs
[2026-09-06T09:03:17.930+0000] {logging_mixin.py:190} INFO - [2026-09-06T09:03:17.930+0000] {dag.py:4180} INFO - Setting next_dagrun for example_external_task_marker_child to None, run_after=None
[2026-09-06T09:03:17.935+0000] {logging_mixin.py:190} INFO - [2026-09-06T09:03:17.935+0000] {dag.py:4180} INFO - Setting next_dagrun for example_external_task_marker_parent to None, run_after=None
[2026-09-06T09:03:17.951+0000] {processor.py:208} INFO - Processing /home/airflow/.local/lib/python3.12/site-packages/airflow/example_dags/example_external_task_marker_dag.py took 0.069 seconds
[2026-09-06T09:03:49.266+0000] {processor.py:186} INFO - Started process (PID=1288) to work on /home/airflow/.local/lib/python3.12/site-packages/airflow/example_dags/example_external_task_marker_dag.py
[2026-09-06T09:03:49.268+0000] {processor.py:914} INFO - Processing file /home/airflow/.local/lib/python3.12/site-packages/airflow/example_dags/example_external_task_marker_dag.py for tasks to queue
[2026-09-06T09:03:49.270+0000] {logging_mixin.py:190} INFO - [2026-09-06T09:03:49.270+0000] {dagbag.py:588} INFO - Filling up the DagBag from /home/airflow/.local/lib/python3.12/site-packages/airflow/example_dags/example_external_task_marker_dag.py
[2026-09-06T09:03:49.277+0000] {processor.py:925} INFO - DAG(s) 'example_external_task_marker_child', 'example_external_task_marker_parent' retrieved from /home/airflow/.local/lib/python3.12/site-packages/airflow/example_dags/example_external_task_marker_dag.py
[2026-09-06T09:03:49.296+0000] {logging_mixin.py:190} INFO - [2026-09-06T09:03:49.296+0000] {dag.py:3239} INFO - Sync 2 DAGs
[2026-09-06T09:03:49.307+0000] {logging_mixin.py:190} INFO - [2026-09-06T09:03:49.307+0000] {dag.py:4180} INFO - Setting next_dagrun for example_external_task_marker_child to None, run_after=None
[2026-09-06T09:03:49.311+0000] {logging_mixin.py:190} INFO - [2026-09-06T09:03:49.311+0000] {dag.py:4180} INFO - Setting next_dagrun for example_external_task_marker_parent to None, run_after=None
[2026-09-06T09:03:49.332+0000] {processor.py:208} INFO - Processing /home/airflow/.local/lib/python3.12/site-packages/airflow/example_dags/example_external_task_marker_dag.py took 0.071 seconds
[2026-09-06T09:04:20.296+0000] {processor.py:186} INFO - Started process (PID=1352) to work on /home/airflow/.local/lib/python3.12/site-packages/airflow/example_dags/example_external_task_marker_dag.py
[2026-09-06T09:04:20.297+0000] {processor.py:914} INFO - Processing file /home/airflow/.local/lib/python3.12/site-packages/airflow/example_dags/example_external_task_marker_dag.py for tasks to queue
[2026-09-06T09:04:20.299+0000] {logging_mixin.py:190} INFO - [2026-09-06T09:04:20.299+0000] {dagbag.py:588} INFO - Filling up the DagBag from /home/airflow/.local/lib/python3.12/site-packages/airflow/example_dags/example_external_task_marker_dag.py
[2026-09-06T09:04:20.306+0000] {processor.py:925} INFO - DAG(s) 'example_external_task_marker_child', 'example_external_task_marker_parent' retrieved from /home/airflow/.local/lib/python3.12/site-packages/airflow/example_dags/example_external_task_marker_dag.py
[2026-09-06T09:04:20.322+0000] {logging_mixin.py:190} INFO - [2026-09-06T09:04:20.322+0000] {dag.py:3239} INFO - Sync 2 DAGs
[2026-09-06T09:04:20.333+0000] {logging_mixin.py:190} INFO - [2026-09-06T09:04:20.333+0000] {dag.py:4180} INFO - Setting next_dagrun for example_external_task_marker_child to None, run_after=None
[2026-09-06T09:04:20.336+0000] {logging_mixin.py:190} INFO - [2026-09-06T09:04:20.335+0000] {dag.py:4180} INFO - Setting next_dagrun for example_external_task_marker_parent to None, run_after=None
[2026-09-06T09:04:20.354+0000] {processor.py:208} INFO - Processing /home/airflow/.local/lib/python3.12/site-packages/airflow/example_dags/example_external_task_marker_dag.py took 0.063 seconds
[2026-09-06T09:04:51.676+0000] {processor.py:186} INFO - Started process (PID=1416) to work on /home/airflow/.local/lib/python3.12/site-packages/airflow/example_dags/example_external_task_marker_dag.py
[2026-09-06T09:04:51.677+0000] {processor.py:914} INFO - Processing file /home/airflow/.local/lib/python3.12/site-packages/airflow/example_dags/example_external_task_marker_dag.py for tasks to queue
[2026-09-06T09:04:51.679+0000] {logging_mixin.py:190} INFO - [2026-09-06T09:04:51.679+0000] {dagbag.py:588} INFO - Filling up the DagBag from /home/airflow/.local/lib/python3.12/site-packages/airflow/example_dags/example_external_task_marker_dag.py
[2026-09-06T09:04:51.686+0000] {processor.py:925} INFO - DAG(s) 'example_external_task_marker_parent', 'example_external_task_marker_child' retrieved from /home/airflow/.local/lib/python3.12/site-packages/airflow/example_dags/example_external_task_marker_dag.py
[2026-09-06T09:04:51.703+0000] {logging_mixin.py:190} INFO - [2026-09-06T09:04:51.703+0000] {dag.py:3239} INFO - Sync 2 DAGs
[2026-09-06T09:04:51.716+0000] {logging_mixin.py:190} INFO - [2026-09-06T09:04:51.716+0000] {dag.py:4180} INFO - Setting next_dagrun for example_external_task_marker_child to None, run_after=None
[2026-09-06T09:04:51.720+0000] {logging_mixin.py:190} INFO - [2026-09-06T09:04:51.719+0000] {dag.py:4180} INFO - Setting next_dagrun for example_external_task_marker_parent to None, run_after=None
[2026-09-06T09:04:51.732+0000] {processor.py:208} INFO - Processing /home/airflow/.local/lib/python3.12/site-packages/airflow/example_dags/example_external_task_marker_dag.py took 0.061 seconds
[2026-09-06T09:05:22.450+0000] {processor.py:186} INFO - Started process (PID=1480) to work on /home/airflow/.local/lib/python3.12/site-packages/airflow/example_dags/example_external_task_marker_dag.py
[2026-09-06T09:05:22.452+0000] {processor.py:914} INFO - Processing file /home/airflow/.local/lib/python3.12/site-packages/airflow/example_dags/example_external_task_marker_dag.py for tasks to queue
[2026-09-06T09:05:22.454+0000] {logging_mixin.py:190} INFO - [2026-09-06T09:05:22.453+0000] {dagbag.py:588} INFO - Filling up the DagBag from /home/airflow/.local/lib/python3.12/site-packages/airflow/example_dags/example_external_task_marker_dag.py
[2026-09-06T09:05:22.461+0000] {processor.py:925} INFO - DAG(s) 'example_external_task_marker_child', 'example_external_task_marker_parent' retrieved from /home/airflow/.local/lib/python3.12/site-packages/airflow/example_dags/example_external_task_marker_dag.py
[2026-09-06T09:05:22.479+0000] {logging_mixin.py:190} INFO - [2026-09-06T09:05:22.479+0000] {dag.py:3239} INFO - Sync 2 DAGs
[2026-09-06T09:05:22.491+0000] {logging_mixin.py:190} INFO - [2026-09-06T09:05:22.491+0000] {dag.py:4180} INFO - Setting next_dagrun for example_external_task_marker_child to None, run_after=None
[2026-09-06T09:05:22.494+0000] {logging_mixin.py:190} INFO - [2026-09-06T09:05:22.494+0000] {dag.py:4180} INFO - Setting next_dagrun for example_external_task_marker_parent to None, run_after=None
[2026-09-06T09:05:22.507+0000] {processor.py:208} INFO - Processing /home/airflow/.local/lib/python3.12/site-packages/airflow/example_dags/example_external_task_marker_dag.py took 0.062 seconds
[2026-09-06T09:05:53.561+0000] {processor.py:186} INFO - Started process (PID=1544) to work on /home/airflow/.local/lib/python3.12/site-packages/airflow/example_dags/example_external_task_marker_dag.py
[2026-09-06T09:05:53.562+0000] {processor.py:914} INFO - Processing file /home/airflow/.local/lib/python3.12/site-packages/airflow/example_dags/example_external_task_marker_dag.py for tasks to queue
[2026-09-06T09:05:53.565+0000] {logging_mixin.py:190} INFO - [2026-09-06T09:05:53.564+0000] {dagbag.py:588} INFO - Filling up the DagBag from /home/airflow/.local/lib/python3.12/site-packages/airflow/example_dags/example_external_task_marker_dag.py
[2026-09-06T09:05:53.574+0000] {processor.py:925} INFO - DAG(s) 'example_external_task_marker_child', 'example_external_task_marker_parent' retrieved from /home/airflow/.local/lib/python3.12/site-packages/airflow/example_dags/example_external_task_marker_dag.py
[2026-09-06T09:05:53.600+0000] {logging_mixin.py:190} INFO - [2026-09-06T09:05:53.600+0000] {dag.py:3239} INFO - Sync 2 DAGs
[2026-09-06T09:05:53.624+0000] {logging_mixin.py:190} INFO - [2026-09-06T09:05:53.624+0000] {dag.py:4180} INFO - Setting next_dagrun for example_external_task_marker_child to None, run_after=None
[2026-09-06T09:05:53.630+0000] {logging_mixin.py:190} INFO - [2026-09-06T09:05:53.630+0000] {dag.py:4180} INFO - Setting next_dagrun for example_external_task_marker_parent to None, run_after=None
[2026-09-06T09:05:53.652+0000] {processor.py:208} INFO - Processing /home/airflow/.local/lib/python3.12/site-packages/airflow/example_dags/example_external_task_marker_dag.py took 0.097 seconds
[2026-09-06T09:06:24.268+0000] {processor.py:186} INFO - Started process (PID=1608) to work on /home/airflow/.local/lib/python3.12/site-packages/airflow/example_dags/example_external_task_marker_dag.py
[2026-09-06T09:06:24.269+0000] {processor.py:914} INFO - Processing file /home/airflow/.local/lib/python3.12/site-packages/airflow/example_dags/example_external_task_marker_dag.py for tasks to queue
[2026-09-06T09:06:24.271+0000] {logging_mixin.py:190} INFO - [2026-09-06T09:06:24.271+0000] {dagbag.py:588} INFO - Filling up the DagBag from /home/airflow/.local/lib/python3.12/site-packages/airflow/example_dags/example_external_task_marker_dag.py
[2026-09-06T09:06:24.278+0000] {processor.py:925} INFO - DAG(s) 'example_external_task_marker_child', 'example_external_task_marker_parent' retrieved from /home/airflow/.local/lib/python3.12/site-packages/airflow/example_dags/example_external_task_marker_dag.py
[2026-09-06T09:06:24.295+0000] {logging_mixin.py:190} INFO - [2026-09-06T09:06:24.295+0000] {dag.py:3239} INFO - Sync 2 DAGs
[2026-09-06T09:06:24.305+0000] {logging_mixin.py:190} INFO - [2026-09-06T09:06:24.305+0000] {dag.py:4180} INFO - Setting next_dagrun for example_external_task_marker_child to None, run_after=None
[2026-09-06T09:06:24.309+0000] {logging_mixin.py:190} INFO - [2026-09-06T09:06:24.308+0000] {dag.py:4180} INFO - Setting next_dagrun for example_external_task_marker_parent to None, run_after=None
[2026-09-06T09:06:24.322+0000] {processor.py:208} INFO - Processing /home/airflow/.local/lib/python3.12/site-packages/airflow/example_dags/example_external_task_marker_dag.py took 0.059 seconds
[2026-09-06T09:06:55.163+0000] {processor.py:186} INFO - Started process (PID=1672) to work on /home/airflow/.local/lib/python3.12/site-packages/airflow/example_dags/example_external_task_marker_dag.py
[2026-09-06T09:06:55.164+0000] {processor.py:914} INFO - Processing file /home/airflow/.local/lib/python3.12/site-packages/airflow/example_dags/example_external_task_marker_dag.py for tasks to queue
[2026-09-06T09:06:55.166+0000] {logging_mixin.py:190} INFO - [2026-09-06T09:06:55.166+0000] {dagbag.py:588} INFO - Filling up the DagBag from /home/airflow/.local/lib/python3.12/site-packages/airflow/example_dags/example_external_task_marker_dag.py
[2026-09-06T09:06:55.173+0000] {processor.py:925} INFO - DAG(s) 'example_external_task_marker_child', 'example_external_task_marker_parent' retrieved from /home/airflow/.local/lib/python3.12/site-packages/airflow/example_dags/example_external_task_marker_dag.py
[2026-09-06T09:06:55.190+0000] {logging_mixin.py:190} INFO - [2026-09-06T09:06:55.190+0000] {dag.py:3239} INFO - Sync 2 DAGs
[2026-09-06T09:06:55.201+0000] {logging_mixin.py:190} INFO - [2026-09-06T09:06:55.201+0000] {dag.py:4180} INFO - Setting next_dagrun for example_external_task_marker_child to None, run_after=None
[2026-09-06T09:06:55.204+0000] {logging_mixin.py:190} INFO - [2026-09-06T09:06:55.204+0000] {dag.py:4180} INFO - Setting next_dagrun for example_external_task_marker_parent to None, run_after=None
[2026-09-06T09:06:55.217+0000] {processor.py:208} INFO - Processing /home/airflow/.local/lib/python3.12/site-packages/airflow/example_dags/example_external_task_marker_dag.py took 0.059 seconds
[2026-09-06T09:07:26.118+0000] {processor.py:186} INFO - Started process (PID=1736) to work on /home/airflow/.local/lib/python3.12/site-packages/airflow/example_dags/example_external_task_marker_dag.py
[2026-09-06T09:07:26.119+0000] {processor.py:914} INFO - Processing file /home/airflow/.local/lib/python3.12/site-packages/airflow/example_dags/example_external_task_marker_dag.py for tasks to queue
[2026-09-06T09:07:26.121+0000] {logging_mixin.py:190} INFO - [2026-09-06T09:07:26.121+0000] {dagbag.py:588} INFO - Filling up the DagBag from /home/airflow/.local/lib/python3.12/site-packages/airflow/example_dags/example_external_task_marker_dag.py
[2026-09-06T09:07:26.129+0000] {processor.py:925} INFO - DAG(s) 'example_external_task_marker_parent', 'example_external_task_marker_child' retrieved from /home/airflow/.local/lib/python3.12/site-packages/airflow/example_dags/example_external_task_marker_dag.py
[2026-09-06T09:07:26.148+0000] {logging_mixin.py:190} INFO - [2026-09-06T09:07:26.148+0000] {dag.py:3239} INFO - Sync 2 DAGs
[2026-09-06T09:07:26.160+0000] {logging_mixin.py:190} INFO - [2026-09-06T09:07:26.159+0000] {dag.py:4180} INFO - Setting next_dagrun for example_external_task_marker_child to None, run_after=None
[2026-09-06T09:07:26.163+0000] {logging_mixin.py:190} INFO - [2026-09-06T09:07:26.163+0000] {dag.py:4180} INFO - Setting next_dagrun for example_external_task_marker_parent to None, run_after=None
[2026-09-06T09:07:26.177+0000] {processor.py:208} INFO - Processing /home/airflow/.local/lib/python3.12/site-packages/airflow/example_dags/example_external_task_marker_dag.py took 0.064 seconds
[2026-09-06T09:07:57.017+0000] {processor.py:186} INFO - Started process (PID=1800) to work on /home/airflow/.local/lib/python3.12/site-packages/airflow/example_dags/example_external_task_marker_dag.py
[2026-09-06T09:07:57.018+0000] {processor.py:914} INFO - Processing file /home/airflow/.local/lib/python3.12/site-packages/airflow/example_dags/example_external_task_marker_dag.py for tasks to queue
[2026-09-06T09:07:57.021+0000] {logging_mixin.py:190} INFO - [2026-09-06T09:07:57.021+0000] {dagbag.py:588} INFO - Filling up the DagBag from /home/airflow/.local/lib/python3.12/site-packages/airflow/example_dags/example_external_task_marker_dag.py
[2026-09-06T09:07:57.028+0000] {processor.py:925} INFO - DAG(s) 'example_external_task_marker_parent', 'example_external_task_marker_child' retrieved from /home/airflow/.local/lib/python3.12/site-packages/airflow/example_dags/example_external_task_marker_dag.py
[2026-09-06T09:07:57.046+0000] {logging_mixin.py:190} INFO - [2026-09-06T09:07:57.046+0000] {dag.py:3239} INFO - Sync 2 DAGs
[2026-09-06T09:07:57.058+0000] {logging_mixin.py:190} INFO - [2026-09-06T09:07:57.058+0000] {dag.py:4180} INFO - Setting next_dagrun for example_external_task_marker_child to None, run_after=None
[2026-09-06T09:07:57.061+0000] {logging_mixin.py:190} INFO - [2026-09-06T09:07:57.060+0000] {dag.py:4180} INFO - Setting next_dagrun for example_external_task_marker_parent to None, run_after=None
[2026-09-06T09:07:57.073+0000] {processor.py:208} INFO - Processing /home/airflow/.local/lib/python3.12/site-packages/airflow/example_dags/example_external_task_marker_dag.py took 0.062 seconds
[2026-09-06T09:08:27.692+0000] {processor.py:186} INFO - Started process (PID=1864) to work on /home/airflow/.local/lib/python3.12/site-packages/airflow/example_dags/example_external_task_marker_dag.py
[2026-09-06T09:08:27.693+0000] {processor.py:914} INFO - Processing file /home/airflow/.local/lib/python3.12/site-packages/airflow/example_dags/example_external_task_marker_dag.py for tasks to queue
[2026-09-06T09:08:27.695+0000] {logging_mixin.py:190} INFO - [2026-09-06T09:08:27.695+0000] {dagbag.py:588} INFO - Filling up the DagBag from /home/airflow/.local/lib/python3.12/site-packages/airflow/example_dags/example_external_task_marker_dag.py
[2026-09-06T09:08:27.701+0000] {processor.py:925} INFO - DAG(s) 'example_external_task_marker_child', 'example_external_task_marker_parent' retrieved from /home/airflow/.local/lib/python3.12/site-packages/airflow/example_dags/example_external_task_marker_dag.py
[2026-09-06T09:08:27.720+0000] {logging_mixin.py:190} INFO - [2026-09-06T09:08:27.720+0000] {dag.py:3239} INFO - Sync 2 DAGs
[2026-09-06T09:08:27.732+0000] {logging_mixin.py:190} INFO - [2026-09-06T09:08:27.732+0000] {dag.py:4180} INFO - Setting next_dagrun for example_external_task_marker_child to None, run_after=None
[2026-09-06T09:08:27.736+0000] {logging_mixin.py:190} INFO - [2026-09-06T09:08:27.735+0000] {dag.py:4180} INFO - Setting next_dagrun for example_external_task_marker_parent to None, run_after=None
[2026-09-06T09:08:27.748+0000] {processor.py:208} INFO - Processing /home/airflow/.local/lib/python3.12/site-packages/airflow/example_dags/example_external_task_marker_dag.py took 0.062 seconds
[2026-09-06T09:08:58.433+0000] {processor.py:186} INFO - Started process (PID=1928) to work on /home/airflow/.local/lib/python3.12/site-packages/airflow/example_dags/example_external_task_marker_dag.py
[2026-09-06T09:08:58.434+0000] {processor.py:914} INFO - Processing file /home/airflow/.local/lib/python3.12/site-packages/airflow/example_dags/example_external_task_marker_dag.py for tasks to queue
[2026-09-06T09:08:58.437+0000] {logging_mixin.py:190} INFO - [2026-09-06T09:08:58.437+0000] {dagbag.py:588} INFO - Filling up the DagBag from /home/airflow/.local/lib/python3.12/site-packages/airflow/example_dags/example_external_task_marker_dag.py
[2026-09-06T09:08:58.444+0000] {processor.py:925} INFO - DAG(s) 'example_external_task_marker_parent', 'example_external_task_marker_child' retrieved from /home/airflow/.local/lib/python3.12/site-packages/airflow/example_dags/example_external_task_marker_dag.py
[2026-09-06T09:08:58.462+0000] {logging_mixin.py:190} INFO - [2026-09-06T09:08:58.462+0000] {dag.py:3239} INFO - Sync 2 DAGs
[2026-09-06T09:08:58.474+0000] {logging_mixin.py:190} INFO - [2026-09-06T09:08:58.474+0000] {dag.py:4180} INFO - Setting next_dagrun for example_external_task_marker_child to None, run_after=None
[2026-09-06T09:08:58.478+0000] {logging_mixin.py:190} INFO - [2026-09-06T09:08:58.478+0000] {dag.py:4180} INFO - Setting next_dagrun for example_external_task_marker_parent to None, run_after=None
[2026-09-06T09:08:58.492+0000] {processor.py:208} INFO - Processing /home/airflow/.local/lib/python3.12/site-packages/airflow/example_dags/example_external_task_marker_dag.py took 0.064 seconds
[2026-09-06T09:09:29.090+0000] {processor.py:186} INFO - Started process (PID=1998) to work on /home/airflow/.local/lib/python3.12/site-packages/airflow/example_dags/example_external_task_marker_dag.py
[2026-09-06T09:09:29.091+0000] {processor.py:914} INFO - Processing file /home/airflow/.local/lib/python3.12/site-packages/airflow/example_dags/example_external_task_marker_dag.py for tasks to queue
[2026-09-06T09:09:29.094+0000] {logging_mixin.py:190} INFO - [2026-09-06T09:09:29.093+0000] {dagbag.py:588} INFO - Filling up the DagBag from /home/airflow/.local/lib/python3.12/site-packages/airflow/example_dags/example_external_task_marker_dag.py
[2026-09-06T09:09:29.100+0000] {processor.py:925} INFO - DAG(s) 'example_external_task_marker_child', 'example_external_task_marker_parent' retrieved from /home/airflow/.local/lib/python3.12/site-packages/airflow/example_dags/example_external_task_marker_dag.py
[2026-09-06T09:09:29.119+0000] {logging_mixin.py:190} INFO - [2026-09-06T09:09:29.119+0000] {dag.py:3239} INFO - Sync 2 DAGs
[2026-09-06T09:09:29.130+0000] {logging_mixin.py:190} INFO - [2026-09-06T09:09:29.130+0000] {dag.py:4180} INFO - Setting next_dagrun for example_external_task_marker_child to None, run_after=None
[2026-09-06T09:09:29.133+0000] {logging_mixin.py:190} INFO - [2026-09-06T09:09:29.133+0000] {dag.py:4180} INFO - Setting next_dagrun for example_external_task_marker_parent to None, run_after=None
[2026-09-06T09:09:29.146+0000] {processor.py:208} INFO - Processing /home/airflow/.local/lib/python3.12/site-packages/airflow/example_dags/example_external_task_marker_dag.py took 0.060 seconds
[2026-09-06T09:10:00.425+0000] {processor.py:186} INFO - Started process (PID=2062) to work on /home/airflow/.local/lib/python3.12/site-packages/airflow/example_dags/example_external_task_marker_dag.py
[2026-09-06T09:10:00.426+0000] {processor.py:914} INFO - Processing file /home/airflow/.local/lib/python3.12/site-packages/airflow/example_dags/example_external_task_marker_dag.py for tasks to queue
[2026-09-06T09:10:00.428+0000] {logging_mixin.py:190} INFO - [2026-09-06T09:10:00.428+0000] {dagbag.py:588} INFO - Filling up the DagBag from /home/airflow/.local/lib/python3.12/site-packages/airflow/example_dags/example_external_task_marker_dag.py
[2026-09-06T09:10:00.434+0000] {processor.py:925} INFO - DAG(s) 'example_external_task_marker_parent', 'example_external_task_marker_child' retrieved from /home/airflow/.local/lib/python3.12/site-packages/airflow/example_dags/example_external_task_marker_dag.py
[2026-09-06T09:10:00.452+0000] {logging_mixin.py:190} INFO - [2026-09-06T09:10:00.452+0000] {dag.py:3239} INFO - Sync 2 DAGs
[2026-09-06T09:10:00.464+0000] {logging_mixin.py:190} INFO - [2026-09-06T09:10:00.463+0000] {dag.py:4180} INFO - Setting next_dagrun for example_external_task_marker_child to None, run_after=None
[2026-09-06T09:10:00.467+0000] {logging_mixin.py:190} INFO - [2026-09-06T09:10:00.467+0000] {dag.py:4180} INFO - Setting next_dagrun for example_external_task_marker_parent to None, run_after=None
[2026-09-06T09:10:00.481+0000] {processor.py:208} INFO - Processing /home/airflow/.local/lib/python3.12/site-packages/airflow/example_dags/example_external_task_marker_dag.py took 0.060 seconds
[2026-09-06T09:10:31.978+0000] {processor.py:186} INFO - Started process (PID=2126) to work on /home/airflow/.local/lib/python3.12/site-packages/airflow/example_dags/example_external_task_marker_dag.py
[2026-09-06T09:10:31.979+0000] {processor.py:914} INFO - Processing file /home/airflow/.local/lib/python3.12/site-packages/airflow/example_dags/example_external_task_marker_dag.py for tasks to queue
[2026-09-06T09:10:31.982+0000] {logging_mixin.py:190} INFO - [2026-09-06T09:10:31.982+0000] {dagbag.py:588} INFO - Filling up the DagBag from /home/airflow/.local/lib/python3.12/site-packages/airflow/example_dags/example_external_task_marker_dag.py
[2026-09-06T09:10:31.990+0000] {processor.py:925} INFO - DAG(s) 'example_external_task_marker_child', 'example_external_task_marker_parent' retrieved from /home/airflow/.local/lib/python3.12/site-packages/airflow/example_dags/example_external_task_marker_dag.py
[2026-09-06T09:10:32.009+0000] {logging_mixin.py:190} INFO - [2026-09-06T09:10:32.009+0000] {dag.py:3239} INFO - Sync 2 DAGs
[2026-09-06T09:10:32.022+0000] {logging_mixin.py:190} INFO - [2026-09-06T09:10:32.022+0000] {dag.py:4180} INFO - Setting next_dagrun for example_external_task_marker_child to None, run_after=None
[2026-09-06T09:10:32.025+0000] {logging_mixin.py:190} INFO - [2026-09-06T09:10:32.025+0000] {dag.py:4180} INFO - Setting next_dagrun for example_external_task_marker_parent to None, run_after=None
[2026-09-06T09:10:32.039+0000] {processor.py:208} INFO - Processing /home/airflow/.local/lib/python3.12/site-packages/airflow/example_dags/example_external_task_marker_dag.py took 0.066 seconds
[2026-09-06T09:11:03.271+0000] {processor.py:186} INFO - Started process (PID=2190) to work on /home/airflow/.local/lib/python3.12/site-packages/airflow/example_dags/example_external_task_marker_dag.py
[2026-09-06T09:11:03.272+0000] {processor.py:914} INFO - Processing file /home/airflow/.local/lib/python3.12/site-packages/airflow/example_dags/example_external_task_marker_dag.py for tasks to queue
[2026-09-06T09:11:03.274+0000] {logging_mixin.py:190} INFO - [2026-09-06T09:11:03.274+0000] {dagbag.py:588} INFO - Filling up the DagBag from /home/airflow/.local/lib/python3.12/site-packages/airflow/example_dags/example_external_task_marker_dag.py
[2026-09-06T09:11:03.281+0000] {processor.py:925} INFO - DAG(s) 'example_external_task_marker_child', 'example_external_task_marker_parent' retrieved from /home/airflow/.local/lib/python3.12/site-packages/airflow/example_dags/example_external_task_marker_dag.py
[2026-09-06T09:11:03.301+0000] {logging_mixin.py:190} INFO - [2026-09-06T09:11:03.300+0000] {dag.py:3239} INFO - Sync 2 DAGs
[2026-09-06T09:11:03.313+0000] {logging_mixin.py:190} INFO - [2026-09-06T09:11:03.312+0000] {dag.py:4180} INFO - Setting next_dagrun for example_external_task_marker_child to None, run_after=None
[2026-09-06T09:11:03.316+0000] {logging_mixin.py:190} INFO - [2026-09-06T09:11:03.316+0000] {dag.py:4180} INFO - Setting next_dagrun for example_external_task_marker_parent to None, run_after=None
[2026-09-06T09:11:03.330+0000] {processor.py:208} INFO - Processing /home/airflow/.local/lib/python3.12/site-packages/airflow/example_dags/example_external_task_marker_dag.py took 0.064 seconds
[2026-09-06T09:11:34.515+0000] {processor.py:186} INFO - Started process (PID=2254) to work on /home/airflow/.local/lib/python3.12/site-packages/airflow/example_dags/example_external_task_marker_dag.py
[2026-09-06T09:11:34.516+0000] {processor.py:914} INFO - Processing file /home/airflow/.local/lib/python3.12/site-packages/airflow/example_dags/example_external_task_marker_dag.py for tasks to queue
[2026-09-06T09:11:34.518+0000] {logging_mixin.py:190} INFO - [2026-09-06T09:11:34.518+0000] {dagbag.py:588} INFO - Filling up the DagBag from /home/airflow/.local/lib/python3.12/site-packages/airflow/example_dags/example_external_task_marker_dag.py
[2026-09-06T09:11:34.526+0000] {processor.py:925} INFO - DAG(s) 'example_external_task_marker_parent', 'example_external_task_marker_child' retrieved from /home/airflow/.local/lib/python3.12/site-packages/airflow/example_dags/example_external_task_marker_dag.py
[2026-09-06T09:11:34.544+0000] {logging_mixin.py:190} INFO - [2026-09-06T09:11:34.544+0000] {dag.py:3239} INFO - Sync 2 DAGs
[2026-09-06T09:11:34.555+0000] {logging_mixin.py:190} INFO - [2026-09-06T09:11:34.555+0000] {dag.py:4180} INFO - Setting next_dagrun for example_external_task_marker_child to None, run_after=None
[2026-09-06T09:11:34.558+0000] {logging_mixin.py:190} INFO - [2026-09-06T09:11:34.558+0000] {dag.py:4180} INFO - Setting next_dagrun for example_external_task_marker_parent to None, run_after=None
[2026-09-06T09:11:34.571+0000] {processor.py:208} INFO - Processing /home/airflow/.local/lib/python3.12/site-packages/airflow/example_dags/example_external_task_marker_dag.py took 0.062 seconds
[2026-09-06T09:12:05.691+0000] {processor.py:186} INFO - Started process (PID=2318) to work on /home/airflow/.local/lib/python3.12/site-packages/airflow/example_dags/example_external_task_marker_dag.py
[2026-09-06T09:12:05.692+0000] {processor.py:914} INFO - Processing file /home/airflow/.local/lib/python3.12/site-packages/airflow/example_dags/example_external_task_marker_dag.py for tasks to queue
[2026-09-06T09:12:05.694+0000] {logging_mixin.py:190} INFO - [2026-09-06T09:12:05.694+0000] {dagbag.py:588} INFO - Filling up the DagBag from /home/airflow/.local/lib/python3.12/site-packages/airflow/example_dags/example_external_task_marker_dag.py
[2026-09-06T09:12:05.701+0000] {processor.py:925} INFO - DAG(s) 'example_external_task_marker_parent', 'example_external_task_marker_child' retrieved from /home/airflow/.local/lib/python3.12/site-packages/airflow/example_dags/example_external_task_marker_dag.py
[2026-09-06T09:12:05.717+0000] {logging_mixin.py:190} INFO - [2026-09-06T09:12:05.717+0000] {dag.py:3239} INFO - Sync 2 DAGs
[2026-09-06T09:12:05.728+0000] {logging_mixin.py:190} INFO - [2026-09-06T09:12:05.728+0000] {dag.py:4180} INFO - Setting next_dagrun for example_external_task_marker_child to None, run_after=None
[2026-09-06T09:12:05.731+0000] {logging_mixin.py:190} INFO - [2026-09-06T09:12:05.731+0000] {dag.py:4180} INFO - Setting next_dagrun for example_external_task_marker_parent to None, run_after=None
[2026-09-06T09:12:05.743+0000] {processor.py:208} INFO - Processing /home/airflow/.local/lib/python3.12/site-packages/airflow/example_dags/example_external_task_marker_dag.py took 0.056 seconds
[2026-09-06T09:12:37.139+0000] {processor.py:186} INFO - Started process (PID=2382) to work on /home/airflow/.local/lib/python3.12/site-packages/airflow/example_dags/example_external_task_marker_dag.py
[2026-09-06T09:12:37.140+0000] {processor.py:914} INFO - Processing file /home/airflow/.local/lib/python3.12/site-packages/airflow/example_dags/example_external_task_marker_dag.py for tasks to queue
[2026-09-06T09:12:37.142+0000] {logging_mixin.py:190} INFO - [2026-09-06T09:12:37.142+0000] {dagbag.py:588} INFO - Filling up the DagBag from /home/airflow/.local/lib/python3.12/site-packages/airflow/example_dags/example_external_task_marker_dag.py
[2026-09-06T09:12:37.148+0000] {processor.py:925} INFO - DAG(s) 'example_external_task_marker_child', 'example_external_task_marker_parent' retrieved from /home/airflow/.local/lib/python3.12/site-packages/airflow/example_dags/example_external_task_marker_dag.py
[2026-09-06T09:12:37.166+0000] {logging_mixin.py:190} INFO - [2026-09-06T09:12:37.165+0000] {dag.py:3239} INFO - Sync 2 DAGs
[2026-09-06T09:12:37.177+0000] {logging_mixin.py:190} INFO - [2026-09-06T09:12:37.177+0000] {dag.py:4180} INFO - Setting next_dagrun for example_external_task_marker_child to None, run_after=None
[2026-09-06T09:12:37.180+0000] {logging_mixin.py:190} INFO - [2026-09-06T09:12:37.180+0000] {dag.py:4180} INFO - Setting next_dagrun for example_external_task_marker_parent to None, run_after=None
[2026-09-06T09:12:37.192+0000] {processor.py:208} INFO - Processing /home/airflow/.local/lib/python3.12/site-packages/airflow/example_dags/example_external_task_marker_dag.py took 0.058 seconds
[2026-09-06T09:13:08.470+0000] {processor.py:186} INFO - Started process (PID=2446) to work on /home/airflow/.local/lib/python3.12/site-packages/airflow/example_dags/example_external_task_marker_dag.py
[2026-09-06T09:13:08.471+0000] {processor.py:914} INFO - Processing file /home/airflow/.local/lib/python3.12/site-packages/airflow/example_dags/example_external_task_marker_dag.py for tasks to queue
[2026-09-06T09:13:08.474+0000] {logging_mixin.py:190} INFO - [2026-09-06T09:13:08.473+0000] {dagbag.py:588} INFO - Filling up the DagBag from /home/airflow/.local/lib/python3.12/site-packages/airflow/example_dags/example_external_task_marker_dag.py
[2026-09-06T09:13:08.480+0000] {processor.py:925} INFO - DAG(s) 'example_external_task_marker_parent', 'example_external_task_marker_child' retrieved from /home/airflow/.local/lib/python3.12/site-packages/airflow/example_dags/example_external_task_marker_dag.py
[2026-09-06T09:13:08.498+0000] {logging_mixin.py:190} INFO - [2026-09-06T09:13:08.498+0000] {dag.py:3239} INFO - Sync 2 DAGs
[2026-09-06T09:13:08.510+0000] {logging_mixin.py:190} INFO - [2026-09-06T09:13:08.510+0000] {dag.py:4180} INFO - Setting next_dagrun for example_external_task_marker_child to None, run_after=None
[2026-09-06T09:13:08.514+0000] {logging_mixin.py:190} INFO - [2026-09-06T09:13:08.514+0000] {dag.py:4180} INFO - Setting next_dagrun for example_external_task_marker_parent to None, run_after=None
[2026-09-06T09:13:08.527+0000] {processor.py:208} INFO - Processing /home/airflow/.local/lib/python3.12/site-packages/airflow/example_dags/example_external_task_marker_dag.py took 0.061 seconds
[2026-09-06T09:13:39.557+0000] {processor.py:186} INFO - Started process (PID=2510) to work on /home/airflow/.local/lib/python3.12/site-packages/airflow/example_dags/example_external_task_marker_dag.py
[2026-09-06T09:13:39.558+0000] {processor.py:914} INFO - Processing file /home/airflow/.local/lib/python3.12/site-packages/airflow/example_dags/example_external_task_marker_dag.py for tasks to queue
[2026-09-06T09:13:39.560+0000] {logging_mixin.py:190} INFO - [2026-09-06T09:13:39.560+0000] {dagbag.py:588} INFO - Filling up the DagBag from /home/airflow/.local/lib/python3.12/site-packages/airflow/example_dags/example_external_task_marker_dag.py
[2026-09-06T09:13:39.566+0000] {processor.py:925} INFO - DAG(s) 'example_external_task_marker_child', 'example_external_task_marker_parent' retrieved from /home/airflow/.local/lib/python3.12/site-packages/airflow/example_dags/example_external_task_marker_dag.py
[2026-09-06T09:13:39.583+0000] {logging_mixin.py:190} INFO - [2026-09-06T09:13:39.583+0000] {dag.py:3239} INFO - Sync 2 DAGs
[2026-09-06T09:13:39.595+0000] {logging_mixin.py:190} INFO - [2026-09-06T09:13:39.595+0000] {dag.py:4180} INFO - Setting next_dagrun for example_external_task_marker_child to None, run_after=None
[2026-09-06T09:13:39.598+0000] {logging_mixin.py:190} INFO - [2026-09-06T09:13:39.597+0000] {dag.py:4180} INFO - Setting next_dagrun for example_external_task_marker_parent to None, run_after=None
[2026-09-06T09:13:39.610+0000] {processor.py:208} INFO - Processing /home/airflow/.local/lib/python3.12/site-packages/airflow/example_dags/example_external_task_marker_dag.py took 0.057 seconds
[2026-09-06T09:14:11.021+0000] {processor.py:186} INFO - Started process (PID=2574) to work on /home/airflow/.local/lib/python3.12/site-packages/airflow/example_dags/example_external_task_marker_dag.py
[2026-09-06T09:14:11.022+0000] {processor.py:914} INFO - Processing file /home/airflow/.local/lib/python3.12/site-packages/airflow/example_dags/example_external_task_marker_dag.py for tasks to queue
[2026-09-06T09:14:11.024+0000] {logging_mixin.py:190} INFO - [2026-09-06T09:14:11.023+0000] {dagbag.py:588} INFO - Filling up the DagBag from /home/airflow/.local/lib/python3.12/site-packages/airflow/example_dags/example_external_task_marker_dag.py
[2026-09-06T09:14:11.030+0000] {processor.py:925} INFO - DAG(s) 'example_external_task_marker_parent', 'example_external_task_marker_child' retrieved from /home/airflow/.local/lib/python3.12/site-packages/airflow/example_dags/example_external_task_marker_dag.py
[2026-09-06T09:14:11.047+0000] {logging_mixin.py:190} INFO - [2026-09-06T09:14:11.047+0000] {dag.py:3239} INFO - Sync 2 DAGs
[2026-09-06T09:14:11.057+0000] {logging_mixin.py:190} INFO - [2026-09-06T09:14:11.057+0000] {dag.py:4180} INFO - Setting next_dagrun for example_external_task_marker_child to None, run_after=None
[2026-09-06T09:14:11.060+0000] {logging_mixin.py:190} INFO - [2026-09-06T09:14:11.060+0000] {dag.py:4180} INFO - Setting next_dagrun for example_external_task_marker_parent to None, run_after=None
[2026-09-06T09:14:11.072+0000] {processor.py:208} INFO - Processing /home/airflow/.local/lib/python3.12/site-packages/airflow/example_dags/example_external_task_marker_dag.py took 0.056 seconds
[2026-09-06T09:14:42.191+0000] {processor.py:186} INFO - Started process (PID=2638) to work on /home/airflow/.local/lib/python3.12/site-packages/airflow/example_dags/example_external_task_marker_dag.py
[2026-09-06T09:14:42.192+0000] {processor.py:914} INFO - Processing file /home/airflow/.local/lib/python3.12/site-packages/airflow/example_dags/example_external_task_marker_dag.py for tasks to queue
[2026-09-06T09:14:42.194+0000] {logging_mixin.py:190} INFO - [2026-09-06T09:14:42.194+0000] {dagbag.py:588} INFO - Filling up the DagBag from /home/airflow/.local/lib/python3.12/site-packages/airflow/example_dags/example_external_task_marker_dag.py
[2026-09-06T09:14:42.201+0000] {processor.py:925} INFO - DAG(s) 'example_external_task_marker_parent', 'example_external_task_marker_child' retrieved from /home/airflow/.local/lib/python3.12/site-packages/airflow/example_dags/example_external_task_marker_dag.py
[2026-09-06T09:14:42.220+0000] {logging_mixin.py:190} INFO - [2026-09-06T09:14:42.220+0000] {dag.py:3239} INFO - Sync 2 DAGs
[2026-09-06T09:14:42.231+0000] {logging_mixin.py:190} INFO - [2026-09-06T09:14:42.231+0000] {dag.py:4180} INFO - Setting next_dagrun for example_external_task_marker_child to None, run_after=None
[2026-09-06T09:14:42.234+0000] {logging_mixin.py:190} INFO - [2026-09-06T09:14:42.234+0000] {dag.py:4180} INFO - Setting next_dagrun for example_external_task_marker_parent to None, run_after=None
[2026-09-06T09:14:42.247+0000] {processor.py:208} INFO - Processing /home/airflow/.local/lib/python3.12/site-packages/airflow/example_dags/example_external_task_marker_dag.py took 0.061 seconds
[2026-09-06T09:15:13.342+0000] {processor.py:186} INFO - Started process (PID=2702) to work on /home/airflow/.local/lib/python3.12/site-packages/airflow/example_dags/example_external_task_marker_dag.py
[2026-09-06T09:15:13.343+0000] {processor.py:914} INFO - Processing file /home/airflow/.local/lib/python3.12/site-packages/airflow/example_dags/example_external_task_marker_dag.py for tasks to queue
[2026-09-06T09:15:13.346+0000] {logging_mixin.py:190} INFO - [2026-09-06T09:15:13.345+0000] {dagbag.py:588} INFO - Filling up the DagBag from /home/airflow/.local/lib/python3.12/site-packages/airflow/example_dags/example_external_task_marker_dag.py
[2026-09-06T09:15:13.353+0000] {processor.py:925} INFO - DAG(s) 'example_external_task_marker_child', 'example_external_task_marker_parent' retrieved from /home/airflow/.local/lib/python3.12/site-packages/airflow/example_dags/example_external_task_marker_dag.py
[2026-09-06T09:15:13.370+0000] {logging_mixin.py:190} INFO - [2026-09-06T09:15:13.370+0000] {dag.py:3239} INFO - Sync 2 DAGs
[2026-09-06T09:15:13.381+0000] {logging_mixin.py:190} INFO - [2026-09-06T09:15:13.381+0000] {dag.py:4180} INFO - Setting next_dagrun for example_external_task_marker_child to None, run_after=None
[2026-09-06T09:15:13.384+0000] {logging_mixin.py:190} INFO - [2026-09-06T09:15:13.384+0000] {dag.py:4180} INFO - Setting next_dagrun for example_external_task_marker_parent to None, run_after=None
[2026-09-06T09:15:13.397+0000] {processor.py:208} INFO - Processing /home/airflow/.local/lib/python3.12/site-packages/airflow/example_dags/example_external_task_marker_dag.py took 0.060 seconds
[2026-09-06T09:15:44.240+0000] {processor.py:186} INFO - Started process (PID=2768) to work on /home/airflow/.local/lib/python3.12/site-packages/airflow/example_dags/example_external_task_marker_dag.py
[2026-09-06T09:15:44.241+0000] {processor.py:914} INFO - Processing file /home/airflow/.local/lib/python3.12/site-packages/airflow/example_dags/example_external_task_marker_dag.py for tasks to queue
[2026-09-06T09:15:44.244+0000] {logging_mixin.py:190} INFO - [2026-09-06T09:15:44.243+0000] {dagbag.py:588} INFO - Filling up the DagBag from /home/airflow/.local/lib/python3.12/site-packages/airflow/example_dags/example_external_task_marker_dag.py
[2026-09-06T09:15:44.250+0000] {processor.py:925} INFO - DAG(s) 'example_external_task_marker_child', 'example_external_task_marker_parent' retrieved from /home/airflow/.local/lib/python3.12/site-packages/airflow/example_dags/example_external_task_marker_dag.py
[2026-09-06T09:15:44.268+0000] {logging_mixin.py:190} INFO - [2026-09-06T09:15:44.267+0000] {dag.py:3239} INFO - Sync 2 DAGs
[2026-09-06T09:15:44.279+0000] {logging_mixin.py:190} INFO - [2026-09-06T09:15:44.279+0000] {dag.py:4180} INFO - Setting next_dagrun for example_external_task_marker_child to None, run_after=None
[2026-09-06T09:15:44.283+0000] {logging_mixin.py:190} INFO - [2026-09-06T09:15:44.283+0000] {dag.py:4180} INFO - Setting next_dagrun for example_external_task_marker_parent to None, run_after=None
[2026-09-06T09:15:44.305+0000] {processor.py:208} INFO - Processing /home/airflow/.local/lib/python3.12/site-packages/airflow/example_dags/example_external_task_marker_dag.py took 0.070 seconds
[2026-09-06T09:16:14.976+0000] {processor.py:186} INFO - Started process (PID=2832) to work on /home/airflow/.local/lib/python3.12/site-packages/airflow/example_dags/example_external_task_marker_dag.py
[2026-09-06T09:16:14.977+0000] {processor.py:914} INFO - Processing file /home/airflow/.local/lib/python3.12/site-packages/airflow/example_dags/example_external_task_marker_dag.py for tasks to queue
[2026-09-06T09:16:14.979+0000] {logging_mixin.py:190} INFO - [2026-09-06T09:16:14.979+0000] {dagbag.py:588} INFO - Filling up the DagBag from /home/airflow/.local/lib/python3.12/site-packages/airflow/example_dags/example_external_task_marker_dag.py
[2026-09-06T09:16:14.986+0000] {processor.py:925} INFO - DAG(s) 'example_external_task_marker_child', 'example_external_task_marker_parent' retrieved from /home/airflow/.local/lib/python3.12/site-packages/airflow/example_dags/example_external_task_marker_dag.py
[2026-09-06T09:16:15.003+0000] {logging_mixin.py:190} INFO - [2026-09-06T09:16:15.003+0000] {dag.py:3239} INFO - Sync 2 DAGs
[2026-09-06T09:16:15.013+0000] {logging_mixin.py:190} INFO - [2026-09-06T09:16:15.013+0000] {dag.py:4180} INFO - Setting next_dagrun for example_external_task_marker_child to None, run_after=None
[2026-09-06T09:16:15.016+0000] {logging_mixin.py:190} INFO - [2026-09-06T09:16:15.016+0000] {dag.py:4180} INFO - Setting next_dagrun for example_external_task_marker_parent to None, run_after=None
[2026-09-06T09:16:15.029+0000] {processor.py:208} INFO - Processing /home/airflow/.local/lib/python3.12/site-packages/airflow/example_dags/example_external_task_marker_dag.py took 0.057 seconds
[2026-09-06T09:16:45.782+0000] {processor.py:186} INFO - Started process (PID=2896) to work on /home/airflow/.local/lib/python3.12/site-packages/airflow/example_dags/example_external_task_marker_dag.py
[2026-09-06T09:16:45.784+0000] {processor.py:914} INFO - Processing file /home/airflow/.local/lib/python3.12/site-packages/airflow/example_dags/example_external_task_marker_dag.py for tasks to queue
[2026-09-06T09:16:45.786+0000] {logging_mixin.py:190} INFO - [2026-09-06T09:16:45.786+0000] {dagbag.py:588} INFO - Filling up the DagBag from /home/airflow/.local/lib/python3.12/site-packages/airflow/example_dags/example_external_task_marker_dag.py
[2026-09-06T09:16:45.795+0000] {processor.py:925} INFO - DAG(s) 'example_external_task_marker_parent', 'example_external_task_marker_child' retrieved from /home/airflow/.local/lib/python3.12/site-packages/airflow/example_dags/example_external_task_marker_dag.py
[2026-09-06T09:16:45.818+0000] {logging_mixin.py:190} INFO - [2026-09-06T09:16:45.818+0000] {dag.py:3239} INFO - Sync 2 DAGs
[2026-09-06T09:16:45.831+0000] {logging_mixin.py:190} INFO - [2026-09-06T09:16:45.831+0000] {dag.py:4180} INFO - Setting next_dagrun for example_external_task_marker_child to None, run_after=None
[2026-09-06T09:16:45.836+0000] {logging_mixin.py:190} INFO - [2026-09-06T09:16:45.836+0000] {dag.py:4180} INFO - Setting next_dagrun for example_external_task_marker_parent to None, run_after=None
[2026-09-06T09:16:45.853+0000] {processor.py:208} INFO - Processing /home/airflow/.local/lib/python3.12/site-packages/airflow/example_dags/example_external_task_marker_dag.py took 0.076 seconds
[2026-09-06T09:17:16.476+0000] {processor.py:186} INFO - Started process (PID=2960) to work on /home/airflow/.local/lib/python3.12/site-packages/airflow/example_dags/example_external_task_marker_dag.py
[2026-09-06T09:17:16.477+0000] {processor.py:914} INFO - Processing file /home/airflow/.local/lib/python3.12/site-packages/airflow/example_dags/example_external_task_marker_dag.py for tasks to queue
[2026-09-06T09:17:16.479+0000] {logging_mixin.py:190} INFO - [2026-09-06T09:17:16.479+0000] {dagbag.py:588} INFO - Filling up the DagBag from /home/airflow/.local/lib/python3.12/site-packages/airflow/example_dags/example_external_task_marker_dag.py
[2026-09-06T09:17:16.486+0000] {processor.py:925} INFO - DAG(s) 'example_external_task_marker_parent', 'example_external_task_marker_child' retrieved from /home/airflow/.local/lib/python3.12/site-packages/airflow/example_dags/example_external_task_marker_dag.py
[2026-09-06T09:17:16.505+0000] {logging_mixin.py:190} INFO - [2026-09-06T09:17:16.505+0000] {dag.py:3239} INFO - Sync 2 DAGs
[2026-09-06T09:17:16.519+0000] {logging_mixin.py:190} INFO - [2026-09-06T09:17:16.518+0000] {dag.py:4180} INFO - Setting next_dagrun for example_external_task_marker_child to None, run_after=None
[2026-09-06T09:17:16.523+0000] {logging_mixin.py:190} INFO - [2026-09-06T09:17:16.522+0000] {dag.py:4180} INFO - Setting next_dagrun for example_external_task_marker_parent to None, run_after=None
[2026-09-06T09:17:16.537+0000] {processor.py:208} INFO - Processing /home/airflow/.local/lib/python3.12/site-packages/airflow/example_dags/example_external_task_marker_dag.py took 0.065 seconds
[2026-09-06T09:17:47.083+0000] {processor.py:186} INFO - Started process (PID=3024) to work on /home/airflow/.local/lib/python3.12/site-packages/airflow/example_dags/example_external_task_marker_dag.py
[2026-09-06T09:17:47.084+0000] {processor.py:914} INFO - Processing file /home/airflow/.local/lib/python3.12/site-packages/airflow/example_dags/example_external_task_marker_dag.py for tasks to queue
[2026-09-06T09:17:47.086+0000] {logging_mixin.py:190} INFO - [2026-09-06T09:17:47.086+0000] {dagbag.py:588} INFO - Filling up the DagBag from /home/airflow/.local/lib/python3.12/site-packages/airflow/example_dags/example_external_task_marker_dag.py
[2026-09-06T09:17:47.093+0000] {processor.py:925} INFO - DAG(s) 'example_external_task_marker_child', 'example_external_task_marker_parent' retrieved from /home/airflow/.local/lib/python3.12/site-packages/airflow/example_dags/example_external_task_marker_dag.py
[2026-09-06T09:17:47.110+0000] {logging_mixin.py:190} INFO - [2026-09-06T09:17:47.110+0000] {dag.py:3239} INFO - Sync 2 DAGs
[2026-09-06T09:17:47.122+0000] {logging_mixin.py:190} INFO - [2026-09-06T09:17:47.122+0000] {dag.py:4180} INFO - Setting next_dagrun for example_external_task_marker_child to None, run_after=None
[2026-09-06T09:17:47.125+0000] {logging_mixin.py:190} INFO - [2026-09-06T09:17:47.125+0000] {dag.py:4180} INFO - Setting next_dagrun for example_external_task_marker_parent to None, run_after=None
[2026-09-06T09:17:47.138+0000] {processor.py:208} INFO - Processing /home/airflow/.local/lib/python3.12/site-packages/airflow/example_dags/example_external_task_marker_dag.py took 0.059 seconds
[2026-09-06T09:18:18.608+0000] {processor.py:186} INFO - Started process (PID=3088) to work on /home/airflow/.local/lib/python3.12/site-packages/airflow/example_dags/example_external_task_marker_dag.py
[2026-09-06T09:18:18.609+0000] {processor.py:914} INFO - Processing file /home/airflow/.local/lib/python3.12/site-packages/airflow/example_dags/example_external_task_marker_dag.py for tasks to queue
[2026-09-06T09:18:18.611+0000] {logging_mixin.py:190} INFO - [2026-09-06T09:18:18.611+0000] {dagbag.py:588} INFO - Filling up the DagBag from /home/airflow/.local/lib/python3.12/site-packages/airflow/example_dags/example_external_task_marker_dag.py
[2026-09-06T09:18:18.618+0000] {processor.py:925} INFO - DAG(s) 'example_external_task_marker_child', 'example_external_task_marker_parent' retrieved from /home/airflow/.local/lib/python3.12/site-packages/airflow/example_dags/example_external_task_marker_dag.py
[2026-09-06T09:18:18.637+0000] {logging_mixin.py:190} INFO - [2026-09-06T09:18:18.636+0000] {dag.py:3239} INFO - Sync 2 DAGs
[2026-09-06T09:18:18.648+0000] {logging_mixin.py:190} INFO - [2026-09-06T09:18:18.648+0000] {dag.py:4180} INFO - Setting next_dagrun for example_external_task_marker_child to None, run_after=None
[2026-09-06T09:18:18.652+0000] {logging_mixin.py:190} INFO - [2026-09-06T09:18:18.652+0000] {dag.py:4180} INFO - Setting next_dagrun for example_external_task_marker_parent to None, run_after=None
[2026-09-06T09:18:18.871+0000] {processor.py:208} INFO - Processing /home/airflow/.local/lib/python3.12/site-packages/airflow/example_dags/example_external_task_marker_dag.py took 0.268 seconds
[2026-09-06T09:18:49.802+0000] {processor.py:186} INFO - Started process (PID=3152) to work on /home/airflow/.local/lib/python3.12/site-packages/airflow/example_dags/example_external_task_marker_dag.py
[2026-09-06T09:18:49.803+0000] {processor.py:914} INFO - Processing file /home/airflow/.local/lib/python3.12/site-packages/airflow/example_dags/example_external_task_marker_dag.py for tasks to queue
[2026-09-06T09:18:49.806+0000] {logging_mixin.py:190} INFO - [2026-09-06T09:18:49.805+0000] {dagbag.py:588} INFO - Filling up the DagBag from /home/airflow/.local/lib/python3.12/site-packages/airflow/example_dags/example_external_task_marker_dag.py
[2026-09-06T09:18:49.812+0000] {processor.py:925} INFO - DAG(s) 'example_external_task_marker_child', 'example_external_task_marker_parent' retrieved from /home/airflow/.local/lib/python3.12/site-packages/airflow/example_dags/example_external_task_marker_dag.py
[2026-09-06T09:18:49.831+0000] {logging_mixin.py:190} INFO - [2026-09-06T09:18:49.831+0000] {dag.py:3239} INFO - Sync 2 DAGs
[2026-09-06T09:18:49.843+0000] {logging_mixin.py:190} INFO - [2026-09-06T09:18:49.842+0000] {dag.py:4180} INFO - Setting next_dagrun for example_external_task_marker_child to None, run_after=None
[2026-09-06T09:18:49.846+0000] {logging_mixin.py:190} INFO - [2026-09-06T09:18:49.846+0000] {dag.py:4180} INFO - Setting next_dagrun for example_external_task_marker_parent to None, run_after=None
[2026-09-06T09:18:49.859+0000] {processor.py:208} INFO - Processing /home/airflow/.local/lib/python3.12/site-packages/airflow/example_dags/example_external_task_marker_dag.py took 0.062 seconds
[2026-09-06T09:19:20.412+0000] {processor.py:186} INFO - Started process (PID=3216) to work on /home/airflow/.local/lib/python3.12/site-packages/airflow/example_dags/example_external_task_marker_dag.py
[2026-09-06T09:19:20.413+0000] {processor.py:914} INFO - Processing file /home/airflow/.local/lib/python3.12/site-packages/airflow/example_dags/example_external_task_marker_dag.py for tasks to queue
[2026-09-06T09:19:20.415+0000] {logging_mixin.py:190} INFO - [2026-09-06T09:19:20.414+0000] {dagbag.py:588} INFO - Filling up the DagBag from /home/airflow/.local/lib/python3.12/site-packages/airflow/example_dags/example_external_task_marker_dag.py
[2026-09-06T09:19:20.421+0000] {processor.py:925} INFO - DAG(s) 'example_external_task_marker_child', 'example_external_task_marker_parent' retrieved from /home/airflow/.local/lib/python3.12/site-packages/airflow/example_dags/example_external_task_marker_dag.py
[2026-09-06T09:19:20.439+0000] {logging_mixin.py:190} INFO - [2026-09-06T09:19:20.438+0000] {dag.py:3239} INFO - Sync 2 DAGs
[2026-09-06T09:19:20.453+0000] {logging_mixin.py:190} INFO - [2026-09-06T09:19:20.452+0000] {dag.py:4180} INFO - Setting next_dagrun for example_external_task_marker_child to None, run_after=None
[2026-09-06T09:19:20.457+0000] {logging_mixin.py:190} INFO - [2026-09-06T09:19:20.457+0000] {dag.py:4180} INFO - Setting next_dagrun for example_external_task_marker_parent to None, run_after=None
[2026-09-06T09:19:20.473+0000] {processor.py:208} INFO - Processing /home/airflow/.local/lib/python3.12/site-packages/airflow/example_dags/example_external_task_marker_dag.py took 0.065 seconds
[2026-09-06T09:19:51.883+0000] {processor.py:186} INFO - Started process (PID=3282) to work on /home/airflow/.local/lib/python3.12/site-packages/airflow/example_dags/example_external_task_marker_dag.py
[2026-09-06T09:19:51.884+0000] {processor.py:914} INFO - Processing file /home/airflow/.local/lib/python3.12/site-packages/airflow/example_dags/example_external_task_marker_dag.py for tasks to queue
[2026-09-06T09:19:51.886+0000] {logging_mixin.py:190} INFO - [2026-09-06T09:19:51.886+0000] {dagbag.py:588} INFO - Filling up the DagBag from /home/airflow/.local/lib/python3.12/site-packages/airflow/example_dags/example_external_task_marker_dag.py
[2026-09-06T09:19:51.893+0000] {processor.py:925} INFO - DAG(s) 'example_external_task_marker_child', 'example_external_task_marker_parent' retrieved from /home/airflow/.local/lib/python3.12/site-packages/airflow/example_dags/example_external_task_marker_dag.py
[2026-09-06T09:19:51.910+0000] {logging_mixin.py:190} INFO - [2026-09-06T09:19:51.909+0000] {dag.py:3239} INFO - Sync 2 DAGs
[2026-09-06T09:19:51.920+0000] {logging_mixin.py:190} INFO - [2026-09-06T09:19:51.920+0000] {dag.py:4180} INFO - Setting next_dagrun for example_external_task_marker_child to None, run_after=None
[2026-09-06T09:19:51.923+0000] {logging_mixin.py:190} INFO - [2026-09-06T09:19:51.922+0000] {dag.py:4180} INFO - Setting next_dagrun for example_external_task_marker_parent to None, run_after=None
[2026-09-06T09:19:51.935+0000] {processor.py:208} INFO - Processing /home/airflow/.local/lib/python3.12/site-packages/airflow/example_dags/example_external_task_marker_dag.py took 0.056 seconds
[2026-09-06T09:20:23.697+0000] {processor.py:186} INFO - Started process (PID=3348) to work on /home/airflow/.local/lib/python3.12/site-packages/airflow/example_dags/example_external_task_marker_dag.py
[2026-09-06T09:20:23.698+0000] {processor.py:914} INFO - Processing file /home/airflow/.local/lib/python3.12/site-packages/airflow/example_dags/example_external_task_marker_dag.py for tasks to queue
[2026-09-06T09:20:23.700+0000] {logging_mixin.py:190} INFO - [2026-09-06T09:20:23.700+0000] {dagbag.py:588} INFO - Filling up the DagBag from /home/airflow/.local/lib/python3.12/site-packages/airflow/example_dags/example_external_task_marker_dag.py
[2026-09-06T09:20:23.706+0000] {processor.py:925} INFO - DAG(s) 'example_external_task_marker_child', 'example_external_task_marker_parent' retrieved from /home/airflow/.local/lib/python3.12/site-packages/airflow/example_dags/example_external_task_marker_dag.py
[2026-09-06T09:20:23.724+0000] {logging_mixin.py:190} INFO - [2026-09-06T09:20:23.724+0000] {dag.py:3239} INFO - Sync 2 DAGs
[2026-09-06T09:20:23.905+0000] {logging_mixin.py:190} INFO - [2026-09-06T09:20:23.904+0000] {dag.py:4180} INFO - Setting next_dagrun for example_external_task_marker_child to None, run_after=None
[2026-09-06T09:20:23.908+0000] {logging_mixin.py:190} INFO - [2026-09-06T09:20:23.908+0000] {dag.py:4180} INFO - Setting next_dagrun for example_external_task_marker_parent to None, run_after=None
[2026-09-06T09:20:23.920+0000] {processor.py:208} INFO - Processing /home/airflow/.local/lib/python3.12/site-packages/airflow/example_dags/example_external_task_marker_dag.py took 0.228 seconds
[2026-09-06T09:20:54.685+0000] {processor.py:186} INFO - Started process (PID=3412) to work on /home/airflow/.local/lib/python3.12/site-packages/airflow/example_dags/example_external_task_marker_dag.py
[2026-09-06T09:20:54.686+0000] {processor.py:914} INFO - Processing file /home/airflow/.local/lib/python3.12/site-packages/airflow/example_dags/example_external_task_marker_dag.py for tasks to queue
[2026-09-06T09:20:54.689+0000] {logging_mixin.py:190} INFO - [2026-09-06T09:20:54.688+0000] {dagbag.py:588} INFO - Filling up the DagBag from /home/airflow/.local/lib/python3.12/site-packages/airflow/example_dags/example_external_task_marker_dag.py
[2026-09-06T09:20:54.697+0000] {processor.py:925} INFO - DAG(s) 'example_external_task_marker_parent', 'example_external_task_marker_child' retrieved from /home/airflow/.local/lib/python3.12/site-packages/airflow/example_dags/example_external_task_marker_dag.py
[2026-09-06T09:20:54.716+0000] {logging_mixin.py:190} INFO - [2026-09-06T09:20:54.716+0000] {dag.py:3239} INFO - Sync 2 DAGs
[2026-09-06T09:20:54.728+0000] {logging_mixin.py:190} INFO - [2026-09-06T09:20:54.728+0000] {dag.py:4180} INFO - Setting next_dagrun for example_external_task_marker_child to None, run_after=None
[2026-09-06T09:20:54.731+0000] {logging_mixin.py:190} INFO - [2026-09-06T09:20:54.731+0000] {dag.py:4180} INFO - Setting next_dagrun for example_external_task_marker_parent to None, run_after=None
[2026-09-06T09:20:54.746+0000] {processor.py:208} INFO - Processing /home/airflow/.local/lib/python3.12/site-packages/airflow/example_dags/example_external_task_marker_dag.py took 0.066 seconds
[2026-09-06T09:21:26.121+0000] {processor.py:186} INFO - Started process (PID=3478) to work on /home/airflow/.local/lib/python3.12/site-packages/airflow/example_dags/example_external_task_marker_dag.py
[2026-09-06T09:21:26.122+0000] {processor.py:914} INFO - Processing file /home/airflow/.local/lib/python3.12/site-packages/airflow/example_dags/example_external_task_marker_dag.py for tasks to queue
[2026-09-06T09:21:26.125+0000] {logging_mixin.py:190} INFO - [2026-09-06T09:21:26.124+0000] {dagbag.py:588} INFO - Filling up the DagBag from /home/airflow/.local/lib/python3.12/site-packages/airflow/example_dags/example_external_task_marker_dag.py
[2026-09-06T09:21:26.131+0000] {processor.py:925} INFO - DAG(s) 'example_external_task_marker_child', 'example_external_task_marker_parent' retrieved from /home/airflow/.local/lib/python3.12/site-packages/airflow/example_dags/example_external_task_marker_dag.py
[2026-09-06T09:21:26.150+0000] {logging_mixin.py:190} INFO - [2026-09-06T09:21:26.150+0000] {dag.py:3239} INFO - Sync 2 DAGs
[2026-09-06T09:21:26.163+0000] {logging_mixin.py:190} INFO - [2026-09-06T09:21:26.162+0000] {dag.py:4180} INFO - Setting next_dagrun for example_external_task_marker_child to None, run_after=None
[2026-09-06T09:21:26.166+0000] {logging_mixin.py:190} INFO - [2026-09-06T09:21:26.166+0000] {dag.py:4180} INFO - Setting next_dagrun for example_external_task_marker_parent to None, run_after=None
[2026-09-06T09:21:26.181+0000] {processor.py:208} INFO - Processing /home/airflow/.local/lib/python3.12/site-packages/airflow/example_dags/example_external_task_marker_dag.py took 0.064 seconds
[2026-09-06T09:21:57.483+0000] {processor.py:186} INFO - Started process (PID=3545) to work on /home/airflow/.local/lib/python3.12/site-packages/airflow/example_dags/example_external_task_marker_dag.py
[2026-09-06T09:21:57.484+0000] {processor.py:914} INFO - Processing file /home/airflow/.local/lib/python3.12/site-packages/airflow/example_dags/example_external_task_marker_dag.py for tasks to queue
[2026-09-06T09:21:57.486+0000] {logging_mixin.py:190} INFO - [2026-09-06T09:21:57.486+0000] {dagbag.py:588} INFO - Filling up the DagBag from /home/airflow/.local/lib/python3.12/site-packages/airflow/example_dags/example_external_task_marker_dag.py
[2026-09-06T09:21:57.494+0000] {processor.py:925} INFO - DAG(s) 'example_external_task_marker_child', 'example_external_task_marker_parent' retrieved from /home/airflow/.local/lib/python3.12/site-packages/airflow/example_dags/example_external_task_marker_dag.py
[2026-09-06T09:21:57.513+0000] {logging_mixin.py:190} INFO - [2026-09-06T09:21:57.513+0000] {dag.py:3239} INFO - Sync 2 DAGs
[2026-09-06T09:21:57.524+0000] {logging_mixin.py:190} INFO - [2026-09-06T09:21:57.524+0000] {dag.py:4180} INFO - Setting next_dagrun for example_external_task_marker_child to None, run_after=None
[2026-09-06T09:21:57.527+0000] {logging_mixin.py:190} INFO - [2026-09-06T09:21:57.527+0000] {dag.py:4180} INFO - Setting next_dagrun for example_external_task_marker_parent to None, run_after=None
[2026-09-06T09:21:57.539+0000] {processor.py:208} INFO - Processing /home/airflow/.local/lib/python3.12/site-packages/airflow/example_dags/example_external_task_marker_dag.py took 0.062 seconds
[2026-09-06T09:22:28.480+0000] {processor.py:186} INFO - Started process (PID=3609) to work on /home/airflow/.local/lib/python3.12/site-packages/airflow/example_dags/example_external_task_marker_dag.py
[2026-09-06T09:22:28.481+0000] {processor.py:914} INFO - Processing file /home/airflow/.local/lib/python3.12/site-packages/airflow/example_dags/example_external_task_marker_dag.py for tasks to queue
[2026-09-06T09:22:28.483+0000] {logging_mixin.py:190} INFO - [2026-09-06T09:22:28.483+0000] {dagbag.py:588} INFO - Filling up the DagBag from /home/airflow/.local/lib/python3.12/site-packages/airflow/example_dags/example_external_task_marker_dag.py
[2026-09-06T09:22:28.490+0000] {processor.py:925} INFO - DAG(s) 'example_external_task_marker_parent', 'example_external_task_marker_child' retrieved from /home/airflow/.local/lib/python3.12/site-packages/airflow/example_dags/example_external_task_marker_dag.py
[2026-09-06T09:22:28.509+0000] {logging_mixin.py:190} INFO - [2026-09-06T09:22:28.509+0000] {dag.py:3239} INFO - Sync 2 DAGs
[2026-09-06T09:22:28.521+0000] {logging_mixin.py:190} INFO - [2026-09-06T09:22:28.521+0000] {dag.py:4180} INFO - Setting next_dagrun for example_external_task_marker_child to None, run_after=None
[2026-09-06T09:22:28.524+0000] {logging_mixin.py:190} INFO - [2026-09-06T09:22:28.524+0000] {dag.py:4180} INFO - Setting next_dagrun for example_external_task_marker_parent to None, run_after=None
[2026-09-06T09:22:28.537+0000] {processor.py:208} INFO - Processing /home/airflow/.local/lib/python3.12/site-packages/airflow/example_dags/example_external_task_marker_dag.py took 0.062 seconds
[2026-09-06T09:22:59.417+0000] {processor.py:186} INFO - Started process (PID=3673) to work on /home/airflow/.local/lib/python3.12/site-packages/airflow/example_dags/example_external_task_marker_dag.py
[2026-09-06T09:22:59.418+0000] {processor.py:914} INFO - Processing file /home/airflow/.local/lib/python3.12/site-packages/airflow/example_dags/example_external_task_marker_dag.py for tasks to queue
[2026-09-06T09:22:59.421+0000] {logging_mixin.py:190} INFO - [2026-09-06T09:22:59.420+0000] {dagbag.py:588} INFO - Filling up the DagBag from /home/airflow/.local/lib/python3.12/site-packages/airflow/example_dags/example_external_task_marker_dag.py
[2026-09-06T09:22:59.427+0000] {processor.py:925} INFO - DAG(s) 'example_external_task_marker_child', 'example_external_task_marker_parent' retrieved from /home/airflow/.local/lib/python3.12/site-packages/airflow/example_dags/example_external_task_marker_dag.py
[2026-09-06T09:22:59.447+0000] {logging_mixin.py:190} INFO - [2026-09-06T09:22:59.447+0000] {dag.py:3239} INFO - Sync 2 DAGs
[2026-09-06T09:22:59.460+0000] {logging_mixin.py:190} INFO - [2026-09-06T09:22:59.460+0000] {dag.py:4180} INFO - Setting next_dagrun for example_external_task_marker_child to None, run_after=None
[2026-09-06T09:22:59.463+0000] {logging_mixin.py:190} INFO - [2026-09-06T09:22:59.463+0000] {dag.py:4180} INFO - Setting next_dagrun for example_external_task_marker_parent to None, run_after=None
[2026-09-06T09:22:59.480+0000] {processor.py:208} INFO - Processing /home/airflow/.local/lib/python3.12/site-packages/airflow/example_dags/example_external_task_marker_dag.py took 0.067 seconds
[2026-09-06T09:23:30.677+0000] {processor.py:186} INFO - Started process (PID=3745) to work on /home/airflow/.local/lib/python3.12/site-packages/airflow/example_dags/example_external_task_marker_dag.py
[2026-09-06T09:23:30.678+0000] {processor.py:914} INFO - Processing file /home/airflow/.local/lib/python3.12/site-packages/airflow/example_dags/example_external_task_marker_dag.py for tasks to queue
[2026-09-06T09:23:30.680+0000] {logging_mixin.py:190} INFO - [2026-09-06T09:23:30.680+0000] {dagbag.py:588} INFO - Filling up the DagBag from /home/airflow/.local/lib/python3.12/site-packages/airflow/example_dags/example_external_task_marker_dag.py
[2026-09-06T09:23:30.687+0000] {processor.py:925} INFO - DAG(s) 'example_external_task_marker_child', 'example_external_task_marker_parent' retrieved from /home/airflow/.local/lib/python3.12/site-packages/airflow/example_dags/example_external_task_marker_dag.py
[2026-09-06T09:23:30.705+0000] {logging_mixin.py:190} INFO - [2026-09-06T09:23:30.705+0000] {dag.py:3239} INFO - Sync 2 DAGs
[2026-09-06T09:23:30.718+0000] {logging_mixin.py:190} INFO - [2026-09-06T09:23:30.717+0000] {dag.py:4180} INFO - Setting next_dagrun for example_external_task_marker_child to None, run_after=None
[2026-09-06T09:23:30.721+0000] {logging_mixin.py:190} INFO - [2026-09-06T09:23:30.721+0000] {dag.py:4180} INFO - Setting next_dagrun for example_external_task_marker_parent to None, run_after=None
[2026-09-06T09:23:30.734+0000] {processor.py:208} INFO - Processing /home/airflow/.local/lib/python3.12/site-packages/airflow/example_dags/example_external_task_marker_dag.py took 0.062 seconds
[2026-09-06T09:24:01.484+0000] {processor.py:186} INFO - Started process (PID=3809) to work on /home/airflow/.local/lib/python3.12/site-packages/airflow/example_dags/example_external_task_marker_dag.py
[2026-09-06T09:24:01.485+0000] {processor.py:914} INFO - Processing file /home/airflow/.local/lib/python3.12/site-packages/airflow/example_dags/example_external_task_marker_dag.py for tasks to queue
[2026-09-06T09:24:01.486+0000] {logging_mixin.py:190} INFO - [2026-09-06T09:24:01.486+0000] {dagbag.py:588} INFO - Filling up the DagBag from /home/airflow/.local/lib/python3.12/site-packages/airflow/example_dags/example_external_task_marker_dag.py
[2026-09-06T09:24:01.493+0000] {processor.py:925} INFO - DAG(s) 'example_external_task_marker_child', 'example_external_task_marker_parent' retrieved from /home/airflow/.local/lib/python3.12/site-packages/airflow/example_dags/example_external_task_marker_dag.py
[2026-09-06T09:24:01.511+0000] {logging_mixin.py:190} INFO - [2026-09-06T09:24:01.511+0000] {dag.py:3239} INFO - Sync 2 DAGs
[2026-09-06T09:24:01.522+0000] {logging_mixin.py:190} INFO - [2026-09-06T09:24:01.522+0000] {dag.py:4180} INFO - Setting next_dagrun for example_external_task_marker_child to None, run_after=None
[2026-09-06T09:24:01.525+0000] {logging_mixin.py:190} INFO - [2026-09-06T09:24:01.525+0000] {dag.py:4180} INFO - Setting next_dagrun for example_external_task_marker_parent to None, run_after=None
[2026-09-06T09:24:01.539+0000] {processor.py:208} INFO - Processing /home/airflow/.local/lib/python3.12/site-packages/airflow/example_dags/example_external_task_marker_dag.py took 0.060 seconds
[2026-09-06T09:24:32.932+0000] {processor.py:186} INFO - Started process (PID=3875) to work on /home/airflow/.local/lib/python3.12/site-packages/airflow/example_dags/example_external_task_marker_dag.py
[2026-09-06T09:24:32.933+0000] {processor.py:914} INFO - Processing file /home/airflow/.local/lib/python3.12/site-packages/airflow/example_dags/example_external_task_marker_dag.py for tasks to queue
[2026-09-06T09:24:32.935+0000] {logging_mixin.py:190} INFO - [2026-09-06T09:24:32.935+0000] {dagbag.py:588} INFO - Filling up the DagBag from /home/airflow/.local/lib/python3.12/site-packages/airflow/example_dags/example_external_task_marker_dag.py
[2026-09-06T09:24:32.941+0000] {processor.py:925} INFO - DAG(s) 'example_external_task_marker_parent', 'example_external_task_marker_child' retrieved from /home/airflow/.local/lib/python3.12/site-packages/airflow/example_dags/example_external_task_marker_dag.py
[2026-09-06T09:24:32.958+0000] {logging_mixin.py:190} INFO - [2026-09-06T09:24:32.958+0000] {dag.py:3239} INFO - Sync 2 DAGs
[2026-09-06T09:24:32.971+0000] {logging_mixin.py:190} INFO - [2026-09-06T09:24:32.971+0000] {dag.py:4180} INFO - Setting next_dagrun for example_external_task_marker_child to None, run_after=None
[2026-09-06T09:24:32.974+0000] {logging_mixin.py:190} INFO - [2026-09-06T09:24:32.974+0000] {dag.py:4180} INFO - Setting next_dagrun for example_external_task_marker_parent to None, run_after=None
[2026-09-06T09:24:32.988+0000] {processor.py:208} INFO - Processing /home/airflow/.local/lib/python3.12/site-packages/airflow/example_dags/example_external_task_marker_dag.py took 0.061 seconds
[2026-09-06T09:25:03.913+0000] {processor.py:186} INFO - Started process (PID=3939) to work on /home/airflow/.local/lib/python3.12/site-packages/airflow/example_dags/example_external_task_marker_dag.py
[2026-09-06T09:25:03.914+0000] {processor.py:914} INFO - Processing file /home/airflow/.local/lib/python3.12/site-packages/airflow/example_dags/example_external_task_marker_dag.py for tasks to queue
[2026-09-06T09:25:03.917+0000] {logging_mixin.py:190} INFO - [2026-09-06T09:25:03.916+0000] {dagbag.py:588} INFO - Filling up the DagBag from /home/airflow/.local/lib/python3.12/site-packages/airflow/example_dags/example_external_task_marker_dag.py
[2026-09-06T09:25:03.924+0000] {processor.py:925} INFO - DAG(s) 'example_external_task_marker_child', 'example_external_task_marker_parent' retrieved from /home/airflow/.local/lib/python3.12/site-packages/airflow/example_dags/example_external_task_marker_dag.py
[2026-09-06T09:25:03.943+0000] {logging_mixin.py:190} INFO - [2026-09-06T09:25:03.943+0000] {dag.py:3239} INFO - Sync 2 DAGs
[2026-09-06T09:25:03.954+0000] {logging_mixin.py:190} INFO - [2026-09-06T09:25:03.954+0000] {dag.py:4180} INFO - Setting next_dagrun for example_external_task_marker_child to None, run_after=None
[2026-09-06T09:25:03.958+0000] {logging_mixin.py:190} INFO - [2026-09-06T09:25:03.957+0000] {dag.py:4180} INFO - Setting next_dagrun for example_external_task_marker_parent to None, run_after=None
[2026-09-06T09:25:03.971+0000] {processor.py:208} INFO - Processing /home/airflow/.local/lib/python3.12/site-packages/airflow/example_dags/example_external_task_marker_dag.py took 0.066 seconds
[2026-09-06T09:25:35.174+0000] {processor.py:186} INFO - Started process (PID=4003) to work on /home/airflow/.local/lib/python3.12/site-packages/airflow/example_dags/example_external_task_marker_dag.py
[2026-09-06T09:25:35.175+0000] {processor.py:914} INFO - Processing file /home/airflow/.local/lib/python3.12/site-packages/airflow/example_dags/example_external_task_marker_dag.py for tasks to queue
[2026-09-06T09:25:35.177+0000] {logging_mixin.py:190} INFO - [2026-09-06T09:25:35.177+0000] {dagbag.py:588} INFO - Filling up the DagBag from /home/airflow/.local/lib/python3.12/site-packages/airflow/example_dags/example_external_task_marker_dag.py
[2026-09-06T09:25:35.184+0000] {processor.py:925} INFO - DAG(s) 'example_external_task_marker_parent', 'example_external_task_marker_child' retrieved from /home/airflow/.local/lib/python3.12/site-packages/airflow/example_dags/example_external_task_marker_dag.py
[2026-09-06T09:25:35.203+0000] {logging_mixin.py:190} INFO - [2026-09-06T09:25:35.202+0000] {dag.py:3239} INFO - Sync 2 DAGs
[2026-09-06T09:25:35.215+0000] {logging_mixin.py:190} INFO - [2026-09-06T09:25:35.214+0000] {dag.py:4180} INFO - Setting next_dagrun for example_external_task_marker_child to None, run_after=None
[2026-09-06T09:25:35.218+0000] {logging_mixin.py:190} INFO - [2026-09-06T09:25:35.218+0000] {dag.py:4180} INFO - Setting next_dagrun for example_external_task_marker_parent to None, run_after=None
[2026-09-06T09:25:35.232+0000] {processor.py:208} INFO - Processing /home/airflow/.local/lib/python3.12/site-packages/airflow/example_dags/example_external_task_marker_dag.py took 0.063 seconds
[2026-09-06T09:26:05.649+0000] {processor.py:186} INFO - Started process (PID=4067) to work on /home/airflow/.local/lib/python3.12/site-packages/airflow/example_dags/example_external_task_marker_dag.py
[2026-09-06T09:26:05.650+0000] {processor.py:914} INFO - Processing file /home/airflow/.local/lib/python3.12/site-packages/airflow/example_dags/example_external_task_marker_dag.py for tasks to queue
[2026-09-06T09:26:05.652+0000] {logging_mixin.py:190} INFO - [2026-09-06T09:26:05.652+0000] {dagbag.py:588} INFO - Filling up the DagBag from /home/airflow/.local/lib/python3.12/site-packages/airflow/example_dags/example_external_task_marker_dag.py
[2026-09-06T09:26:05.659+0000] {processor.py:925} INFO - DAG(s) 'example_external_task_marker_child', 'example_external_task_marker_parent' retrieved from /home/airflow/.local/lib/python3.12/site-packages/airflow/example_dags/example_external_task_marker_dag.py
[2026-09-06T09:26:05.678+0000] {logging_mixin.py:190} INFO - [2026-09-06T09:26:05.678+0000] {dag.py:3239} INFO - Sync 2 DAGs
[2026-09-06T09:26:05.689+0000] {logging_mixin.py:190} INFO - [2026-09-06T09:26:05.689+0000] {dag.py:4180} INFO - Setting next_dagrun for example_external_task_marker_child to None, run_after=None
[2026-09-06T09:26:05.692+0000] {logging_mixin.py:190} INFO - [2026-09-06T09:26:05.692+0000] {dag.py:4180} INFO - Setting next_dagrun for example_external_task_marker_parent to None, run_after=None
[2026-09-06T09:26:05.705+0000] {processor.py:208} INFO - Processing /home/airflow/.local/lib/python3.12/site-packages/airflow/example_dags/example_external_task_marker_dag.py took 0.062 seconds
[2026-09-06T09:26:35.851+0000] {processor.py:186} INFO - Started process (PID=4130) to work on /home/airflow/.local/lib/python3.12/site-packages/airflow/example_dags/example_external_task_marker_dag.py
[2026-09-06T09:26:35.852+0000] {processor.py:914} INFO - Processing file /home/airflow/.local/lib/python3.12/site-packages/airflow/example_dags/example_external_task_marker_dag.py for tasks to queue
[2026-09-06T09:26:35.854+0000] {logging_mixin.py:190} INFO - [2026-09-06T09:26:35.853+0000] {dagbag.py:588} INFO - Filling up the DagBag from /home/airflow/.local/lib/python3.12/site-packages/airflow/example_dags/example_external_task_marker_dag.py
[2026-09-06T09:26:35.861+0000] {processor.py:925} INFO - DAG(s) 'example_external_task_marker_child', 'example_external_task_marker_parent' retrieved from /home/airflow/.local/lib/python3.12/site-packages/airflow/example_dags/example_external_task_marker_dag.py
[2026-09-06T09:26:35.880+0000] {logging_mixin.py:190} INFO - [2026-09-06T09:26:35.880+0000] {dag.py:3239} INFO - Sync 2 DAGs
[2026-09-06T09:26:35.892+0000] {logging_mixin.py:190} INFO - [2026-09-06T09:26:35.892+0000] {dag.py:4180} INFO - Setting next_dagrun for example_external_task_marker_child to None, run_after=None
[2026-09-06T09:26:35.895+0000] {logging_mixin.py:190} INFO - [2026-09-06T09:26:35.895+0000] {dag.py:4180} INFO - Setting next_dagrun for example_external_task_marker_parent to None, run_after=None
[2026-09-06T09:26:35.909+0000] {processor.py:208} INFO - Processing /home/airflow/.local/lib/python3.12/site-packages/airflow/example_dags/example_external_task_marker_dag.py took 0.063 seconds
[2026-09-06T09:27:06.027+0000] {processor.py:186} INFO - Started process (PID=4195) to work on /home/airflow/.local/lib/python3.12/site-packages/airflow/example_dags/example_external_task_marker_dag.py
[2026-09-06T09:27:06.028+0000] {processor.py:914} INFO - Processing file /home/airflow/.local/lib/python3.12/site-packages/airflow/example_dags/example_external_task_marker_dag.py for tasks to queue
[2026-09-06T09:27:06.030+0000] {logging_mixin.py:190} INFO - [2026-09-06T09:27:06.030+0000] {dagbag.py:588} INFO - Filling up the DagBag from /home/airflow/.local/lib/python3.12/site-packages/airflow/example_dags/example_external_task_marker_dag.py
[2026-09-06T09:27:06.037+0000] {processor.py:925} INFO - DAG(s) 'example_external_task_marker_child', 'example_external_task_marker_parent' retrieved from /home/airflow/.local/lib/python3.12/site-packages/airflow/example_dags/example_external_task_marker_dag.py
[2026-09-06T09:27:06.056+0000] {logging_mixin.py:190} INFO - [2026-09-06T09:27:06.056+0000] {dag.py:3239} INFO - Sync 2 DAGs
[2026-09-06T09:27:06.069+0000] {logging_mixin.py:190} INFO - [2026-09-06T09:27:06.069+0000] {dag.py:4180} INFO - Setting next_dagrun for example_external_task_marker_child to None, run_after=None
[2026-09-06T09:27:06.072+0000] {logging_mixin.py:190} INFO - [2026-09-06T09:27:06.072+0000] {dag.py:4180} INFO - Setting next_dagrun for example_external_task_marker_parent to None, run_after=None
[2026-09-06T09:27:06.086+0000] {processor.py:208} INFO - Processing /home/airflow/.local/lib/python3.12/site-packages/airflow/example_dags/example_external_task_marker_dag.py took 0.063 seconds
