[2026-09-06T08:53:59.686+0000] {processor.py:186} INFO - Started process (PID=83) to work on /home/airflow/.local/lib/python3.12/site-packages/airflow/example_dags/example_xcom.py
[2026-09-06T08:53:59.688+0000] {processor.py:914} INFO - Processing file /home/airflow/.local/lib/python3.12/site-packages/airflow/example_dags/example_xcom.py for tasks to queue
[2026-09-06T08:53:59.691+0000] {logging_mixin.py:190} INFO - [2026-09-06T08:53:59.690+0000] {dagbag.py:588} INFO - Filling up the DagBag from /home/airflow/.local/lib/python3.12/site-packages/airflow/example_dags/example_xcom.py
[2026-09-06T08:53:59.701+0000] {processor.py:925} INFO - DAG(s) 'example_xcom' retrieved from /home/airflow/.local/lib/python3.12/site-packages/airflow/example_dags/example_xcom.py
[2026-09-06T08:53:59.812+0000] {logging_mixin.py:190} INFO - [2026-09-06T08:53:59.811+0000] {override.py:1911} INFO - Created Permission View: can edit on DAG:example_xcom
[2026-09-06T08:53:59.823+0000] {logging_mixin.py:190} INFO - [2026-09-06T08:53:59.822+0000] {override.py:1911} INFO - Created Permission View: can delete on DAG:example_xcom
[2026-09-06T08:53:59.831+0000] {logging_mixin.py:190} INFO - [2026-09-06T08:53:59.831+0000] {override.py:1911} INFO - Created Permission View: can read on DAG:example_xcom
[2026-09-06T08:53:59.843+0000] {logging_mixin.py:190} INFO - [2026-09-06T08:53:59.843+0000] {override.py:1911} INFO - Created Permission View: can create on DAG Run:example_xcom
[2026-09-06T08:53:59.851+0000] {logging_mixin.py:190} INFO - [2026-09-06T08:53:59.850+0000] {override.py:1911} INFO - Created Permission View: can delete on DAG Run:example_xcom
[2026-09-06T08:53:59.858+0000] {logging_mixin.py:190} INFO - [2026-09-06T08:53:59.858+0000] {override.py:1911} INFO - Created Permission View: can read on DAG Run:example_xcom
[2026-09-06T08:53:59.866+0000] {logging_mixin.py:190} INFO - [2026-09-06T08:53:59.865+0000] {override.py:1911} INFO - Created Permission View: menu access on DAG Run:example_xcom
[2026-09-06T08:53:59.867+0000] {logging_mixin.py:190} INFO - [2026-09-06T08:53:59.866+0000] {dag.py:3239} INFO - Sync 1 DAGs
[2026-09-06T08:53:59.878+0000] {logging_mixin.py:190} INFO - [2026-09-06T08:53:59.878+0000] {dag.py:3262} INFO - Creating ORM DAG for example_xcom
[2026-09-06T08:53:59.885+0000] {logging_mixin.py:190} INFO - [2026-09-06T08:53:59.885+0000] {dag.py:4180} INFO - Setting next_dagrun for example_xcom to 2021-01-01 00:00:00+00:00, run_after=2021-01-01 00:00:00+00:00
[2026-09-06T08:53:59.902+0000] {processor.py:208} INFO - Processing /home/airflow/.local/lib/python3.12/site-packages/airflow/example_dags/example_xcom.py took 0.222 seconds
[2026-09-06T08:54:30.265+0000] {processor.py:186} INFO - Started process (PID=146) to work on /home/airflow/.local/lib/python3.12/site-packages/airflow/example_dags/example_xcom.py
[2026-09-06T08:54:30.266+0000] {processor.py:914} INFO - Processing file /home/airflow/.local/lib/python3.12/site-packages/airflow/example_dags/example_xcom.py for tasks to queue
[2026-09-06T08:54:30.268+0000] {logging_mixin.py:190} INFO - [2026-09-06T08:54:30.268+0000] {dagbag.py:588} INFO - Filling up the DagBag from /home/airflow/.local/lib/python3.12/site-packages/airflow/example_dags/example_xcom.py
[2026-09-06T08:54:30.275+0000] {processor.py:925} INFO - DAG(s) 'example_xcom' retrieved from /home/airflow/.local/lib/python3.12/site-packages/airflow/example_dags/example_xcom.py
[2026-09-06T08:54:30.290+0000] {logging_mixin.py:190} INFO - [2026-09-06T08:54:30.290+0000] {dag.py:3239} INFO - Sync 1 DAGs
[2026-09-06T08:54:30.305+0000] {logging_mixin.py:190} INFO - [2026-09-06T08:54:30.305+0000] {dag.py:4180} INFO - Setting next_dagrun for example_xcom to 2021-01-01 00:00:00+00:00, run_after=2021-01-01 00:00:00+00:00
[2026-09-06T08:54:30.318+0000] {processor.py:208} INFO - Processing /home/airflow/.local/lib/python3.12/site-packages/airflow/example_dags/example_xcom.py took 0.058 seconds
[2026-09-06T08:55:01.225+0000] {processor.py:186} INFO - Started process (PID=209) to work on /home/airflow/.local/lib/python3.12/site-packages/airflow/example_dags/example_xcom.py
[2026-09-06T08:55:01.227+0000] {processor.py:914} INFO - Processing file /home/airflow/.local/lib/python3.12/site-packages/airflow/example_dags/example_xcom.py for tasks to queue
[2026-09-06T08:55:01.230+0000] {logging_mixin.py:190} INFO - [2026-09-06T08:55:01.230+0000] {dagbag.py:588} INFO - Filling up the DagBag from /home/airflow/.local/lib/python3.12/site-packages/airflow/example_dags/example_xcom.py
[2026-09-06T08:55:01.240+0000] {processor.py:925} INFO - DAG(s) 'example_xcom' retrieved from /home/airflow/.local/lib/python3.12/site-packages/airflow/example_dags/example_xcom.py
[2026-09-06T08:55:01.262+0000] {logging_mixin.py:190} INFO - [2026-09-06T08:55:01.262+0000] {dag.py:3239} INFO - Sync 1 DAGs
[2026-09-06T08:55:01.282+0000] {logging_mixin.py:190} INFO - [2026-09-06T08:55:01.281+0000] {dag.py:4180} INFO - Setting next_dagrun for example_xcom to 2021-01-01 00:00:00+00:00, run_after=2021-01-01 00:00:00+00:00
[2026-09-06T08:55:01.297+0000] {processor.py:208} INFO - Processing /home/airflow/.local/lib/python3.12/site-packages/airflow/example_dags/example_xcom.py took 0.079 seconds
[2026-09-06T08:55:31.873+0000] {processor.py:186} INFO - Started process (PID=271) to work on /home/airflow/.local/lib/python3.12/site-packages/airflow/example_dags/example_xcom.py
[2026-09-06T08:55:31.874+0000] {processor.py:914} INFO - Processing file /home/airflow/.local/lib/python3.12/site-packages/airflow/example_dags/example_xcom.py for tasks to queue
[2026-09-06T08:55:31.876+0000] {logging_mixin.py:190} INFO - [2026-09-06T08:55:31.876+0000] {dagbag.py:588} INFO - Filling up the DagBag from /home/airflow/.local/lib/python3.12/site-packages/airflow/example_dags/example_xcom.py
[2026-09-06T08:55:31.884+0000] {processor.py:925} INFO - DAG(s) 'example_xcom' retrieved from /home/airflow/.local/lib/python3.12/site-packages/airflow/example_dags/example_xcom.py
[2026-09-06T08:55:31.900+0000] {logging_mixin.py:190} INFO - [2026-09-06T08:55:31.900+0000] {dag.py:3239} INFO - Sync 1 DAGs
[2026-09-06T08:55:31.917+0000] {logging_mixin.py:190} INFO - [2026-09-06T08:55:31.917+0000] {dag.py:4180} INFO - Setting next_dagrun for example_xcom to 2021-01-01 00:00:00+00:00, run_after=2021-01-01 00:00:00+00:00
[2026-09-06T08:55:31.932+0000] {processor.py:208} INFO - Processing /home/airflow/.local/lib/python3.12/site-packages/airflow/example_dags/example_xcom.py took 0.063 seconds
[2026-09-06T08:56:03.258+0000] {processor.py:186} INFO - Started process (PID=334) to work on /home/airflow/.local/lib/python3.12/site-packages/airflow/example_dags/example_xcom.py
[2026-09-06T08:56:03.260+0000] {processor.py:914} INFO - Processing file /home/airflow/.local/lib/python3.12/site-packages/airflow/example_dags/example_xcom.py for tasks to queue
[2026-09-06T08:56:03.266+0000] {logging_mixin.py:190} INFO - [2026-09-06T08:56:03.266+0000] {dagbag.py:588} INFO - Filling up the DagBag from /home/airflow/.local/lib/python3.12/site-packages/airflow/example_dags/example_xcom.py
[2026-09-06T08:56:03.281+0000] {processor.py:925} INFO - DAG(s) 'example_xcom' retrieved from /home/airflow/.local/lib/python3.12/site-packages/airflow/example_dags/example_xcom.py
[2026-09-06T08:56:03.304+0000] {logging_mixin.py:190} INFO - [2026-09-06T08:56:03.304+0000] {dag.py:3239} INFO - Sync 1 DAGs
[2026-09-06T08:56:03.325+0000] {logging_mixin.py:190} INFO - [2026-09-06T08:56:03.325+0000] {dag.py:4180} INFO - Setting next_dagrun for example_xcom to 2021-01-01 00:00:00+00:00, run_after=2021-01-01 00:00:00+00:00
[2026-09-06T08:56:03.341+0000] {processor.py:208} INFO - Processing /home/airflow/.local/lib/python3.12/site-packages/airflow/example_dags/example_xcom.py took 0.094 seconds
[2026-09-06T08:56:33.994+0000] {processor.py:186} INFO - Started process (PID=397) to work on /home/airflow/.local/lib/python3.12/site-packages/airflow/example_dags/example_xcom.py
[2026-09-06T08:56:33.995+0000] {processor.py:914} INFO - Processing file /home/airflow/.local/lib/python3.12/site-packages/airflow/example_dags/example_xcom.py for tasks to queue
[2026-09-06T08:56:33.997+0000] {logging_mixin.py:190} INFO - [2026-09-06T08:56:33.997+0000] {dagbag.py:588} INFO - Filling up the DagBag from /home/airflow/.local/lib/python3.12/site-packages/airflow/example_dags/example_xcom.py
[2026-09-06T08:56:34.004+0000] {processor.py:925} INFO - DAG(s) 'example_xcom' retrieved from /home/airflow/.local/lib/python3.12/site-packages/airflow/example_dags/example_xcom.py
[2026-09-06T08:56:34.020+0000] {logging_mixin.py:190} INFO - [2026-09-06T08:56:34.020+0000] {dag.py:3239} INFO - Sync 1 DAGs
[2026-09-06T08:56:34.035+0000] {logging_mixin.py:190} INFO - [2026-09-06T08:56:34.034+0000] {dag.py:4180} INFO - Setting next_dagrun for example_xcom to 2021-01-01 00:00:00+00:00, run_after=2021-01-01 00:00:00+00:00
[2026-09-06T08:56:34.047+0000] {processor.py:208} INFO - Processing /home/airflow/.local/lib/python3.12/site-packages/airflow/example_dags/example_xcom.py took 0.058 seconds
[2026-09-06T08:57:04.995+0000] {processor.py:186} INFO - Started process (PID=460) to work on /home/airflow/.local/lib/python3.12/site-packages/airflow/example_dags/example_xcom.py
[2026-09-06T08:57:04.996+0000] {processor.py:914} INFO - Processing file /home/airflow/.local/lib/python3.12/site-packages/airflow/example_dags/example_xcom.py for tasks to queue
[2026-09-06T08:57:04.998+0000] {logging_mixin.py:190} INFO - [2026-09-06T08:57:04.998+0000] {dagbag.py:588} INFO - Filling up the DagBag from /home/airflow/.local/lib/python3.12/site-packages/airflow/example_dags/example_xcom.py
[2026-09-06T08:57:05.005+0000] {processor.py:925} INFO - DAG(s) 'example_xcom' retrieved from /home/airflow/.local/lib/python3.12/site-packages/airflow/example_dags/example_xcom.py
[2026-09-06T08:57:05.021+0000] {logging_mixin.py:190} INFO - [2026-09-06T08:57:05.020+0000] {dag.py:3239} INFO - Sync 1 DAGs
[2026-09-06T08:57:05.037+0000] {logging_mixin.py:190} INFO - [2026-09-06T08:57:05.036+0000] {dag.py:4180} INFO - Setting next_dagrun for example_xcom to 2021-01-01 00:00:00+00:00, run_after=2021-01-01 00:00:00+00:00
[2026-09-06T08:57:05.050+0000] {processor.py:208} INFO - Processing /home/airflow/.local/lib/python3.12/site-packages/airflow/example_dags/example_xcom.py took 0.060 seconds
[2026-09-06T08:57:35.615+0000] {processor.py:186} INFO - Started process (PID=523) to work on /home/airflow/.local/lib/python3.12/site-packages/airflow/example_dags/example_xcom.py
[2026-09-06T08:57:35.616+0000] {processor.py:914} INFO - Processing file /home/airflow/.local/lib/python3.12/site-packages/airflow/example_dags/example_xcom.py for tasks to queue
[2026-09-06T08:57:35.619+0000] {logging_mixin.py:190} INFO - [2026-09-06T08:57:35.619+0000] {dagbag.py:588} INFO - Filling up the DagBag from /home/airflow/.local/lib/python3.12/site-packages/airflow/example_dags/example_xcom.py
[2026-09-06T08:57:35.627+0000] {processor.py:925} INFO - DAG(s) 'example_xcom' retrieved from /home/airflow/.local/lib/python3.12/site-packages/airflow/example_dags/example_xcom.py
[2026-09-06T08:57:35.645+0000] {logging_mixin.py:190} INFO - [2026-09-06T08:57:35.645+0000] {dag.py:3239} INFO - Sync 1 DAGs
[2026-09-06T08:57:35.661+0000] {logging_mixin.py:190} INFO - [2026-09-06T08:57:35.661+0000] {dag.py:4180} INFO - Setting next_dagrun for example_xcom to 2021-01-01 00:00:00+00:00, run_after=2021-01-01 00:00:00+00:00
[2026-09-06T08:57:35.675+0000] {processor.py:208} INFO - Processing /home/airflow/.local/lib/python3.12/site-packages/airflow/example_dags/example_xcom.py took 0.065 seconds
[2026-09-06T08:58:06.806+0000] {processor.py:186} INFO - Started process (PID=586) to work on /home/airflow/.local/lib/python3.12/site-packages/airflow/example_dags/example_xcom.py
[2026-09-06T08:58:06.807+0000] {processor.py:914} INFO - Processing file /home/airflow/.local/lib/python3.12/site-packages/airflow/example_dags/example_xcom.py for tasks to queue
[2026-09-06T08:58:06.809+0000] {logging_mixin.py:190} INFO - [2026-09-06T08:58:06.809+0000] {dagbag.py:588} INFO - Filling up the DagBag from /home/airflow/.local/lib/python3.12/site-packages/airflow/example_dags/example_xcom.py
[2026-09-06T08:58:06.817+0000] {processor.py:925} INFO - DAG(s) 'example_xcom' retrieved from /home/airflow/.local/lib/python3.12/site-packages/airflow/example_dags/example_xcom.py
[2026-09-06T08:58:06.835+0000] {logging_mixin.py:190} INFO - [2026-09-06T08:58:06.834+0000] {dag.py:3239} INFO - Sync 1 DAGs
[2026-09-06T08:58:06.851+0000] {logging_mixin.py:190} INFO - [2026-09-06T08:58:06.851+0000] {dag.py:4180} INFO - Setting next_dagrun for example_xcom to 2021-01-01 00:00:00+00:00, run_after=2021-01-01 00:00:00+00:00
[2026-09-06T08:58:06.865+0000] {processor.py:208} INFO - Processing /home/airflow/.local/lib/python3.12/site-packages/airflow/example_dags/example_xcom.py took 0.062 seconds
[2026-09-06T08:58:38.397+0000] {processor.py:186} INFO - Started process (PID=649) to work on /home/airflow/.local/lib/python3.12/site-packages/airflow/example_dags/example_xcom.py
[2026-09-06T08:58:38.398+0000] {processor.py:914} INFO - Processing file /home/airflow/.local/lib/python3.12/site-packages/airflow/example_dags/example_xcom.py for tasks to queue
[2026-09-06T08:58:38.400+0000] {logging_mixin.py:190} INFO - [2026-09-06T08:58:38.400+0000] {dagbag.py:588} INFO - Filling up the DagBag from /home/airflow/.local/lib/python3.12/site-packages/airflow/example_dags/example_xcom.py
[2026-09-06T08:58:38.408+0000] {processor.py:925} INFO - DAG(s) 'example_xcom' retrieved from /home/airflow/.local/lib/python3.12/site-packages/airflow/example_dags/example_xcom.py
[2026-09-06T08:58:38.423+0000] {logging_mixin.py:190} INFO - [2026-09-06T08:58:38.423+0000] {dag.py:3239} INFO - Sync 1 DAGs
[2026-09-06T08:58:38.440+0000] {logging_mixin.py:190} INFO - [2026-09-06T08:58:38.440+0000] {dag.py:4180} INFO - Setting next_dagrun for example_xcom to 2021-01-01 00:00:00+00:00, run_after=2021-01-01 00:00:00+00:00
[2026-09-06T08:58:38.453+0000] {processor.py:208} INFO - Processing /home/airflow/.local/lib/python3.12/site-packages/airflow/example_dags/example_xcom.py took 0.061 seconds
[2026-09-06T08:59:09.816+0000] {processor.py:186} INFO - Started process (PID=713) to work on /home/airflow/.local/lib/python3.12/site-packages/airflow/example_dags/example_xcom.py
[2026-09-06T08:59:09.817+0000] {processor.py:914} INFO - Processing file /home/airflow/.local/lib/python3.12/site-packages/airflow/example_dags/example_xcom.py for tasks to queue
[2026-09-06T08:59:09.819+0000] {logging_mixin.py:190} INFO - [2026-09-06T08:59:09.819+0000] {dagbag.py:588} INFO - Filling up the DagBag from /home/airflow/.local/lib/python3.12/site-packages/airflow/example_dags/example_xcom.py
[2026-09-06T08:59:09.828+0000] {processor.py:925} INFO - DAG(s) 'example_xcom' retrieved from /home/airflow/.local/lib/python3.12/site-packages/airflow/example_dags/example_xcom.py
[2026-09-06T08:59:09.844+0000] {logging_mixin.py:190} INFO - [2026-09-06T08:59:09.844+0000] {dag.py:3239} INFO - Sync 1 DAGs
[2026-09-06T08:59:09.861+0000] {logging_mixin.py:190} INFO - [2026-09-06T08:59:09.861+0000] {dag.py:4180} INFO - Setting next_dagrun for example_xcom to 2021-01-01 00:00:00+00:00, run_after=2021-01-01 00:00:00+00:00
[2026-09-06T08:59:09.875+0000] {processor.py:208} INFO - Processing /home/airflow/.local/lib/python3.12/site-packages/airflow/example_dags/example_xcom.py took 0.064 seconds
[2026-09-06T08:59:41.039+0000] {processor.py:186} INFO - Started process (PID=777) to work on /home/airflow/.local/lib/python3.12/site-packages/airflow/example_dags/example_xcom.py
[2026-09-06T08:59:41.040+0000] {processor.py:914} INFO - Processing file /home/airflow/.local/lib/python3.12/site-packages/airflow/example_dags/example_xcom.py for tasks to queue
[2026-09-06T08:59:41.042+0000] {logging_mixin.py:190} INFO - [2026-09-06T08:59:41.042+0000] {dagbag.py:588} INFO - Filling up the DagBag from /home/airflow/.local/lib/python3.12/site-packages/airflow/example_dags/example_xcom.py
[2026-09-06T08:59:41.049+0000] {processor.py:925} INFO - DAG(s) 'example_xcom' retrieved from /home/airflow/.local/lib/python3.12/site-packages/airflow/example_dags/example_xcom.py
[2026-09-06T08:59:41.066+0000] {logging_mixin.py:190} INFO - [2026-09-06T08:59:41.066+0000] {dag.py:3239} INFO - Sync 1 DAGs
[2026-09-06T08:59:41.083+0000] {logging_mixin.py:190} INFO - [2026-09-06T08:59:41.082+0000] {dag.py:4180} INFO - Setting next_dagrun for example_xcom to 2021-01-01 00:00:00+00:00, run_after=2021-01-01 00:00:00+00:00
[2026-09-06T08:59:41.096+0000] {processor.py:208} INFO - Processing /home/airflow/.local/lib/python3.12/site-packages/airflow/example_dags/example_xcom.py took 0.062 seconds
[2026-09-06T09:00:12.339+0000] {processor.py:186} INFO - Started process (PID=841) to work on /home/airflow/.local/lib/python3.12/site-packages/airflow/example_dags/example_xcom.py
[2026-09-06T09:00:12.340+0000] {processor.py:914} INFO - Processing file /home/airflow/.local/lib/python3.12/site-packages/airflow/example_dags/example_xcom.py for tasks to queue
[2026-09-06T09:00:12.343+0000] {logging_mixin.py:190} INFO - [2026-09-06T09:00:12.342+0000] {dagbag.py:588} INFO - Filling up the DagBag from /home/airflow/.local/lib/python3.12/site-packages/airflow/example_dags/example_xcom.py
[2026-09-06T09:00:12.350+0000] {processor.py:925} INFO - DAG(s) 'example_xcom' retrieved from /home/airflow/.local/lib/python3.12/site-packages/airflow/example_dags/example_xcom.py
[2026-09-06T09:00:12.365+0000] {logging_mixin.py:190} INFO - [2026-09-06T09:00:12.365+0000] {dag.py:3239} INFO - Sync 1 DAGs
[2026-09-06T09:00:12.380+0000] {logging_mixin.py:190} INFO - [2026-09-06T09:00:12.380+0000] {dag.py:4180} INFO - Setting next_dagrun for example_xcom to 2021-01-01 00:00:00+00:00, run_after=2021-01-01 00:00:00+00:00
[2026-09-06T09:00:12.394+0000] {processor.py:208} INFO - Processing /home/airflow/.local/lib/python3.12/site-packages/airflow/example_dags/example_xcom.py took 0.059 seconds
[2026-09-06T09:00:43.820+0000] {processor.py:186} INFO - Started process (PID=905) to work on /home/airflow/.local/lib/python3.12/site-packages/airflow/example_dags/example_xcom.py
[2026-09-06T09:00:43.821+0000] {processor.py:914} INFO - Processing file /home/airflow/.local/lib/python3.12/site-packages/airflow/example_dags/example_xcom.py for tasks to queue
[2026-09-06T09:00:43.823+0000] {logging_mixin.py:190} INFO - [2026-09-06T09:00:43.823+0000] {dagbag.py:588} INFO - Filling up the DagBag from /home/airflow/.local/lib/python3.12/site-packages/airflow/example_dags/example_xcom.py
[2026-09-06T09:00:43.832+0000] {processor.py:925} INFO - DAG(s) 'example_xcom' retrieved from /home/airflow/.local/lib/python3.12/site-packages/airflow/example_dags/example_xcom.py
[2026-09-06T09:00:43.849+0000] {logging_mixin.py:190} INFO - [2026-09-06T09:00:43.849+0000] {dag.py:3239} INFO - Sync 1 DAGs
[2026-09-06T09:00:43.866+0000] {logging_mixin.py:190} INFO - [2026-09-06T09:00:43.866+0000] {dag.py:4180} INFO - Setting next_dagrun for example_xcom to 2021-01-01 00:00:00+00:00, run_after=2021-01-01 00:00:00+00:00
[2026-09-06T09:00:43.881+0000] {processor.py:208} INFO - Processing /home/airflow/.local/lib/python3.12/site-packages/airflow/example_dags/example_xcom.py took 0.067 seconds
[2026-09-06T09:01:14.430+0000] {processor.py:186} INFO - Started process (PID=969) to work on /home/airflow/.local/lib/python3.12/site-packages/airflow/example_dags/example_xcom.py
[2026-09-06T09:01:14.431+0000] {processor.py:914} INFO - Processing file /home/airflow/.local/lib/python3.12/site-packages/airflow/example_dags/example_xcom.py for tasks to queue
[2026-09-06T09:01:14.434+0000] {logging_mixin.py:190} INFO - [2026-09-06T09:01:14.433+0000] {dagbag.py:588} INFO - Filling up the DagBag from /home/airflow/.local/lib/python3.12/site-packages/airflow/example_dags/example_xcom.py
[2026-09-06T09:01:14.442+0000] {processor.py:925} INFO - DAG(s) 'example_xcom' retrieved from /home/airflow/.local/lib/python3.12/site-packages/airflow/example_dags/example_xcom.py
[2026-09-06T09:01:14.460+0000] {logging_mixin.py:190} INFO - [2026-09-06T09:01:14.460+0000] {dag.py:3239} INFO - Sync 1 DAGs
[2026-09-06T09:01:14.480+0000] {logging_mixin.py:190} INFO - [2026-09-06T09:01:14.480+0000] {dag.py:4180} INFO - Setting next_dagrun for example_xcom to 2021-01-01 00:00:00+00:00, run_after=2021-01-01 00:00:00+00:00
[2026-09-06T09:01:14.495+0000] {processor.py:208} INFO - Processing /home/airflow/.local/lib/python3.12/site-packages/airflow/example_dags/example_xcom.py took 0.071 seconds
[2026-09-06T09:01:45.073+0000] {processor.py:186} INFO - Started process (PID=1033) to work on /home/airflow/.local/lib/python3.12/site-packages/airflow/example_dags/example_xcom.py
[2026-09-06T09:01:45.074+0000] {processor.py:914} INFO - Processing file /home/airflow/.local/lib/python3.12/site-packages/airflow/example_dags/example_xcom.py for tasks to queue
[2026-09-06T09:01:45.076+0000] {logging_mixin.py:190} INFO - [2026-09-06T09:01:45.076+0000] {dagbag.py:588} INFO - Filling up the DagBag from /home/airflow/.local/lib/python3.12/site-packages/airflow/example_dags/example_xcom.py
[2026-09-06T09:01:45.084+0000] {processor.py:925} INFO - DAG(s) 'example_xcom' retrieved from /home/airflow/.local/lib/python3.12/site-packages/airflow/example_dags/example_xcom.py
[2026-09-06T09:01:45.101+0000] {logging_mixin.py:190} INFO - [2026-09-06T09:01:45.101+0000] {dag.py:3239} INFO - Sync 1 DAGs
[2026-09-06T09:01:45.120+0000] {logging_mixin.py:190} INFO - [2026-09-06T09:01:45.120+0000] {dag.py:4180} INFO - Setting next_dagrun for example_xcom to 2021-01-01 00:00:00+00:00, run_after=2021-01-01 00:00:00+00:00
[2026-09-06T09:01:45.135+0000] {processor.py:208} INFO - Processing /home/airflow/.local/lib/python3.12/site-packages/airflow/example_dags/example_xcom.py took 0.067 seconds
[2026-09-06T09:02:15.815+0000] {processor.py:186} INFO - Started process (PID=1097) to work on /home/airflow/.local/lib/python3.12/site-packages/airflow/example_dags/example_xcom.py
[2026-09-06T09:02:15.816+0000] {processor.py:914} INFO - Processing file /home/airflow/.local/lib/python3.12/site-packages/airflow/example_dags/example_xcom.py for tasks to queue
[2026-09-06T09:02:15.818+0000] {logging_mixin.py:190} INFO - [2026-09-06T09:02:15.818+0000] {dagbag.py:588} INFO - Filling up the DagBag from /home/airflow/.local/lib/python3.12/site-packages/airflow/example_dags/example_xcom.py
[2026-09-06T09:02:15.826+0000] {processor.py:925} INFO - DAG(s) 'example_xcom' retrieved from /home/airflow/.local/lib/python3.12/site-packages/airflow/example_dags/example_xcom.py
[2026-09-06T09:02:15.841+0000] {logging_mixin.py:190} INFO - [2026-09-06T09:02:15.841+0000] {dag.py:3239} INFO - Sync 1 DAGs
[2026-09-06T09:02:15.857+0000] {logging_mixin.py:190} INFO - [2026-09-06T09:02:15.857+0000] {dag.py:4180} INFO - Setting next_dagrun for example_xcom to 2021-01-01 00:00:00+00:00, run_after=2021-01-01 00:00:00+00:00
[2026-09-06T09:02:15.870+0000] {processor.py:208} INFO - Processing /home/airflow/.local/lib/python3.12/site-packages/airflow/example_dags/example_xcom.py took 0.060 seconds
[2026-09-06T09:02:47.240+0000] {processor.py:186} INFO - Started process (PID=1161) to work on /home/airflow/.local/lib/python3.12/site-packages/airflow/example_dags/example_xcom.py
[2026-09-06T09:02:47.241+0000] {processor.py:914} INFO - Processing file /home/airflow/.local/lib/python3.12/site-packages/airflow/example_dags/example_xcom.py for tasks to queue
[2026-09-06T09:02:47.243+0000] {logging_mixin.py:190} INFO - [2026-09-06T09:02:47.243+0000] {dagbag.py:588} INFO - Filling up the DagBag from /home/airflow/.local/lib/python3.12/site-packages/airflow/example_dags/example_xcom.py
[2026-09-06T09:02:47.251+0000] {processor.py:925} INFO - DAG(s) 'example_xcom' retrieved from /home/airflow/.local/lib/python3.12/site-packages/airflow/example_dags/example_xcom.py
[2026-09-06T09:02:47.270+0000] {logging_mixin.py:190} INFO - [2026-09-06T09:02:47.270+0000] {dag.py:3239} INFO - Sync 1 DAGs
[2026-09-06T09:02:47.290+0000] {logging_mixin.py:190} INFO - [2026-09-06T09:02:47.290+0000] {dag.py:4180} INFO - Setting next_dagrun for example_xcom to 2021-01-01 00:00:00+00:00, run_after=2021-01-01 00:00:00+00:00
[2026-09-06T09:02:47.321+0000] {processor.py:208} INFO - Processing /home/airflow/.local/lib/python3.12/site-packages/airflow/example_dags/example_xcom.py took 0.086 seconds
[2026-09-06T09:03:17.963+0000] {processor.py:186} INFO - Started process (PID=1225) to work on /home/airflow/.local/lib/python3.12/site-packages/airflow/example_dags/example_xcom.py
[2026-09-06T09:03:17.965+0000] {processor.py:914} INFO - Processing file /home/airflow/.local/lib/python3.12/site-packages/airflow/example_dags/example_xcom.py for tasks to queue
[2026-09-06T09:03:17.968+0000] {logging_mixin.py:190} INFO - [2026-09-06T09:03:17.967+0000] {dagbag.py:588} INFO - Filling up the DagBag from /home/airflow/.local/lib/python3.12/site-packages/airflow/example_dags/example_xcom.py
[2026-09-06T09:03:17.977+0000] {processor.py:925} INFO - DAG(s) 'example_xcom' retrieved from /home/airflow/.local/lib/python3.12/site-packages/airflow/example_dags/example_xcom.py
[2026-09-06T09:03:17.995+0000] {logging_mixin.py:190} INFO - [2026-09-06T09:03:17.995+0000] {dag.py:3239} INFO - Sync 1 DAGs
[2026-09-06T09:03:18.015+0000] {logging_mixin.py:190} INFO - [2026-09-06T09:03:18.015+0000] {dag.py:4180} INFO - Setting next_dagrun for example_xcom to 2021-01-01 00:00:00+00:00, run_after=2021-01-01 00:00:00+00:00
[2026-09-06T09:03:18.042+0000] {processor.py:208} INFO - Processing /home/airflow/.local/lib/python3.12/site-packages/airflow/example_dags/example_xcom.py took 0.085 seconds
[2026-09-06T09:03:49.268+0000] {processor.py:186} INFO - Started process (PID=1289) to work on /home/airflow/.local/lib/python3.12/site-packages/airflow/example_dags/example_xcom.py
[2026-09-06T09:03:49.269+0000] {processor.py:914} INFO - Processing file /home/airflow/.local/lib/python3.12/site-packages/airflow/example_dags/example_xcom.py for tasks to queue
[2026-09-06T09:03:49.271+0000] {logging_mixin.py:190} INFO - [2026-09-06T09:03:49.271+0000] {dagbag.py:588} INFO - Filling up the DagBag from /home/airflow/.local/lib/python3.12/site-packages/airflow/example_dags/example_xcom.py
[2026-09-06T09:03:49.279+0000] {processor.py:925} INFO - DAG(s) 'example_xcom' retrieved from /home/airflow/.local/lib/python3.12/site-packages/airflow/example_dags/example_xcom.py
[2026-09-06T09:03:49.295+0000] {logging_mixin.py:190} INFO - [2026-09-06T09:03:49.295+0000] {dag.py:3239} INFO - Sync 1 DAGs
[2026-09-06T09:03:49.314+0000] {logging_mixin.py:190} INFO - [2026-09-06T09:03:49.314+0000] {dag.py:4180} INFO - Setting next_dagrun for example_xcom to 2021-01-01 00:00:00+00:00, run_after=2021-01-01 00:00:00+00:00
[2026-09-06T09:03:49.339+0000] {processor.py:208} INFO - Processing /home/airflow/.local/lib/python3.12/site-packages/airflow/example_dags/example_xcom.py took 0.075 seconds
[2026-09-06T09:04:20.314+0000] {processor.py:186} INFO - Started process (PID=1353) to work on /home/airflow/.local/lib/python3.12/site-packages/airflow/example_dags/example_xcom.py
[2026-09-06T09:04:20.315+0000] {processor.py:914} INFO - Processing file /home/airflow/.local/lib/python3.12/site-packages/airflow/example_dags/example_xcom.py for tasks to queue
[2026-09-06T09:04:20.317+0000] {logging_mixin.py:190} INFO - [2026-09-06T09:04:20.317+0000] {dagbag.py:588} INFO - Filling up the DagBag from /home/airflow/.local/lib/python3.12/site-packages/airflow/example_dags/example_xcom.py
[2026-09-06T09:04:20.325+0000] {processor.py:925} INFO - DAG(s) 'example_xcom' retrieved from /home/airflow/.local/lib/python3.12/site-packages/airflow/example_dags/example_xcom.py
[2026-09-06T09:04:20.341+0000] {logging_mixin.py:190} INFO - [2026-09-06T09:04:20.341+0000] {dag.py:3239} INFO - Sync 1 DAGs
[2026-09-06T09:04:20.357+0000] {logging_mixin.py:190} INFO - [2026-09-06T09:04:20.357+0000] {dag.py:4180} INFO - Setting next_dagrun for example_xcom to 2021-01-01 00:00:00+00:00, run_after=2021-01-01 00:00:00+00:00
[2026-09-06T09:04:20.374+0000] {processor.py:208} INFO - Processing /home/airflow/.local/lib/python3.12/site-packages/airflow/example_dags/example_xcom.py took 0.064 seconds
[2026-09-06T09:04:51.736+0000] {processor.py:186} INFO - Started process (PID=1417) to work on /home/airflow/.local/lib/python3.12/site-packages/airflow/example_dags/example_xcom.py
[2026-09-06T09:04:51.737+0000] {processor.py:914} INFO - Processing file /home/airflow/.local/lib/python3.12/site-packages/airflow/example_dags/example_xcom.py for tasks to queue
[2026-09-06T09:04:51.739+0000] {logging_mixin.py:190} INFO - [2026-09-06T09:04:51.739+0000] {dagbag.py:588} INFO - Filling up the DagBag from /home/airflow/.local/lib/python3.12/site-packages/airflow/example_dags/example_xcom.py
[2026-09-06T09:04:51.747+0000] {processor.py:925} INFO - DAG(s) 'example_xcom' retrieved from /home/airflow/.local/lib/python3.12/site-packages/airflow/example_dags/example_xcom.py
[2026-09-06T09:04:51.765+0000] {logging_mixin.py:190} INFO - [2026-09-06T09:04:51.765+0000] {dag.py:3239} INFO - Sync 1 DAGs
[2026-09-06T09:04:51.784+0000] {logging_mixin.py:190} INFO - [2026-09-06T09:04:51.784+0000] {dag.py:4180} INFO - Setting next_dagrun for example_xcom to 2021-01-01 00:00:00+00:00, run_after=2021-01-01 00:00:00+00:00
[2026-09-06T09:04:51.802+0000] {processor.py:208} INFO - Processing /home/airflow/.local/lib/python3.12/site-packages/airflow/example_dags/example_xcom.py took 0.071 seconds
[2026-09-06T09:05:22.540+0000] {processor.py:186} INFO - Started process (PID=1481) to work on /home/airflow/.local/lib/python3.12/site-packages/airflow/example_dags/example_xcom.py
[2026-09-06T09:05:22.541+0000] {processor.py:914} INFO - Processing file /home/airflow/.local/lib/python3.12/site-packages/airflow/example_dags/example_xcom.py for tasks to queue
[2026-09-06T09:05:22.543+0000] {logging_mixin.py:190} INFO - [2026-09-06T09:05:22.543+0000] {dagbag.py:588} INFO - Filling up the DagBag from /home/airflow/.local/lib/python3.12/site-packages/airflow/example_dags/example_xcom.py
[2026-09-06T09:05:22.550+0000] {processor.py:925} INFO - DAG(s) 'example_xcom' retrieved from /home/airflow/.local/lib/python3.12/site-packages/airflow/example_dags/example_xcom.py
[2026-09-06T09:05:22.567+0000] {logging_mixin.py:190} INFO - [2026-09-06T09:05:22.566+0000] {dag.py:3239} INFO - Sync 1 DAGs
[2026-09-06T09:05:22.583+0000] {logging_mixin.py:190} INFO - [2026-09-06T09:05:22.582+0000] {dag.py:4180} INFO - Setting next_dagrun for example_xcom to 2021-01-01 00:00:00+00:00, run_after=2021-01-01 00:00:00+00:00
[2026-09-06T09:05:22.597+0000] {processor.py:208} INFO - Processing /home/airflow/.local/lib/python3.12/site-packages/airflow/example_dags/example_xcom.py took 0.062 seconds
[2026-09-06T09:05:53.566+0000] {processor.py:186} INFO - Started process (PID=1545) to work on /home/airflow/.local/lib/python3.12/site-packages/airflow/example_dags/example_xcom.py
[2026-09-06T09:05:53.567+0000] {processor.py:914} INFO - Processing file /home/airflow/.local/lib/python3.12/site-packages/airflow/example_dags/example_xcom.py for tasks to queue
[2026-09-06T09:05:53.570+0000] {logging_mixin.py:190} INFO - [2026-09-06T09:05:53.569+0000] {dagbag.py:588} INFO - Filling up the DagBag from /home/airflow/.local/lib/python3.12/site-packages/airflow/example_dags/example_xcom.py
[2026-09-06T09:05:53.582+0000] {processor.py:925} INFO - DAG(s) 'example_xcom' retrieved from /home/airflow/.local/lib/python3.12/site-packages/airflow/example_dags/example_xcom.py
[2026-09-06T09:05:53.608+0000] {logging_mixin.py:190} INFO - [2026-09-06T09:05:53.607+0000] {dag.py:3239} INFO - Sync 1 DAGs
[2026-09-06T09:05:53.637+0000] {logging_mixin.py:190} INFO - [2026-09-06T09:05:53.637+0000] {dag.py:4180} INFO - Setting next_dagrun for example_xcom to 2021-01-01 00:00:00+00:00, run_after=2021-01-01 00:00:00+00:00
[2026-09-06T09:05:53.662+0000] {processor.py:208} INFO - Processing /home/airflow/.local/lib/python3.12/site-packages/airflow/example_dags/example_xcom.py took 0.102 seconds
[2026-09-06T09:06:24.278+0000] {processor.py:186} INFO - Started process (PID=1609) to work on /home/airflow/.local/lib/python3.12/site-packages/airflow/example_dags/example_xcom.py
[2026-09-06T09:06:24.279+0000] {processor.py:914} INFO - Processing file /home/airflow/.local/lib/python3.12/site-packages/airflow/example_dags/example_xcom.py for tasks to queue
[2026-09-06T09:06:24.281+0000] {logging_mixin.py:190} INFO - [2026-09-06T09:06:24.281+0000] {dagbag.py:588} INFO - Filling up the DagBag from /home/airflow/.local/lib/python3.12/site-packages/airflow/example_dags/example_xcom.py
[2026-09-06T09:06:24.290+0000] {processor.py:925} INFO - DAG(s) 'example_xcom' retrieved from /home/airflow/.local/lib/python3.12/site-packages/airflow/example_dags/example_xcom.py
[2026-09-06T09:06:24.307+0000] {logging_mixin.py:190} INFO - [2026-09-06T09:06:24.307+0000] {dag.py:3239} INFO - Sync 1 DAGs
[2026-09-06T09:06:24.324+0000] {logging_mixin.py:190} INFO - [2026-09-06T09:06:24.323+0000] {dag.py:4180} INFO - Setting next_dagrun for example_xcom to 2021-01-01 00:00:00+00:00, run_after=2021-01-01 00:00:00+00:00
[2026-09-06T09:06:24.339+0000] {processor.py:208} INFO - Processing /home/airflow/.local/lib/python3.12/site-packages/airflow/example_dags/example_xcom.py took 0.066 seconds
[2026-09-06T09:06:55.220+0000] {processor.py:186} INFO - Started process (PID=1673) to work on /home/airflow/.local/lib/python3.12/site-packages/airflow/example_dags/example_xcom.py
[2026-09-06T09:06:55.221+0000] {processor.py:914} INFO - Processing file /home/airflow/.local/lib/python3.12/site-packages/airflow/example_dags/example_xcom.py for tasks to queue
[2026-09-06T09:06:55.223+0000] {logging_mixin.py:190} INFO - [2026-09-06T09:06:55.223+0000] {dagbag.py:588} INFO - Filling up the DagBag from /home/airflow/.local/lib/python3.12/site-packages/airflow/example_dags/example_xcom.py
[2026-09-06T09:06:55.231+0000] {processor.py:925} INFO - DAG(s) 'example_xcom' retrieved from /home/airflow/.local/lib/python3.12/site-packages/airflow/example_dags/example_xcom.py
[2026-09-06T09:06:55.249+0000] {logging_mixin.py:190} INFO - [2026-09-06T09:06:55.248+0000] {dag.py:3239} INFO - Sync 1 DAGs
[2026-09-06T09:06:55.267+0000] {logging_mixin.py:190} INFO - [2026-09-06T09:06:55.267+0000] {dag.py:4180} INFO - Setting next_dagrun for example_xcom to 2021-01-01 00:00:00+00:00, run_after=2021-01-01 00:00:00+00:00
[2026-09-06T09:06:55.282+0000] {processor.py:208} INFO - Processing /home/airflow/.local/lib/python3.12/site-packages/airflow/example_dags/example_xcom.py took 0.067 seconds
[2026-09-06T09:07:26.187+0000] {processor.py:186} INFO - Started process (PID=1737) to work on /home/airflow/.local/lib/python3.12/site-packages/airflow/example_dags/example_xcom.py
[2026-09-06T09:07:26.189+0000] {processor.py:914} INFO - Processing file /home/airflow/.local/lib/python3.12/site-packages/airflow/example_dags/example_xcom.py for tasks to queue
[2026-09-06T09:07:26.192+0000] {logging_mixin.py:190} INFO - [2026-09-06T09:07:26.191+0000] {dagbag.py:588} INFO - Filling up the DagBag from /home/airflow/.local/lib/python3.12/site-packages/airflow/example_dags/example_xcom.py
[2026-09-06T09:07:26.202+0000] {processor.py:925} INFO - DAG(s) 'example_xcom' retrieved from /home/airflow/.local/lib/python3.12/site-packages/airflow/example_dags/example_xcom.py
[2026-09-06T09:07:26.222+0000] {logging_mixin.py:190} INFO - [2026-09-06T09:07:26.222+0000] {dag.py:3239} INFO - Sync 1 DAGs
[2026-09-06T09:07:26.243+0000] {logging_mixin.py:190} INFO - [2026-09-06T09:07:26.242+0000] {dag.py:4180} INFO - Setting next_dagrun for example_xcom to 2021-01-01 00:00:00+00:00, run_after=2021-01-01 00:00:00+00:00
[2026-09-06T09:07:26.258+0000] {processor.py:208} INFO - Processing /home/airflow/.local/lib/python3.12/site-packages/airflow/example_dags/example_xcom.py took 0.076 seconds
[2026-09-06T09:07:57.112+0000] {processor.py:186} INFO - Started process (PID=1802) to work on /home/airflow/.local/lib/python3.12/site-packages/airflow/example_dags/example_xcom.py
[2026-09-06T09:07:57.113+0000] {processor.py:914} INFO - Processing file /home/airflow/.local/lib/python3.12/site-packages/airflow/example_dags/example_xcom.py for tasks to queue
[2026-09-06T09:07:57.115+0000] {logging_mixin.py:190} INFO - [2026-09-06T09:07:57.115+0000] {dagbag.py:588} INFO - Filling up the DagBag from /home/airflow/.local/lib/python3.12/site-packages/airflow/example_dags/example_xcom.py
[2026-09-06T09:07:57.122+0000] {processor.py:925} INFO - DAG(s) 'example_xcom' retrieved from /home/airflow/.local/lib/python3.12/site-packages/airflow/example_dags/example_xcom.py
[2026-09-06T09:07:57.137+0000] {logging_mixin.py:190} INFO - [2026-09-06T09:07:57.137+0000] {dag.py:3239} INFO - Sync 1 DAGs
[2026-09-06T09:07:57.153+0000] {logging_mixin.py:190} INFO - [2026-09-06T09:07:57.153+0000] {dag.py:4180} INFO - Setting next_dagrun for example_xcom to 2021-01-01 00:00:00+00:00, run_after=2021-01-01 00:00:00+00:00
[2026-09-06T09:07:57.166+0000] {processor.py:208} INFO - Processing /home/airflow/.local/lib/python3.12/site-packages/airflow/example_dags/example_xcom.py took 0.058 seconds
[2026-09-06T09:08:27.785+0000] {processor.py:186} INFO - Started process (PID=1865) to work on /home/airflow/.local/lib/python3.12/site-packages/airflow/example_dags/example_xcom.py
[2026-09-06T09:08:27.786+0000] {processor.py:914} INFO - Processing file /home/airflow/.local/lib/python3.12/site-packages/airflow/example_dags/example_xcom.py for tasks to queue
[2026-09-06T09:08:27.788+0000] {logging_mixin.py:190} INFO - [2026-09-06T09:08:27.788+0000] {dagbag.py:588} INFO - Filling up the DagBag from /home/airflow/.local/lib/python3.12/site-packages/airflow/example_dags/example_xcom.py
[2026-09-06T09:08:27.796+0000] {processor.py:925} INFO - DAG(s) 'example_xcom' retrieved from /home/airflow/.local/lib/python3.12/site-packages/airflow/example_dags/example_xcom.py
[2026-09-06T09:08:27.813+0000] {logging_mixin.py:190} INFO - [2026-09-06T09:08:27.813+0000] {dag.py:3239} INFO - Sync 1 DAGs
[2026-09-06T09:08:27.830+0000] {logging_mixin.py:190} INFO - [2026-09-06T09:08:27.829+0000] {dag.py:4180} INFO - Setting next_dagrun for example_xcom to 2021-01-01 00:00:00+00:00, run_after=2021-01-01 00:00:00+00:00
[2026-09-06T09:08:27.844+0000] {processor.py:208} INFO - Processing /home/airflow/.local/lib/python3.12/site-packages/airflow/example_dags/example_xcom.py took 0.064 seconds
[2026-09-06T09:08:58.530+0000] {processor.py:186} INFO - Started process (PID=1935) to work on /home/airflow/.local/lib/python3.12/site-packages/airflow/example_dags/example_xcom.py
[2026-09-06T09:08:58.531+0000] {processor.py:914} INFO - Processing file /home/airflow/.local/lib/python3.12/site-packages/airflow/example_dags/example_xcom.py for tasks to queue
[2026-09-06T09:08:58.533+0000] {logging_mixin.py:190} INFO - [2026-09-06T09:08:58.533+0000] {dagbag.py:588} INFO - Filling up the DagBag from /home/airflow/.local/lib/python3.12/site-packages/airflow/example_dags/example_xcom.py
[2026-09-06T09:08:58.540+0000] {processor.py:925} INFO - DAG(s) 'example_xcom' retrieved from /home/airflow/.local/lib/python3.12/site-packages/airflow/example_dags/example_xcom.py
[2026-09-06T09:08:58.559+0000] {logging_mixin.py:190} INFO - [2026-09-06T09:08:58.558+0000] {dag.py:3239} INFO - Sync 1 DAGs
[2026-09-06T09:08:58.576+0000] {logging_mixin.py:190} INFO - [2026-09-06T09:08:58.576+0000] {dag.py:4180} INFO - Setting next_dagrun for example_xcom to 2021-01-01 00:00:00+00:00, run_after=2021-01-01 00:00:00+00:00
[2026-09-06T09:08:58.590+0000] {processor.py:208} INFO - Processing /home/airflow/.local/lib/python3.12/site-packages/airflow/example_dags/example_xcom.py took 0.064 seconds
[2026-09-06T09:09:29.149+0000] {processor.py:186} INFO - Started process (PID=1999) to work on /home/airflow/.local/lib/python3.12/site-packages/airflow/example_dags/example_xcom.py
[2026-09-06T09:09:29.150+0000] {processor.py:914} INFO - Processing file /home/airflow/.local/lib/python3.12/site-packages/airflow/example_dags/example_xcom.py for tasks to queue
[2026-09-06T09:09:29.153+0000] {logging_mixin.py:190} INFO - [2026-09-06T09:09:29.152+0000] {dagbag.py:588} INFO - Filling up the DagBag from /home/airflow/.local/lib/python3.12/site-packages/airflow/example_dags/example_xcom.py
[2026-09-06T09:09:29.161+0000] {processor.py:925} INFO - DAG(s) 'example_xcom' retrieved from /home/airflow/.local/lib/python3.12/site-packages/airflow/example_dags/example_xcom.py
[2026-09-06T09:09:29.179+0000] {logging_mixin.py:190} INFO - [2026-09-06T09:09:29.178+0000] {dag.py:3239} INFO - Sync 1 DAGs
[2026-09-06T09:09:29.196+0000] {logging_mixin.py:190} INFO - [2026-09-06T09:09:29.196+0000] {dag.py:4180} INFO - Setting next_dagrun for example_xcom to 2021-01-01 00:00:00+00:00, run_after=2021-01-01 00:00:00+00:00
[2026-09-06T09:09:29.216+0000] {processor.py:208} INFO - Processing /home/airflow/.local/lib/python3.12/site-packages/airflow/example_dags/example_xcom.py took 0.072 seconds
[2026-09-06T09:10:00.521+0000] {processor.py:186} INFO - Started process (PID=2063) to work on /home/airflow/.local/lib/python3.12/site-packages/airflow/example_dags/example_xcom.py
[2026-09-06T09:10:00.523+0000] {processor.py:914} INFO - Processing file /home/airflow/.local/lib/python3.12/site-packages/airflow/example_dags/example_xcom.py for tasks to queue
[2026-09-06T09:10:00.525+0000] {logging_mixin.py:190} INFO - [2026-09-06T09:10:00.524+0000] {dagbag.py:588} INFO - Filling up the DagBag from /home/airflow/.local/lib/python3.12/site-packages/airflow/example_dags/example_xcom.py
[2026-09-06T09:10:00.535+0000] {processor.py:925} INFO - DAG(s) 'example_xcom' retrieved from /home/airflow/.local/lib/python3.12/site-packages/airflow/example_dags/example_xcom.py
[2026-09-06T09:10:00.551+0000] {logging_mixin.py:190} INFO - [2026-09-06T09:10:00.551+0000] {dag.py:3239} INFO - Sync 1 DAGs
[2026-09-06T09:10:00.568+0000] {logging_mixin.py:190} INFO - [2026-09-06T09:10:00.568+0000] {dag.py:4180} INFO - Setting next_dagrun for example_xcom to 2021-01-01 00:00:00+00:00, run_after=2021-01-01 00:00:00+00:00
[2026-09-06T09:10:00.601+0000] {processor.py:208} INFO - Processing /home/airflow/.local/lib/python3.12/site-packages/airflow/example_dags/example_xcom.py took 0.085 seconds
[2026-09-06T09:10:32.078+0000] {processor.py:186} INFO - Started process (PID=2127) to work on /home/airflow/.local/lib/python3.12/site-packages/airflow/example_dags/example_xcom.py
[2026-09-06T09:10:32.079+0000] {processor.py:914} INFO - Processing file /home/airflow/.local/lib/python3.12/site-packages/airflow/example_dags/example_xcom.py for tasks to queue
[2026-09-06T09:10:32.081+0000] {logging_mixin.py:190} INFO - [2026-09-06T09:10:32.081+0000] {dagbag.py:588} INFO - Filling up the DagBag from /home/airflow/.local/lib/python3.12/site-packages/airflow/example_dags/example_xcom.py
[2026-09-06T09:10:32.088+0000] {processor.py:925} INFO - DAG(s) 'example_xcom' retrieved from /home/airflow/.local/lib/python3.12/site-packages/airflow/example_dags/example_xcom.py
[2026-09-06T09:10:32.105+0000] {logging_mixin.py:190} INFO - [2026-09-06T09:10:32.104+0000] {dag.py:3239} INFO - Sync 1 DAGs
[2026-09-06T09:10:32.120+0000] {logging_mixin.py:190} INFO - [2026-09-06T09:10:32.120+0000] {dag.py:4180} INFO - Setting next_dagrun for example_xcom to 2021-01-01 00:00:00+00:00, run_after=2021-01-01 00:00:00+00:00
[2026-09-06T09:10:32.133+0000] {processor.py:208} INFO - Processing /home/airflow/.local/lib/python3.12/site-packages/airflow/example_dags/example_xcom.py took 0.060 seconds
[2026-09-06T09:11:03.370+0000] {processor.py:186} INFO - Started process (PID=2191) to work on /home/airflow/.local/lib/python3.12/site-packages/airflow/example_dags/example_xcom.py
[2026-09-06T09:11:03.371+0000] {processor.py:914} INFO - Processing file /home/airflow/.local/lib/python3.12/site-packages/airflow/example_dags/example_xcom.py for tasks to queue
[2026-09-06T09:11:03.373+0000] {logging_mixin.py:190} INFO - [2026-09-06T09:11:03.373+0000] {dagbag.py:588} INFO - Filling up the DagBag from /home/airflow/.local/lib/python3.12/site-packages/airflow/example_dags/example_xcom.py
[2026-09-06T09:11:03.381+0000] {processor.py:925} INFO - DAG(s) 'example_xcom' retrieved from /home/airflow/.local/lib/python3.12/site-packages/airflow/example_dags/example_xcom.py
[2026-09-06T09:11:03.399+0000] {logging_mixin.py:190} INFO - [2026-09-06T09:11:03.398+0000] {dag.py:3239} INFO - Sync 1 DAGs
[2026-09-06T09:11:03.416+0000] {logging_mixin.py:190} INFO - [2026-09-06T09:11:03.416+0000] {dag.py:4180} INFO - Setting next_dagrun for example_xcom to 2021-01-01 00:00:00+00:00, run_after=2021-01-01 00:00:00+00:00
[2026-09-06T09:11:03.431+0000] {processor.py:208} INFO - Processing /home/airflow/.local/lib/python3.12/site-packages/airflow/example_dags/example_xcom.py took 0.066 seconds
[2026-09-06T09:11:34.608+0000] {processor.py:186} INFO - Started process (PID=2255) to work on /home/airflow/.local/lib/python3.12/site-packages/airflow/example_dags/example_xcom.py
[2026-09-06T09:11:34.609+0000] {processor.py:914} INFO - Processing file /home/airflow/.local/lib/python3.12/site-packages/airflow/example_dags/example_xcom.py for tasks to queue
[2026-09-06T09:11:34.612+0000] {logging_mixin.py:190} INFO - [2026-09-06T09:11:34.611+0000] {dagbag.py:588} INFO - Filling up the DagBag from /home/airflow/.local/lib/python3.12/site-packages/airflow/example_dags/example_xcom.py
[2026-09-06T09:11:34.619+0000] {processor.py:925} INFO - DAG(s) 'example_xcom' retrieved from /home/airflow/.local/lib/python3.12/site-packages/airflow/example_dags/example_xcom.py
[2026-09-06T09:11:34.634+0000] {logging_mixin.py:190} INFO - [2026-09-06T09:11:34.634+0000] {dag.py:3239} INFO - Sync 1 DAGs
[2026-09-06T09:11:34.649+0000] {logging_mixin.py:190} INFO - [2026-09-06T09:11:34.649+0000] {dag.py:4180} INFO - Setting next_dagrun for example_xcom to 2021-01-01 00:00:00+00:00, run_after=2021-01-01 00:00:00+00:00
[2026-09-06T09:11:34.662+0000] {processor.py:208} INFO - Processing /home/airflow/.local/lib/python3.12/site-packages/airflow/example_dags/example_xcom.py took 0.058 seconds
[2026-09-06T09:12:05.781+0000] {processor.py:186} INFO - Started process (PID=2319) to work on /home/airflow/.local/lib/python3.12/site-packages/airflow/example_dags/example_xcom.py
[2026-09-06T09:12:05.782+0000] {processor.py:914} INFO - Processing file /home/airflow/.local/lib/python3.12/site-packages/airflow/example_dags/example_xcom.py for tasks to queue
[2026-09-06T09:12:05.784+0000] {logging_mixin.py:190} INFO - [2026-09-06T09:12:05.784+0000] {dagbag.py:588} INFO - Filling up the DagBag from /home/airflow/.local/lib/python3.12/site-packages/airflow/example_dags/example_xcom.py
[2026-09-06T09:12:05.791+0000] {processor.py:925} INFO - DAG(s) 'example_xcom' retrieved from /home/airflow/.local/lib/python3.12/site-packages/airflow/example_dags/example_xcom.py
[2026-09-06T09:12:05.807+0000] {logging_mixin.py:190} INFO - [2026-09-06T09:12:05.806+0000] {dag.py:3239} INFO - Sync 1 DAGs
[2026-09-06T09:12:05.822+0000] {logging_mixin.py:190} INFO - [2026-09-06T09:12:05.822+0000] {dag.py:4180} INFO - Setting next_dagrun for example_xcom to 2021-01-01 00:00:00+00:00, run_after=2021-01-01 00:00:00+00:00
[2026-09-06T09:12:05.836+0000] {processor.py:208} INFO - Processing /home/airflow/.local/lib/python3.12/site-packages/airflow/example_dags/example_xcom.py took 0.059 seconds
[2026-09-06T09:12:37.231+0000] {processor.py:186} INFO - Started process (PID=2383) to work on /home/airflow/.local/lib/python3.12/site-packages/airflow/example_dags/example_xcom.py
[2026-09-06T09:12:37.232+0000] {processor.py:914} INFO - Processing file /home/airflow/.local/lib/python3.12/site-packages/airflow/example_dags/example_xcom.py for tasks to queue
[2026-09-06T09:12:37.234+0000] {logging_mixin.py:190} INFO - [2026-09-06T09:12:37.234+0000] {dagbag.py:588} INFO - Filling up the DagBag from /home/airflow/.local/lib/python3.12/site-packages/airflow/example_dags/example_xcom.py
[2026-09-06T09:12:37.242+0000] {processor.py:925} INFO - DAG(s) 'example_xcom' retrieved from /home/airflow/.local/lib/python3.12/site-packages/airflow/example_dags/example_xcom.py
[2026-09-06T09:12:37.257+0000] {logging_mixin.py:190} INFO - [2026-09-06T09:12:37.257+0000] {dag.py:3239} INFO - Sync 1 DAGs
[2026-09-06T09:12:37.272+0000] {logging_mixin.py:190} INFO - [2026-09-06T09:12:37.272+0000] {dag.py:4180} INFO - Setting next_dagrun for example_xcom to 2021-01-01 00:00:00+00:00, run_after=2021-01-01 00:00:00+00:00
[2026-09-06T09:12:37.286+0000] {processor.py:208} INFO - Processing /home/airflow/.local/lib/python3.12/site-packages/airflow/example_dags/example_xcom.py took 0.060 seconds
[2026-09-06T09:13:08.567+0000] {processor.py:186} INFO - Started process (PID=2447) to work on /home/airflow/.local/lib/python3.12/site-packages/airflow/example_dags/example_xcom.py
[2026-09-06T09:13:08.568+0000] {processor.py:914} INFO - Processing file /home/airflow/.local/lib/python3.12/site-packages/airflow/example_dags/example_xcom.py for tasks to queue
[2026-09-06T09:13:08.570+0000] {logging_mixin.py:190} INFO - [2026-09-06T09:13:08.570+0000] {dagbag.py:588} INFO - Filling up the DagBag from /home/airflow/.local/lib/python3.12/site-packages/airflow/example_dags/example_xcom.py
[2026-09-06T09:13:08.579+0000] {processor.py:925} INFO - DAG(s) 'example_xcom' retrieved from /home/airflow/.local/lib/python3.12/site-packages/airflow/example_dags/example_xcom.py
[2026-09-06T09:13:08.598+0000] {logging_mixin.py:190} INFO - [2026-09-06T09:13:08.598+0000] {dag.py:3239} INFO - Sync 1 DAGs
[2026-09-06T09:13:08.614+0000] {logging_mixin.py:190} INFO - [2026-09-06T09:13:08.614+0000] {dag.py:4180} INFO - Setting next_dagrun for example_xcom to 2021-01-01 00:00:00+00:00, run_after=2021-01-01 00:00:00+00:00
[2026-09-06T09:13:08.628+0000] {processor.py:208} INFO - Processing /home/airflow/.local/lib/python3.12/site-packages/airflow/example_dags/example_xcom.py took 0.066 seconds
[2026-09-06T09:13:39.625+0000] {processor.py:186} INFO - Started process (PID=2511) to work on /home/airflow/.local/lib/python3.12/site-packages/airflow/example_dags/example_xcom.py
[2026-09-06T09:13:39.626+0000] {processor.py:914} INFO - Processing file /home/airflow/.local/lib/python3.12/site-packages/airflow/example_dags/example_xcom.py for tasks to queue
[2026-09-06T09:13:39.628+0000] {logging_mixin.py:190} INFO - [2026-09-06T09:13:39.628+0000] {dagbag.py:588} INFO - Filling up the DagBag from /home/airflow/.local/lib/python3.12/site-packages/airflow/example_dags/example_xcom.py
[2026-09-06T09:13:39.636+0000] {processor.py:925} INFO - DAG(s) 'example_xcom' retrieved from /home/airflow/.local/lib/python3.12/site-packages/airflow/example_dags/example_xcom.py
[2026-09-06T09:13:39.651+0000] {logging_mixin.py:190} INFO - [2026-09-06T09:13:39.650+0000] {dag.py:3239} INFO - Sync 1 DAGs
[2026-09-06T09:13:39.666+0000] {logging_mixin.py:190} INFO - [2026-09-06T09:13:39.665+0000] {dag.py:4180} INFO - Setting next_dagrun for example_xcom to 2021-01-01 00:00:00+00:00, run_after=2021-01-01 00:00:00+00:00
[2026-09-06T09:13:39.679+0000] {processor.py:208} INFO - Processing /home/airflow/.local/lib/python3.12/site-packages/airflow/example_dags/example_xcom.py took 0.059 seconds
[2026-09-06T09:14:11.025+0000] {processor.py:186} INFO - Started process (PID=2575) to work on /home/airflow/.local/lib/python3.12/site-packages/airflow/example_dags/example_xcom.py
[2026-09-06T09:14:11.026+0000] {processor.py:914} INFO - Processing file /home/airflow/.local/lib/python3.12/site-packages/airflow/example_dags/example_xcom.py for tasks to queue
[2026-09-06T09:14:11.028+0000] {logging_mixin.py:190} INFO - [2026-09-06T09:14:11.028+0000] {dagbag.py:588} INFO - Filling up the DagBag from /home/airflow/.local/lib/python3.12/site-packages/airflow/example_dags/example_xcom.py
[2026-09-06T09:14:11.036+0000] {processor.py:925} INFO - DAG(s) 'example_xcom' retrieved from /home/airflow/.local/lib/python3.12/site-packages/airflow/example_dags/example_xcom.py
[2026-09-06T09:14:11.051+0000] {logging_mixin.py:190} INFO - [2026-09-06T09:14:11.051+0000] {dag.py:3239} INFO - Sync 1 DAGs
[2026-09-06T09:14:11.066+0000] {logging_mixin.py:190} INFO - [2026-09-06T09:14:11.066+0000] {dag.py:4180} INFO - Setting next_dagrun for example_xcom to 2021-01-01 00:00:00+00:00, run_after=2021-01-01 00:00:00+00:00
[2026-09-06T09:14:11.080+0000] {processor.py:208} INFO - Processing /home/airflow/.local/lib/python3.12/site-packages/airflow/example_dags/example_xcom.py took 0.059 seconds
[2026-09-06T09:14:42.288+0000] {processor.py:186} INFO - Started process (PID=2639) to work on /home/airflow/.local/lib/python3.12/site-packages/airflow/example_dags/example_xcom.py
[2026-09-06T09:14:42.289+0000] {processor.py:914} INFO - Processing file /home/airflow/.local/lib/python3.12/site-packages/airflow/example_dags/example_xcom.py for tasks to queue
[2026-09-06T09:14:42.291+0000] {logging_mixin.py:190} INFO - [2026-09-06T09:14:42.291+0000] {dagbag.py:588} INFO - Filling up the DagBag from /home/airflow/.local/lib/python3.12/site-packages/airflow/example_dags/example_xcom.py
[2026-09-06T09:14:42.299+0000] {processor.py:925} INFO - DAG(s) 'example_xcom' retrieved from /home/airflow/.local/lib/python3.12/site-packages/airflow/example_dags/example_xcom.py
[2026-09-06T09:14:42.315+0000] {logging_mixin.py:190} INFO - [2026-09-06T09:14:42.315+0000] {dag.py:3239} INFO - Sync 1 DAGs
[2026-09-06T09:14:42.332+0000] {logging_mixin.py:190} INFO - [2026-09-06T09:14:42.332+0000] {dag.py:4180} INFO - Setting next_dagrun for example_xcom to 2021-01-01 00:00:00+00:00, run_after=2021-01-01 00:00:00+00:00
[2026-09-06T09:14:42.345+0000] {processor.py:208} INFO - Processing /home/airflow/.local/lib/python3.12/site-packages/airflow/example_dags/example_xcom.py took 0.062 seconds
[2026-09-06T09:15:13.343+0000] {processor.py:186} INFO - Started process (PID=2703) to work on /home/airflow/.local/lib/python3.12/site-packages/airflow/example_dags/example_xcom.py
[2026-09-06T09:15:13.344+0000] {processor.py:914} INFO - Processing file /home/airflow/.local/lib/python3.12/site-packages/airflow/example_dags/example_xcom.py for tasks to queue
[2026-09-06T09:15:13.346+0000] {logging_mixin.py:190} INFO - [2026-09-06T09:15:13.346+0000] {dagbag.py:588} INFO - Filling up the DagBag from /home/airflow/.local/lib/python3.12/site-packages/airflow/example_dags/example_xcom.py
[2026-09-06T09:15:13.353+0000] {processor.py:925} INFO - DAG(s) 'example_xcom' retrieved from /home/airflow/.local/lib/python3.12/site-packages/airflow/example_dags/example_xcom.py
[2026-09-06T09:15:13.369+0000] {logging_mixin.py:190} INFO - [2026-09-06T09:15:13.369+0000] {dag.py:3239} INFO - Sync 1 DAGs
[2026-09-06T09:15:13.385+0000] {logging_mixin.py:190} INFO - [2026-09-06T09:15:13.385+0000] {dag.py:4180} INFO - Setting next_dagrun for example_xcom to 2021-01-01 00:00:00+00:00, run_after=2021-01-01 00:00:00+00:00
[2026-09-06T09:15:13.399+0000] {processor.py:208} INFO - Processing /home/airflow/.local/lib/python3.12/site-packages/airflow/example_dags/example_xcom.py took 0.060 seconds
[2026-09-06T09:15:44.347+0000] {processor.py:186} INFO - Started process (PID=2769) to work on /home/airflow/.local/lib/python3.12/site-packages/airflow/example_dags/example_xcom.py
[2026-09-06T09:15:44.348+0000] {processor.py:914} INFO - Processing file /home/airflow/.local/lib/python3.12/site-packages/airflow/example_dags/example_xcom.py for tasks to queue
[2026-09-06T09:15:44.350+0000] {logging_mixin.py:190} INFO - [2026-09-06T09:15:44.350+0000] {dagbag.py:588} INFO - Filling up the DagBag from /home/airflow/.local/lib/python3.12/site-packages/airflow/example_dags/example_xcom.py
[2026-09-06T09:15:44.359+0000] {processor.py:925} INFO - DAG(s) 'example_xcom' retrieved from /home/airflow/.local/lib/python3.12/site-packages/airflow/example_dags/example_xcom.py
[2026-09-06T09:15:44.374+0000] {logging_mixin.py:190} INFO - [2026-09-06T09:15:44.374+0000] {dag.py:3239} INFO - Sync 1 DAGs
[2026-09-06T09:15:44.390+0000] {logging_mixin.py:190} INFO - [2026-09-06T09:15:44.390+0000] {dag.py:4180} INFO - Setting next_dagrun for example_xcom to 2021-01-01 00:00:00+00:00, run_after=2021-01-01 00:00:00+00:00
[2026-09-06T09:15:44.416+0000] {processor.py:208} INFO - Processing /home/airflow/.local/lib/python3.12/site-packages/airflow/example_dags/example_xcom.py took 0.074 seconds
[2026-09-06T09:16:14.977+0000] {processor.py:186} INFO - Started process (PID=2833) to work on /home/airflow/.local/lib/python3.12/site-packages/airflow/example_dags/example_xcom.py
[2026-09-06T09:16:14.978+0000] {processor.py:914} INFO - Processing file /home/airflow/.local/lib/python3.12/site-packages/airflow/example_dags/example_xcom.py for tasks to queue
[2026-09-06T09:16:14.980+0000] {logging_mixin.py:190} INFO - [2026-09-06T09:16:14.980+0000] {dagbag.py:588} INFO - Filling up the DagBag from /home/airflow/.local/lib/python3.12/site-packages/airflow/example_dags/example_xcom.py
[2026-09-06T09:16:14.987+0000] {processor.py:925} INFO - DAG(s) 'example_xcom' retrieved from /home/airflow/.local/lib/python3.12/site-packages/airflow/example_dags/example_xcom.py
[2026-09-06T09:16:15.002+0000] {logging_mixin.py:190} INFO - [2026-09-06T09:16:15.002+0000] {dag.py:3239} INFO - Sync 1 DAGs
[2026-09-06T09:16:15.018+0000] {logging_mixin.py:190} INFO - [2026-09-06T09:16:15.018+0000] {dag.py:4180} INFO - Setting next_dagrun for example_xcom to 2021-01-01 00:00:00+00:00, run_after=2021-01-01 00:00:00+00:00
[2026-09-06T09:16:15.032+0000] {processor.py:208} INFO - Processing /home/airflow/.local/lib/python3.12/site-packages/airflow/example_dags/example_xcom.py took 0.059 seconds
[2026-09-06T09:16:45.786+0000] {processor.py:186} INFO - Started process (PID=2897) to work on /home/airflow/.local/lib/python3.12/site-packages/airflow/example_dags/example_xcom.py
[2026-09-06T09:16:45.788+0000] {processor.py:914} INFO - Processing file /home/airflow/.local/lib/python3.12/site-packages/airflow/example_dags/example_xcom.py for tasks to queue
[2026-09-06T09:16:45.791+0000] {logging_mixin.py:190} INFO - [2026-09-06T09:16:45.790+0000] {dagbag.py:588} INFO - Filling up the DagBag from /home/airflow/.local/lib/python3.12/site-packages/airflow/example_dags/example_xcom.py
[2026-09-06T09:16:45.799+0000] {processor.py:925} INFO - DAG(s) 'example_xcom' retrieved from /home/airflow/.local/lib/python3.12/site-packages/airflow/example_dags/example_xcom.py
[2026-09-06T09:16:45.817+0000] {logging_mixin.py:190} INFO - [2026-09-06T09:16:45.817+0000] {dag.py:3239} INFO - Sync 1 DAGs
[2026-09-06T09:16:45.837+0000] {logging_mixin.py:190} INFO - [2026-09-06T09:16:45.837+0000] {dag.py:4180} INFO - Setting next_dagrun for example_xcom to 2021-01-01 00:00:00+00:00, run_after=2021-01-01 00:00:00+00:00
[2026-09-06T09:16:45.855+0000] {processor.py:208} INFO - Processing /home/airflow/.local/lib/python3.12/site-packages/airflow/example_dags/example_xcom.py took 0.074 seconds
[2026-09-06T09:17:16.529+0000] {processor.py:186} INFO - Started process (PID=2961) to work on /home/airflow/.local/lib/python3.12/site-packages/airflow/example_dags/example_xcom.py
[2026-09-06T09:17:16.530+0000] {processor.py:914} INFO - Processing file /home/airflow/.local/lib/python3.12/site-packages/airflow/example_dags/example_xcom.py for tasks to queue
[2026-09-06T09:17:16.532+0000] {logging_mixin.py:190} INFO - [2026-09-06T09:17:16.532+0000] {dagbag.py:588} INFO - Filling up the DagBag from /home/airflow/.local/lib/python3.12/site-packages/airflow/example_dags/example_xcom.py
[2026-09-06T09:17:16.540+0000] {processor.py:925} INFO - DAG(s) 'example_xcom' retrieved from /home/airflow/.local/lib/python3.12/site-packages/airflow/example_dags/example_xcom.py
[2026-09-06T09:17:16.559+0000] {logging_mixin.py:190} INFO - [2026-09-06T09:17:16.558+0000] {dag.py:3239} INFO - Sync 1 DAGs
[2026-09-06T09:17:16.577+0000] {logging_mixin.py:190} INFO - [2026-09-06T09:17:16.577+0000] {dag.py:4180} INFO - Setting next_dagrun for example_xcom to 2021-01-01 00:00:00+00:00, run_after=2021-01-01 00:00:00+00:00
[2026-09-06T09:17:16.591+0000] {processor.py:208} INFO - Processing /home/airflow/.local/lib/python3.12/site-packages/airflow/example_dags/example_xcom.py took 0.066 seconds
[2026-09-06T09:17:47.177+0000] {processor.py:186} INFO - Started process (PID=3025) to work on /home/airflow/.local/lib/python3.12/site-packages/airflow/example_dags/example_xcom.py
[2026-09-06T09:17:47.178+0000] {processor.py:914} INFO - Processing file /home/airflow/.local/lib/python3.12/site-packages/airflow/example_dags/example_xcom.py for tasks to queue
[2026-09-06T09:17:47.180+0000] {logging_mixin.py:190} INFO - [2026-09-06T09:17:47.180+0000] {dagbag.py:588} INFO - Filling up the DagBag from /home/airflow/.local/lib/python3.12/site-packages/airflow/example_dags/example_xcom.py
[2026-09-06T09:17:47.188+0000] {processor.py:925} INFO - DAG(s) 'example_xcom' retrieved from /home/airflow/.local/lib/python3.12/site-packages/airflow/example_dags/example_xcom.py
[2026-09-06T09:17:47.203+0000] {logging_mixin.py:190} INFO - [2026-09-06T09:17:47.203+0000] {dag.py:3239} INFO - Sync 1 DAGs
[2026-09-06T09:17:47.219+0000] {logging_mixin.py:190} INFO - [2026-09-06T09:17:47.219+0000] {dag.py:4180} INFO - Setting next_dagrun for example_xcom to 2021-01-01 00:00:00+00:00, run_after=2021-01-01 00:00:00+00:00
[2026-09-06T09:17:47.233+0000] {processor.py:208} INFO - Processing /home/airflow/.local/lib/python3.12/site-packages/airflow/example_dags/example_xcom.py took 0.062 seconds
[2026-09-06T09:18:18.682+0000] {processor.py:186} INFO - Started process (PID=3089) to work on /home/airflow/.local/lib/python3.12/site-packages/airflow/example_dags/example_xcom.py
[2026-09-06T09:18:18.683+0000] {processor.py:914} INFO - Processing file /home/airflow/.local/lib/python3.12/site-packages/airflow/example_dags/example_xcom.py for tasks to queue
[2026-09-06T09:18:18.685+0000] {logging_mixin.py:190} INFO - [2026-09-06T09:18:18.685+0000] {dagbag.py:588} INFO - Filling up the DagBag from /home/airflow/.local/lib/python3.12/site-packages/airflow/example_dags/example_xcom.py
[2026-09-06T09:18:18.693+0000] {processor.py:925} INFO - DAG(s) 'example_xcom' retrieved from /home/airflow/.local/lib/python3.12/site-packages/airflow/example_dags/example_xcom.py
[2026-09-06T09:18:18.711+0000] {logging_mixin.py:190} INFO - [2026-09-06T09:18:18.711+0000] {dag.py:3239} INFO - Sync 1 DAGs
[2026-09-06T09:18:18.912+0000] {logging_mixin.py:190} INFO - [2026-09-06T09:18:18.912+0000] {dag.py:4180} INFO - Setting next_dagrun for example_xcom to 2021-01-01 00:00:00+00:00, run_after=2021-01-01 00:00:00+00:00
[2026-09-06T09:18:18.927+0000] {processor.py:208} INFO - Processing /home/airflow/.local/lib/python3.12/site-packages/airflow/example_dags/example_xcom.py took 0.250 seconds
[2026-09-06T09:18:49.905+0000] {processor.py:186} INFO - Started process (PID=3153) to work on /home/airflow/.local/lib/python3.12/site-packages/airflow/example_dags/example_xcom.py
[2026-09-06T09:18:49.906+0000] {processor.py:914} INFO - Processing file /home/airflow/.local/lib/python3.12/site-packages/airflow/example_dags/example_xcom.py for tasks to queue
[2026-09-06T09:18:49.908+0000] {logging_mixin.py:190} INFO - [2026-09-06T09:18:49.908+0000] {dagbag.py:588} INFO - Filling up the DagBag from /home/airflow/.local/lib/python3.12/site-packages/airflow/example_dags/example_xcom.py
[2026-09-06T09:18:49.916+0000] {processor.py:925} INFO - DAG(s) 'example_xcom' retrieved from /home/airflow/.local/lib/python3.12/site-packages/airflow/example_dags/example_xcom.py
[2026-09-06T09:18:49.934+0000] {logging_mixin.py:190} INFO - [2026-09-06T09:18:49.933+0000] {dag.py:3239} INFO - Sync 1 DAGs
[2026-09-06T09:18:49.950+0000] {logging_mixin.py:190} INFO - [2026-09-06T09:18:49.950+0000] {dag.py:4180} INFO - Setting next_dagrun for example_xcom to 2021-01-01 00:00:00+00:00, run_after=2021-01-01 00:00:00+00:00
[2026-09-06T09:18:49.965+0000] {processor.py:208} INFO - Processing /home/airflow/.local/lib/python3.12/site-packages/airflow/example_dags/example_xcom.py took 0.064 seconds
[2026-09-06T09:19:20.515+0000] {processor.py:186} INFO - Started process (PID=3217) to work on /home/airflow/.local/lib/python3.12/site-packages/airflow/example_dags/example_xcom.py
[2026-09-06T09:19:20.516+0000] {processor.py:914} INFO - Processing file /home/airflow/.local/lib/python3.12/site-packages/airflow/example_dags/example_xcom.py for tasks to queue
[2026-09-06T09:19:20.518+0000] {logging_mixin.py:190} INFO - [2026-09-06T09:19:20.518+0000] {dagbag.py:588} INFO - Filling up the DagBag from /home/airflow/.local/lib/python3.12/site-packages/airflow/example_dags/example_xcom.py
[2026-09-06T09:19:20.527+0000] {processor.py:925} INFO - DAG(s) 'example_xcom' retrieved from /home/airflow/.local/lib/python3.12/site-packages/airflow/example_dags/example_xcom.py
[2026-09-06T09:19:20.544+0000] {logging_mixin.py:190} INFO - [2026-09-06T09:19:20.543+0000] {dag.py:3239} INFO - Sync 1 DAGs
[2026-09-06T09:19:20.560+0000] {logging_mixin.py:190} INFO - [2026-09-06T09:19:20.560+0000] {dag.py:4180} INFO - Setting next_dagrun for example_xcom to 2021-01-01 00:00:00+00:00, run_after=2021-01-01 00:00:00+00:00
[2026-09-06T09:19:20.575+0000] {processor.py:208} INFO - Processing /home/airflow/.local/lib/python3.12/site-packages/airflow/example_dags/example_xcom.py took 0.065 seconds
[2026-09-06T09:19:51.965+0000] {processor.py:186} INFO - Started process (PID=3283) to work on /home/airflow/.local/lib/python3.12/site-packages/airflow/example_dags/example_xcom.py
[2026-09-06T09:19:51.966+0000] {processor.py:914} INFO - Processing file /home/airflow/.local/lib/python3.12/site-packages/airflow/example_dags/example_xcom.py for tasks to queue
[2026-09-06T09:19:51.968+0000] {logging_mixin.py:190} INFO - [2026-09-06T09:19:51.968+0000] {dagbag.py:588} INFO - Filling up the DagBag from /home/airflow/.local/lib/python3.12/site-packages/airflow/example_dags/example_xcom.py
[2026-09-06T09:19:51.976+0000] {processor.py:925} INFO - DAG(s) 'example_xcom' retrieved from /home/airflow/.local/lib/python3.12/site-packages/airflow/example_dags/example_xcom.py
[2026-09-06T09:19:51.992+0000] {logging_mixin.py:190} INFO - [2026-09-06T09:19:51.991+0000] {dag.py:3239} INFO - Sync 1 DAGs
[2026-09-06T09:19:52.007+0000] {logging_mixin.py:190} INFO - [2026-09-06T09:19:52.006+0000] {dag.py:4180} INFO - Setting next_dagrun for example_xcom to 2021-01-01 00:00:00+00:00, run_after=2021-01-01 00:00:00+00:00
[2026-09-06T09:19:52.019+0000] {processor.py:208} INFO - Processing /home/airflow/.local/lib/python3.12/site-packages/airflow/example_dags/example_xcom.py took 0.058 seconds
[2026-09-06T09:20:23.932+0000] {processor.py:186} INFO - Started process (PID=3349) to work on /home/airflow/.local/lib/python3.12/site-packages/airflow/example_dags/example_xcom.py
[2026-09-06T09:20:23.933+0000] {processor.py:914} INFO - Processing file /home/airflow/.local/lib/python3.12/site-packages/airflow/example_dags/example_xcom.py for tasks to queue
[2026-09-06T09:20:23.936+0000] {logging_mixin.py:190} INFO - [2026-09-06T09:20:23.936+0000] {dagbag.py:588} INFO - Filling up the DagBag from /home/airflow/.local/lib/python3.12/site-packages/airflow/example_dags/example_xcom.py
[2026-09-06T09:20:23.945+0000] {processor.py:925} INFO - DAG(s) 'example_xcom' retrieved from /home/airflow/.local/lib/python3.12/site-packages/airflow/example_dags/example_xcom.py
[2026-09-06T09:20:23.963+0000] {logging_mixin.py:190} INFO - [2026-09-06T09:20:23.962+0000] {dag.py:3239} INFO - Sync 1 DAGs
[2026-09-06T09:20:24.181+0000] {logging_mixin.py:190} INFO - [2026-09-06T09:20:24.181+0000] {dag.py:4180} INFO - Setting next_dagrun for example_xcom to 2021-01-01 00:00:00+00:00, run_after=2021-01-01 00:00:00+00:00
[2026-09-06T09:20:24.203+0000] {processor.py:208} INFO - Processing /home/airflow/.local/lib/python3.12/site-packages/airflow/example_dags/example_xcom.py took 0.275 seconds
[2026-09-06T09:20:54.688+0000] {processor.py:186} INFO - Started process (PID=3413) to work on /home/airflow/.local/lib/python3.12/site-packages/airflow/example_dags/example_xcom.py
[2026-09-06T09:20:54.689+0000] {processor.py:914} INFO - Processing file /home/airflow/.local/lib/python3.12/site-packages/airflow/example_dags/example_xcom.py for tasks to queue
[2026-09-06T09:20:54.691+0000] {logging_mixin.py:190} INFO - [2026-09-06T09:20:54.691+0000] {dagbag.py:588} INFO - Filling up the DagBag from /home/airflow/.local/lib/python3.12/site-packages/airflow/example_dags/example_xcom.py
[2026-09-06T09:20:54.699+0000] {processor.py:925} INFO - DAG(s) 'example_xcom' retrieved from /home/airflow/.local/lib/python3.12/site-packages/airflow/example_dags/example_xcom.py
[2026-09-06T09:20:54.716+0000] {logging_mixin.py:190} INFO - [2026-09-06T09:20:54.715+0000] {dag.py:3239} INFO - Sync 1 DAGs
[2026-09-06T09:20:54.733+0000] {logging_mixin.py:190} INFO - [2026-09-06T09:20:54.733+0000] {dag.py:4180} INFO - Setting next_dagrun for example_xcom to 2021-01-01 00:00:00+00:00, run_after=2021-01-01 00:00:00+00:00
[2026-09-06T09:20:54.749+0000] {processor.py:208} INFO - Processing /home/airflow/.local/lib/python3.12/site-packages/airflow/example_dags/example_xcom.py took 0.066 seconds
[2026-09-06T09:21:26.228+0000] {processor.py:186} INFO - Started process (PID=3479) to work on /home/airflow/.local/lib/python3.12/site-packages/airflow/example_dags/example_xcom.py
[2026-09-06T09:21:26.229+0000] {processor.py:914} INFO - Processing file /home/airflow/.local/lib/python3.12/site-packages/airflow/example_dags/example_xcom.py for tasks to queue
[2026-09-06T09:21:26.232+0000] {logging_mixin.py:190} INFO - [2026-09-06T09:21:26.232+0000] {dagbag.py:588} INFO - Filling up the DagBag from /home/airflow/.local/lib/python3.12/site-packages/airflow/example_dags/example_xcom.py
[2026-09-06T09:21:26.244+0000] {processor.py:925} INFO - DAG(s) 'example_xcom' retrieved from /home/airflow/.local/lib/python3.12/site-packages/airflow/example_dags/example_xcom.py
[2026-09-06T09:21:26.266+0000] {logging_mixin.py:190} INFO - [2026-09-06T09:21:26.266+0000] {dag.py:3239} INFO - Sync 1 DAGs
[2026-09-06T09:21:26.290+0000] {logging_mixin.py:190} INFO - [2026-09-06T09:21:26.290+0000] {dag.py:4180} INFO - Setting next_dagrun for example_xcom to 2021-01-01 00:00:00+00:00, run_after=2021-01-01 00:00:00+00:00
[2026-09-06T09:21:26.306+0000] {processor.py:208} INFO - Processing /home/airflow/.local/lib/python3.12/site-packages/airflow/example_dags/example_xcom.py took 0.088 seconds
[2026-09-06T09:21:57.584+0000] {processor.py:186} INFO - Started process (PID=3546) to work on /home/airflow/.local/lib/python3.12/site-packages/airflow/example_dags/example_xcom.py
[2026-09-06T09:21:57.585+0000] {processor.py:914} INFO - Processing file /home/airflow/.local/lib/python3.12/site-packages/airflow/example_dags/example_xcom.py for tasks to queue
[2026-09-06T09:21:57.587+0000] {logging_mixin.py:190} INFO - [2026-09-06T09:21:57.587+0000] {dagbag.py:588} INFO - Filling up the DagBag from /home/airflow/.local/lib/python3.12/site-packages/airflow/example_dags/example_xcom.py
[2026-09-06T09:21:57.596+0000] {processor.py:925} INFO - DAG(s) 'example_xcom' retrieved from /home/airflow/.local/lib/python3.12/site-packages/airflow/example_dags/example_xcom.py
[2026-09-06T09:21:57.614+0000] {logging_mixin.py:190} INFO - [2026-09-06T09:21:57.614+0000] {dag.py:3239} INFO - Sync 1 DAGs
[2026-09-06T09:21:57.633+0000] {logging_mixin.py:190} INFO - [2026-09-06T09:21:57.633+0000] {dag.py:4180} INFO - Setting next_dagrun for example_xcom to 2021-01-01 00:00:00+00:00, run_after=2021-01-01 00:00:00+00:00
[2026-09-06T09:21:57.647+0000] {processor.py:208} INFO - Processing /home/airflow/.local/lib/python3.12/site-packages/airflow/example_dags/example_xcom.py took 0.069 seconds
[2026-09-06T09:22:28.481+0000] {processor.py:186} INFO - Started process (PID=3610) to work on /home/airflow/.local/lib/python3.12/site-packages/airflow/example_dags/example_xcom.py
[2026-09-06T09:22:28.482+0000] {processor.py:914} INFO - Processing file /home/airflow/.local/lib/python3.12/site-packages/airflow/example_dags/example_xcom.py for tasks to queue
[2026-09-06T09:22:28.484+0000] {logging_mixin.py:190} INFO - [2026-09-06T09:22:28.484+0000] {dagbag.py:588} INFO - Filling up the DagBag from /home/airflow/.local/lib/python3.12/site-packages/airflow/example_dags/example_xcom.py
[2026-09-06T09:22:28.490+0000] {processor.py:925} INFO - DAG(s) 'example_xcom' retrieved from /home/airflow/.local/lib/python3.12/site-packages/airflow/example_dags/example_xcom.py
[2026-09-06T09:22:28.508+0000] {logging_mixin.py:190} INFO - [2026-09-06T09:22:28.508+0000] {dag.py:3239} INFO - Sync 1 DAGs
[2026-09-06T09:22:28.525+0000] {logging_mixin.py:190} INFO - [2026-09-06T09:22:28.525+0000] {dag.py:4180} INFO - Setting next_dagrun for example_xcom to 2021-01-01 00:00:00+00:00, run_after=2021-01-01 00:00:00+00:00
[2026-09-06T09:22:28.540+0000] {processor.py:208} INFO - Processing /home/airflow/.local/lib/python3.12/site-packages/airflow/example_dags/example_xcom.py took 0.063 seconds
[2026-09-06T09:22:59.521+0000] {processor.py:186} INFO - Started process (PID=3674) to work on /home/airflow/.local/lib/python3.12/site-packages/airflow/example_dags/example_xcom.py
[2026-09-06T09:22:59.522+0000] {processor.py:914} INFO - Processing file /home/airflow/.local/lib/python3.12/site-packages/airflow/example_dags/example_xcom.py for tasks to queue
[2026-09-06T09:22:59.524+0000] {logging_mixin.py:190} INFO - [2026-09-06T09:22:59.524+0000] {dagbag.py:588} INFO - Filling up the DagBag from /home/airflow/.local/lib/python3.12/site-packages/airflow/example_dags/example_xcom.py
[2026-09-06T09:22:59.532+0000] {processor.py:925} INFO - DAG(s) 'example_xcom' retrieved from /home/airflow/.local/lib/python3.12/site-packages/airflow/example_dags/example_xcom.py
[2026-09-06T09:22:59.549+0000] {logging_mixin.py:190} INFO - [2026-09-06T09:22:59.549+0000] {dag.py:3239} INFO - Sync 1 DAGs
[2026-09-06T09:22:59.567+0000] {logging_mixin.py:190} INFO - [2026-09-06T09:22:59.567+0000] {dag.py:4180} INFO - Setting next_dagrun for example_xcom to 2021-01-01 00:00:00+00:00, run_after=2021-01-01 00:00:00+00:00
[2026-09-06T09:22:59.583+0000] {processor.py:208} INFO - Processing /home/airflow/.local/lib/python3.12/site-packages/airflow/example_dags/example_xcom.py took 0.067 seconds
[2026-09-06T09:23:30.747+0000] {processor.py:186} INFO - Started process (PID=3746) to work on /home/airflow/.local/lib/python3.12/site-packages/airflow/example_dags/example_xcom.py
[2026-09-06T09:23:30.748+0000] {processor.py:914} INFO - Processing file /home/airflow/.local/lib/python3.12/site-packages/airflow/example_dags/example_xcom.py for tasks to queue
[2026-09-06T09:23:30.750+0000] {logging_mixin.py:190} INFO - [2026-09-06T09:23:30.750+0000] {dagbag.py:588} INFO - Filling up the DagBag from /home/airflow/.local/lib/python3.12/site-packages/airflow/example_dags/example_xcom.py
[2026-09-06T09:23:30.757+0000] {processor.py:925} INFO - DAG(s) 'example_xcom' retrieved from /home/airflow/.local/lib/python3.12/site-packages/airflow/example_dags/example_xcom.py
[2026-09-06T09:23:30.773+0000] {logging_mixin.py:190} INFO - [2026-09-06T09:23:30.773+0000] {dag.py:3239} INFO - Sync 1 DAGs
[2026-09-06T09:23:30.789+0000] {logging_mixin.py:190} INFO - [2026-09-06T09:23:30.788+0000] {dag.py:4180} INFO - Setting next_dagrun for example_xcom to 2021-01-01 00:00:00+00:00, run_after=2021-01-01 00:00:00+00:00
[2026-09-06T09:23:30.804+0000] {processor.py:208} INFO - Processing /home/airflow/.local/lib/python3.12/site-packages/airflow/example_dags/example_xcom.py took 0.062 seconds
[2026-09-06T09:24:01.582+0000] {processor.py:186} INFO - Started process (PID=3810) to work on /home/airflow/.local/lib/python3.12/site-packages/airflow/example_dags/example_xcom.py
[2026-09-06T09:24:01.583+0000] {processor.py:914} INFO - Processing file /home/airflow/.local/lib/python3.12/site-packages/airflow/example_dags/example_xcom.py for tasks to queue
[2026-09-06T09:24:01.585+0000] {logging_mixin.py:190} INFO - [2026-09-06T09:24:01.585+0000] {dagbag.py:588} INFO - Filling up the DagBag from /home/airflow/.local/lib/python3.12/site-packages/airflow/example_dags/example_xcom.py
[2026-09-06T09:24:01.593+0000] {processor.py:925} INFO - DAG(s) 'example_xcom' retrieved from /home/airflow/.local/lib/python3.12/site-packages/airflow/example_dags/example_xcom.py
[2026-09-06T09:24:01.610+0000] {logging_mixin.py:190} INFO - [2026-09-06T09:24:01.610+0000] {dag.py:3239} INFO - Sync 1 DAGs
[2026-09-06T09:24:01.628+0000] {logging_mixin.py:190} INFO - [2026-09-06T09:24:01.628+0000] {dag.py:4180} INFO - Setting next_dagrun for example_xcom to 2021-01-01 00:00:00+00:00, run_after=2021-01-01 00:00:00+00:00
[2026-09-06T09:24:01.642+0000] {processor.py:208} INFO - Processing /home/airflow/.local/lib/python3.12/site-packages/airflow/example_dags/example_xcom.py took 0.065 seconds
[2026-09-06T09:24:33.030+0000] {processor.py:186} INFO - Started process (PID=3876) to work on /home/airflow/.local/lib/python3.12/site-packages/airflow/example_dags/example_xcom.py
[2026-09-06T09:24:33.031+0000] {processor.py:914} INFO - Processing file /home/airflow/.local/lib/python3.12/site-packages/airflow/example_dags/example_xcom.py for tasks to queue
[2026-09-06T09:24:33.033+0000] {logging_mixin.py:190} INFO - [2026-09-06T09:24:33.033+0000] {dagbag.py:588} INFO - Filling up the DagBag from /home/airflow/.local/lib/python3.12/site-packages/airflow/example_dags/example_xcom.py
[2026-09-06T09:24:33.042+0000] {processor.py:925} INFO - DAG(s) 'example_xcom' retrieved from /home/airflow/.local/lib/python3.12/site-packages/airflow/example_dags/example_xcom.py
[2026-09-06T09:24:33.059+0000] {logging_mixin.py:190} INFO - [2026-09-06T09:24:33.059+0000] {dag.py:3239} INFO - Sync 1 DAGs
[2026-09-06T09:24:33.077+0000] {logging_mixin.py:190} INFO - [2026-09-06T09:24:33.077+0000] {dag.py:4180} INFO - Setting next_dagrun for example_xcom to 2021-01-01 00:00:00+00:00, run_after=2021-01-01 00:00:00+00:00
[2026-09-06T09:24:33.093+0000] {processor.py:208} INFO - Processing /home/airflow/.local/lib/python3.12/site-packages/airflow/example_dags/example_xcom.py took 0.068 seconds
[2026-09-06T09:25:03.981+0000] {processor.py:186} INFO - Started process (PID=3940) to work on /home/airflow/.local/lib/python3.12/site-packages/airflow/example_dags/example_xcom.py
[2026-09-06T09:25:03.982+0000] {processor.py:914} INFO - Processing file /home/airflow/.local/lib/python3.12/site-packages/airflow/example_dags/example_xcom.py for tasks to queue
[2026-09-06T09:25:03.985+0000] {logging_mixin.py:190} INFO - [2026-09-06T09:25:03.984+0000] {dagbag.py:588} INFO - Filling up the DagBag from /home/airflow/.local/lib/python3.12/site-packages/airflow/example_dags/example_xcom.py
[2026-09-06T09:25:03.992+0000] {processor.py:925} INFO - DAG(s) 'example_xcom' retrieved from /home/airflow/.local/lib/python3.12/site-packages/airflow/example_dags/example_xcom.py
[2026-09-06T09:25:04.007+0000] {logging_mixin.py:190} INFO - [2026-09-06T09:25:04.007+0000] {dag.py:3239} INFO - Sync 1 DAGs
[2026-09-06T09:25:04.023+0000] {logging_mixin.py:190} INFO - [2026-09-06T09:25:04.023+0000] {dag.py:4180} INFO - Setting next_dagrun for example_xcom to 2021-01-01 00:00:00+00:00, run_after=2021-01-01 00:00:00+00:00
[2026-09-06T09:25:04.039+0000] {processor.py:208} INFO - Processing /home/airflow/.local/lib/python3.12/site-packages/airflow/example_dags/example_xcom.py took 0.063 seconds
[2026-09-06T09:25:35.177+0000] {processor.py:186} INFO - Started process (PID=4004) to work on /home/airflow/.local/lib/python3.12/site-packages/airflow/example_dags/example_xcom.py
[2026-09-06T09:25:35.178+0000] {processor.py:914} INFO - Processing file /home/airflow/.local/lib/python3.12/site-packages/airflow/example_dags/example_xcom.py for tasks to queue
[2026-09-06T09:25:35.180+0000] {logging_mixin.py:190} INFO - [2026-09-06T09:25:35.180+0000] {dagbag.py:588} INFO - Filling up the DagBag from /home/airflow/.local/lib/python3.12/site-packages/airflow/example_dags/example_xcom.py
[2026-09-06T09:25:35.188+0000] {processor.py:925} INFO - DAG(s) 'example_xcom' retrieved from /home/airflow/.local/lib/python3.12/site-packages/airflow/example_dags/example_xcom.py
[2026-09-06T09:25:35.205+0000] {logging_mixin.py:190} INFO - [2026-09-06T09:25:35.205+0000] {dag.py:3239} INFO - Sync 1 DAGs
[2026-09-06T09:25:35.222+0000] {logging_mixin.py:190} INFO - [2026-09-06T09:25:35.222+0000] {dag.py:4180} INFO - Setting next_dagrun for example_xcom to 2021-01-01 00:00:00+00:00, run_after=2021-01-01 00:00:00+00:00
[2026-09-06T09:25:35.237+0000] {processor.py:208} INFO - Processing /home/airflow/.local/lib/python3.12/site-packages/airflow/example_dags/example_xcom.py took 0.065 seconds
[2026-09-06T09:26:05.742+0000] {processor.py:186} INFO - Started process (PID=4068) to work on /home/airflow/.local/lib/python3.12/site-packages/airflow/example_dags/example_xcom.py
[2026-09-06T09:26:05.743+0000] {processor.py:914} INFO - Processing file /home/airflow/.local/lib/python3.12/site-packages/airflow/example_dags/example_xcom.py for tasks to queue
[2026-09-06T09:26:05.745+0000] {logging_mixin.py:190} INFO - [2026-09-06T09:26:05.745+0000] {dagbag.py:588} INFO - Filling up the DagBag from /home/airflow/.local/lib/python3.12/site-packages/airflow/example_dags/example_xcom.py
[2026-09-06T09:26:05.752+0000] {processor.py:925} INFO - DAG(s) 'example_xcom' retrieved from /home/airflow/.local/lib/python3.12/site-packages/airflow/example_dags/example_xcom.py
[2026-09-06T09:26:05.767+0000] {logging_mixin.py:190} INFO - [2026-09-06T09:26:05.767+0000] {dag.py:3239} INFO - Sync 1 DAGs
[2026-09-06T09:26:05.782+0000] {logging_mixin.py:190} INFO - [2026-09-06T09:26:05.782+0000] {dag.py:4180} INFO - Setting next_dagrun for example_xcom to 2021-01-01 00:00:00+00:00, run_after=2021-01-01 00:00:00+00:00
[2026-09-06T09:26:05.796+0000] {processor.py:208} INFO - Processing /home/airflow/.local/lib/python3.12/site-packages/airflow/example_dags/example_xcom.py took 0.059 seconds
[2026-09-06T09:26:36.012+0000] {processor.py:186} INFO - Started process (PID=4132) to work on /home/airflow/.local/lib/python3.12/site-packages/airflow/example_dags/example_xcom.py
[2026-09-06T09:26:36.013+0000] {processor.py:914} INFO - Processing file /home/airflow/.local/lib/python3.12/site-packages/airflow/example_dags/example_xcom.py for tasks to queue
[2026-09-06T09:26:36.015+0000] {logging_mixin.py:190} INFO - [2026-09-06T09:26:36.015+0000] {dagbag.py:588} INFO - Filling up the DagBag from /home/airflow/.local/lib/python3.12/site-packages/airflow/example_dags/example_xcom.py
[2026-09-06T09:26:36.023+0000] {processor.py:925} INFO - DAG(s) 'example_xcom' retrieved from /home/airflow/.local/lib/python3.12/site-packages/airflow/example_dags/example_xcom.py
[2026-09-06T09:26:36.039+0000] {logging_mixin.py:190} INFO - [2026-09-06T09:26:36.039+0000] {dag.py:3239} INFO - Sync 1 DAGs
[2026-09-06T09:26:36.057+0000] {logging_mixin.py:190} INFO - [2026-09-06T09:26:36.056+0000] {dag.py:4180} INFO - Setting next_dagrun for example_xcom to 2021-01-01 00:00:00+00:00, run_after=2021-01-01 00:00:00+00:00
[2026-09-06T09:26:36.072+0000] {processor.py:208} INFO - Processing /home/airflow/.local/lib/python3.12/site-packages/airflow/example_dags/example_xcom.py took 0.065 seconds
[2026-09-06T09:27:06.125+0000] {processor.py:186} INFO - Started process (PID=4196) to work on /home/airflow/.local/lib/python3.12/site-packages/airflow/example_dags/example_xcom.py
[2026-09-06T09:27:06.126+0000] {processor.py:914} INFO - Processing file /home/airflow/.local/lib/python3.12/site-packages/airflow/example_dags/example_xcom.py for tasks to queue
[2026-09-06T09:27:06.128+0000] {logging_mixin.py:190} INFO - [2026-09-06T09:27:06.128+0000] {dagbag.py:588} INFO - Filling up the DagBag from /home/airflow/.local/lib/python3.12/site-packages/airflow/example_dags/example_xcom.py
[2026-09-06T09:27:06.135+0000] {processor.py:925} INFO - DAG(s) 'example_xcom' retrieved from /home/airflow/.local/lib/python3.12/site-packages/airflow/example_dags/example_xcom.py
[2026-09-06T09:27:06.152+0000] {logging_mixin.py:190} INFO - [2026-09-06T09:27:06.152+0000] {dag.py:3239} INFO - Sync 1 DAGs
[2026-09-06T09:27:06.170+0000] {logging_mixin.py:190} INFO - [2026-09-06T09:27:06.170+0000] {dag.py:4180} INFO - Setting next_dagrun for example_xcom to 2021-01-01 00:00:00+00:00, run_after=2021-01-01 00:00:00+00:00
[2026-09-06T09:27:06.185+0000] {processor.py:208} INFO - Processing /home/airflow/.local/lib/python3.12/site-packages/airflow/example_dags/example_xcom.py took 0.065 seconds
[2026-09-06T09:27:36.319+0000] {processor.py:186} INFO - Started process (PID=4259) to work on /home/airflow/.local/lib/python3.12/site-packages/airflow/example_dags/example_xcom.py
[2026-09-06T09:27:36.320+0000] {processor.py:914} INFO - Processing file /home/airflow/.local/lib/python3.12/site-packages/airflow/example_dags/example_xcom.py for tasks to queue
[2026-09-06T09:27:36.323+0000] {logging_mixin.py:190} INFO - [2026-09-06T09:27:36.322+0000] {dagbag.py:588} INFO - Filling up the DagBag from /home/airflow/.local/lib/python3.12/site-packages/airflow/example_dags/example_xcom.py
[2026-09-06T09:27:36.331+0000] {processor.py:925} INFO - DAG(s) 'example_xcom' retrieved from /home/airflow/.local/lib/python3.12/site-packages/airflow/example_dags/example_xcom.py
[2026-09-06T09:27:36.348+0000] {logging_mixin.py:190} INFO - [2026-09-06T09:27:36.348+0000] {dag.py:3239} INFO - Sync 1 DAGs
[2026-09-06T09:27:36.366+0000] {logging_mixin.py:190} INFO - [2026-09-06T09:27:36.366+0000] {dag.py:4180} INFO - Setting next_dagrun for example_xcom to 2021-01-01 00:00:00+00:00, run_after=2021-01-01 00:00:00+00:00
[2026-09-06T09:27:36.381+0000] {processor.py:208} INFO - Processing /home/airflow/.local/lib/python3.12/site-packages/airflow/example_dags/example_xcom.py took 0.066 seconds
[2026-09-06T09:28:06.728+0000] {processor.py:186} INFO - Started process (PID=4323) to work on /home/airflow/.local/lib/python3.12/site-packages/airflow/example_dags/example_xcom.py
[2026-09-06T09:28:06.729+0000] {processor.py:914} INFO - Processing file /home/airflow/.local/lib/python3.12/site-packages/airflow/example_dags/example_xcom.py for tasks to queue
[2026-09-06T09:28:06.731+0000] {logging_mixin.py:190} INFO - [2026-09-06T09:28:06.731+0000] {dagbag.py:588} INFO - Filling up the DagBag from /home/airflow/.local/lib/python3.12/site-packages/airflow/example_dags/example_xcom.py
[2026-09-06T09:28:06.739+0000] {processor.py:925} INFO - DAG(s) 'example_xcom' retrieved from /home/airflow/.local/lib/python3.12/site-packages/airflow/example_dags/example_xcom.py
[2026-09-06T09:28:06.755+0000] {logging_mixin.py:190} INFO - [2026-09-06T09:28:06.755+0000] {dag.py:3239} INFO - Sync 1 DAGs
[2026-09-06T09:28:06.771+0000] {logging_mixin.py:190} INFO - [2026-09-06T09:28:06.770+0000] {dag.py:4180} INFO - Setting next_dagrun for example_xcom to 2021-01-01 00:00:00+00:00, run_after=2021-01-01 00:00:00+00:00
[2026-09-06T09:28:06.784+0000] {processor.py:208} INFO - Processing /home/airflow/.local/lib/python3.12/site-packages/airflow/example_dags/example_xcom.py took 0.061 seconds
[2026-09-06T09:28:37.428+0000] {processor.py:186} INFO - Started process (PID=4387) to work on /home/airflow/.local/lib/python3.12/site-packages/airflow/example_dags/example_xcom.py
[2026-09-06T09:28:37.429+0000] {processor.py:914} INFO - Processing file /home/airflow/.local/lib/python3.12/site-packages/airflow/example_dags/example_xcom.py for tasks to queue
[2026-09-06T09:28:37.431+0000] {logging_mixin.py:190} INFO - [2026-09-06T09:28:37.431+0000] {dagbag.py:588} INFO - Filling up the DagBag from /home/airflow/.local/lib/python3.12/site-packages/airflow/example_dags/example_xcom.py
[2026-09-06T09:28:37.439+0000] {processor.py:925} INFO - DAG(s) 'example_xcom' retrieved from /home/airflow/.local/lib/python3.12/site-packages/airflow/example_dags/example_xcom.py
[2026-09-06T09:28:37.456+0000] {logging_mixin.py:190} INFO - [2026-09-06T09:28:37.456+0000] {dag.py:3239} INFO - Sync 1 DAGs
[2026-09-06T09:28:37.474+0000] {logging_mixin.py:190} INFO - [2026-09-06T09:28:37.474+0000] {dag.py:4180} INFO - Setting next_dagrun for example_xcom to 2021-01-01 00:00:00+00:00, run_after=2021-01-01 00:00:00+00:00
[2026-09-06T09:28:37.488+0000] {processor.py:208} INFO - Processing /home/airflow/.local/lib/python3.12/site-packages/airflow/example_dags/example_xcom.py took 0.065 seconds
[2026-09-06T09:29:07.770+0000] {processor.py:186} INFO - Started process (PID=4451) to work on /home/airflow/.local/lib/python3.12/site-packages/airflow/example_dags/example_xcom.py
[2026-09-06T09:29:07.771+0000] {processor.py:914} INFO - Processing file /home/airflow/.local/lib/python3.12/site-packages/airflow/example_dags/example_xcom.py for tasks to queue
[2026-09-06T09:29:07.773+0000] {logging_mixin.py:190} INFO - [2026-09-06T09:29:07.773+0000] {dagbag.py:588} INFO - Filling up the DagBag from /home/airflow/.local/lib/python3.12/site-packages/airflow/example_dags/example_xcom.py
[2026-09-06T09:29:07.781+0000] {processor.py:925} INFO - DAG(s) 'example_xcom' retrieved from /home/airflow/.local/lib/python3.12/site-packages/airflow/example_dags/example_xcom.py
[2026-09-06T09:29:07.799+0000] {logging_mixin.py:190} INFO - [2026-09-06T09:29:07.798+0000] {dag.py:3239} INFO - Sync 1 DAGs
[2026-09-06T09:29:07.817+0000] {logging_mixin.py:190} INFO - [2026-09-06T09:29:07.817+0000] {dag.py:4180} INFO - Setting next_dagrun for example_xcom to 2021-01-01 00:00:00+00:00, run_after=2021-01-01 00:00:00+00:00
[2026-09-06T09:29:07.834+0000] {processor.py:208} INFO - Processing /home/airflow/.local/lib/python3.12/site-packages/airflow/example_dags/example_xcom.py took 0.068 seconds
[2026-09-06T09:29:37.933+0000] {processor.py:186} INFO - Started process (PID=4515) to work on /home/airflow/.local/lib/python3.12/site-packages/airflow/example_dags/example_xcom.py
[2026-09-06T09:29:37.934+0000] {processor.py:914} INFO - Processing file /home/airflow/.local/lib/python3.12/site-packages/airflow/example_dags/example_xcom.py for tasks to queue
[2026-09-06T09:29:37.936+0000] {logging_mixin.py:190} INFO - [2026-09-06T09:29:37.935+0000] {dagbag.py:588} INFO - Filling up the DagBag from /home/airflow/.local/lib/python3.12/site-packages/airflow/example_dags/example_xcom.py
[2026-09-06T09:29:37.943+0000] {processor.py:925} INFO - DAG(s) 'example_xcom' retrieved from /home/airflow/.local/lib/python3.12/site-packages/airflow/example_dags/example_xcom.py
[2026-09-06T09:29:37.958+0000] {logging_mixin.py:190} INFO - [2026-09-06T09:29:37.958+0000] {dag.py:3239} INFO - Sync 1 DAGs
[2026-09-06T09:29:37.975+0000] {logging_mixin.py:190} INFO - [2026-09-06T09:29:37.975+0000] {dag.py:4180} INFO - Setting next_dagrun for example_xcom to 2021-01-01 00:00:00+00:00, run_after=2021-01-01 00:00:00+00:00
[2026-09-06T09:29:37.989+0000] {processor.py:208} INFO - Processing /home/airflow/.local/lib/python3.12/site-packages/airflow/example_dags/example_xcom.py took 0.061 seconds
[2026-09-06T09:30:08.661+0000] {processor.py:186} INFO - Started process (PID=4579) to work on /home/airflow/.local/lib/python3.12/site-packages/airflow/example_dags/example_xcom.py
[2026-09-06T09:30:08.662+0000] {processor.py:914} INFO - Processing file /home/airflow/.local/lib/python3.12/site-packages/airflow/example_dags/example_xcom.py for tasks to queue
[2026-09-06T09:30:08.664+0000] {logging_mixin.py:190} INFO - [2026-09-06T09:30:08.664+0000] {dagbag.py:588} INFO - Filling up the DagBag from /home/airflow/.local/lib/python3.12/site-packages/airflow/example_dags/example_xcom.py
[2026-09-06T09:30:08.672+0000] {processor.py:925} INFO - DAG(s) 'example_xcom' retrieved from /home/airflow/.local/lib/python3.12/site-packages/airflow/example_dags/example_xcom.py
[2026-09-06T09:30:08.689+0000] {logging_mixin.py:190} INFO - [2026-09-06T09:30:08.689+0000] {dag.py:3239} INFO - Sync 1 DAGs
[2026-09-06T09:30:08.709+0000] {logging_mixin.py:190} INFO - [2026-09-06T09:30:08.709+0000] {dag.py:4180} INFO - Setting next_dagrun for example_xcom to 2021-01-01 00:00:00+00:00, run_after=2021-01-01 00:00:00+00:00
[2026-09-06T09:30:08.724+0000] {processor.py:208} INFO - Processing /home/airflow/.local/lib/python3.12/site-packages/airflow/example_dags/example_xcom.py took 0.069 seconds
[2026-09-06T09:30:39.192+0000] {processor.py:186} INFO - Started process (PID=4643) to work on /home/airflow/.local/lib/python3.12/site-packages/airflow/example_dags/example_xcom.py
[2026-09-06T09:30:39.193+0000] {processor.py:914} INFO - Processing file /home/airflow/.local/lib/python3.12/site-packages/airflow/example_dags/example_xcom.py for tasks to queue
[2026-09-06T09:30:39.196+0000] {logging_mixin.py:190} INFO - [2026-09-06T09:30:39.195+0000] {dagbag.py:588} INFO - Filling up the DagBag from /home/airflow/.local/lib/python3.12/site-packages/airflow/example_dags/example_xcom.py
[2026-09-06T09:30:39.204+0000] {processor.py:925} INFO - DAG(s) 'example_xcom' retrieved from /home/airflow/.local/lib/python3.12/site-packages/airflow/example_dags/example_xcom.py
[2026-09-06T09:30:39.220+0000] {logging_mixin.py:190} INFO - [2026-09-06T09:30:39.220+0000] {dag.py:3239} INFO - Sync 1 DAGs
[2026-09-06T09:30:39.236+0000] {logging_mixin.py:190} INFO - [2026-09-06T09:30:39.236+0000] {dag.py:4180} INFO - Setting next_dagrun for example_xcom to 2021-01-01 00:00:00+00:00, run_after=2021-01-01 00:00:00+00:00
[2026-09-06T09:30:39.251+0000] {processor.py:208} INFO - Processing /home/airflow/.local/lib/python3.12/site-packages/airflow/example_dags/example_xcom.py took 0.063 seconds
[2026-09-06T09:31:09.547+0000] {processor.py:186} INFO - Started process (PID=4707) to work on /home/airflow/.local/lib/python3.12/site-packages/airflow/example_dags/example_xcom.py
[2026-09-06T09:31:09.548+0000] {processor.py:914} INFO - Processing file /home/airflow/.local/lib/python3.12/site-packages/airflow/example_dags/example_xcom.py for tasks to queue
[2026-09-06T09:31:09.550+0000] {logging_mixin.py:190} INFO - [2026-09-06T09:31:09.550+0000] {dagbag.py:588} INFO - Filling up the DagBag from /home/airflow/.local/lib/python3.12/site-packages/airflow/example_dags/example_xcom.py
[2026-09-06T09:31:09.558+0000] {processor.py:925} INFO - DAG(s) 'example_xcom' retrieved from /home/airflow/.local/lib/python3.12/site-packages/airflow/example_dags/example_xcom.py
[2026-09-06T09:31:09.572+0000] {logging_mixin.py:190} INFO - [2026-09-06T09:31:09.572+0000] {dag.py:3239} INFO - Sync 1 DAGs
[2026-09-06T09:31:09.587+0000] {logging_mixin.py:190} INFO - [2026-09-06T09:31:09.587+0000] {dag.py:4180} INFO - Setting next_dagrun for example_xcom to 2021-01-01 00:00:00+00:00, run_after=2021-01-01 00:00:00+00:00
[2026-09-06T09:31:09.600+0000] {processor.py:208} INFO - Processing /home/airflow/.local/lib/python3.12/site-packages/airflow/example_dags/example_xcom.py took 0.057 seconds
[2026-09-06T09:31:40.264+0000] {processor.py:186} INFO - Started process (PID=4771) to work on /home/airflow/.local/lib/python3.12/site-packages/airflow/example_dags/example_xcom.py
[2026-09-06T09:31:40.265+0000] {processor.py:914} INFO - Processing file /home/airflow/.local/lib/python3.12/site-packages/airflow/example_dags/example_xcom.py for tasks to queue
[2026-09-06T09:31:40.267+0000] {logging_mixin.py:190} INFO - [2026-09-06T09:31:40.267+0000] {dagbag.py:588} INFO - Filling up the DagBag from /home/airflow/.local/lib/python3.12/site-packages/airflow/example_dags/example_xcom.py
[2026-09-06T09:31:40.274+0000] {processor.py:925} INFO - DAG(s) 'example_xcom' retrieved from /home/airflow/.local/lib/python3.12/site-packages/airflow/example_dags/example_xcom.py
[2026-09-06T09:31:40.288+0000] {logging_mixin.py:190} INFO - [2026-09-06T09:31:40.288+0000] {dag.py:3239} INFO - Sync 1 DAGs
[2026-09-06T09:31:40.303+0000] {logging_mixin.py:190} INFO - [2026-09-06T09:31:40.303+0000] {dag.py:4180} INFO - Setting next_dagrun for example_xcom to 2021-01-01 00:00:00+00:00, run_after=2021-01-01 00:00:00+00:00
[2026-09-06T09:31:40.317+0000] {processor.py:208} INFO - Processing /home/airflow/.local/lib/python3.12/site-packages/airflow/example_dags/example_xcom.py took 0.057 seconds
[2026-09-06T09:32:10.748+0000] {processor.py:186} INFO - Started process (PID=4835) to work on /home/airflow/.local/lib/python3.12/site-packages/airflow/example_dags/example_xcom.py
[2026-09-06T09:32:10.750+0000] {processor.py:914} INFO - Processing file /home/airflow/.local/lib/python3.12/site-packages/airflow/example_dags/example_xcom.py for tasks to queue
[2026-09-06T09:32:10.753+0000] {logging_mixin.py:190} INFO - [2026-09-06T09:32:10.752+0000] {dagbag.py:588} INFO - Filling up the DagBag from /home/airflow/.local/lib/python3.12/site-packages/airflow/example_dags/example_xcom.py
[2026-09-06T09:32:10.764+0000] {processor.py:925} INFO - DAG(s) 'example_xcom' retrieved from /home/airflow/.local/lib/python3.12/site-packages/airflow/example_dags/example_xcom.py
[2026-09-06T09:32:10.789+0000] {logging_mixin.py:190} INFO - [2026-09-06T09:32:10.788+0000] {dag.py:3239} INFO - Sync 1 DAGs
[2026-09-06T09:32:10.819+0000] {logging_mixin.py:190} INFO - [2026-09-06T09:32:10.819+0000] {dag.py:4180} INFO - Setting next_dagrun for example_xcom to 2021-01-01 00:00:00+00:00, run_after=2021-01-01 00:00:00+00:00
[2026-09-06T09:32:10.846+0000] {processor.py:208} INFO - Processing /home/airflow/.local/lib/python3.12/site-packages/airflow/example_dags/example_xcom.py took 0.104 seconds
[2026-09-06T09:32:41.756+0000] {processor.py:186} INFO - Started process (PID=4899) to work on /home/airflow/.local/lib/python3.12/site-packages/airflow/example_dags/example_xcom.py
[2026-09-06T09:32:41.757+0000] {processor.py:914} INFO - Processing file /home/airflow/.local/lib/python3.12/site-packages/airflow/example_dags/example_xcom.py for tasks to queue
[2026-09-06T09:32:41.760+0000] {logging_mixin.py:190} INFO - [2026-09-06T09:32:41.759+0000] {dagbag.py:588} INFO - Filling up the DagBag from /home/airflow/.local/lib/python3.12/site-packages/airflow/example_dags/example_xcom.py
[2026-09-06T09:32:41.768+0000] {processor.py:925} INFO - DAG(s) 'example_xcom' retrieved from /home/airflow/.local/lib/python3.12/site-packages/airflow/example_dags/example_xcom.py
[2026-09-06T09:32:41.788+0000] {logging_mixin.py:190} INFO - [2026-09-06T09:32:41.787+0000] {dag.py:3239} INFO - Sync 1 DAGs
[2026-09-06T09:32:41.808+0000] {logging_mixin.py:190} INFO - [2026-09-06T09:32:41.808+0000] {dag.py:4180} INFO - Setting next_dagrun for example_xcom to 2021-01-01 00:00:00+00:00, run_after=2021-01-01 00:00:00+00:00
[2026-09-06T09:32:41.825+0000] {processor.py:208} INFO - Processing /home/airflow/.local/lib/python3.12/site-packages/airflow/example_dags/example_xcom.py took 0.073 seconds
[2026-09-06T09:33:12.388+0000] {processor.py:186} INFO - Started process (PID=4963) to work on /home/airflow/.local/lib/python3.12/site-packages/airflow/example_dags/example_xcom.py
[2026-09-06T09:33:12.389+0000] {processor.py:914} INFO - Processing file /home/airflow/.local/lib/python3.12/site-packages/airflow/example_dags/example_xcom.py for tasks to queue
[2026-09-06T09:33:12.392+0000] {logging_mixin.py:190} INFO - [2026-09-06T09:33:12.391+0000] {dagbag.py:588} INFO - Filling up the DagBag from /home/airflow/.local/lib/python3.12/site-packages/airflow/example_dags/example_xcom.py
[2026-09-06T09:33:12.400+0000] {processor.py:925} INFO - DAG(s) 'example_xcom' retrieved from /home/airflow/.local/lib/python3.12/site-packages/airflow/example_dags/example_xcom.py
[2026-09-06T09:33:12.416+0000] {logging_mixin.py:190} INFO - [2026-09-06T09:33:12.416+0000] {dag.py:3239} INFO - Sync 1 DAGs
[2026-09-06T09:33:12.434+0000] {logging_mixin.py:190} INFO - [2026-09-06T09:33:12.434+0000] {dag.py:4180} INFO - Setting next_dagrun for example_xcom to 2021-01-01 00:00:00+00:00, run_after=2021-01-01 00:00:00+00:00
[2026-09-06T09:33:12.448+0000] {processor.py:208} INFO - Processing /home/airflow/.local/lib/python3.12/site-packages/airflow/example_dags/example_xcom.py took 0.065 seconds
[2026-09-06T09:33:43.255+0000] {processor.py:186} INFO - Started process (PID=5027) to work on /home/airflow/.local/lib/python3.12/site-packages/airflow/example_dags/example_xcom.py
[2026-09-06T09:33:43.256+0000] {processor.py:914} INFO - Processing file /home/airflow/.local/lib/python3.12/site-packages/airflow/example_dags/example_xcom.py for tasks to queue
[2026-09-06T09:33:43.258+0000] {logging_mixin.py:190} INFO - [2026-09-06T09:33:43.258+0000] {dagbag.py:588} INFO - Filling up the DagBag from /home/airflow/.local/lib/python3.12/site-packages/airflow/example_dags/example_xcom.py
[2026-09-06T09:33:43.266+0000] {processor.py:925} INFO - DAG(s) 'example_xcom' retrieved from /home/airflow/.local/lib/python3.12/site-packages/airflow/example_dags/example_xcom.py
[2026-09-06T09:33:43.281+0000] {logging_mixin.py:190} INFO - [2026-09-06T09:33:43.281+0000] {dag.py:3239} INFO - Sync 1 DAGs
[2026-09-06T09:33:43.298+0000] {logging_mixin.py:190} INFO - [2026-09-06T09:33:43.298+0000] {dag.py:4180} INFO - Setting next_dagrun for example_xcom to 2021-01-01 00:00:00+00:00, run_after=2021-01-01 00:00:00+00:00
[2026-09-06T09:33:43.314+0000] {processor.py:208} INFO - Processing /home/airflow/.local/lib/python3.12/site-packages/airflow/example_dags/example_xcom.py took 0.063 seconds
[2026-09-06T09:34:13.422+0000] {processor.py:186} INFO - Started process (PID=5091) to work on /home/airflow/.local/lib/python3.12/site-packages/airflow/example_dags/example_xcom.py
[2026-09-06T09:34:13.423+0000] {processor.py:914} INFO - Processing file /home/airflow/.local/lib/python3.12/site-packages/airflow/example_dags/example_xcom.py for tasks to queue
[2026-09-06T09:34:13.425+0000] {logging_mixin.py:190} INFO - [2026-09-06T09:34:13.424+0000] {dagbag.py:588} INFO - Filling up the DagBag from /home/airflow/.local/lib/python3.12/site-packages/airflow/example_dags/example_xcom.py
[2026-09-06T09:34:13.432+0000] {processor.py:925} INFO - DAG(s) 'example_xcom' retrieved from /home/airflow/.local/lib/python3.12/site-packages/airflow/example_dags/example_xcom.py
[2026-09-06T09:34:13.447+0000] {logging_mixin.py:190} INFO - [2026-09-06T09:34:13.447+0000] {dag.py:3239} INFO - Sync 1 DAGs
[2026-09-06T09:34:13.464+0000] {logging_mixin.py:190} INFO - [2026-09-06T09:34:13.464+0000] {dag.py:4180} INFO - Setting next_dagrun for example_xcom to 2021-01-01 00:00:00+00:00, run_after=2021-01-01 00:00:00+00:00
[2026-09-06T09:34:13.478+0000] {processor.py:208} INFO - Processing /home/airflow/.local/lib/python3.12/site-packages/airflow/example_dags/example_xcom.py took 0.060 seconds
[2026-09-06T09:34:44.127+0000] {processor.py:186} INFO - Started process (PID=5155) to work on /home/airflow/.local/lib/python3.12/site-packages/airflow/example_dags/example_xcom.py
[2026-09-06T09:34:44.128+0000] {processor.py:914} INFO - Processing file /home/airflow/.local/lib/python3.12/site-packages/airflow/example_dags/example_xcom.py for tasks to queue
[2026-09-06T09:34:44.130+0000] {logging_mixin.py:190} INFO - [2026-09-06T09:34:44.130+0000] {dagbag.py:588} INFO - Filling up the DagBag from /home/airflow/.local/lib/python3.12/site-packages/airflow/example_dags/example_xcom.py
[2026-09-06T09:34:44.139+0000] {processor.py:925} INFO - DAG(s) 'example_xcom' retrieved from /home/airflow/.local/lib/python3.12/site-packages/airflow/example_dags/example_xcom.py
[2026-09-06T09:34:44.156+0000] {logging_mixin.py:190} INFO - [2026-09-06T09:34:44.155+0000] {dag.py:3239} INFO - Sync 1 DAGs
[2026-09-06T09:34:44.172+0000] {logging_mixin.py:190} INFO - [2026-09-06T09:34:44.171+0000] {dag.py:4180} INFO - Setting next_dagrun for example_xcom to 2021-01-01 00:00:00+00:00, run_after=2021-01-01 00:00:00+00:00
[2026-09-06T09:34:44.190+0000] {processor.py:208} INFO - Processing /home/airflow/.local/lib/python3.12/site-packages/airflow/example_dags/example_xcom.py took 0.069 seconds
[2026-09-06T09:35:14.390+0000] {processor.py:186} INFO - Started process (PID=5219) to work on /home/airflow/.local/lib/python3.12/site-packages/airflow/example_dags/example_xcom.py
[2026-09-06T09:35:14.391+0000] {processor.py:914} INFO - Processing file /home/airflow/.local/lib/python3.12/site-packages/airflow/example_dags/example_xcom.py for tasks to queue
[2026-09-06T09:35:14.394+0000] {logging_mixin.py:190} INFO - [2026-09-06T09:35:14.393+0000] {dagbag.py:588} INFO - Filling up the DagBag from /home/airflow/.local/lib/python3.12/site-packages/airflow/example_dags/example_xcom.py
[2026-09-06T09:35:14.402+0000] {processor.py:925} INFO - DAG(s) 'example_xcom' retrieved from /home/airflow/.local/lib/python3.12/site-packages/airflow/example_dags/example_xcom.py
[2026-09-06T09:35:14.420+0000] {logging_mixin.py:190} INFO - [2026-09-06T09:35:14.419+0000] {dag.py:3239} INFO - Sync 1 DAGs
[2026-09-06T09:35:14.443+0000] {logging_mixin.py:190} INFO - [2026-09-06T09:35:14.443+0000] {dag.py:4180} INFO - Setting next_dagrun for example_xcom to 2021-01-01 00:00:00+00:00, run_after=2021-01-01 00:00:00+00:00
[2026-09-06T09:35:14.462+0000] {processor.py:208} INFO - Processing /home/airflow/.local/lib/python3.12/site-packages/airflow/example_dags/example_xcom.py took 0.076 seconds
[2026-09-06T09:35:44.934+0000] {processor.py:186} INFO - Started process (PID=5283) to work on /home/airflow/.local/lib/python3.12/site-packages/airflow/example_dags/example_xcom.py
[2026-09-06T09:35:44.935+0000] {processor.py:914} INFO - Processing file /home/airflow/.local/lib/python3.12/site-packages/airflow/example_dags/example_xcom.py for tasks to queue
[2026-09-06T09:35:44.937+0000] {logging_mixin.py:190} INFO - [2026-09-06T09:35:44.937+0000] {dagbag.py:588} INFO - Filling up the DagBag from /home/airflow/.local/lib/python3.12/site-packages/airflow/example_dags/example_xcom.py
[2026-09-06T09:35:44.944+0000] {processor.py:925} INFO - DAG(s) 'example_xcom' retrieved from /home/airflow/.local/lib/python3.12/site-packages/airflow/example_dags/example_xcom.py
[2026-09-06T09:35:44.959+0000] {logging_mixin.py:190} INFO - [2026-09-06T09:35:44.959+0000] {dag.py:3239} INFO - Sync 1 DAGs
[2026-09-06T09:35:44.977+0000] {logging_mixin.py:190} INFO - [2026-09-06T09:35:44.976+0000] {dag.py:4180} INFO - Setting next_dagrun for example_xcom to 2021-01-01 00:00:00+00:00, run_after=2021-01-01 00:00:00+00:00
[2026-09-06T09:35:44.990+0000] {processor.py:208} INFO - Processing /home/airflow/.local/lib/python3.12/site-packages/airflow/example_dags/example_xcom.py took 0.060 seconds
[2026-09-06T09:36:15.561+0000] {processor.py:186} INFO - Started process (PID=5347) to work on /home/airflow/.local/lib/python3.12/site-packages/airflow/example_dags/example_xcom.py
[2026-09-06T09:36:15.561+0000] {processor.py:914} INFO - Processing file /home/airflow/.local/lib/python3.12/site-packages/airflow/example_dags/example_xcom.py for tasks to queue
[2026-09-06T09:36:15.563+0000] {logging_mixin.py:190} INFO - [2026-09-06T09:36:15.563+0000] {dagbag.py:588} INFO - Filling up the DagBag from /home/airflow/.local/lib/python3.12/site-packages/airflow/example_dags/example_xcom.py
[2026-09-06T09:36:15.570+0000] {processor.py:925} INFO - DAG(s) 'example_xcom' retrieved from /home/airflow/.local/lib/python3.12/site-packages/airflow/example_dags/example_xcom.py
[2026-09-06T09:36:15.586+0000] {logging_mixin.py:190} INFO - [2026-09-06T09:36:15.585+0000] {dag.py:3239} INFO - Sync 1 DAGs
[2026-09-06T09:36:15.602+0000] {logging_mixin.py:190} INFO - [2026-09-06T09:36:15.602+0000] {dag.py:4180} INFO - Setting next_dagrun for example_xcom to 2021-01-01 00:00:00+00:00, run_after=2021-01-01 00:00:00+00:00
[2026-09-06T09:36:15.615+0000] {processor.py:208} INFO - Processing /home/airflow/.local/lib/python3.12/site-packages/airflow/example_dags/example_xcom.py took 0.059 seconds
[2026-09-06T09:36:45.782+0000] {processor.py:186} INFO - Started process (PID=5411) to work on /home/airflow/.local/lib/python3.12/site-packages/airflow/example_dags/example_xcom.py
[2026-09-06T09:36:45.782+0000] {processor.py:914} INFO - Processing file /home/airflow/.local/lib/python3.12/site-packages/airflow/example_dags/example_xcom.py for tasks to queue
[2026-09-06T09:36:45.785+0000] {logging_mixin.py:190} INFO - [2026-09-06T09:36:45.784+0000] {dagbag.py:588} INFO - Filling up the DagBag from /home/airflow/.local/lib/python3.12/site-packages/airflow/example_dags/example_xcom.py
[2026-09-06T09:36:45.792+0000] {processor.py:925} INFO - DAG(s) 'example_xcom' retrieved from /home/airflow/.local/lib/python3.12/site-packages/airflow/example_dags/example_xcom.py
[2026-09-06T09:36:45.806+0000] {logging_mixin.py:190} INFO - [2026-09-06T09:36:45.806+0000] {dag.py:3239} INFO - Sync 1 DAGs
[2026-09-06T09:36:45.822+0000] {logging_mixin.py:190} INFO - [2026-09-06T09:36:45.821+0000] {dag.py:4180} INFO - Setting next_dagrun for example_xcom to 2021-01-01 00:00:00+00:00, run_after=2021-01-01 00:00:00+00:00
[2026-09-06T09:36:45.837+0000] {processor.py:208} INFO - Processing /home/airflow/.local/lib/python3.12/site-packages/airflow/example_dags/example_xcom.py took 0.059 seconds
[2026-09-06T09:37:16.667+0000] {processor.py:186} INFO - Started process (PID=5475) to work on /home/airflow/.local/lib/python3.12/site-packages/airflow/example_dags/example_xcom.py
[2026-09-06T09:37:16.668+0000] {processor.py:914} INFO - Processing file /home/airflow/.local/lib/python3.12/site-packages/airflow/example_dags/example_xcom.py for tasks to queue
[2026-09-06T09:37:16.670+0000] {logging_mixin.py:190} INFO - [2026-09-06T09:37:16.669+0000] {dagbag.py:588} INFO - Filling up the DagBag from /home/airflow/.local/lib/python3.12/site-packages/airflow/example_dags/example_xcom.py
[2026-09-06T09:37:16.678+0000] {processor.py:925} INFO - DAG(s) 'example_xcom' retrieved from /home/airflow/.local/lib/python3.12/site-packages/airflow/example_dags/example_xcom.py
[2026-09-06T09:37:16.695+0000] {logging_mixin.py:190} INFO - [2026-09-06T09:37:16.695+0000] {dag.py:3239} INFO - Sync 1 DAGs
[2026-09-06T09:37:16.713+0000] {logging_mixin.py:190} INFO - [2026-09-06T09:37:16.713+0000] {dag.py:4180} INFO - Setting next_dagrun for example_xcom to 2021-01-01 00:00:00+00:00, run_after=2021-01-01 00:00:00+00:00
[2026-09-06T09:37:16.729+0000] {processor.py:208} INFO - Processing /home/airflow/.local/lib/python3.12/site-packages/airflow/example_dags/example_xcom.py took 0.066 seconds
[2026-09-06T09:37:46.894+0000] {processor.py:186} INFO - Started process (PID=5539) to work on /home/airflow/.local/lib/python3.12/site-packages/airflow/example_dags/example_xcom.py
[2026-09-06T09:37:46.895+0000] {processor.py:914} INFO - Processing file /home/airflow/.local/lib/python3.12/site-packages/airflow/example_dags/example_xcom.py for tasks to queue
[2026-09-06T09:37:46.897+0000] {logging_mixin.py:190} INFO - [2026-09-06T09:37:46.897+0000] {dagbag.py:588} INFO - Filling up the DagBag from /home/airflow/.local/lib/python3.12/site-packages/airflow/example_dags/example_xcom.py
[2026-09-06T09:37:46.904+0000] {processor.py:925} INFO - DAG(s) 'example_xcom' retrieved from /home/airflow/.local/lib/python3.12/site-packages/airflow/example_dags/example_xcom.py
[2026-09-06T09:37:46.920+0000] {logging_mixin.py:190} INFO - [2026-09-06T09:37:46.920+0000] {dag.py:3239} INFO - Sync 1 DAGs
[2026-09-06T09:37:46.938+0000] {logging_mixin.py:190} INFO - [2026-09-06T09:37:46.937+0000] {dag.py:4180} INFO - Setting next_dagrun for example_xcom to 2021-01-01 00:00:00+00:00, run_after=2021-01-01 00:00:00+00:00
[2026-09-06T09:37:46.952+0000] {processor.py:208} INFO - Processing /home/airflow/.local/lib/python3.12/site-packages/airflow/example_dags/example_xcom.py took 0.064 seconds
[2026-09-06T09:38:17.226+0000] {processor.py:186} INFO - Started process (PID=5603) to work on /home/airflow/.local/lib/python3.12/site-packages/airflow/example_dags/example_xcom.py
[2026-09-06T09:38:17.227+0000] {processor.py:914} INFO - Processing file /home/airflow/.local/lib/python3.12/site-packages/airflow/example_dags/example_xcom.py for tasks to queue
[2026-09-06T09:38:17.229+0000] {logging_mixin.py:190} INFO - [2026-09-06T09:38:17.229+0000] {dagbag.py:588} INFO - Filling up the DagBag from /home/airflow/.local/lib/python3.12/site-packages/airflow/example_dags/example_xcom.py
[2026-09-06T09:38:17.237+0000] {processor.py:925} INFO - DAG(s) 'example_xcom' retrieved from /home/airflow/.local/lib/python3.12/site-packages/airflow/example_dags/example_xcom.py
[2026-09-06T09:38:17.253+0000] {logging_mixin.py:190} INFO - [2026-09-06T09:38:17.253+0000] {dag.py:3239} INFO - Sync 1 DAGs
[2026-09-06T09:38:17.274+0000] {logging_mixin.py:190} INFO - [2026-09-06T09:38:17.274+0000] {dag.py:4180} INFO - Setting next_dagrun for example_xcom to 2021-01-01 00:00:00+00:00, run_after=2021-01-01 00:00:00+00:00
[2026-09-06T09:38:17.289+0000] {processor.py:208} INFO - Processing /home/airflow/.local/lib/python3.12/site-packages/airflow/example_dags/example_xcom.py took 0.067 seconds
[2026-09-06T09:38:47.860+0000] {processor.py:186} INFO - Started process (PID=5667) to work on /home/airflow/.local/lib/python3.12/site-packages/airflow/example_dags/example_xcom.py
[2026-09-06T09:38:47.861+0000] {processor.py:914} INFO - Processing file /home/airflow/.local/lib/python3.12/site-packages/airflow/example_dags/example_xcom.py for tasks to queue
[2026-09-06T09:38:47.862+0000] {logging_mixin.py:190} INFO - [2026-09-06T09:38:47.862+0000] {dagbag.py:588} INFO - Filling up the DagBag from /home/airflow/.local/lib/python3.12/site-packages/airflow/example_dags/example_xcom.py
[2026-09-06T09:38:47.869+0000] {processor.py:925} INFO - DAG(s) 'example_xcom' retrieved from /home/airflow/.local/lib/python3.12/site-packages/airflow/example_dags/example_xcom.py
[2026-09-06T09:38:47.884+0000] {logging_mixin.py:190} INFO - [2026-09-06T09:38:47.884+0000] {dag.py:3239} INFO - Sync 1 DAGs
[2026-09-06T09:38:47.899+0000] {logging_mixin.py:190} INFO - [2026-09-06T09:38:47.899+0000] {dag.py:4180} INFO - Setting next_dagrun for example_xcom to 2021-01-01 00:00:00+00:00, run_after=2021-01-01 00:00:00+00:00
[2026-09-06T09:38:47.912+0000] {processor.py:208} INFO - Processing /home/airflow/.local/lib/python3.12/site-packages/airflow/example_dags/example_xcom.py took 0.056 seconds
[2026-09-06T09:39:18.626+0000] {processor.py:186} INFO - Started process (PID=5731) to work on /home/airflow/.local/lib/python3.12/site-packages/airflow/example_dags/example_xcom.py
[2026-09-06T09:39:18.627+0000] {processor.py:914} INFO - Processing file /home/airflow/.local/lib/python3.12/site-packages/airflow/example_dags/example_xcom.py for tasks to queue
[2026-09-06T09:39:18.630+0000] {logging_mixin.py:190} INFO - [2026-09-06T09:39:18.630+0000] {dagbag.py:588} INFO - Filling up the DagBag from /home/airflow/.local/lib/python3.12/site-packages/airflow/example_dags/example_xcom.py
[2026-09-06T09:39:18.640+0000] {processor.py:925} INFO - DAG(s) 'example_xcom' retrieved from /home/airflow/.local/lib/python3.12/site-packages/airflow/example_dags/example_xcom.py
[2026-09-06T09:39:18.658+0000] {logging_mixin.py:190} INFO - [2026-09-06T09:39:18.658+0000] {dag.py:3239} INFO - Sync 1 DAGs
[2026-09-06T09:39:18.676+0000] {logging_mixin.py:190} INFO - [2026-09-06T09:39:18.676+0000] {dag.py:4180} INFO - Setting next_dagrun for example_xcom to 2021-01-01 00:00:00+00:00, run_after=2021-01-01 00:00:00+00:00
[2026-09-06T09:39:18.690+0000] {processor.py:208} INFO - Processing /home/airflow/.local/lib/python3.12/site-packages/airflow/example_dags/example_xcom.py took 0.071 seconds
[2026-09-06T09:39:48.829+0000] {processor.py:186} INFO - Started process (PID=5795) to work on /home/airflow/.local/lib/python3.12/site-packages/airflow/example_dags/example_xcom.py
[2026-09-06T09:39:48.830+0000] {processor.py:914} INFO - Processing file /home/airflow/.local/lib/python3.12/site-packages/airflow/example_dags/example_xcom.py for tasks to queue
[2026-09-06T09:39:48.833+0000] {logging_mixin.py:190} INFO - [2026-09-06T09:39:48.832+0000] {dagbag.py:588} INFO - Filling up the DagBag from /home/airflow/.local/lib/python3.12/site-packages/airflow/example_dags/example_xcom.py
[2026-09-06T09:39:48.843+0000] {processor.py:925} INFO - DAG(s) 'example_xcom' retrieved from /home/airflow/.local/lib/python3.12/site-packages/airflow/example_dags/example_xcom.py
[2026-09-06T09:39:48.865+0000] {logging_mixin.py:190} INFO - [2026-09-06T09:39:48.865+0000] {dag.py:3239} INFO - Sync 1 DAGs
[2026-09-06T09:39:48.885+0000] {logging_mixin.py:190} INFO - [2026-09-06T09:39:48.885+0000] {dag.py:4180} INFO - Setting next_dagrun for example_xcom to 2021-01-01 00:00:00+00:00, run_after=2021-01-01 00:00:00+00:00
[2026-09-06T09:39:48.900+0000] {processor.py:208} INFO - Processing /home/airflow/.local/lib/python3.12/site-packages/airflow/example_dags/example_xcom.py took 0.081 seconds
[2026-09-06T09:40:19.213+0000] {processor.py:186} INFO - Started process (PID=5859) to work on /home/airflow/.local/lib/python3.12/site-packages/airflow/example_dags/example_xcom.py
[2026-09-06T09:40:19.215+0000] {processor.py:914} INFO - Processing file /home/airflow/.local/lib/python3.12/site-packages/airflow/example_dags/example_xcom.py for tasks to queue
[2026-09-06T09:40:19.217+0000] {logging_mixin.py:190} INFO - [2026-09-06T09:40:19.217+0000] {dagbag.py:588} INFO - Filling up the DagBag from /home/airflow/.local/lib/python3.12/site-packages/airflow/example_dags/example_xcom.py
[2026-09-06T09:40:19.227+0000] {processor.py:925} INFO - DAG(s) 'example_xcom' retrieved from /home/airflow/.local/lib/python3.12/site-packages/airflow/example_dags/example_xcom.py
[2026-09-06T09:40:19.245+0000] {logging_mixin.py:190} INFO - [2026-09-06T09:40:19.245+0000] {dag.py:3239} INFO - Sync 1 DAGs
[2026-09-06T09:40:19.265+0000] {logging_mixin.py:190} INFO - [2026-09-06T09:40:19.265+0000] {dag.py:4180} INFO - Setting next_dagrun for example_xcom to 2021-01-01 00:00:00+00:00, run_after=2021-01-01 00:00:00+00:00
[2026-09-06T09:40:19.281+0000] {processor.py:208} INFO - Processing /home/airflow/.local/lib/python3.12/site-packages/airflow/example_dags/example_xcom.py took 0.073 seconds
[2026-09-06T09:40:49.382+0000] {processor.py:186} INFO - Started process (PID=5923) to work on /home/airflow/.local/lib/python3.12/site-packages/airflow/example_dags/example_xcom.py
[2026-09-06T09:40:49.383+0000] {processor.py:914} INFO - Processing file /home/airflow/.local/lib/python3.12/site-packages/airflow/example_dags/example_xcom.py for tasks to queue
[2026-09-06T09:40:49.385+0000] {logging_mixin.py:190} INFO - [2026-09-06T09:40:49.385+0000] {dagbag.py:588} INFO - Filling up the DagBag from /home/airflow/.local/lib/python3.12/site-packages/airflow/example_dags/example_xcom.py
[2026-09-06T09:40:49.392+0000] {processor.py:925} INFO - DAG(s) 'example_xcom' retrieved from /home/airflow/.local/lib/python3.12/site-packages/airflow/example_dags/example_xcom.py
[2026-09-06T09:40:49.407+0000] {logging_mixin.py:190} INFO - [2026-09-06T09:40:49.407+0000] {dag.py:3239} INFO - Sync 1 DAGs
[2026-09-06T09:40:49.423+0000] {logging_mixin.py:190} INFO - [2026-09-06T09:40:49.423+0000] {dag.py:4180} INFO - Setting next_dagrun for example_xcom to 2021-01-01 00:00:00+00:00, run_after=2021-01-01 00:00:00+00:00
[2026-09-06T09:40:49.437+0000] {processor.py:208} INFO - Processing /home/airflow/.local/lib/python3.12/site-packages/airflow/example_dags/example_xcom.py took 0.059 seconds
[2026-09-06T09:41:19.819+0000] {processor.py:186} INFO - Started process (PID=5987) to work on /home/airflow/.local/lib/python3.12/site-packages/airflow/example_dags/example_xcom.py
[2026-09-06T09:41:19.820+0000] {processor.py:914} INFO - Processing file /home/airflow/.local/lib/python3.12/site-packages/airflow/example_dags/example_xcom.py for tasks to queue
[2026-09-06T09:41:19.822+0000] {logging_mixin.py:190} INFO - [2026-09-06T09:41:19.822+0000] {dagbag.py:588} INFO - Filling up the DagBag from /home/airflow/.local/lib/python3.12/site-packages/airflow/example_dags/example_xcom.py
[2026-09-06T09:41:19.832+0000] {processor.py:925} INFO - DAG(s) 'example_xcom' retrieved from /home/airflow/.local/lib/python3.12/site-packages/airflow/example_dags/example_xcom.py
[2026-09-06T09:41:19.852+0000] {logging_mixin.py:190} INFO - [2026-09-06T09:41:19.852+0000] {dag.py:3239} INFO - Sync 1 DAGs
[2026-09-06T09:41:19.874+0000] {logging_mixin.py:190} INFO - [2026-09-06T09:41:19.873+0000] {dag.py:4180} INFO - Setting next_dagrun for example_xcom to 2021-01-01 00:00:00+00:00, run_after=2021-01-01 00:00:00+00:00
[2026-09-06T09:41:19.889+0000] {processor.py:208} INFO - Processing /home/airflow/.local/lib/python3.12/site-packages/airflow/example_dags/example_xcom.py took 0.077 seconds
[2026-09-06T09:41:50.529+0000] {processor.py:186} INFO - Started process (PID=6051) to work on /home/airflow/.local/lib/python3.12/site-packages/airflow/example_dags/example_xcom.py
[2026-09-06T09:41:50.530+0000] {processor.py:914} INFO - Processing file /home/airflow/.local/lib/python3.12/site-packages/airflow/example_dags/example_xcom.py for tasks to queue
[2026-09-06T09:41:50.532+0000] {logging_mixin.py:190} INFO - [2026-09-06T09:41:50.532+0000] {dagbag.py:588} INFO - Filling up the DagBag from /home/airflow/.local/lib/python3.12/site-packages/airflow/example_dags/example_xcom.py
[2026-09-06T09:41:50.540+0000] {processor.py:925} INFO - DAG(s) 'example_xcom' retrieved from /home/airflow/.local/lib/python3.12/site-packages/airflow/example_dags/example_xcom.py
[2026-09-06T09:41:50.558+0000] {logging_mixin.py:190} INFO - [2026-09-06T09:41:50.558+0000] {dag.py:3239} INFO - Sync 1 DAGs
[2026-09-06T09:41:50.576+0000] {logging_mixin.py:190} INFO - [2026-09-06T09:41:50.575+0000] {dag.py:4180} INFO - Setting next_dagrun for example_xcom to 2021-01-01 00:00:00+00:00, run_after=2021-01-01 00:00:00+00:00
[2026-09-06T09:41:50.592+0000] {processor.py:208} INFO - Processing /home/airflow/.local/lib/python3.12/site-packages/airflow/example_dags/example_xcom.py took 0.067 seconds
