[2026-09-06T08:54:01.068+0000] {processor.py:186} INFO - Started process (PID=91) to work on /home/airflow/.local/lib/python3.12/site-packages/airflow/example_dags/example_skip_dag.py
[2026-09-06T08:54:01.072+0000] {processor.py:914} INFO - Processing file /home/airflow/.local/lib/python3.12/site-packages/airflow/example_dags/example_skip_dag.py for tasks to queue
[2026-09-06T08:54:01.077+0000] {logging_mixin.py:190} INFO - [2026-09-06T08:54:01.077+0000] {dagbag.py:588} INFO - Filling up the DagBag from /home/airflow/.local/lib/python3.12/site-packages/airflow/example_dags/example_skip_dag.py
[2026-09-06T08:54:01.091+0000] {processor.py:925} INFO - DAG(s) 'example_skip_dag' retrieved from /home/airflow/.local/lib/python3.12/site-packages/airflow/example_dags/example_skip_dag.py
[2026-09-06T08:54:01.201+0000] {logging_mixin.py:190} INFO - [2026-09-06T08:54:01.201+0000] {override.py:1911} INFO - Created Permission View: can edit on DAG:example_skip_dag
[2026-09-06T08:54:01.215+0000] {logging_mixin.py:190} INFO - [2026-09-06T08:54:01.214+0000] {override.py:1911} INFO - Created Permission View: can delete on DAG:example_skip_dag
[2026-09-06T08:54:01.225+0000] {logging_mixin.py:190} INFO - [2026-09-06T08:54:01.224+0000] {override.py:1911} INFO - Created Permission View: can read on DAG:example_skip_dag
[2026-09-06T08:54:01.238+0000] {logging_mixin.py:190} INFO - [2026-09-06T08:54:01.238+0000] {override.py:1911} INFO - Created Permission View: can create on DAG Run:example_skip_dag
[2026-09-06T08:54:01.247+0000] {logging_mixin.py:190} INFO - [2026-09-06T08:54:01.247+0000] {override.py:1911} INFO - Created Permission View: can delete on DAG Run:example_skip_dag
[2026-09-06T08:54:01.255+0000] {logging_mixin.py:190} INFO - [2026-09-06T08:54:01.254+0000] {override.py:1911} INFO - Created Permission View: can read on DAG Run:example_skip_dag
[2026-09-06T08:54:01.265+0000] {logging_mixin.py:190} INFO - [2026-09-06T08:54:01.265+0000] {override.py:1911} INFO - Created Permission View: menu access on DAG Run:example_skip_dag
[2026-09-06T08:54:01.266+0000] {logging_mixin.py:190} INFO - [2026-09-06T08:54:01.266+0000] {dag.py:3239} INFO - Sync 1 DAGs
[2026-09-06T08:54:01.279+0000] {logging_mixin.py:190} INFO - [2026-09-06T08:54:01.279+0000] {dag.py:3262} INFO - Creating ORM DAG for example_skip_dag
[2026-09-06T08:54:01.288+0000] {logging_mixin.py:190} INFO - [2026-09-06T08:54:01.288+0000] {dag.py:4180} INFO - Setting next_dagrun for example_skip_dag to 2026-09-05 00:00:00+00:00, run_after=2026-09-06 00:00:00+00:00
[2026-09-06T08:54:01.305+0000] {processor.py:208} INFO - Processing /home/airflow/.local/lib/python3.12/site-packages/airflow/example_dags/example_skip_dag.py took 0.243 seconds
[2026-09-06T08:54:31.989+0000] {processor.py:186} INFO - Started process (PID=154) to work on /home/airflow/.local/lib/python3.12/site-packages/airflow/example_dags/example_skip_dag.py
[2026-09-06T08:54:31.991+0000] {processor.py:914} INFO - Processing file /home/airflow/.local/lib/python3.12/site-packages/airflow/example_dags/example_skip_dag.py for tasks to queue
[2026-09-06T08:54:31.993+0000] {logging_mixin.py:190} INFO - [2026-09-06T08:54:31.992+0000] {dagbag.py:588} INFO - Filling up the DagBag from /home/airflow/.local/lib/python3.12/site-packages/airflow/example_dags/example_skip_dag.py
[2026-09-06T08:54:31.999+0000] {processor.py:925} INFO - DAG(s) 'example_skip_dag' retrieved from /home/airflow/.local/lib/python3.12/site-packages/airflow/example_dags/example_skip_dag.py
[2026-09-06T08:54:32.015+0000] {logging_mixin.py:190} INFO - [2026-09-06T08:54:32.015+0000] {dag.py:3239} INFO - Sync 1 DAGs
[2026-09-06T08:54:32.032+0000] {logging_mixin.py:190} INFO - [2026-09-06T08:54:32.031+0000] {dag.py:4180} INFO - Setting next_dagrun for example_skip_dag to 2026-09-05 00:00:00+00:00, run_after=2026-09-06 00:00:00+00:00
[2026-09-06T08:54:32.045+0000] {processor.py:208} INFO - Processing /home/airflow/.local/lib/python3.12/site-packages/airflow/example_dags/example_skip_dag.py took 0.060 seconds
[2026-09-06T08:55:02.886+0000] {processor.py:186} INFO - Started process (PID=217) to work on /home/airflow/.local/lib/python3.12/site-packages/airflow/example_dags/example_skip_dag.py
[2026-09-06T08:55:02.887+0000] {processor.py:914} INFO - Processing file /home/airflow/.local/lib/python3.12/site-packages/airflow/example_dags/example_skip_dag.py for tasks to queue
[2026-09-06T08:55:02.889+0000] {logging_mixin.py:190} INFO - [2026-09-06T08:55:02.889+0000] {dagbag.py:588} INFO - Filling up the DagBag from /home/airflow/.local/lib/python3.12/site-packages/airflow/example_dags/example_skip_dag.py
[2026-09-06T08:55:02.896+0000] {processor.py:925} INFO - DAG(s) 'example_skip_dag' retrieved from /home/airflow/.local/lib/python3.12/site-packages/airflow/example_dags/example_skip_dag.py
[2026-09-06T08:55:02.914+0000] {logging_mixin.py:190} INFO - [2026-09-06T08:55:02.914+0000] {dag.py:3239} INFO - Sync 1 DAGs
[2026-09-06T08:55:02.933+0000] {logging_mixin.py:190} INFO - [2026-09-06T08:55:02.933+0000] {dag.py:4180} INFO - Setting next_dagrun for example_skip_dag to 2026-09-05 00:00:00+00:00, run_after=2026-09-06 00:00:00+00:00
[2026-09-06T08:55:02.949+0000] {processor.py:208} INFO - Processing /home/airflow/.local/lib/python3.12/site-packages/airflow/example_dags/example_skip_dag.py took 0.068 seconds
[2026-09-06T08:55:33.350+0000] {processor.py:186} INFO - Started process (PID=280) to work on /home/airflow/.local/lib/python3.12/site-packages/airflow/example_dags/example_skip_dag.py
[2026-09-06T08:55:33.351+0000] {processor.py:914} INFO - Processing file /home/airflow/.local/lib/python3.12/site-packages/airflow/example_dags/example_skip_dag.py for tasks to queue
[2026-09-06T08:55:33.354+0000] {logging_mixin.py:190} INFO - [2026-09-06T08:55:33.354+0000] {dagbag.py:588} INFO - Filling up the DagBag from /home/airflow/.local/lib/python3.12/site-packages/airflow/example_dags/example_skip_dag.py
[2026-09-06T08:55:33.360+0000] {processor.py:925} INFO - DAG(s) 'example_skip_dag' retrieved from /home/airflow/.local/lib/python3.12/site-packages/airflow/example_dags/example_skip_dag.py
[2026-09-06T08:55:33.376+0000] {logging_mixin.py:190} INFO - [2026-09-06T08:55:33.376+0000] {dag.py:3239} INFO - Sync 1 DAGs
[2026-09-06T08:55:33.391+0000] {logging_mixin.py:190} INFO - [2026-09-06T08:55:33.391+0000] {dag.py:4180} INFO - Setting next_dagrun for example_skip_dag to 2026-09-05 00:00:00+00:00, run_after=2026-09-06 00:00:00+00:00
[2026-09-06T08:55:33.404+0000] {processor.py:208} INFO - Processing /home/airflow/.local/lib/python3.12/site-packages/airflow/example_dags/example_skip_dag.py took 0.058 seconds
[2026-09-06T08:56:03.855+0000] {processor.py:186} INFO - Started process (PID=343) to work on /home/airflow/.local/lib/python3.12/site-packages/airflow/example_dags/example_skip_dag.py
[2026-09-06T08:56:03.857+0000] {processor.py:914} INFO - Processing file /home/airflow/.local/lib/python3.12/site-packages/airflow/example_dags/example_skip_dag.py for tasks to queue
[2026-09-06T08:56:03.859+0000] {logging_mixin.py:190} INFO - [2026-09-06T08:56:03.859+0000] {dagbag.py:588} INFO - Filling up the DagBag from /home/airflow/.local/lib/python3.12/site-packages/airflow/example_dags/example_skip_dag.py
[2026-09-06T08:56:03.866+0000] {processor.py:925} INFO - DAG(s) 'example_skip_dag' retrieved from /home/airflow/.local/lib/python3.12/site-packages/airflow/example_dags/example_skip_dag.py
[2026-09-06T08:56:03.884+0000] {logging_mixin.py:190} INFO - [2026-09-06T08:56:03.884+0000] {dag.py:3239} INFO - Sync 1 DAGs
[2026-09-06T08:56:03.902+0000] {logging_mixin.py:190} INFO - [2026-09-06T08:56:03.902+0000] {dag.py:4180} INFO - Setting next_dagrun for example_skip_dag to 2026-09-05 00:00:00+00:00, run_after=2026-09-06 00:00:00+00:00
[2026-09-06T08:56:03.918+0000] {processor.py:208} INFO - Processing /home/airflow/.local/lib/python3.12/site-packages/airflow/example_dags/example_skip_dag.py took 0.067 seconds
[2026-09-06T08:56:34.541+0000] {processor.py:186} INFO - Started process (PID=406) to work on /home/airflow/.local/lib/python3.12/site-packages/airflow/example_dags/example_skip_dag.py
[2026-09-06T08:56:34.542+0000] {processor.py:914} INFO - Processing file /home/airflow/.local/lib/python3.12/site-packages/airflow/example_dags/example_skip_dag.py for tasks to queue
[2026-09-06T08:56:34.545+0000] {logging_mixin.py:190} INFO - [2026-09-06T08:56:34.545+0000] {dagbag.py:588} INFO - Filling up the DagBag from /home/airflow/.local/lib/python3.12/site-packages/airflow/example_dags/example_skip_dag.py
[2026-09-06T08:56:34.553+0000] {processor.py:925} INFO - DAG(s) 'example_skip_dag' retrieved from /home/airflow/.local/lib/python3.12/site-packages/airflow/example_dags/example_skip_dag.py
[2026-09-06T08:56:34.570+0000] {logging_mixin.py:190} INFO - [2026-09-06T08:56:34.570+0000] {dag.py:3239} INFO - Sync 1 DAGs
[2026-09-06T08:56:34.589+0000] {logging_mixin.py:190} INFO - [2026-09-06T08:56:34.589+0000] {dag.py:4180} INFO - Setting next_dagrun for example_skip_dag to 2026-09-05 00:00:00+00:00, run_after=2026-09-06 00:00:00+00:00
[2026-09-06T08:56:34.604+0000] {processor.py:208} INFO - Processing /home/airflow/.local/lib/python3.12/site-packages/airflow/example_dags/example_skip_dag.py took 0.069 seconds
[2026-09-06T08:57:05.764+0000] {processor.py:186} INFO - Started process (PID=469) to work on /home/airflow/.local/lib/python3.12/site-packages/airflow/example_dags/example_skip_dag.py
[2026-09-06T08:57:05.765+0000] {processor.py:914} INFO - Processing file /home/airflow/.local/lib/python3.12/site-packages/airflow/example_dags/example_skip_dag.py for tasks to queue
[2026-09-06T08:57:05.768+0000] {logging_mixin.py:190} INFO - [2026-09-06T08:57:05.767+0000] {dagbag.py:588} INFO - Filling up the DagBag from /home/airflow/.local/lib/python3.12/site-packages/airflow/example_dags/example_skip_dag.py
[2026-09-06T08:57:05.775+0000] {processor.py:925} INFO - DAG(s) 'example_skip_dag' retrieved from /home/airflow/.local/lib/python3.12/site-packages/airflow/example_dags/example_skip_dag.py
[2026-09-06T08:57:05.792+0000] {logging_mixin.py:190} INFO - [2026-09-06T08:57:05.792+0000] {dag.py:3239} INFO - Sync 1 DAGs
[2026-09-06T08:57:05.812+0000] {logging_mixin.py:190} INFO - [2026-09-06T08:57:05.812+0000] {dag.py:4180} INFO - Setting next_dagrun for example_skip_dag to 2026-09-05 00:00:00+00:00, run_after=2026-09-06 00:00:00+00:00
[2026-09-06T08:57:05.827+0000] {processor.py:208} INFO - Processing /home/airflow/.local/lib/python3.12/site-packages/airflow/example_dags/example_skip_dag.py took 0.069 seconds
[2026-09-06T08:57:36.296+0000] {processor.py:186} INFO - Started process (PID=532) to work on /home/airflow/.local/lib/python3.12/site-packages/airflow/example_dags/example_skip_dag.py
[2026-09-06T08:57:36.297+0000] {processor.py:914} INFO - Processing file /home/airflow/.local/lib/python3.12/site-packages/airflow/example_dags/example_skip_dag.py for tasks to queue
[2026-09-06T08:57:36.299+0000] {logging_mixin.py:190} INFO - [2026-09-06T08:57:36.299+0000] {dagbag.py:588} INFO - Filling up the DagBag from /home/airflow/.local/lib/python3.12/site-packages/airflow/example_dags/example_skip_dag.py
[2026-09-06T08:57:36.306+0000] {processor.py:925} INFO - DAG(s) 'example_skip_dag' retrieved from /home/airflow/.local/lib/python3.12/site-packages/airflow/example_dags/example_skip_dag.py
[2026-09-06T08:57:36.324+0000] {logging_mixin.py:190} INFO - [2026-09-06T08:57:36.323+0000] {dag.py:3239} INFO - Sync 1 DAGs
[2026-09-06T08:57:36.342+0000] {logging_mixin.py:190} INFO - [2026-09-06T08:57:36.342+0000] {dag.py:4180} INFO - Setting next_dagrun for example_skip_dag to 2026-09-05 00:00:00+00:00, run_after=2026-09-06 00:00:00+00:00
[2026-09-06T08:57:36.355+0000] {processor.py:208} INFO - Processing /home/airflow/.local/lib/python3.12/site-packages/airflow/example_dags/example_skip_dag.py took 0.064 seconds
[2026-09-06T08:58:07.359+0000] {processor.py:186} INFO - Started process (PID=595) to work on /home/airflow/.local/lib/python3.12/site-packages/airflow/example_dags/example_skip_dag.py
[2026-09-06T08:58:07.360+0000] {processor.py:914} INFO - Processing file /home/airflow/.local/lib/python3.12/site-packages/airflow/example_dags/example_skip_dag.py for tasks to queue
[2026-09-06T08:58:07.362+0000] {logging_mixin.py:190} INFO - [2026-09-06T08:58:07.362+0000] {dagbag.py:588} INFO - Filling up the DagBag from /home/airflow/.local/lib/python3.12/site-packages/airflow/example_dags/example_skip_dag.py
[2026-09-06T08:58:07.369+0000] {processor.py:925} INFO - DAG(s) 'example_skip_dag' retrieved from /home/airflow/.local/lib/python3.12/site-packages/airflow/example_dags/example_skip_dag.py
[2026-09-06T08:58:07.385+0000] {logging_mixin.py:190} INFO - [2026-09-06T08:58:07.385+0000] {dag.py:3239} INFO - Sync 1 DAGs
[2026-09-06T08:58:07.402+0000] {logging_mixin.py:190} INFO - [2026-09-06T08:58:07.402+0000] {dag.py:4180} INFO - Setting next_dagrun for example_skip_dag to 2026-09-05 00:00:00+00:00, run_after=2026-09-06 00:00:00+00:00
[2026-09-06T08:58:07.417+0000] {processor.py:208} INFO - Processing /home/airflow/.local/lib/python3.12/site-packages/airflow/example_dags/example_skip_dag.py took 0.062 seconds
[2026-09-06T08:58:38.862+0000] {processor.py:186} INFO - Started process (PID=657) to work on /home/airflow/.local/lib/python3.12/site-packages/airflow/example_dags/example_skip_dag.py
[2026-09-06T08:58:38.863+0000] {processor.py:914} INFO - Processing file /home/airflow/.local/lib/python3.12/site-packages/airflow/example_dags/example_skip_dag.py for tasks to queue
[2026-09-06T08:58:38.865+0000] {logging_mixin.py:190} INFO - [2026-09-06T08:58:38.864+0000] {dagbag.py:588} INFO - Filling up the DagBag from /home/airflow/.local/lib/python3.12/site-packages/airflow/example_dags/example_skip_dag.py
[2026-09-06T08:58:38.871+0000] {processor.py:925} INFO - DAG(s) 'example_skip_dag' retrieved from /home/airflow/.local/lib/python3.12/site-packages/airflow/example_dags/example_skip_dag.py
[2026-09-06T08:58:38.887+0000] {logging_mixin.py:190} INFO - [2026-09-06T08:58:38.887+0000] {dag.py:3239} INFO - Sync 1 DAGs
[2026-09-06T08:58:38.903+0000] {logging_mixin.py:190} INFO - [2026-09-06T08:58:38.903+0000] {dag.py:4180} INFO - Setting next_dagrun for example_skip_dag to 2026-09-05 00:00:00+00:00, run_after=2026-09-06 00:00:00+00:00
[2026-09-06T08:58:38.917+0000] {processor.py:208} INFO - Processing /home/airflow/.local/lib/python3.12/site-packages/airflow/example_dags/example_skip_dag.py took 0.060 seconds
[2026-09-06T08:59:10.996+0000] {processor.py:186} INFO - Started process (PID=722) to work on /home/airflow/.local/lib/python3.12/site-packages/airflow/example_dags/example_skip_dag.py
[2026-09-06T08:59:10.998+0000] {processor.py:914} INFO - Processing file /home/airflow/.local/lib/python3.12/site-packages/airflow/example_dags/example_skip_dag.py for tasks to queue
[2026-09-06T08:59:11.001+0000] {logging_mixin.py:190} INFO - [2026-09-06T08:59:11.001+0000] {dagbag.py:588} INFO - Filling up the DagBag from /home/airflow/.local/lib/python3.12/site-packages/airflow/example_dags/example_skip_dag.py
[2026-09-06T08:59:11.010+0000] {processor.py:925} INFO - DAG(s) 'example_skip_dag' retrieved from /home/airflow/.local/lib/python3.12/site-packages/airflow/example_dags/example_skip_dag.py
[2026-09-06T08:59:11.031+0000] {logging_mixin.py:190} INFO - [2026-09-06T08:59:11.031+0000] {dag.py:3239} INFO - Sync 1 DAGs
[2026-09-06T08:59:11.051+0000] {logging_mixin.py:190} INFO - [2026-09-06T08:59:11.051+0000] {dag.py:4180} INFO - Setting next_dagrun for example_skip_dag to 2026-09-05 00:00:00+00:00, run_after=2026-09-06 00:00:00+00:00
[2026-09-06T08:59:11.067+0000] {processor.py:208} INFO - Processing /home/airflow/.local/lib/python3.12/site-packages/airflow/example_dags/example_skip_dag.py took 0.076 seconds
[2026-09-06T08:59:41.596+0000] {processor.py:186} INFO - Started process (PID=786) to work on /home/airflow/.local/lib/python3.12/site-packages/airflow/example_dags/example_skip_dag.py
[2026-09-06T08:59:41.598+0000] {processor.py:914} INFO - Processing file /home/airflow/.local/lib/python3.12/site-packages/airflow/example_dags/example_skip_dag.py for tasks to queue
[2026-09-06T08:59:41.600+0000] {logging_mixin.py:190} INFO - [2026-09-06T08:59:41.600+0000] {dagbag.py:588} INFO - Filling up the DagBag from /home/airflow/.local/lib/python3.12/site-packages/airflow/example_dags/example_skip_dag.py
[2026-09-06T08:59:41.608+0000] {processor.py:925} INFO - DAG(s) 'example_skip_dag' retrieved from /home/airflow/.local/lib/python3.12/site-packages/airflow/example_dags/example_skip_dag.py
[2026-09-06T08:59:41.628+0000] {logging_mixin.py:190} INFO - [2026-09-06T08:59:41.627+0000] {dag.py:3239} INFO - Sync 1 DAGs
[2026-09-06T08:59:41.647+0000] {logging_mixin.py:190} INFO - [2026-09-06T08:59:41.646+0000] {dag.py:4180} INFO - Setting next_dagrun for example_skip_dag to 2026-09-05 00:00:00+00:00, run_after=2026-09-06 00:00:00+00:00
[2026-09-06T08:59:41.664+0000] {processor.py:208} INFO - Processing /home/airflow/.local/lib/python3.12/site-packages/airflow/example_dags/example_skip_dag.py took 0.074 seconds
[2026-09-06T09:00:12.733+0000] {processor.py:186} INFO - Started process (PID=850) to work on /home/airflow/.local/lib/python3.12/site-packages/airflow/example_dags/example_skip_dag.py
[2026-09-06T09:00:12.734+0000] {processor.py:914} INFO - Processing file /home/airflow/.local/lib/python3.12/site-packages/airflow/example_dags/example_skip_dag.py for tasks to queue
[2026-09-06T09:00:12.736+0000] {logging_mixin.py:190} INFO - [2026-09-06T09:00:12.735+0000] {dagbag.py:588} INFO - Filling up the DagBag from /home/airflow/.local/lib/python3.12/site-packages/airflow/example_dags/example_skip_dag.py
[2026-09-06T09:00:12.742+0000] {processor.py:925} INFO - DAG(s) 'example_skip_dag' retrieved from /home/airflow/.local/lib/python3.12/site-packages/airflow/example_dags/example_skip_dag.py
[2026-09-06T09:00:12.757+0000] {logging_mixin.py:190} INFO - [2026-09-06T09:00:12.757+0000] {dag.py:3239} INFO - Sync 1 DAGs
[2026-09-06T09:00:12.773+0000] {logging_mixin.py:190} INFO - [2026-09-06T09:00:12.772+0000] {dag.py:4180} INFO - Setting next_dagrun for example_skip_dag to 2026-09-05 00:00:00+00:00, run_after=2026-09-06 00:00:00+00:00
[2026-09-06T09:00:12.786+0000] {processor.py:208} INFO - Processing /home/airflow/.local/lib/python3.12/site-packages/airflow/example_dags/example_skip_dag.py took 0.057 seconds
[2026-09-06T09:00:44.288+0000] {processor.py:186} INFO - Started process (PID=913) to work on /home/airflow/.local/lib/python3.12/site-packages/airflow/example_dags/example_skip_dag.py
[2026-09-06T09:00:44.289+0000] {processor.py:914} INFO - Processing file /home/airflow/.local/lib/python3.12/site-packages/airflow/example_dags/example_skip_dag.py for tasks to queue
[2026-09-06T09:00:44.292+0000] {logging_mixin.py:190} INFO - [2026-09-06T09:00:44.291+0000] {dagbag.py:588} INFO - Filling up the DagBag from /home/airflow/.local/lib/python3.12/site-packages/airflow/example_dags/example_skip_dag.py
[2026-09-06T09:00:44.299+0000] {processor.py:925} INFO - DAG(s) 'example_skip_dag' retrieved from /home/airflow/.local/lib/python3.12/site-packages/airflow/example_dags/example_skip_dag.py
[2026-09-06T09:00:44.316+0000] {logging_mixin.py:190} INFO - [2026-09-06T09:00:44.316+0000] {dag.py:3239} INFO - Sync 1 DAGs
[2026-09-06T09:00:44.333+0000] {logging_mixin.py:190} INFO - [2026-09-06T09:00:44.333+0000] {dag.py:4180} INFO - Setting next_dagrun for example_skip_dag to 2026-09-05 00:00:00+00:00, run_after=2026-09-06 00:00:00+00:00
[2026-09-06T09:00:44.347+0000] {processor.py:208} INFO - Processing /home/airflow/.local/lib/python3.12/site-packages/airflow/example_dags/example_skip_dag.py took 0.064 seconds
[2026-09-06T09:01:14.852+0000] {processor.py:186} INFO - Started process (PID=977) to work on /home/airflow/.local/lib/python3.12/site-packages/airflow/example_dags/example_skip_dag.py
[2026-09-06T09:01:14.853+0000] {processor.py:914} INFO - Processing file /home/airflow/.local/lib/python3.12/site-packages/airflow/example_dags/example_skip_dag.py for tasks to queue
[2026-09-06T09:01:14.855+0000] {logging_mixin.py:190} INFO - [2026-09-06T09:01:14.855+0000] {dagbag.py:588} INFO - Filling up the DagBag from /home/airflow/.local/lib/python3.12/site-packages/airflow/example_dags/example_skip_dag.py
[2026-09-06T09:01:14.862+0000] {processor.py:925} INFO - DAG(s) 'example_skip_dag' retrieved from /home/airflow/.local/lib/python3.12/site-packages/airflow/example_dags/example_skip_dag.py
[2026-09-06T09:01:14.878+0000] {logging_mixin.py:190} INFO - [2026-09-06T09:01:14.878+0000] {dag.py:3239} INFO - Sync 1 DAGs
[2026-09-06T09:01:14.894+0000] {logging_mixin.py:190} INFO - [2026-09-06T09:01:14.894+0000] {dag.py:4180} INFO - Setting next_dagrun for example_skip_dag to 2026-09-05 00:00:00+00:00, run_after=2026-09-06 00:00:00+00:00
[2026-09-06T09:01:14.908+0000] {processor.py:208} INFO - Processing /home/airflow/.local/lib/python3.12/site-packages/airflow/example_dags/example_skip_dag.py took 0.061 seconds
[2026-09-06T09:01:45.449+0000] {processor.py:186} INFO - Started process (PID=1041) to work on /home/airflow/.local/lib/python3.12/site-packages/airflow/example_dags/example_skip_dag.py
[2026-09-06T09:01:45.450+0000] {processor.py:914} INFO - Processing file /home/airflow/.local/lib/python3.12/site-packages/airflow/example_dags/example_skip_dag.py for tasks to queue
[2026-09-06T09:01:45.452+0000] {logging_mixin.py:190} INFO - [2026-09-06T09:01:45.452+0000] {dagbag.py:588} INFO - Filling up the DagBag from /home/airflow/.local/lib/python3.12/site-packages/airflow/example_dags/example_skip_dag.py
[2026-09-06T09:01:45.458+0000] {processor.py:925} INFO - DAG(s) 'example_skip_dag' retrieved from /home/airflow/.local/lib/python3.12/site-packages/airflow/example_dags/example_skip_dag.py
[2026-09-06T09:01:45.475+0000] {logging_mixin.py:190} INFO - [2026-09-06T09:01:45.475+0000] {dag.py:3239} INFO - Sync 1 DAGs
[2026-09-06T09:01:45.492+0000] {logging_mixin.py:190} INFO - [2026-09-06T09:01:45.492+0000] {dag.py:4180} INFO - Setting next_dagrun for example_skip_dag to 2026-09-05 00:00:00+00:00, run_after=2026-09-06 00:00:00+00:00
[2026-09-06T09:01:45.512+0000] {processor.py:208} INFO - Processing /home/airflow/.local/lib/python3.12/site-packages/airflow/example_dags/example_skip_dag.py took 0.067 seconds
[2026-09-06T09:02:16.298+0000] {processor.py:186} INFO - Started process (PID=1105) to work on /home/airflow/.local/lib/python3.12/site-packages/airflow/example_dags/example_skip_dag.py
[2026-09-06T09:02:16.299+0000] {processor.py:914} INFO - Processing file /home/airflow/.local/lib/python3.12/site-packages/airflow/example_dags/example_skip_dag.py for tasks to queue
[2026-09-06T09:02:16.301+0000] {logging_mixin.py:190} INFO - [2026-09-06T09:02:16.301+0000] {dagbag.py:588} INFO - Filling up the DagBag from /home/airflow/.local/lib/python3.12/site-packages/airflow/example_dags/example_skip_dag.py
[2026-09-06T09:02:16.308+0000] {processor.py:925} INFO - DAG(s) 'example_skip_dag' retrieved from /home/airflow/.local/lib/python3.12/site-packages/airflow/example_dags/example_skip_dag.py
[2026-09-06T09:02:16.324+0000] {logging_mixin.py:190} INFO - [2026-09-06T09:02:16.324+0000] {dag.py:3239} INFO - Sync 1 DAGs
[2026-09-06T09:02:16.341+0000] {logging_mixin.py:190} INFO - [2026-09-06T09:02:16.341+0000] {dag.py:4180} INFO - Setting next_dagrun for example_skip_dag to 2026-09-05 00:00:00+00:00, run_after=2026-09-06 00:00:00+00:00
[2026-09-06T09:02:16.355+0000] {processor.py:208} INFO - Processing /home/airflow/.local/lib/python3.12/site-packages/airflow/example_dags/example_skip_dag.py took 0.062 seconds
[2026-09-06T09:02:47.827+0000] {processor.py:186} INFO - Started process (PID=1169) to work on /home/airflow/.local/lib/python3.12/site-packages/airflow/example_dags/example_skip_dag.py
[2026-09-06T09:02:47.828+0000] {processor.py:914} INFO - Processing file /home/airflow/.local/lib/python3.12/site-packages/airflow/example_dags/example_skip_dag.py for tasks to queue
[2026-09-06T09:02:47.830+0000] {logging_mixin.py:190} INFO - [2026-09-06T09:02:47.830+0000] {dagbag.py:588} INFO - Filling up the DagBag from /home/airflow/.local/lib/python3.12/site-packages/airflow/example_dags/example_skip_dag.py
[2026-09-06T09:02:47.837+0000] {processor.py:925} INFO - DAG(s) 'example_skip_dag' retrieved from /home/airflow/.local/lib/python3.12/site-packages/airflow/example_dags/example_skip_dag.py
[2026-09-06T09:02:47.855+0000] {logging_mixin.py:190} INFO - [2026-09-06T09:02:47.855+0000] {dag.py:3239} INFO - Sync 1 DAGs
[2026-09-06T09:02:47.873+0000] {logging_mixin.py:190} INFO - [2026-09-06T09:02:47.873+0000] {dag.py:4180} INFO - Setting next_dagrun for example_skip_dag to 2026-09-05 00:00:00+00:00, run_after=2026-09-06 00:00:00+00:00
[2026-09-06T09:02:47.889+0000] {processor.py:208} INFO - Processing /home/airflow/.local/lib/python3.12/site-packages/airflow/example_dags/example_skip_dag.py took 0.067 seconds
[2026-09-06T09:03:18.470+0000] {processor.py:186} INFO - Started process (PID=1233) to work on /home/airflow/.local/lib/python3.12/site-packages/airflow/example_dags/example_skip_dag.py
[2026-09-06T09:03:18.471+0000] {processor.py:914} INFO - Processing file /home/airflow/.local/lib/python3.12/site-packages/airflow/example_dags/example_skip_dag.py for tasks to queue
[2026-09-06T09:03:18.474+0000] {logging_mixin.py:190} INFO - [2026-09-06T09:03:18.474+0000] {dagbag.py:588} INFO - Filling up the DagBag from /home/airflow/.local/lib/python3.12/site-packages/airflow/example_dags/example_skip_dag.py
[2026-09-06T09:03:18.482+0000] {processor.py:925} INFO - DAG(s) 'example_skip_dag' retrieved from /home/airflow/.local/lib/python3.12/site-packages/airflow/example_dags/example_skip_dag.py
[2026-09-06T09:03:18.505+0000] {logging_mixin.py:190} INFO - [2026-09-06T09:03:18.505+0000] {dag.py:3239} INFO - Sync 1 DAGs
[2026-09-06T09:03:18.529+0000] {logging_mixin.py:190} INFO - [2026-09-06T09:03:18.529+0000] {dag.py:4180} INFO - Setting next_dagrun for example_skip_dag to 2026-09-05 00:00:00+00:00, run_after=2026-09-06 00:00:00+00:00
[2026-09-06T09:03:18.554+0000] {processor.py:208} INFO - Processing /home/airflow/.local/lib/python3.12/site-packages/airflow/example_dags/example_skip_dag.py took 0.090 seconds
[2026-09-06T09:03:50.011+0000] {processor.py:186} INFO - Started process (PID=1298) to work on /home/airflow/.local/lib/python3.12/site-packages/airflow/example_dags/example_skip_dag.py
[2026-09-06T09:03:50.013+0000] {processor.py:914} INFO - Processing file /home/airflow/.local/lib/python3.12/site-packages/airflow/example_dags/example_skip_dag.py for tasks to queue
[2026-09-06T09:03:50.015+0000] {logging_mixin.py:190} INFO - [2026-09-06T09:03:50.014+0000] {dagbag.py:588} INFO - Filling up the DagBag from /home/airflow/.local/lib/python3.12/site-packages/airflow/example_dags/example_skip_dag.py
[2026-09-06T09:03:50.023+0000] {processor.py:925} INFO - DAG(s) 'example_skip_dag' retrieved from /home/airflow/.local/lib/python3.12/site-packages/airflow/example_dags/example_skip_dag.py
[2026-09-06T09:03:50.041+0000] {logging_mixin.py:190} INFO - [2026-09-06T09:03:50.041+0000] {dag.py:3239} INFO - Sync 1 DAGs
[2026-09-06T09:03:50.059+0000] {logging_mixin.py:190} INFO - [2026-09-06T09:03:50.059+0000] {dag.py:4180} INFO - Setting next_dagrun for example_skip_dag to 2026-09-05 00:00:00+00:00, run_after=2026-09-06 00:00:00+00:00
[2026-09-06T09:03:50.082+0000] {processor.py:208} INFO - Processing /home/airflow/.local/lib/python3.12/site-packages/airflow/example_dags/example_skip_dag.py took 0.075 seconds
[2026-09-06T09:04:21.014+0000] {processor.py:186} INFO - Started process (PID=1362) to work on /home/airflow/.local/lib/python3.12/site-packages/airflow/example_dags/example_skip_dag.py
[2026-09-06T09:04:21.015+0000] {processor.py:914} INFO - Processing file /home/airflow/.local/lib/python3.12/site-packages/airflow/example_dags/example_skip_dag.py for tasks to queue
[2026-09-06T09:04:21.017+0000] {logging_mixin.py:190} INFO - [2026-09-06T09:04:21.017+0000] {dagbag.py:588} INFO - Filling up the DagBag from /home/airflow/.local/lib/python3.12/site-packages/airflow/example_dags/example_skip_dag.py
[2026-09-06T09:04:21.024+0000] {processor.py:925} INFO - DAG(s) 'example_skip_dag' retrieved from /home/airflow/.local/lib/python3.12/site-packages/airflow/example_dags/example_skip_dag.py
[2026-09-06T09:04:21.042+0000] {logging_mixin.py:190} INFO - [2026-09-06T09:04:21.042+0000] {dag.py:3239} INFO - Sync 1 DAGs
[2026-09-06T09:04:21.061+0000] {logging_mixin.py:190} INFO - [2026-09-06T09:04:21.061+0000] {dag.py:4180} INFO - Setting next_dagrun for example_skip_dag to 2026-09-05 00:00:00+00:00, run_after=2026-09-06 00:00:00+00:00
[2026-09-06T09:04:21.078+0000] {processor.py:208} INFO - Processing /home/airflow/.local/lib/python3.12/site-packages/airflow/example_dags/example_skip_dag.py took 0.069 seconds
[2026-09-06T09:04:52.259+0000] {processor.py:186} INFO - Started process (PID=1426) to work on /home/airflow/.local/lib/python3.12/site-packages/airflow/example_dags/example_skip_dag.py
[2026-09-06T09:04:52.260+0000] {processor.py:914} INFO - Processing file /home/airflow/.local/lib/python3.12/site-packages/airflow/example_dags/example_skip_dag.py for tasks to queue
[2026-09-06T09:04:52.262+0000] {logging_mixin.py:190} INFO - [2026-09-06T09:04:52.262+0000] {dagbag.py:588} INFO - Filling up the DagBag from /home/airflow/.local/lib/python3.12/site-packages/airflow/example_dags/example_skip_dag.py
[2026-09-06T09:04:52.269+0000] {processor.py:925} INFO - DAG(s) 'example_skip_dag' retrieved from /home/airflow/.local/lib/python3.12/site-packages/airflow/example_dags/example_skip_dag.py
[2026-09-06T09:04:52.288+0000] {logging_mixin.py:190} INFO - [2026-09-06T09:04:52.288+0000] {dag.py:3239} INFO - Sync 1 DAGs
[2026-09-06T09:04:52.306+0000] {logging_mixin.py:190} INFO - [2026-09-06T09:04:52.306+0000] {dag.py:4180} INFO - Setting next_dagrun for example_skip_dag to 2026-09-05 00:00:00+00:00, run_after=2026-09-06 00:00:00+00:00
[2026-09-06T09:04:52.321+0000] {processor.py:208} INFO - Processing /home/airflow/.local/lib/python3.12/site-packages/airflow/example_dags/example_skip_dag.py took 0.067 seconds
[2026-09-06T09:05:23.072+0000] {processor.py:186} INFO - Started process (PID=1490) to work on /home/airflow/.local/lib/python3.12/site-packages/airflow/example_dags/example_skip_dag.py
[2026-09-06T09:05:23.074+0000] {processor.py:914} INFO - Processing file /home/airflow/.local/lib/python3.12/site-packages/airflow/example_dags/example_skip_dag.py for tasks to queue
[2026-09-06T09:05:23.076+0000] {logging_mixin.py:190} INFO - [2026-09-06T09:05:23.075+0000] {dagbag.py:588} INFO - Filling up the DagBag from /home/airflow/.local/lib/python3.12/site-packages/airflow/example_dags/example_skip_dag.py
[2026-09-06T09:05:23.083+0000] {processor.py:925} INFO - DAG(s) 'example_skip_dag' retrieved from /home/airflow/.local/lib/python3.12/site-packages/airflow/example_dags/example_skip_dag.py
[2026-09-06T09:05:23.101+0000] {logging_mixin.py:190} INFO - [2026-09-06T09:05:23.101+0000] {dag.py:3239} INFO - Sync 1 DAGs
[2026-09-06T09:05:23.121+0000] {logging_mixin.py:190} INFO - [2026-09-06T09:05:23.121+0000] {dag.py:4180} INFO - Setting next_dagrun for example_skip_dag to 2026-09-05 00:00:00+00:00, run_after=2026-09-06 00:00:00+00:00
[2026-09-06T09:05:23.137+0000] {processor.py:208} INFO - Processing /home/airflow/.local/lib/python3.12/site-packages/airflow/example_dags/example_skip_dag.py took 0.070 seconds
[2026-09-06T09:05:54.357+0000] {processor.py:186} INFO - Started process (PID=1554) to work on /home/airflow/.local/lib/python3.12/site-packages/airflow/example_dags/example_skip_dag.py
[2026-09-06T09:05:54.358+0000] {processor.py:914} INFO - Processing file /home/airflow/.local/lib/python3.12/site-packages/airflow/example_dags/example_skip_dag.py for tasks to queue
[2026-09-06T09:05:54.360+0000] {logging_mixin.py:190} INFO - [2026-09-06T09:05:54.360+0000] {dagbag.py:588} INFO - Filling up the DagBag from /home/airflow/.local/lib/python3.12/site-packages/airflow/example_dags/example_skip_dag.py
[2026-09-06T09:05:54.368+0000] {processor.py:925} INFO - DAG(s) 'example_skip_dag' retrieved from /home/airflow/.local/lib/python3.12/site-packages/airflow/example_dags/example_skip_dag.py
[2026-09-06T09:05:54.386+0000] {logging_mixin.py:190} INFO - [2026-09-06T09:05:54.386+0000] {dag.py:3239} INFO - Sync 1 DAGs
[2026-09-06T09:05:54.404+0000] {logging_mixin.py:190} INFO - [2026-09-06T09:05:54.404+0000] {dag.py:4180} INFO - Setting next_dagrun for example_skip_dag to 2026-09-05 00:00:00+00:00, run_after=2026-09-06 00:00:00+00:00
[2026-09-06T09:05:54.420+0000] {processor.py:208} INFO - Processing /home/airflow/.local/lib/python3.12/site-packages/airflow/example_dags/example_skip_dag.py took 0.069 seconds
[2026-09-06T09:06:24.883+0000] {processor.py:186} INFO - Started process (PID=1618) to work on /home/airflow/.local/lib/python3.12/site-packages/airflow/example_dags/example_skip_dag.py
[2026-09-06T09:06:24.884+0000] {processor.py:914} INFO - Processing file /home/airflow/.local/lib/python3.12/site-packages/airflow/example_dags/example_skip_dag.py for tasks to queue
[2026-09-06T09:06:24.886+0000] {logging_mixin.py:190} INFO - [2026-09-06T09:06:24.886+0000] {dagbag.py:588} INFO - Filling up the DagBag from /home/airflow/.local/lib/python3.12/site-packages/airflow/example_dags/example_skip_dag.py
[2026-09-06T09:06:24.893+0000] {processor.py:925} INFO - DAG(s) 'example_skip_dag' retrieved from /home/airflow/.local/lib/python3.12/site-packages/airflow/example_dags/example_skip_dag.py
[2026-09-06T09:06:24.910+0000] {logging_mixin.py:190} INFO - [2026-09-06T09:06:24.909+0000] {dag.py:3239} INFO - Sync 1 DAGs
[2026-09-06T09:06:24.926+0000] {logging_mixin.py:190} INFO - [2026-09-06T09:06:24.926+0000] {dag.py:4180} INFO - Setting next_dagrun for example_skip_dag to 2026-09-05 00:00:00+00:00, run_after=2026-09-06 00:00:00+00:00
[2026-09-06T09:06:24.940+0000] {processor.py:208} INFO - Processing /home/airflow/.local/lib/python3.12/site-packages/airflow/example_dags/example_skip_dag.py took 0.062 seconds
[2026-09-06T09:06:55.914+0000] {processor.py:186} INFO - Started process (PID=1682) to work on /home/airflow/.local/lib/python3.12/site-packages/airflow/example_dags/example_skip_dag.py
[2026-09-06T09:06:55.915+0000] {processor.py:914} INFO - Processing file /home/airflow/.local/lib/python3.12/site-packages/airflow/example_dags/example_skip_dag.py for tasks to queue
[2026-09-06T09:06:55.917+0000] {logging_mixin.py:190} INFO - [2026-09-06T09:06:55.917+0000] {dagbag.py:588} INFO - Filling up the DagBag from /home/airflow/.local/lib/python3.12/site-packages/airflow/example_dags/example_skip_dag.py
[2026-09-06T09:06:55.924+0000] {processor.py:925} INFO - DAG(s) 'example_skip_dag' retrieved from /home/airflow/.local/lib/python3.12/site-packages/airflow/example_dags/example_skip_dag.py
[2026-09-06T09:06:55.942+0000] {logging_mixin.py:190} INFO - [2026-09-06T09:06:55.942+0000] {dag.py:3239} INFO - Sync 1 DAGs
[2026-09-06T09:06:55.960+0000] {logging_mixin.py:190} INFO - [2026-09-06T09:06:55.960+0000] {dag.py:4180} INFO - Setting next_dagrun for example_skip_dag to 2026-09-05 00:00:00+00:00, run_after=2026-09-06 00:00:00+00:00
[2026-09-06T09:06:55.974+0000] {processor.py:208} INFO - Processing /home/airflow/.local/lib/python3.12/site-packages/airflow/example_dags/example_skip_dag.py took 0.064 seconds
[2026-09-06T09:07:26.938+0000] {processor.py:186} INFO - Started process (PID=1746) to work on /home/airflow/.local/lib/python3.12/site-packages/airflow/example_dags/example_skip_dag.py
[2026-09-06T09:07:26.939+0000] {processor.py:914} INFO - Processing file /home/airflow/.local/lib/python3.12/site-packages/airflow/example_dags/example_skip_dag.py for tasks to queue
[2026-09-06T09:07:26.942+0000] {logging_mixin.py:190} INFO - [2026-09-06T09:07:26.942+0000] {dagbag.py:588} INFO - Filling up the DagBag from /home/airflow/.local/lib/python3.12/site-packages/airflow/example_dags/example_skip_dag.py
[2026-09-06T09:07:26.950+0000] {processor.py:925} INFO - DAG(s) 'example_skip_dag' retrieved from /home/airflow/.local/lib/python3.12/site-packages/airflow/example_dags/example_skip_dag.py
[2026-09-06T09:07:26.967+0000] {logging_mixin.py:190} INFO - [2026-09-06T09:07:26.967+0000] {dag.py:3239} INFO - Sync 1 DAGs
[2026-09-06T09:07:26.986+0000] {logging_mixin.py:190} INFO - [2026-09-06T09:07:26.985+0000] {dag.py:4180} INFO - Setting next_dagrun for example_skip_dag to 2026-09-05 00:00:00+00:00, run_after=2026-09-06 00:00:00+00:00
[2026-09-06T09:07:27.001+0000] {processor.py:208} INFO - Processing /home/airflow/.local/lib/python3.12/site-packages/airflow/example_dags/example_skip_dag.py took 0.068 seconds
[2026-09-06T09:07:57.751+0000] {processor.py:186} INFO - Started process (PID=1810) to work on /home/airflow/.local/lib/python3.12/site-packages/airflow/example_dags/example_skip_dag.py
[2026-09-06T09:07:57.752+0000] {processor.py:914} INFO - Processing file /home/airflow/.local/lib/python3.12/site-packages/airflow/example_dags/example_skip_dag.py for tasks to queue
[2026-09-06T09:07:57.754+0000] {logging_mixin.py:190} INFO - [2026-09-06T09:07:57.753+0000] {dagbag.py:588} INFO - Filling up the DagBag from /home/airflow/.local/lib/python3.12/site-packages/airflow/example_dags/example_skip_dag.py
[2026-09-06T09:07:57.760+0000] {processor.py:925} INFO - DAG(s) 'example_skip_dag' retrieved from /home/airflow/.local/lib/python3.12/site-packages/airflow/example_dags/example_skip_dag.py
[2026-09-06T09:07:57.777+0000] {logging_mixin.py:190} INFO - [2026-09-06T09:07:57.777+0000] {dag.py:3239} INFO - Sync 1 DAGs
[2026-09-06T09:07:57.800+0000] {logging_mixin.py:190} INFO - [2026-09-06T09:07:57.797+0000] {dag.py:4180} INFO - Setting next_dagrun for example_skip_dag to 2026-09-05 00:00:00+00:00, run_after=2026-09-06 00:00:00+00:00
[2026-09-06T09:07:57.824+0000] {processor.py:208} INFO - Processing /home/airflow/.local/lib/python3.12/site-packages/airflow/example_dags/example_skip_dag.py took 0.078 seconds
[2026-09-06T09:08:28.328+0000] {processor.py:186} INFO - Started process (PID=1874) to work on /home/airflow/.local/lib/python3.12/site-packages/airflow/example_dags/example_skip_dag.py
[2026-09-06T09:08:28.329+0000] {processor.py:914} INFO - Processing file /home/airflow/.local/lib/python3.12/site-packages/airflow/example_dags/example_skip_dag.py for tasks to queue
[2026-09-06T09:08:28.331+0000] {logging_mixin.py:190} INFO - [2026-09-06T09:08:28.331+0000] {dagbag.py:588} INFO - Filling up the DagBag from /home/airflow/.local/lib/python3.12/site-packages/airflow/example_dags/example_skip_dag.py
[2026-09-06T09:08:28.338+0000] {processor.py:925} INFO - DAG(s) 'example_skip_dag' retrieved from /home/airflow/.local/lib/python3.12/site-packages/airflow/example_dags/example_skip_dag.py
[2026-09-06T09:08:28.356+0000] {logging_mixin.py:190} INFO - [2026-09-06T09:08:28.356+0000] {dag.py:3239} INFO - Sync 1 DAGs
[2026-09-06T09:08:28.373+0000] {logging_mixin.py:190} INFO - [2026-09-06T09:08:28.373+0000] {dag.py:4180} INFO - Setting next_dagrun for example_skip_dag to 2026-09-05 00:00:00+00:00, run_after=2026-09-06 00:00:00+00:00
[2026-09-06T09:08:28.387+0000] {processor.py:208} INFO - Processing /home/airflow/.local/lib/python3.12/site-packages/airflow/example_dags/example_skip_dag.py took 0.063 seconds
[2026-09-06T09:08:58.999+0000] {processor.py:186} INFO - Started process (PID=1944) to work on /home/airflow/.local/lib/python3.12/site-packages/airflow/example_dags/example_skip_dag.py
[2026-09-06T09:08:59.000+0000] {processor.py:914} INFO - Processing file /home/airflow/.local/lib/python3.12/site-packages/airflow/example_dags/example_skip_dag.py for tasks to queue
[2026-09-06T09:08:59.002+0000] {logging_mixin.py:190} INFO - [2026-09-06T09:08:59.002+0000] {dagbag.py:588} INFO - Filling up the DagBag from /home/airflow/.local/lib/python3.12/site-packages/airflow/example_dags/example_skip_dag.py
[2026-09-06T09:08:59.008+0000] {processor.py:925} INFO - DAG(s) 'example_skip_dag' retrieved from /home/airflow/.local/lib/python3.12/site-packages/airflow/example_dags/example_skip_dag.py
[2026-09-06T09:08:59.024+0000] {logging_mixin.py:190} INFO - [2026-09-06T09:08:59.024+0000] {dag.py:3239} INFO - Sync 1 DAGs
[2026-09-06T09:08:59.040+0000] {logging_mixin.py:190} INFO - [2026-09-06T09:08:59.040+0000] {dag.py:4180} INFO - Setting next_dagrun for example_skip_dag to 2026-09-05 00:00:00+00:00, run_after=2026-09-06 00:00:00+00:00
[2026-09-06T09:08:59.054+0000] {processor.py:208} INFO - Processing /home/airflow/.local/lib/python3.12/site-packages/airflow/example_dags/example_skip_dag.py took 0.059 seconds
[2026-09-06T09:09:29.624+0000] {processor.py:186} INFO - Started process (PID=2008) to work on /home/airflow/.local/lib/python3.12/site-packages/airflow/example_dags/example_skip_dag.py
[2026-09-06T09:09:29.625+0000] {processor.py:914} INFO - Processing file /home/airflow/.local/lib/python3.12/site-packages/airflow/example_dags/example_skip_dag.py for tasks to queue
[2026-09-06T09:09:29.628+0000] {logging_mixin.py:190} INFO - [2026-09-06T09:09:29.628+0000] {dagbag.py:588} INFO - Filling up the DagBag from /home/airflow/.local/lib/python3.12/site-packages/airflow/example_dags/example_skip_dag.py
[2026-09-06T09:09:29.635+0000] {processor.py:925} INFO - DAG(s) 'example_skip_dag' retrieved from /home/airflow/.local/lib/python3.12/site-packages/airflow/example_dags/example_skip_dag.py
[2026-09-06T09:09:29.653+0000] {logging_mixin.py:190} INFO - [2026-09-06T09:09:29.653+0000] {dag.py:3239} INFO - Sync 1 DAGs
[2026-09-06T09:09:29.672+0000] {logging_mixin.py:190} INFO - [2026-09-06T09:09:29.672+0000] {dag.py:4180} INFO - Setting next_dagrun for example_skip_dag to 2026-09-05 00:00:00+00:00, run_after=2026-09-06 00:00:00+00:00
[2026-09-06T09:09:29.688+0000] {processor.py:208} INFO - Processing /home/airflow/.local/lib/python3.12/site-packages/airflow/example_dags/example_skip_dag.py took 0.069 seconds
[2026-09-06T09:10:01.193+0000] {processor.py:186} INFO - Started process (PID=2072) to work on /home/airflow/.local/lib/python3.12/site-packages/airflow/example_dags/example_skip_dag.py
[2026-09-06T09:10:01.194+0000] {processor.py:914} INFO - Processing file /home/airflow/.local/lib/python3.12/site-packages/airflow/example_dags/example_skip_dag.py for tasks to queue
[2026-09-06T09:10:01.197+0000] {logging_mixin.py:190} INFO - [2026-09-06T09:10:01.196+0000] {dagbag.py:588} INFO - Filling up the DagBag from /home/airflow/.local/lib/python3.12/site-packages/airflow/example_dags/example_skip_dag.py
[2026-09-06T09:10:01.204+0000] {processor.py:925} INFO - DAG(s) 'example_skip_dag' retrieved from /home/airflow/.local/lib/python3.12/site-packages/airflow/example_dags/example_skip_dag.py
[2026-09-06T09:10:01.222+0000] {logging_mixin.py:190} INFO - [2026-09-06T09:10:01.221+0000] {dag.py:3239} INFO - Sync 1 DAGs
[2026-09-06T09:10:01.239+0000] {logging_mixin.py:190} INFO - [2026-09-06T09:10:01.238+0000] {dag.py:4180} INFO - Setting next_dagrun for example_skip_dag to 2026-09-05 00:00:00+00:00, run_after=2026-09-06 00:00:00+00:00
[2026-09-06T09:10:01.258+0000] {processor.py:208} INFO - Processing /home/airflow/.local/lib/python3.12/site-packages/airflow/example_dags/example_skip_dag.py took 0.071 seconds
[2026-09-06T09:10:32.554+0000] {processor.py:186} INFO - Started process (PID=2136) to work on /home/airflow/.local/lib/python3.12/site-packages/airflow/example_dags/example_skip_dag.py
[2026-09-06T09:10:32.555+0000] {processor.py:914} INFO - Processing file /home/airflow/.local/lib/python3.12/site-packages/airflow/example_dags/example_skip_dag.py for tasks to queue
[2026-09-06T09:10:32.557+0000] {logging_mixin.py:190} INFO - [2026-09-06T09:10:32.557+0000] {dagbag.py:588} INFO - Filling up the DagBag from /home/airflow/.local/lib/python3.12/site-packages/airflow/example_dags/example_skip_dag.py
[2026-09-06T09:10:32.563+0000] {processor.py:925} INFO - DAG(s) 'example_skip_dag' retrieved from /home/airflow/.local/lib/python3.12/site-packages/airflow/example_dags/example_skip_dag.py
[2026-09-06T09:10:32.583+0000] {logging_mixin.py:190} INFO - [2026-09-06T09:10:32.583+0000] {dag.py:3239} INFO - Sync 1 DAGs
[2026-09-06T09:10:32.600+0000] {logging_mixin.py:190} INFO - [2026-09-06T09:10:32.599+0000] {dag.py:4180} INFO - Setting next_dagrun for example_skip_dag to 2026-09-05 00:00:00+00:00, run_after=2026-09-06 00:00:00+00:00
[2026-09-06T09:10:32.620+0000] {processor.py:208} INFO - Processing /home/airflow/.local/lib/python3.12/site-packages/airflow/example_dags/example_skip_dag.py took 0.070 seconds
[2026-09-06T09:11:04.487+0000] {processor.py:186} INFO - Started process (PID=2200) to work on /home/airflow/.local/lib/python3.12/site-packages/airflow/example_dags/example_skip_dag.py
[2026-09-06T09:11:04.488+0000] {processor.py:914} INFO - Processing file /home/airflow/.local/lib/python3.12/site-packages/airflow/example_dags/example_skip_dag.py for tasks to queue
[2026-09-06T09:11:04.490+0000] {logging_mixin.py:190} INFO - [2026-09-06T09:11:04.490+0000] {dagbag.py:588} INFO - Filling up the DagBag from /home/airflow/.local/lib/python3.12/site-packages/airflow/example_dags/example_skip_dag.py
[2026-09-06T09:11:04.497+0000] {processor.py:925} INFO - DAG(s) 'example_skip_dag' retrieved from /home/airflow/.local/lib/python3.12/site-packages/airflow/example_dags/example_skip_dag.py
[2026-09-06T09:11:04.515+0000] {logging_mixin.py:190} INFO - [2026-09-06T09:11:04.515+0000] {dag.py:3239} INFO - Sync 1 DAGs
[2026-09-06T09:11:04.534+0000] {logging_mixin.py:190} INFO - [2026-09-06T09:11:04.534+0000] {dag.py:4180} INFO - Setting next_dagrun for example_skip_dag to 2026-09-05 00:00:00+00:00, run_after=2026-09-06 00:00:00+00:00
[2026-09-06T09:11:04.550+0000] {processor.py:208} INFO - Processing /home/airflow/.local/lib/python3.12/site-packages/airflow/example_dags/example_skip_dag.py took 0.068 seconds
[2026-09-06T09:11:35.164+0000] {processor.py:186} INFO - Started process (PID=2264) to work on /home/airflow/.local/lib/python3.12/site-packages/airflow/example_dags/example_skip_dag.py
[2026-09-06T09:11:35.165+0000] {processor.py:914} INFO - Processing file /home/airflow/.local/lib/python3.12/site-packages/airflow/example_dags/example_skip_dag.py for tasks to queue
[2026-09-06T09:11:35.167+0000] {logging_mixin.py:190} INFO - [2026-09-06T09:11:35.167+0000] {dagbag.py:588} INFO - Filling up the DagBag from /home/airflow/.local/lib/python3.12/site-packages/airflow/example_dags/example_skip_dag.py
[2026-09-06T09:11:35.173+0000] {processor.py:925} INFO - DAG(s) 'example_skip_dag' retrieved from /home/airflow/.local/lib/python3.12/site-packages/airflow/example_dags/example_skip_dag.py
[2026-09-06T09:11:35.190+0000] {logging_mixin.py:190} INFO - [2026-09-06T09:11:35.190+0000] {dag.py:3239} INFO - Sync 1 DAGs
[2026-09-06T09:11:35.207+0000] {logging_mixin.py:190} INFO - [2026-09-06T09:11:35.207+0000] {dag.py:4180} INFO - Setting next_dagrun for example_skip_dag to 2026-09-05 00:00:00+00:00, run_after=2026-09-06 00:00:00+00:00
[2026-09-06T09:11:35.221+0000] {processor.py:208} INFO - Processing /home/airflow/.local/lib/python3.12/site-packages/airflow/example_dags/example_skip_dag.py took 0.062 seconds
[2026-09-06T09:12:06.830+0000] {processor.py:186} INFO - Started process (PID=2328) to work on /home/airflow/.local/lib/python3.12/site-packages/airflow/example_dags/example_skip_dag.py
[2026-09-06T09:12:06.831+0000] {processor.py:914} INFO - Processing file /home/airflow/.local/lib/python3.12/site-packages/airflow/example_dags/example_skip_dag.py for tasks to queue
[2026-09-06T09:12:06.833+0000] {logging_mixin.py:190} INFO - [2026-09-06T09:12:06.832+0000] {dagbag.py:588} INFO - Filling up the DagBag from /home/airflow/.local/lib/python3.12/site-packages/airflow/example_dags/example_skip_dag.py
[2026-09-06T09:12:06.839+0000] {processor.py:925} INFO - DAG(s) 'example_skip_dag' retrieved from /home/airflow/.local/lib/python3.12/site-packages/airflow/example_dags/example_skip_dag.py
[2026-09-06T09:12:06.855+0000] {logging_mixin.py:190} INFO - [2026-09-06T09:12:06.855+0000] {dag.py:3239} INFO - Sync 1 DAGs
[2026-09-06T09:12:06.871+0000] {logging_mixin.py:190} INFO - [2026-09-06T09:12:06.871+0000] {dag.py:4180} INFO - Setting next_dagrun for example_skip_dag to 2026-09-05 00:00:00+00:00, run_after=2026-09-06 00:00:00+00:00
[2026-09-06T09:12:06.885+0000] {processor.py:208} INFO - Processing /home/airflow/.local/lib/python3.12/site-packages/airflow/example_dags/example_skip_dag.py took 0.059 seconds
[2026-09-06T09:12:38.241+0000] {processor.py:186} INFO - Started process (PID=2392) to work on /home/airflow/.local/lib/python3.12/site-packages/airflow/example_dags/example_skip_dag.py
[2026-09-06T09:12:38.242+0000] {processor.py:914} INFO - Processing file /home/airflow/.local/lib/python3.12/site-packages/airflow/example_dags/example_skip_dag.py for tasks to queue
[2026-09-06T09:12:38.244+0000] {logging_mixin.py:190} INFO - [2026-09-06T09:12:38.244+0000] {dagbag.py:588} INFO - Filling up the DagBag from /home/airflow/.local/lib/python3.12/site-packages/airflow/example_dags/example_skip_dag.py
[2026-09-06T09:12:38.251+0000] {processor.py:925} INFO - DAG(s) 'example_skip_dag' retrieved from /home/airflow/.local/lib/python3.12/site-packages/airflow/example_dags/example_skip_dag.py
[2026-09-06T09:12:38.268+0000] {logging_mixin.py:190} INFO - [2026-09-06T09:12:38.267+0000] {dag.py:3239} INFO - Sync 1 DAGs
[2026-09-06T09:12:38.285+0000] {logging_mixin.py:190} INFO - [2026-09-06T09:12:38.285+0000] {dag.py:4180} INFO - Setting next_dagrun for example_skip_dag to 2026-09-05 00:00:00+00:00, run_after=2026-09-06 00:00:00+00:00
[2026-09-06T09:12:38.299+0000] {processor.py:208} INFO - Processing /home/airflow/.local/lib/python3.12/site-packages/airflow/example_dags/example_skip_dag.py took 0.063 seconds
[2026-09-06T09:13:09.636+0000] {processor.py:186} INFO - Started process (PID=2456) to work on /home/airflow/.local/lib/python3.12/site-packages/airflow/example_dags/example_skip_dag.py
[2026-09-06T09:13:09.637+0000] {processor.py:914} INFO - Processing file /home/airflow/.local/lib/python3.12/site-packages/airflow/example_dags/example_skip_dag.py for tasks to queue
[2026-09-06T09:13:09.639+0000] {logging_mixin.py:190} INFO - [2026-09-06T09:13:09.639+0000] {dagbag.py:588} INFO - Filling up the DagBag from /home/airflow/.local/lib/python3.12/site-packages/airflow/example_dags/example_skip_dag.py
[2026-09-06T09:13:09.646+0000] {processor.py:925} INFO - DAG(s) 'example_skip_dag' retrieved from /home/airflow/.local/lib/python3.12/site-packages/airflow/example_dags/example_skip_dag.py
[2026-09-06T09:13:09.664+0000] {logging_mixin.py:190} INFO - [2026-09-06T09:13:09.664+0000] {dag.py:3239} INFO - Sync 1 DAGs
[2026-09-06T09:13:09.682+0000] {logging_mixin.py:190} INFO - [2026-09-06T09:13:09.681+0000] {dag.py:4180} INFO - Setting next_dagrun for example_skip_dag to 2026-09-05 00:00:00+00:00, run_after=2026-09-06 00:00:00+00:00
[2026-09-06T09:13:09.696+0000] {processor.py:208} INFO - Processing /home/airflow/.local/lib/python3.12/site-packages/airflow/example_dags/example_skip_dag.py took 0.065 seconds
[2026-09-06T09:13:40.308+0000] {processor.py:186} INFO - Started process (PID=2520) to work on /home/airflow/.local/lib/python3.12/site-packages/airflow/example_dags/example_skip_dag.py
[2026-09-06T09:13:40.309+0000] {processor.py:914} INFO - Processing file /home/airflow/.local/lib/python3.12/site-packages/airflow/example_dags/example_skip_dag.py for tasks to queue
[2026-09-06T09:13:40.312+0000] {logging_mixin.py:190} INFO - [2026-09-06T09:13:40.312+0000] {dagbag.py:588} INFO - Filling up the DagBag from /home/airflow/.local/lib/python3.12/site-packages/airflow/example_dags/example_skip_dag.py
[2026-09-06T09:13:40.319+0000] {processor.py:925} INFO - DAG(s) 'example_skip_dag' retrieved from /home/airflow/.local/lib/python3.12/site-packages/airflow/example_dags/example_skip_dag.py
[2026-09-06T09:13:40.336+0000] {logging_mixin.py:190} INFO - [2026-09-06T09:13:40.336+0000] {dag.py:3239} INFO - Sync 1 DAGs
[2026-09-06T09:13:40.354+0000] {logging_mixin.py:190} INFO - [2026-09-06T09:13:40.354+0000] {dag.py:4180} INFO - Setting next_dagrun for example_skip_dag to 2026-09-05 00:00:00+00:00, run_after=2026-09-06 00:00:00+00:00
[2026-09-06T09:13:40.368+0000] {processor.py:208} INFO - Processing /home/airflow/.local/lib/python3.12/site-packages/airflow/example_dags/example_skip_dag.py took 0.065 seconds
[2026-09-06T09:14:11.660+0000] {processor.py:186} INFO - Started process (PID=2585) to work on /home/airflow/.local/lib/python3.12/site-packages/airflow/example_dags/example_skip_dag.py
[2026-09-06T09:14:11.661+0000] {processor.py:914} INFO - Processing file /home/airflow/.local/lib/python3.12/site-packages/airflow/example_dags/example_skip_dag.py for tasks to queue
[2026-09-06T09:14:11.663+0000] {logging_mixin.py:190} INFO - [2026-09-06T09:14:11.663+0000] {dagbag.py:588} INFO - Filling up the DagBag from /home/airflow/.local/lib/python3.12/site-packages/airflow/example_dags/example_skip_dag.py
[2026-09-06T09:14:11.670+0000] {processor.py:925} INFO - DAG(s) 'example_skip_dag' retrieved from /home/airflow/.local/lib/python3.12/site-packages/airflow/example_dags/example_skip_dag.py
[2026-09-06T09:14:11.687+0000] {logging_mixin.py:190} INFO - [2026-09-06T09:14:11.687+0000] {dag.py:3239} INFO - Sync 1 DAGs
[2026-09-06T09:14:11.704+0000] {logging_mixin.py:190} INFO - [2026-09-06T09:14:11.703+0000] {dag.py:4180} INFO - Setting next_dagrun for example_skip_dag to 2026-09-05 00:00:00+00:00, run_after=2026-09-06 00:00:00+00:00
[2026-09-06T09:14:11.720+0000] {processor.py:208} INFO - Processing /home/airflow/.local/lib/python3.12/site-packages/airflow/example_dags/example_skip_dag.py took 0.064 seconds
[2026-09-06T09:14:43.014+0000] {processor.py:186} INFO - Started process (PID=2649) to work on /home/airflow/.local/lib/python3.12/site-packages/airflow/example_dags/example_skip_dag.py
[2026-09-06T09:14:43.015+0000] {processor.py:914} INFO - Processing file /home/airflow/.local/lib/python3.12/site-packages/airflow/example_dags/example_skip_dag.py for tasks to queue
[2026-09-06T09:14:43.017+0000] {logging_mixin.py:190} INFO - [2026-09-06T09:14:43.017+0000] {dagbag.py:588} INFO - Filling up the DagBag from /home/airflow/.local/lib/python3.12/site-packages/airflow/example_dags/example_skip_dag.py
[2026-09-06T09:14:43.024+0000] {processor.py:925} INFO - DAG(s) 'example_skip_dag' retrieved from /home/airflow/.local/lib/python3.12/site-packages/airflow/example_dags/example_skip_dag.py
[2026-09-06T09:14:43.042+0000] {logging_mixin.py:190} INFO - [2026-09-06T09:14:43.041+0000] {dag.py:3239} INFO - Sync 1 DAGs
[2026-09-06T09:14:43.059+0000] {logging_mixin.py:190} INFO - [2026-09-06T09:14:43.059+0000] {dag.py:4180} INFO - Setting next_dagrun for example_skip_dag to 2026-09-05 00:00:00+00:00, run_after=2026-09-06 00:00:00+00:00
[2026-09-06T09:14:43.074+0000] {processor.py:208} INFO - Processing /home/airflow/.local/lib/python3.12/site-packages/airflow/example_dags/example_skip_dag.py took 0.064 seconds
[2026-09-06T09:15:14.176+0000] {processor.py:186} INFO - Started process (PID=2713) to work on /home/airflow/.local/lib/python3.12/site-packages/airflow/example_dags/example_skip_dag.py
[2026-09-06T09:15:14.177+0000] {processor.py:914} INFO - Processing file /home/airflow/.local/lib/python3.12/site-packages/airflow/example_dags/example_skip_dag.py for tasks to queue
[2026-09-06T09:15:14.179+0000] {logging_mixin.py:190} INFO - [2026-09-06T09:15:14.179+0000] {dagbag.py:588} INFO - Filling up the DagBag from /home/airflow/.local/lib/python3.12/site-packages/airflow/example_dags/example_skip_dag.py
[2026-09-06T09:15:14.186+0000] {processor.py:925} INFO - DAG(s) 'example_skip_dag' retrieved from /home/airflow/.local/lib/python3.12/site-packages/airflow/example_dags/example_skip_dag.py
[2026-09-06T09:15:14.203+0000] {logging_mixin.py:190} INFO - [2026-09-06T09:15:14.203+0000] {dag.py:3239} INFO - Sync 1 DAGs
[2026-09-06T09:15:14.221+0000] {logging_mixin.py:190} INFO - [2026-09-06T09:15:14.221+0000] {dag.py:4180} INFO - Setting next_dagrun for example_skip_dag to 2026-09-05 00:00:00+00:00, run_after=2026-09-06 00:00:00+00:00
[2026-09-06T09:15:14.237+0000] {processor.py:208} INFO - Processing /home/airflow/.local/lib/python3.12/site-packages/airflow/example_dags/example_skip_dag.py took 0.066 seconds
[2026-09-06T09:15:44.917+0000] {processor.py:186} INFO - Started process (PID=2778) to work on /home/airflow/.local/lib/python3.12/site-packages/airflow/example_dags/example_skip_dag.py
[2026-09-06T09:15:44.918+0000] {processor.py:914} INFO - Processing file /home/airflow/.local/lib/python3.12/site-packages/airflow/example_dags/example_skip_dag.py for tasks to queue
[2026-09-06T09:15:44.920+0000] {logging_mixin.py:190} INFO - [2026-09-06T09:15:44.920+0000] {dagbag.py:588} INFO - Filling up the DagBag from /home/airflow/.local/lib/python3.12/site-packages/airflow/example_dags/example_skip_dag.py
[2026-09-06T09:15:44.927+0000] {processor.py:925} INFO - DAG(s) 'example_skip_dag' retrieved from /home/airflow/.local/lib/python3.12/site-packages/airflow/example_dags/example_skip_dag.py
[2026-09-06T09:15:44.947+0000] {logging_mixin.py:190} INFO - [2026-09-06T09:15:44.946+0000] {dag.py:3239} INFO - Sync 1 DAGs
[2026-09-06T09:15:44.964+0000] {logging_mixin.py:190} INFO - [2026-09-06T09:15:44.964+0000] {dag.py:4180} INFO - Setting next_dagrun for example_skip_dag to 2026-09-05 00:00:00+00:00, run_after=2026-09-06 00:00:00+00:00
[2026-09-06T09:15:44.989+0000] {processor.py:208} INFO - Processing /home/airflow/.local/lib/python3.12/site-packages/airflow/example_dags/example_skip_dag.py took 0.078 seconds
[2026-09-06T09:16:15.440+0000] {processor.py:186} INFO - Started process (PID=2841) to work on /home/airflow/.local/lib/python3.12/site-packages/airflow/example_dags/example_skip_dag.py
[2026-09-06T09:16:15.441+0000] {processor.py:914} INFO - Processing file /home/airflow/.local/lib/python3.12/site-packages/airflow/example_dags/example_skip_dag.py for tasks to queue
[2026-09-06T09:16:15.444+0000] {logging_mixin.py:190} INFO - [2026-09-06T09:16:15.444+0000] {dagbag.py:588} INFO - Filling up the DagBag from /home/airflow/.local/lib/python3.12/site-packages/airflow/example_dags/example_skip_dag.py
[2026-09-06T09:16:15.452+0000] {processor.py:925} INFO - DAG(s) 'example_skip_dag' retrieved from /home/airflow/.local/lib/python3.12/site-packages/airflow/example_dags/example_skip_dag.py
[2026-09-06T09:16:15.471+0000] {logging_mixin.py:190} INFO - [2026-09-06T09:16:15.471+0000] {dag.py:3239} INFO - Sync 1 DAGs
[2026-09-06T09:16:15.489+0000] {logging_mixin.py:190} INFO - [2026-09-06T09:16:15.489+0000] {dag.py:4180} INFO - Setting next_dagrun for example_skip_dag to 2026-09-05 00:00:00+00:00, run_after=2026-09-06 00:00:00+00:00
[2026-09-06T09:16:15.505+0000] {processor.py:208} INFO - Processing /home/airflow/.local/lib/python3.12/site-packages/airflow/example_dags/example_skip_dag.py took 0.071 seconds
[2026-09-06T09:16:46.437+0000] {processor.py:186} INFO - Started process (PID=2905) to work on /home/airflow/.local/lib/python3.12/site-packages/airflow/example_dags/example_skip_dag.py
[2026-09-06T09:16:46.439+0000] {processor.py:914} INFO - Processing file /home/airflow/.local/lib/python3.12/site-packages/airflow/example_dags/example_skip_dag.py for tasks to queue
[2026-09-06T09:16:46.441+0000] {logging_mixin.py:190} INFO - [2026-09-06T09:16:46.441+0000] {dagbag.py:588} INFO - Filling up the DagBag from /home/airflow/.local/lib/python3.12/site-packages/airflow/example_dags/example_skip_dag.py
[2026-09-06T09:16:46.448+0000] {processor.py:925} INFO - DAG(s) 'example_skip_dag' retrieved from /home/airflow/.local/lib/python3.12/site-packages/airflow/example_dags/example_skip_dag.py
[2026-09-06T09:16:46.465+0000] {logging_mixin.py:190} INFO - [2026-09-06T09:16:46.465+0000] {dag.py:3239} INFO - Sync 1 DAGs
[2026-09-06T09:16:46.483+0000] {logging_mixin.py:190} INFO - [2026-09-06T09:16:46.483+0000] {dag.py:4180} INFO - Setting next_dagrun for example_skip_dag to 2026-09-05 00:00:00+00:00, run_after=2026-09-06 00:00:00+00:00
[2026-09-06T09:16:46.505+0000] {processor.py:208} INFO - Processing /home/airflow/.local/lib/python3.12/site-packages/airflow/example_dags/example_skip_dag.py took 0.072 seconds
[2026-09-06T09:17:16.893+0000] {processor.py:186} INFO - Started process (PID=2969) to work on /home/airflow/.local/lib/python3.12/site-packages/airflow/example_dags/example_skip_dag.py
[2026-09-06T09:17:16.894+0000] {processor.py:914} INFO - Processing file /home/airflow/.local/lib/python3.12/site-packages/airflow/example_dags/example_skip_dag.py for tasks to queue
[2026-09-06T09:17:16.896+0000] {logging_mixin.py:190} INFO - [2026-09-06T09:17:16.896+0000] {dagbag.py:588} INFO - Filling up the DagBag from /home/airflow/.local/lib/python3.12/site-packages/airflow/example_dags/example_skip_dag.py
[2026-09-06T09:17:16.904+0000] {processor.py:925} INFO - DAG(s) 'example_skip_dag' retrieved from /home/airflow/.local/lib/python3.12/site-packages/airflow/example_dags/example_skip_dag.py
[2026-09-06T09:17:16.922+0000] {logging_mixin.py:190} INFO - [2026-09-06T09:17:16.922+0000] {dag.py:3239} INFO - Sync 1 DAGs
[2026-09-06T09:17:16.941+0000] {logging_mixin.py:190} INFO - [2026-09-06T09:17:16.940+0000] {dag.py:4180} INFO - Setting next_dagrun for example_skip_dag to 2026-09-05 00:00:00+00:00, run_after=2026-09-06 00:00:00+00:00
[2026-09-06T09:17:16.956+0000] {processor.py:208} INFO - Processing /home/airflow/.local/lib/python3.12/site-packages/airflow/example_dags/example_skip_dag.py took 0.068 seconds
[2026-09-06T09:17:47.660+0000] {processor.py:186} INFO - Started process (PID=3033) to work on /home/airflow/.local/lib/python3.12/site-packages/airflow/example_dags/example_skip_dag.py
[2026-09-06T09:17:47.661+0000] {processor.py:914} INFO - Processing file /home/airflow/.local/lib/python3.12/site-packages/airflow/example_dags/example_skip_dag.py for tasks to queue
[2026-09-06T09:17:47.663+0000] {logging_mixin.py:190} INFO - [2026-09-06T09:17:47.663+0000] {dagbag.py:588} INFO - Filling up the DagBag from /home/airflow/.local/lib/python3.12/site-packages/airflow/example_dags/example_skip_dag.py
[2026-09-06T09:17:47.669+0000] {processor.py:925} INFO - DAG(s) 'example_skip_dag' retrieved from /home/airflow/.local/lib/python3.12/site-packages/airflow/example_dags/example_skip_dag.py
[2026-09-06T09:17:47.687+0000] {logging_mixin.py:190} INFO - [2026-09-06T09:17:47.687+0000] {dag.py:3239} INFO - Sync 1 DAGs
[2026-09-06T09:17:47.704+0000] {logging_mixin.py:190} INFO - [2026-09-06T09:17:47.704+0000] {dag.py:4180} INFO - Setting next_dagrun for example_skip_dag to 2026-09-05 00:00:00+00:00, run_after=2026-09-06 00:00:00+00:00
[2026-09-06T09:17:47.719+0000] {processor.py:208} INFO - Processing /home/airflow/.local/lib/python3.12/site-packages/airflow/example_dags/example_skip_dag.py took 0.063 seconds
[2026-09-06T09:18:20.230+0000] {processor.py:186} INFO - Started process (PID=3099) to work on /home/airflow/.local/lib/python3.12/site-packages/airflow/example_dags/example_skip_dag.py
[2026-09-06T09:18:20.231+0000] {processor.py:914} INFO - Processing file /home/airflow/.local/lib/python3.12/site-packages/airflow/example_dags/example_skip_dag.py for tasks to queue
[2026-09-06T09:18:20.233+0000] {logging_mixin.py:190} INFO - [2026-09-06T09:18:20.233+0000] {dagbag.py:588} INFO - Filling up the DagBag from /home/airflow/.local/lib/python3.12/site-packages/airflow/example_dags/example_skip_dag.py
[2026-09-06T09:18:20.240+0000] {processor.py:925} INFO - DAG(s) 'example_skip_dag' retrieved from /home/airflow/.local/lib/python3.12/site-packages/airflow/example_dags/example_skip_dag.py
[2026-09-06T09:18:20.258+0000] {logging_mixin.py:190} INFO - [2026-09-06T09:18:20.258+0000] {dag.py:3239} INFO - Sync 1 DAGs
[2026-09-06T09:18:20.466+0000] {logging_mixin.py:190} INFO - [2026-09-06T09:18:20.466+0000] {dag.py:4180} INFO - Setting next_dagrun for example_skip_dag to 2026-09-05 00:00:00+00:00, run_after=2026-09-06 00:00:00+00:00
[2026-09-06T09:18:20.482+0000] {processor.py:208} INFO - Processing /home/airflow/.local/lib/python3.12/site-packages/airflow/example_dags/example_skip_dag.py took 0.257 seconds
[2026-09-06T09:18:51.184+0000] {processor.py:186} INFO - Started process (PID=3165) to work on /home/airflow/.local/lib/python3.12/site-packages/airflow/example_dags/example_skip_dag.py
[2026-09-06T09:18:51.185+0000] {processor.py:914} INFO - Processing file /home/airflow/.local/lib/python3.12/site-packages/airflow/example_dags/example_skip_dag.py for tasks to queue
[2026-09-06T09:18:51.187+0000] {logging_mixin.py:190} INFO - [2026-09-06T09:18:51.187+0000] {dagbag.py:588} INFO - Filling up the DagBag from /home/airflow/.local/lib/python3.12/site-packages/airflow/example_dags/example_skip_dag.py
[2026-09-06T09:18:51.194+0000] {processor.py:925} INFO - DAG(s) 'example_skip_dag' retrieved from /home/airflow/.local/lib/python3.12/site-packages/airflow/example_dags/example_skip_dag.py
[2026-09-06T09:18:51.212+0000] {logging_mixin.py:190} INFO - [2026-09-06T09:18:51.211+0000] {dag.py:3239} INFO - Sync 1 DAGs
[2026-09-06T09:18:51.407+0000] {logging_mixin.py:190} INFO - [2026-09-06T09:18:51.407+0000] {dag.py:4180} INFO - Setting next_dagrun for example_skip_dag to 2026-09-05 00:00:00+00:00, run_after=2026-09-06 00:00:00+00:00
[2026-09-06T09:18:51.422+0000] {processor.py:208} INFO - Processing /home/airflow/.local/lib/python3.12/site-packages/airflow/example_dags/example_skip_dag.py took 0.242 seconds
[2026-09-06T09:19:21.503+0000] {processor.py:186} INFO - Started process (PID=3229) to work on /home/airflow/.local/lib/python3.12/site-packages/airflow/example_dags/example_skip_dag.py
[2026-09-06T09:19:21.504+0000] {processor.py:914} INFO - Processing file /home/airflow/.local/lib/python3.12/site-packages/airflow/example_dags/example_skip_dag.py for tasks to queue
[2026-09-06T09:19:21.506+0000] {logging_mixin.py:190} INFO - [2026-09-06T09:19:21.505+0000] {dagbag.py:588} INFO - Filling up the DagBag from /home/airflow/.local/lib/python3.12/site-packages/airflow/example_dags/example_skip_dag.py
[2026-09-06T09:19:21.512+0000] {processor.py:925} INFO - DAG(s) 'example_skip_dag' retrieved from /home/airflow/.local/lib/python3.12/site-packages/airflow/example_dags/example_skip_dag.py
[2026-09-06T09:19:21.529+0000] {logging_mixin.py:190} INFO - [2026-09-06T09:19:21.529+0000] {dag.py:3239} INFO - Sync 1 DAGs
[2026-09-06T09:19:21.545+0000] {logging_mixin.py:190} INFO - [2026-09-06T09:19:21.544+0000] {dag.py:4180} INFO - Setting next_dagrun for example_skip_dag to 2026-09-05 00:00:00+00:00, run_after=2026-09-06 00:00:00+00:00
[2026-09-06T09:19:21.559+0000] {processor.py:208} INFO - Processing /home/airflow/.local/lib/python3.12/site-packages/airflow/example_dags/example_skip_dag.py took 0.061 seconds
[2026-09-06T09:19:52.591+0000] {processor.py:186} INFO - Started process (PID=3293) to work on /home/airflow/.local/lib/python3.12/site-packages/airflow/example_dags/example_skip_dag.py
[2026-09-06T09:19:52.592+0000] {processor.py:914} INFO - Processing file /home/airflow/.local/lib/python3.12/site-packages/airflow/example_dags/example_skip_dag.py for tasks to queue
[2026-09-06T09:19:52.594+0000] {logging_mixin.py:190} INFO - [2026-09-06T09:19:52.593+0000] {dagbag.py:588} INFO - Filling up the DagBag from /home/airflow/.local/lib/python3.12/site-packages/airflow/example_dags/example_skip_dag.py
[2026-09-06T09:19:52.600+0000] {processor.py:925} INFO - DAG(s) 'example_skip_dag' retrieved from /home/airflow/.local/lib/python3.12/site-packages/airflow/example_dags/example_skip_dag.py
[2026-09-06T09:19:52.616+0000] {logging_mixin.py:190} INFO - [2026-09-06T09:19:52.616+0000] {dag.py:3239} INFO - Sync 1 DAGs
[2026-09-06T09:19:52.632+0000] {logging_mixin.py:190} INFO - [2026-09-06T09:19:52.631+0000] {dag.py:4180} INFO - Setting next_dagrun for example_skip_dag to 2026-09-05 00:00:00+00:00, run_after=2026-09-06 00:00:00+00:00
[2026-09-06T09:19:52.645+0000] {processor.py:208} INFO - Processing /home/airflow/.local/lib/python3.12/site-packages/airflow/example_dags/example_skip_dag.py took 0.058 seconds
[2026-09-06T09:20:25.762+0000] {processor.py:186} INFO - Started process (PID=3362) to work on /home/airflow/.local/lib/python3.12/site-packages/airflow/example_dags/example_skip_dag.py
[2026-09-06T09:20:25.764+0000] {processor.py:914} INFO - Processing file /home/airflow/.local/lib/python3.12/site-packages/airflow/example_dags/example_skip_dag.py for tasks to queue
[2026-09-06T09:20:25.766+0000] {logging_mixin.py:190} INFO - [2026-09-06T09:20:25.765+0000] {dagbag.py:588} INFO - Filling up the DagBag from /home/airflow/.local/lib/python3.12/site-packages/airflow/example_dags/example_skip_dag.py
[2026-09-06T09:20:25.957+0000] {processor.py:925} INFO - DAG(s) 'example_skip_dag' retrieved from /home/airflow/.local/lib/python3.12/site-packages/airflow/example_dags/example_skip_dag.py
[2026-09-06T09:20:25.973+0000] {logging_mixin.py:190} INFO - [2026-09-06T09:20:25.972+0000] {dag.py:3239} INFO - Sync 1 DAGs
[2026-09-06T09:20:25.992+0000] {logging_mixin.py:190} INFO - [2026-09-06T09:20:25.992+0000] {dag.py:4180} INFO - Setting next_dagrun for example_skip_dag to 2026-09-05 00:00:00+00:00, run_after=2026-09-06 00:00:00+00:00
[2026-09-06T09:20:26.008+0000] {processor.py:208} INFO - Processing /home/airflow/.local/lib/python3.12/site-packages/airflow/example_dags/example_skip_dag.py took 0.251 seconds
[2026-09-06T09:20:56.605+0000] {processor.py:186} INFO - Started process (PID=3426) to work on /home/airflow/.local/lib/python3.12/site-packages/airflow/example_dags/example_skip_dag.py
[2026-09-06T09:20:56.606+0000] {processor.py:914} INFO - Processing file /home/airflow/.local/lib/python3.12/site-packages/airflow/example_dags/example_skip_dag.py for tasks to queue
[2026-09-06T09:20:56.608+0000] {logging_mixin.py:190} INFO - [2026-09-06T09:20:56.607+0000] {dagbag.py:588} INFO - Filling up the DagBag from /home/airflow/.local/lib/python3.12/site-packages/airflow/example_dags/example_skip_dag.py
[2026-09-06T09:20:56.614+0000] {processor.py:925} INFO - DAG(s) 'example_skip_dag' retrieved from /home/airflow/.local/lib/python3.12/site-packages/airflow/example_dags/example_skip_dag.py
[2026-09-06T09:20:56.631+0000] {logging_mixin.py:190} INFO - [2026-09-06T09:20:56.631+0000] {dag.py:3239} INFO - Sync 1 DAGs
[2026-09-06T09:20:56.647+0000] {logging_mixin.py:190} INFO - [2026-09-06T09:20:56.647+0000] {dag.py:4180} INFO - Setting next_dagrun for example_skip_dag to 2026-09-05 00:00:00+00:00, run_after=2026-09-06 00:00:00+00:00
[2026-09-06T09:20:56.661+0000] {processor.py:208} INFO - Processing /home/airflow/.local/lib/python3.12/site-packages/airflow/example_dags/example_skip_dag.py took 0.061 seconds
[2026-09-06T09:21:26.834+0000] {processor.py:186} INFO - Started process (PID=3490) to work on /home/airflow/.local/lib/python3.12/site-packages/airflow/example_dags/example_skip_dag.py
[2026-09-06T09:21:26.835+0000] {processor.py:914} INFO - Processing file /home/airflow/.local/lib/python3.12/site-packages/airflow/example_dags/example_skip_dag.py for tasks to queue
[2026-09-06T09:21:26.837+0000] {logging_mixin.py:190} INFO - [2026-09-06T09:21:26.837+0000] {dagbag.py:588} INFO - Filling up the DagBag from /home/airflow/.local/lib/python3.12/site-packages/airflow/example_dags/example_skip_dag.py
[2026-09-06T09:21:26.845+0000] {processor.py:925} INFO - DAG(s) 'example_skip_dag' retrieved from /home/airflow/.local/lib/python3.12/site-packages/airflow/example_dags/example_skip_dag.py
[2026-09-06T09:21:26.864+0000] {logging_mixin.py:190} INFO - [2026-09-06T09:21:26.864+0000] {dag.py:3239} INFO - Sync 1 DAGs
[2026-09-06T09:21:26.885+0000] {logging_mixin.py:190} INFO - [2026-09-06T09:21:26.885+0000] {dag.py:4180} INFO - Setting next_dagrun for example_skip_dag to 2026-09-05 00:00:00+00:00, run_after=2026-09-06 00:00:00+00:00
[2026-09-06T09:21:26.903+0000] {processor.py:208} INFO - Processing /home/airflow/.local/lib/python3.12/site-packages/airflow/example_dags/example_skip_dag.py took 0.075 seconds
[2026-09-06T09:21:58.109+0000] {processor.py:186} INFO - Started process (PID=3554) to work on /home/airflow/.local/lib/python3.12/site-packages/airflow/example_dags/example_skip_dag.py
[2026-09-06T09:21:58.111+0000] {processor.py:914} INFO - Processing file /home/airflow/.local/lib/python3.12/site-packages/airflow/example_dags/example_skip_dag.py for tasks to queue
[2026-09-06T09:21:58.118+0000] {logging_mixin.py:190} INFO - [2026-09-06T09:21:58.117+0000] {dagbag.py:588} INFO - Filling up the DagBag from /home/airflow/.local/lib/python3.12/site-packages/airflow/example_dags/example_skip_dag.py
[2026-09-06T09:21:58.129+0000] {processor.py:925} INFO - DAG(s) 'example_skip_dag' retrieved from /home/airflow/.local/lib/python3.12/site-packages/airflow/example_dags/example_skip_dag.py
[2026-09-06T09:21:58.160+0000] {logging_mixin.py:190} INFO - [2026-09-06T09:21:58.159+0000] {dag.py:3239} INFO - Sync 1 DAGs
[2026-09-06T09:21:58.187+0000] {logging_mixin.py:190} INFO - [2026-09-06T09:21:58.186+0000] {dag.py:4180} INFO - Setting next_dagrun for example_skip_dag to 2026-09-05 00:00:00+00:00, run_after=2026-09-06 00:00:00+00:00
[2026-09-06T09:21:58.205+0000] {processor.py:208} INFO - Processing /home/airflow/.local/lib/python3.12/site-packages/airflow/example_dags/example_skip_dag.py took 0.103 seconds
[2026-09-06T09:22:29.201+0000] {processor.py:186} INFO - Started process (PID=3620) to work on /home/airflow/.local/lib/python3.12/site-packages/airflow/example_dags/example_skip_dag.py
[2026-09-06T09:22:29.202+0000] {processor.py:914} INFO - Processing file /home/airflow/.local/lib/python3.12/site-packages/airflow/example_dags/example_skip_dag.py for tasks to queue
[2026-09-06T09:22:29.205+0000] {logging_mixin.py:190} INFO - [2026-09-06T09:22:29.205+0000] {dagbag.py:588} INFO - Filling up the DagBag from /home/airflow/.local/lib/python3.12/site-packages/airflow/example_dags/example_skip_dag.py
[2026-09-06T09:22:29.214+0000] {processor.py:925} INFO - DAG(s) 'example_skip_dag' retrieved from /home/airflow/.local/lib/python3.12/site-packages/airflow/example_dags/example_skip_dag.py
[2026-09-06T09:22:29.233+0000] {logging_mixin.py:190} INFO - [2026-09-06T09:22:29.233+0000] {dag.py:3239} INFO - Sync 1 DAGs
[2026-09-06T09:22:29.253+0000] {logging_mixin.py:190} INFO - [2026-09-06T09:22:29.253+0000] {dag.py:4180} INFO - Setting next_dagrun for example_skip_dag to 2026-09-05 00:00:00+00:00, run_after=2026-09-06 00:00:00+00:00
[2026-09-06T09:22:29.274+0000] {processor.py:208} INFO - Processing /home/airflow/.local/lib/python3.12/site-packages/airflow/example_dags/example_skip_dag.py took 0.079 seconds
[2026-09-06T09:23:00.132+0000] {processor.py:186} INFO - Started process (PID=3690) to work on /home/airflow/.local/lib/python3.12/site-packages/airflow/example_dags/example_skip_dag.py
[2026-09-06T09:23:00.133+0000] {processor.py:914} INFO - Processing file /home/airflow/.local/lib/python3.12/site-packages/airflow/example_dags/example_skip_dag.py for tasks to queue
[2026-09-06T09:23:00.136+0000] {logging_mixin.py:190} INFO - [2026-09-06T09:23:00.135+0000] {dagbag.py:588} INFO - Filling up the DagBag from /home/airflow/.local/lib/python3.12/site-packages/airflow/example_dags/example_skip_dag.py
[2026-09-06T09:23:00.142+0000] {processor.py:925} INFO - DAG(s) 'example_skip_dag' retrieved from /home/airflow/.local/lib/python3.12/site-packages/airflow/example_dags/example_skip_dag.py
[2026-09-06T09:23:00.158+0000] {logging_mixin.py:190} INFO - [2026-09-06T09:23:00.158+0000] {dag.py:3239} INFO - Sync 1 DAGs
[2026-09-06T09:23:00.177+0000] {logging_mixin.py:190} INFO - [2026-09-06T09:23:00.177+0000] {dag.py:4180} INFO - Setting next_dagrun for example_skip_dag to 2026-09-05 00:00:00+00:00, run_after=2026-09-06 00:00:00+00:00
[2026-09-06T09:23:00.192+0000] {processor.py:208} INFO - Processing /home/airflow/.local/lib/python3.12/site-packages/airflow/example_dags/example_skip_dag.py took 0.064 seconds
[2026-09-06T09:23:31.220+0000] {processor.py:186} INFO - Started process (PID=3756) to work on /home/airflow/.local/lib/python3.12/site-packages/airflow/example_dags/example_skip_dag.py
[2026-09-06T09:23:31.221+0000] {processor.py:914} INFO - Processing file /home/airflow/.local/lib/python3.12/site-packages/airflow/example_dags/example_skip_dag.py for tasks to queue
[2026-09-06T09:23:31.223+0000] {logging_mixin.py:190} INFO - [2026-09-06T09:23:31.223+0000] {dagbag.py:588} INFO - Filling up the DagBag from /home/airflow/.local/lib/python3.12/site-packages/airflow/example_dags/example_skip_dag.py
[2026-09-06T09:23:31.231+0000] {processor.py:925} INFO - DAG(s) 'example_skip_dag' retrieved from /home/airflow/.local/lib/python3.12/site-packages/airflow/example_dags/example_skip_dag.py
[2026-09-06T09:23:31.248+0000] {logging_mixin.py:190} INFO - [2026-09-06T09:23:31.248+0000] {dag.py:3239} INFO - Sync 1 DAGs
[2026-09-06T09:23:31.265+0000] {logging_mixin.py:190} INFO - [2026-09-06T09:23:31.265+0000] {dag.py:4180} INFO - Setting next_dagrun for example_skip_dag to 2026-09-05 00:00:00+00:00, run_after=2026-09-06 00:00:00+00:00
[2026-09-06T09:23:31.281+0000] {processor.py:208} INFO - Processing /home/airflow/.local/lib/python3.12/site-packages/airflow/example_dags/example_skip_dag.py took 0.066 seconds
[2026-09-06T09:24:02.184+0000] {processor.py:186} INFO - Started process (PID=3820) to work on /home/airflow/.local/lib/python3.12/site-packages/airflow/example_dags/example_skip_dag.py
[2026-09-06T09:24:02.185+0000] {processor.py:914} INFO - Processing file /home/airflow/.local/lib/python3.12/site-packages/airflow/example_dags/example_skip_dag.py for tasks to queue
[2026-09-06T09:24:02.187+0000] {logging_mixin.py:190} INFO - [2026-09-06T09:24:02.187+0000] {dagbag.py:588} INFO - Filling up the DagBag from /home/airflow/.local/lib/python3.12/site-packages/airflow/example_dags/example_skip_dag.py
[2026-09-06T09:24:02.194+0000] {processor.py:925} INFO - DAG(s) 'example_skip_dag' retrieved from /home/airflow/.local/lib/python3.12/site-packages/airflow/example_dags/example_skip_dag.py
[2026-09-06T09:24:02.212+0000] {logging_mixin.py:190} INFO - [2026-09-06T09:24:02.212+0000] {dag.py:3239} INFO - Sync 1 DAGs
[2026-09-06T09:24:02.230+0000] {logging_mixin.py:190} INFO - [2026-09-06T09:24:02.230+0000] {dag.py:4180} INFO - Setting next_dagrun for example_skip_dag to 2026-09-05 00:00:00+00:00, run_after=2026-09-06 00:00:00+00:00
[2026-09-06T09:24:02.246+0000] {processor.py:208} INFO - Processing /home/airflow/.local/lib/python3.12/site-packages/airflow/example_dags/example_skip_dag.py took 0.067 seconds
[2026-09-06T09:24:33.567+0000] {processor.py:186} INFO - Started process (PID=3884) to work on /home/airflow/.local/lib/python3.12/site-packages/airflow/example_dags/example_skip_dag.py
[2026-09-06T09:24:33.568+0000] {processor.py:914} INFO - Processing file /home/airflow/.local/lib/python3.12/site-packages/airflow/example_dags/example_skip_dag.py for tasks to queue
[2026-09-06T09:24:33.570+0000] {logging_mixin.py:190} INFO - [2026-09-06T09:24:33.570+0000] {dagbag.py:588} INFO - Filling up the DagBag from /home/airflow/.local/lib/python3.12/site-packages/airflow/example_dags/example_skip_dag.py
[2026-09-06T09:24:33.577+0000] {processor.py:925} INFO - DAG(s) 'example_skip_dag' retrieved from /home/airflow/.local/lib/python3.12/site-packages/airflow/example_dags/example_skip_dag.py
[2026-09-06T09:24:33.594+0000] {logging_mixin.py:190} INFO - [2026-09-06T09:24:33.594+0000] {dag.py:3239} INFO - Sync 1 DAGs
[2026-09-06T09:24:33.612+0000] {logging_mixin.py:190} INFO - [2026-09-06T09:24:33.612+0000] {dag.py:4180} INFO - Setting next_dagrun for example_skip_dag to 2026-09-05 00:00:00+00:00, run_after=2026-09-06 00:00:00+00:00
[2026-09-06T09:24:33.630+0000] {processor.py:208} INFO - Processing /home/airflow/.local/lib/python3.12/site-packages/airflow/example_dags/example_skip_dag.py took 0.068 seconds
[2026-09-06T09:25:04.449+0000] {processor.py:186} INFO - Started process (PID=3948) to work on /home/airflow/.local/lib/python3.12/site-packages/airflow/example_dags/example_skip_dag.py
[2026-09-06T09:25:04.451+0000] {processor.py:914} INFO - Processing file /home/airflow/.local/lib/python3.12/site-packages/airflow/example_dags/example_skip_dag.py for tasks to queue
[2026-09-06T09:25:04.454+0000] {logging_mixin.py:190} INFO - [2026-09-06T09:25:04.453+0000] {dagbag.py:588} INFO - Filling up the DagBag from /home/airflow/.local/lib/python3.12/site-packages/airflow/example_dags/example_skip_dag.py
[2026-09-06T09:25:04.462+0000] {processor.py:925} INFO - DAG(s) 'example_skip_dag' retrieved from /home/airflow/.local/lib/python3.12/site-packages/airflow/example_dags/example_skip_dag.py
[2026-09-06T09:25:04.479+0000] {logging_mixin.py:190} INFO - [2026-09-06T09:25:04.478+0000] {dag.py:3239} INFO - Sync 1 DAGs
[2026-09-06T09:25:04.497+0000] {logging_mixin.py:190} INFO - [2026-09-06T09:25:04.497+0000] {dag.py:4180} INFO - Setting next_dagrun for example_skip_dag to 2026-09-05 00:00:00+00:00, run_after=2026-09-06 00:00:00+00:00
[2026-09-06T09:25:04.512+0000] {processor.py:208} INFO - Processing /home/airflow/.local/lib/python3.12/site-packages/airflow/example_dags/example_skip_dag.py took 0.069 seconds
[2026-09-06T09:25:35.799+0000] {processor.py:186} INFO - Started process (PID=4012) to work on /home/airflow/.local/lib/python3.12/site-packages/airflow/example_dags/example_skip_dag.py
[2026-09-06T09:25:35.800+0000] {processor.py:914} INFO - Processing file /home/airflow/.local/lib/python3.12/site-packages/airflow/example_dags/example_skip_dag.py for tasks to queue
[2026-09-06T09:25:35.803+0000] {logging_mixin.py:190} INFO - [2026-09-06T09:25:35.802+0000] {dagbag.py:588} INFO - Filling up the DagBag from /home/airflow/.local/lib/python3.12/site-packages/airflow/example_dags/example_skip_dag.py
[2026-09-06T09:25:35.810+0000] {processor.py:925} INFO - DAG(s) 'example_skip_dag' retrieved from /home/airflow/.local/lib/python3.12/site-packages/airflow/example_dags/example_skip_dag.py
[2026-09-06T09:25:35.832+0000] {logging_mixin.py:190} INFO - [2026-09-06T09:25:35.831+0000] {dag.py:3239} INFO - Sync 1 DAGs
[2026-09-06T09:25:35.856+0000] {logging_mixin.py:190} INFO - [2026-09-06T09:25:35.856+0000] {dag.py:4180} INFO - Setting next_dagrun for example_skip_dag to 2026-09-05 00:00:00+00:00, run_after=2026-09-06 00:00:00+00:00
[2026-09-06T09:25:35.874+0000] {processor.py:208} INFO - Processing /home/airflow/.local/lib/python3.12/site-packages/airflow/example_dags/example_skip_dag.py took 0.079 seconds
[2026-09-06T09:26:06.355+0000] {processor.py:186} INFO - Started process (PID=4076) to work on /home/airflow/.local/lib/python3.12/site-packages/airflow/example_dags/example_skip_dag.py
[2026-09-06T09:26:06.356+0000] {processor.py:914} INFO - Processing file /home/airflow/.local/lib/python3.12/site-packages/airflow/example_dags/example_skip_dag.py for tasks to queue
[2026-09-06T09:26:06.359+0000] {logging_mixin.py:190} INFO - [2026-09-06T09:26:06.359+0000] {dagbag.py:588} INFO - Filling up the DagBag from /home/airflow/.local/lib/python3.12/site-packages/airflow/example_dags/example_skip_dag.py
[2026-09-06T09:26:06.367+0000] {processor.py:925} INFO - DAG(s) 'example_skip_dag' retrieved from /home/airflow/.local/lib/python3.12/site-packages/airflow/example_dags/example_skip_dag.py
[2026-09-06T09:26:06.395+0000] {logging_mixin.py:190} INFO - [2026-09-06T09:26:06.395+0000] {dag.py:3239} INFO - Sync 1 DAGs
[2026-09-06T09:26:06.418+0000] {logging_mixin.py:190} INFO - [2026-09-06T09:26:06.418+0000] {dag.py:4180} INFO - Setting next_dagrun for example_skip_dag to 2026-09-05 00:00:00+00:00, run_after=2026-09-06 00:00:00+00:00
[2026-09-06T09:26:06.435+0000] {processor.py:208} INFO - Processing /home/airflow/.local/lib/python3.12/site-packages/airflow/example_dags/example_skip_dag.py took 0.084 seconds
[2026-09-06T09:26:36.576+0000] {processor.py:186} INFO - Started process (PID=4140) to work on /home/airflow/.local/lib/python3.12/site-packages/airflow/example_dags/example_skip_dag.py
[2026-09-06T09:26:36.577+0000] {processor.py:914} INFO - Processing file /home/airflow/.local/lib/python3.12/site-packages/airflow/example_dags/example_skip_dag.py for tasks to queue
[2026-09-06T09:26:36.584+0000] {logging_mixin.py:190} INFO - [2026-09-06T09:26:36.584+0000] {dagbag.py:588} INFO - Filling up the DagBag from /home/airflow/.local/lib/python3.12/site-packages/airflow/example_dags/example_skip_dag.py
[2026-09-06T09:26:36.595+0000] {processor.py:925} INFO - DAG(s) 'example_skip_dag' retrieved from /home/airflow/.local/lib/python3.12/site-packages/airflow/example_dags/example_skip_dag.py
[2026-09-06T09:26:36.621+0000] {logging_mixin.py:190} INFO - [2026-09-06T09:26:36.621+0000] {dag.py:3239} INFO - Sync 1 DAGs
[2026-09-06T09:26:36.649+0000] {logging_mixin.py:190} INFO - [2026-09-06T09:26:36.648+0000] {dag.py:4180} INFO - Setting next_dagrun for example_skip_dag to 2026-09-05 00:00:00+00:00, run_after=2026-09-06 00:00:00+00:00
[2026-09-06T09:26:36.666+0000] {processor.py:208} INFO - Processing /home/airflow/.local/lib/python3.12/site-packages/airflow/example_dags/example_skip_dag.py took 0.095 seconds
[2026-09-06T09:27:06.949+0000] {processor.py:186} INFO - Started process (PID=4205) to work on /home/airflow/.local/lib/python3.12/site-packages/airflow/example_dags/example_skip_dag.py
[2026-09-06T09:27:06.950+0000] {processor.py:914} INFO - Processing file /home/airflow/.local/lib/python3.12/site-packages/airflow/example_dags/example_skip_dag.py for tasks to queue
[2026-09-06T09:27:06.952+0000] {logging_mixin.py:190} INFO - [2026-09-06T09:27:06.952+0000] {dagbag.py:588} INFO - Filling up the DagBag from /home/airflow/.local/lib/python3.12/site-packages/airflow/example_dags/example_skip_dag.py
[2026-09-06T09:27:06.958+0000] {processor.py:925} INFO - DAG(s) 'example_skip_dag' retrieved from /home/airflow/.local/lib/python3.12/site-packages/airflow/example_dags/example_skip_dag.py
[2026-09-06T09:27:06.976+0000] {logging_mixin.py:190} INFO - [2026-09-06T09:27:06.976+0000] {dag.py:3239} INFO - Sync 1 DAGs
[2026-09-06T09:27:06.992+0000] {logging_mixin.py:190} INFO - [2026-09-06T09:27:06.992+0000] {dag.py:4180} INFO - Setting next_dagrun for example_skip_dag to 2026-09-05 00:00:00+00:00, run_after=2026-09-06 00:00:00+00:00
[2026-09-06T09:27:07.006+0000] {processor.py:208} INFO - Processing /home/airflow/.local/lib/python3.12/site-packages/airflow/example_dags/example_skip_dag.py took 0.062 seconds
[2026-09-06T09:27:37.405+0000] {processor.py:186} INFO - Started process (PID=4269) to work on /home/airflow/.local/lib/python3.12/site-packages/airflow/example_dags/example_skip_dag.py
[2026-09-06T09:27:37.406+0000] {processor.py:914} INFO - Processing file /home/airflow/.local/lib/python3.12/site-packages/airflow/example_dags/example_skip_dag.py for tasks to queue
[2026-09-06T09:27:37.408+0000] {logging_mixin.py:190} INFO - [2026-09-06T09:27:37.408+0000] {dagbag.py:588} INFO - Filling up the DagBag from /home/airflow/.local/lib/python3.12/site-packages/airflow/example_dags/example_skip_dag.py
[2026-09-06T09:27:37.415+0000] {processor.py:925} INFO - DAG(s) 'example_skip_dag' retrieved from /home/airflow/.local/lib/python3.12/site-packages/airflow/example_dags/example_skip_dag.py
[2026-09-06T09:27:37.433+0000] {logging_mixin.py:190} INFO - [2026-09-06T09:27:37.433+0000] {dag.py:3239} INFO - Sync 1 DAGs
[2026-09-06T09:27:37.451+0000] {logging_mixin.py:190} INFO - [2026-09-06T09:27:37.451+0000] {dag.py:4180} INFO - Setting next_dagrun for example_skip_dag to 2026-09-05 00:00:00+00:00, run_after=2026-09-06 00:00:00+00:00
[2026-09-06T09:27:37.467+0000] {processor.py:208} INFO - Processing /home/airflow/.local/lib/python3.12/site-packages/airflow/example_dags/example_skip_dag.py took 0.068 seconds
[2026-09-06T09:28:08.024+0000] {processor.py:186} INFO - Started process (PID=4333) to work on /home/airflow/.local/lib/python3.12/site-packages/airflow/example_dags/example_skip_dag.py
[2026-09-06T09:28:08.025+0000] {processor.py:914} INFO - Processing file /home/airflow/.local/lib/python3.12/site-packages/airflow/example_dags/example_skip_dag.py for tasks to queue
[2026-09-06T09:28:08.029+0000] {logging_mixin.py:190} INFO - [2026-09-06T09:28:08.028+0000] {dagbag.py:588} INFO - Filling up the DagBag from /home/airflow/.local/lib/python3.12/site-packages/airflow/example_dags/example_skip_dag.py
[2026-09-06T09:28:08.041+0000] {processor.py:925} INFO - DAG(s) 'example_skip_dag' retrieved from /home/airflow/.local/lib/python3.12/site-packages/airflow/example_dags/example_skip_dag.py
[2026-09-06T09:28:08.062+0000] {logging_mixin.py:190} INFO - [2026-09-06T09:28:08.061+0000] {dag.py:3239} INFO - Sync 1 DAGs
[2026-09-06T09:28:08.084+0000] {logging_mixin.py:190} INFO - [2026-09-06T09:28:08.084+0000] {dag.py:4180} INFO - Setting next_dagrun for example_skip_dag to 2026-09-05 00:00:00+00:00, run_after=2026-09-06 00:00:00+00:00
[2026-09-06T09:28:08.100+0000] {processor.py:208} INFO - Processing /home/airflow/.local/lib/python3.12/site-packages/airflow/example_dags/example_skip_dag.py took 0.083 seconds
[2026-09-06T09:28:38.496+0000] {processor.py:186} INFO - Started process (PID=4397) to work on /home/airflow/.local/lib/python3.12/site-packages/airflow/example_dags/example_skip_dag.py
[2026-09-06T09:28:38.497+0000] {processor.py:914} INFO - Processing file /home/airflow/.local/lib/python3.12/site-packages/airflow/example_dags/example_skip_dag.py for tasks to queue
[2026-09-06T09:28:38.499+0000] {logging_mixin.py:190} INFO - [2026-09-06T09:28:38.499+0000] {dagbag.py:588} INFO - Filling up the DagBag from /home/airflow/.local/lib/python3.12/site-packages/airflow/example_dags/example_skip_dag.py
[2026-09-06T09:28:38.505+0000] {processor.py:925} INFO - DAG(s) 'example_skip_dag' retrieved from /home/airflow/.local/lib/python3.12/site-packages/airflow/example_dags/example_skip_dag.py
[2026-09-06T09:28:38.521+0000] {logging_mixin.py:190} INFO - [2026-09-06T09:28:38.521+0000] {dag.py:3239} INFO - Sync 1 DAGs
[2026-09-06T09:28:38.538+0000] {logging_mixin.py:190} INFO - [2026-09-06T09:28:38.538+0000] {dag.py:4180} INFO - Setting next_dagrun for example_skip_dag to 2026-09-05 00:00:00+00:00, run_after=2026-09-06 00:00:00+00:00
[2026-09-06T09:28:38.552+0000] {processor.py:208} INFO - Processing /home/airflow/.local/lib/python3.12/site-packages/airflow/example_dags/example_skip_dag.py took 0.061 seconds
[2026-09-06T09:29:08.899+0000] {processor.py:186} INFO - Started process (PID=4461) to work on /home/airflow/.local/lib/python3.12/site-packages/airflow/example_dags/example_skip_dag.py
[2026-09-06T09:29:08.900+0000] {processor.py:914} INFO - Processing file /home/airflow/.local/lib/python3.12/site-packages/airflow/example_dags/example_skip_dag.py for tasks to queue
[2026-09-06T09:29:08.903+0000] {logging_mixin.py:190} INFO - [2026-09-06T09:29:08.902+0000] {dagbag.py:588} INFO - Filling up the DagBag from /home/airflow/.local/lib/python3.12/site-packages/airflow/example_dags/example_skip_dag.py
[2026-09-06T09:29:08.909+0000] {processor.py:925} INFO - DAG(s) 'example_skip_dag' retrieved from /home/airflow/.local/lib/python3.12/site-packages/airflow/example_dags/example_skip_dag.py
[2026-09-06T09:29:08.926+0000] {logging_mixin.py:190} INFO - [2026-09-06T09:29:08.926+0000] {dag.py:3239} INFO - Sync 1 DAGs
[2026-09-06T09:29:08.944+0000] {logging_mixin.py:190} INFO - [2026-09-06T09:29:08.944+0000] {dag.py:4180} INFO - Setting next_dagrun for example_skip_dag to 2026-09-05 00:00:00+00:00, run_after=2026-09-06 00:00:00+00:00
[2026-09-06T09:29:08.958+0000] {processor.py:208} INFO - Processing /home/airflow/.local/lib/python3.12/site-packages/airflow/example_dags/example_skip_dag.py took 0.063 seconds
[2026-09-06T09:29:39.967+0000] {processor.py:186} INFO - Started process (PID=4524) to work on /home/airflow/.local/lib/python3.12/site-packages/airflow/example_dags/example_skip_dag.py
[2026-09-06T09:29:39.968+0000] {processor.py:914} INFO - Processing file /home/airflow/.local/lib/python3.12/site-packages/airflow/example_dags/example_skip_dag.py for tasks to queue
[2026-09-06T09:29:39.970+0000] {logging_mixin.py:190} INFO - [2026-09-06T09:29:39.970+0000] {dagbag.py:588} INFO - Filling up the DagBag from /home/airflow/.local/lib/python3.12/site-packages/airflow/example_dags/example_skip_dag.py
[2026-09-06T09:29:39.977+0000] {processor.py:925} INFO - DAG(s) 'example_skip_dag' retrieved from /home/airflow/.local/lib/python3.12/site-packages/airflow/example_dags/example_skip_dag.py
[2026-09-06T09:29:39.996+0000] {logging_mixin.py:190} INFO - [2026-09-06T09:29:39.996+0000] {dag.py:3239} INFO - Sync 1 DAGs
[2026-09-06T09:29:40.015+0000] {logging_mixin.py:190} INFO - [2026-09-06T09:29:40.014+0000] {dag.py:4180} INFO - Setting next_dagrun for example_skip_dag to 2026-09-05 00:00:00+00:00, run_after=2026-09-06 00:00:00+00:00
[2026-09-06T09:29:40.032+0000] {processor.py:208} INFO - Processing /home/airflow/.local/lib/python3.12/site-packages/airflow/example_dags/example_skip_dag.py took 0.070 seconds
[2026-09-06T09:30:10.164+0000] {processor.py:186} INFO - Started process (PID=4588) to work on /home/airflow/.local/lib/python3.12/site-packages/airflow/example_dags/example_skip_dag.py
[2026-09-06T09:30:10.165+0000] {processor.py:914} INFO - Processing file /home/airflow/.local/lib/python3.12/site-packages/airflow/example_dags/example_skip_dag.py for tasks to queue
[2026-09-06T09:30:10.167+0000] {logging_mixin.py:190} INFO - [2026-09-06T09:30:10.167+0000] {dagbag.py:588} INFO - Filling up the DagBag from /home/airflow/.local/lib/python3.12/site-packages/airflow/example_dags/example_skip_dag.py
[2026-09-06T09:30:10.174+0000] {processor.py:925} INFO - DAG(s) 'example_skip_dag' retrieved from /home/airflow/.local/lib/python3.12/site-packages/airflow/example_dags/example_skip_dag.py
[2026-09-06T09:30:10.190+0000] {logging_mixin.py:190} INFO - [2026-09-06T09:30:10.190+0000] {dag.py:3239} INFO - Sync 1 DAGs
[2026-09-06T09:30:10.206+0000] {logging_mixin.py:190} INFO - [2026-09-06T09:30:10.206+0000] {dag.py:4180} INFO - Setting next_dagrun for example_skip_dag to 2026-09-05 00:00:00+00:00, run_after=2026-09-06 00:00:00+00:00
[2026-09-06T09:30:10.219+0000] {processor.py:208} INFO - Processing /home/airflow/.local/lib/python3.12/site-packages/airflow/example_dags/example_skip_dag.py took 0.060 seconds
[2026-09-06T09:30:41.025+0000] {processor.py:186} INFO - Started process (PID=4652) to work on /home/airflow/.local/lib/python3.12/site-packages/airflow/example_dags/example_skip_dag.py
[2026-09-06T09:30:41.026+0000] {processor.py:914} INFO - Processing file /home/airflow/.local/lib/python3.12/site-packages/airflow/example_dags/example_skip_dag.py for tasks to queue
[2026-09-06T09:30:41.028+0000] {logging_mixin.py:190} INFO - [2026-09-06T09:30:41.028+0000] {dagbag.py:588} INFO - Filling up the DagBag from /home/airflow/.local/lib/python3.12/site-packages/airflow/example_dags/example_skip_dag.py
[2026-09-06T09:30:41.035+0000] {processor.py:925} INFO - DAG(s) 'example_skip_dag' retrieved from /home/airflow/.local/lib/python3.12/site-packages/airflow/example_dags/example_skip_dag.py
[2026-09-06T09:30:41.052+0000] {logging_mixin.py:190} INFO - [2026-09-06T09:30:41.052+0000] {dag.py:3239} INFO - Sync 1 DAGs
[2026-09-06T09:30:41.068+0000] {logging_mixin.py:190} INFO - [2026-09-06T09:30:41.068+0000] {dag.py:4180} INFO - Setting next_dagrun for example_skip_dag to 2026-09-05 00:00:00+00:00, run_after=2026-09-06 00:00:00+00:00
[2026-09-06T09:30:41.086+0000] {processor.py:208} INFO - Processing /home/airflow/.local/lib/python3.12/site-packages/airflow/example_dags/example_skip_dag.py took 0.066 seconds
[2026-09-06T09:31:11.423+0000] {processor.py:186} INFO - Started process (PID=4716) to work on /home/airflow/.local/lib/python3.12/site-packages/airflow/example_dags/example_skip_dag.py
[2026-09-06T09:31:11.424+0000] {processor.py:914} INFO - Processing file /home/airflow/.local/lib/python3.12/site-packages/airflow/example_dags/example_skip_dag.py for tasks to queue
[2026-09-06T09:31:11.426+0000] {logging_mixin.py:190} INFO - [2026-09-06T09:31:11.426+0000] {dagbag.py:588} INFO - Filling up the DagBag from /home/airflow/.local/lib/python3.12/site-packages/airflow/example_dags/example_skip_dag.py
[2026-09-06T09:31:11.433+0000] {processor.py:925} INFO - DAG(s) 'example_skip_dag' retrieved from /home/airflow/.local/lib/python3.12/site-packages/airflow/example_dags/example_skip_dag.py
[2026-09-06T09:31:11.449+0000] {logging_mixin.py:190} INFO - [2026-09-06T09:31:11.449+0000] {dag.py:3239} INFO - Sync 1 DAGs
[2026-09-06T09:31:11.464+0000] {logging_mixin.py:190} INFO - [2026-09-06T09:31:11.464+0000] {dag.py:4180} INFO - Setting next_dagrun for example_skip_dag to 2026-09-05 00:00:00+00:00, run_after=2026-09-06 00:00:00+00:00
[2026-09-06T09:31:11.478+0000] {processor.py:208} INFO - Processing /home/airflow/.local/lib/python3.12/site-packages/airflow/example_dags/example_skip_dag.py took 0.059 seconds
[2026-09-06T09:31:41.754+0000] {processor.py:186} INFO - Started process (PID=4780) to work on /home/airflow/.local/lib/python3.12/site-packages/airflow/example_dags/example_skip_dag.py
[2026-09-06T09:31:41.755+0000] {processor.py:914} INFO - Processing file /home/airflow/.local/lib/python3.12/site-packages/airflow/example_dags/example_skip_dag.py for tasks to queue
[2026-09-06T09:31:41.757+0000] {logging_mixin.py:190} INFO - [2026-09-06T09:31:41.756+0000] {dagbag.py:588} INFO - Filling up the DagBag from /home/airflow/.local/lib/python3.12/site-packages/airflow/example_dags/example_skip_dag.py
[2026-09-06T09:31:41.763+0000] {processor.py:925} INFO - DAG(s) 'example_skip_dag' retrieved from /home/airflow/.local/lib/python3.12/site-packages/airflow/example_dags/example_skip_dag.py
[2026-09-06T09:31:41.781+0000] {logging_mixin.py:190} INFO - [2026-09-06T09:31:41.781+0000] {dag.py:3239} INFO - Sync 1 DAGs
[2026-09-06T09:31:41.799+0000] {logging_mixin.py:190} INFO - [2026-09-06T09:31:41.799+0000] {dag.py:4180} INFO - Setting next_dagrun for example_skip_dag to 2026-09-05 00:00:00+00:00, run_after=2026-09-06 00:00:00+00:00
[2026-09-06T09:31:41.813+0000] {processor.py:208} INFO - Processing /home/airflow/.local/lib/python3.12/site-packages/airflow/example_dags/example_skip_dag.py took 0.064 seconds
[2026-09-06T09:32:12.370+0000] {processor.py:186} INFO - Started process (PID=4844) to work on /home/airflow/.local/lib/python3.12/site-packages/airflow/example_dags/example_skip_dag.py
[2026-09-06T09:32:12.373+0000] {processor.py:914} INFO - Processing file /home/airflow/.local/lib/python3.12/site-packages/airflow/example_dags/example_skip_dag.py for tasks to queue
[2026-09-06T09:32:12.375+0000] {logging_mixin.py:190} INFO - [2026-09-06T09:32:12.375+0000] {dagbag.py:588} INFO - Filling up the DagBag from /home/airflow/.local/lib/python3.12/site-packages/airflow/example_dags/example_skip_dag.py
[2026-09-06T09:32:12.384+0000] {processor.py:925} INFO - DAG(s) 'example_skip_dag' retrieved from /home/airflow/.local/lib/python3.12/site-packages/airflow/example_dags/example_skip_dag.py
[2026-09-06T09:32:12.403+0000] {logging_mixin.py:190} INFO - [2026-09-06T09:32:12.403+0000] {dag.py:3239} INFO - Sync 1 DAGs
[2026-09-06T09:32:12.425+0000] {logging_mixin.py:190} INFO - [2026-09-06T09:32:12.425+0000] {dag.py:4180} INFO - Setting next_dagrun for example_skip_dag to 2026-09-05 00:00:00+00:00, run_after=2026-09-06 00:00:00+00:00
[2026-09-06T09:32:12.445+0000] {processor.py:208} INFO - Processing /home/airflow/.local/lib/python3.12/site-packages/airflow/example_dags/example_skip_dag.py took 0.084 seconds
[2026-09-06T09:32:43.254+0000] {processor.py:186} INFO - Started process (PID=4908) to work on /home/airflow/.local/lib/python3.12/site-packages/airflow/example_dags/example_skip_dag.py
[2026-09-06T09:32:43.255+0000] {processor.py:914} INFO - Processing file /home/airflow/.local/lib/python3.12/site-packages/airflow/example_dags/example_skip_dag.py for tasks to queue
[2026-09-06T09:32:43.258+0000] {logging_mixin.py:190} INFO - [2026-09-06T09:32:43.257+0000] {dagbag.py:588} INFO - Filling up the DagBag from /home/airflow/.local/lib/python3.12/site-packages/airflow/example_dags/example_skip_dag.py
[2026-09-06T09:32:43.265+0000] {processor.py:925} INFO - DAG(s) 'example_skip_dag' retrieved from /home/airflow/.local/lib/python3.12/site-packages/airflow/example_dags/example_skip_dag.py
[2026-09-06T09:32:43.283+0000] {logging_mixin.py:190} INFO - [2026-09-06T09:32:43.283+0000] {dag.py:3239} INFO - Sync 1 DAGs
[2026-09-06T09:32:43.302+0000] {logging_mixin.py:190} INFO - [2026-09-06T09:32:43.302+0000] {dag.py:4180} INFO - Setting next_dagrun for example_skip_dag to 2026-09-05 00:00:00+00:00, run_after=2026-09-06 00:00:00+00:00
[2026-09-06T09:32:43.319+0000] {processor.py:208} INFO - Processing /home/airflow/.local/lib/python3.12/site-packages/airflow/example_dags/example_skip_dag.py took 0.070 seconds
[2026-09-06T09:33:13.842+0000] {processor.py:186} INFO - Started process (PID=4971) to work on /home/airflow/.local/lib/python3.12/site-packages/airflow/example_dags/example_skip_dag.py
[2026-09-06T09:33:13.843+0000] {processor.py:914} INFO - Processing file /home/airflow/.local/lib/python3.12/site-packages/airflow/example_dags/example_skip_dag.py for tasks to queue
[2026-09-06T09:33:13.845+0000] {logging_mixin.py:190} INFO - [2026-09-06T09:33:13.845+0000] {dagbag.py:588} INFO - Filling up the DagBag from /home/airflow/.local/lib/python3.12/site-packages/airflow/example_dags/example_skip_dag.py
[2026-09-06T09:33:13.852+0000] {processor.py:925} INFO - DAG(s) 'example_skip_dag' retrieved from /home/airflow/.local/lib/python3.12/site-packages/airflow/example_dags/example_skip_dag.py
[2026-09-06T09:33:13.869+0000] {logging_mixin.py:190} INFO - [2026-09-06T09:33:13.869+0000] {dag.py:3239} INFO - Sync 1 DAGs
[2026-09-06T09:33:13.887+0000] {logging_mixin.py:190} INFO - [2026-09-06T09:33:13.887+0000] {dag.py:4180} INFO - Setting next_dagrun for example_skip_dag to 2026-09-05 00:00:00+00:00, run_after=2026-09-06 00:00:00+00:00
[2026-09-06T09:33:13.902+0000] {processor.py:208} INFO - Processing /home/airflow/.local/lib/python3.12/site-packages/airflow/example_dags/example_skip_dag.py took 0.065 seconds
[2026-09-06T09:33:44.700+0000] {processor.py:186} INFO - Started process (PID=5035) to work on /home/airflow/.local/lib/python3.12/site-packages/airflow/example_dags/example_skip_dag.py
[2026-09-06T09:33:44.701+0000] {processor.py:914} INFO - Processing file /home/airflow/.local/lib/python3.12/site-packages/airflow/example_dags/example_skip_dag.py for tasks to queue
[2026-09-06T09:33:44.703+0000] {logging_mixin.py:190} INFO - [2026-09-06T09:33:44.703+0000] {dagbag.py:588} INFO - Filling up the DagBag from /home/airflow/.local/lib/python3.12/site-packages/airflow/example_dags/example_skip_dag.py
[2026-09-06T09:33:44.711+0000] {processor.py:925} INFO - DAG(s) 'example_skip_dag' retrieved from /home/airflow/.local/lib/python3.12/site-packages/airflow/example_dags/example_skip_dag.py
[2026-09-06T09:33:44.738+0000] {logging_mixin.py:190} INFO - [2026-09-06T09:33:44.738+0000] {dag.py:3239} INFO - Sync 1 DAGs
[2026-09-06T09:33:44.771+0000] {logging_mixin.py:190} INFO - [2026-09-06T09:33:44.770+0000] {dag.py:4180} INFO - Setting next_dagrun for example_skip_dag to 2026-09-05 00:00:00+00:00, run_after=2026-09-06 00:00:00+00:00
[2026-09-06T09:33:44.797+0000] {processor.py:208} INFO - Processing /home/airflow/.local/lib/python3.12/site-packages/airflow/example_dags/example_skip_dag.py took 0.104 seconds
[2026-09-06T09:34:14.918+0000] {processor.py:186} INFO - Started process (PID=5099) to work on /home/airflow/.local/lib/python3.12/site-packages/airflow/example_dags/example_skip_dag.py
[2026-09-06T09:34:14.919+0000] {processor.py:914} INFO - Processing file /home/airflow/.local/lib/python3.12/site-packages/airflow/example_dags/example_skip_dag.py for tasks to queue
[2026-09-06T09:34:14.921+0000] {logging_mixin.py:190} INFO - [2026-09-06T09:34:14.920+0000] {dagbag.py:588} INFO - Filling up the DagBag from /home/airflow/.local/lib/python3.12/site-packages/airflow/example_dags/example_skip_dag.py
[2026-09-06T09:34:14.928+0000] {processor.py:925} INFO - DAG(s) 'example_skip_dag' retrieved from /home/airflow/.local/lib/python3.12/site-packages/airflow/example_dags/example_skip_dag.py
[2026-09-06T09:34:14.945+0000] {logging_mixin.py:190} INFO - [2026-09-06T09:34:14.945+0000] {dag.py:3239} INFO - Sync 1 DAGs
[2026-09-06T09:34:14.964+0000] {logging_mixin.py:190} INFO - [2026-09-06T09:34:14.964+0000] {dag.py:4180} INFO - Setting next_dagrun for example_skip_dag to 2026-09-05 00:00:00+00:00, run_after=2026-09-06 00:00:00+00:00
[2026-09-06T09:34:14.980+0000] {processor.py:208} INFO - Processing /home/airflow/.local/lib/python3.12/site-packages/airflow/example_dags/example_skip_dag.py took 0.067 seconds
[2026-09-06T09:34:45.661+0000] {processor.py:186} INFO - Started process (PID=5163) to work on /home/airflow/.local/lib/python3.12/site-packages/airflow/example_dags/example_skip_dag.py
[2026-09-06T09:34:45.662+0000] {processor.py:914} INFO - Processing file /home/airflow/.local/lib/python3.12/site-packages/airflow/example_dags/example_skip_dag.py for tasks to queue
[2026-09-06T09:34:45.664+0000] {logging_mixin.py:190} INFO - [2026-09-06T09:34:45.664+0000] {dagbag.py:588} INFO - Filling up the DagBag from /home/airflow/.local/lib/python3.12/site-packages/airflow/example_dags/example_skip_dag.py
[2026-09-06T09:34:45.671+0000] {processor.py:925} INFO - DAG(s) 'example_skip_dag' retrieved from /home/airflow/.local/lib/python3.12/site-packages/airflow/example_dags/example_skip_dag.py
[2026-09-06T09:34:45.688+0000] {logging_mixin.py:190} INFO - [2026-09-06T09:34:45.687+0000] {dag.py:3239} INFO - Sync 1 DAGs
[2026-09-06T09:34:45.717+0000] {logging_mixin.py:190} INFO - [2026-09-06T09:34:45.717+0000] {dag.py:4180} INFO - Setting next_dagrun for example_skip_dag to 2026-09-05 00:00:00+00:00, run_after=2026-09-06 00:00:00+00:00
[2026-09-06T09:34:45.734+0000] {processor.py:208} INFO - Processing /home/airflow/.local/lib/python3.12/site-packages/airflow/example_dags/example_skip_dag.py took 0.079 seconds
[2026-09-06T09:35:15.956+0000] {processor.py:186} INFO - Started process (PID=5227) to work on /home/airflow/.local/lib/python3.12/site-packages/airflow/example_dags/example_skip_dag.py
[2026-09-06T09:35:15.957+0000] {processor.py:914} INFO - Processing file /home/airflow/.local/lib/python3.12/site-packages/airflow/example_dags/example_skip_dag.py for tasks to queue
[2026-09-06T09:35:15.959+0000] {logging_mixin.py:190} INFO - [2026-09-06T09:35:15.959+0000] {dagbag.py:588} INFO - Filling up the DagBag from /home/airflow/.local/lib/python3.12/site-packages/airflow/example_dags/example_skip_dag.py
[2026-09-06T09:35:15.967+0000] {processor.py:925} INFO - DAG(s) 'example_skip_dag' retrieved from /home/airflow/.local/lib/python3.12/site-packages/airflow/example_dags/example_skip_dag.py
[2026-09-06T09:35:15.987+0000] {logging_mixin.py:190} INFO - [2026-09-06T09:35:15.987+0000] {dag.py:3239} INFO - Sync 1 DAGs
[2026-09-06T09:35:16.014+0000] {logging_mixin.py:190} INFO - [2026-09-06T09:35:16.013+0000] {dag.py:4180} INFO - Setting next_dagrun for example_skip_dag to 2026-09-05 00:00:00+00:00, run_after=2026-09-06 00:00:00+00:00
[2026-09-06T09:35:16.035+0000] {processor.py:208} INFO - Processing /home/airflow/.local/lib/python3.12/site-packages/airflow/example_dags/example_skip_dag.py took 0.086 seconds
[2026-09-06T09:35:46.362+0000] {processor.py:186} INFO - Started process (PID=5291) to work on /home/airflow/.local/lib/python3.12/site-packages/airflow/example_dags/example_skip_dag.py
[2026-09-06T09:35:46.363+0000] {processor.py:914} INFO - Processing file /home/airflow/.local/lib/python3.12/site-packages/airflow/example_dags/example_skip_dag.py for tasks to queue
[2026-09-06T09:35:46.366+0000] {logging_mixin.py:190} INFO - [2026-09-06T09:35:46.365+0000] {dagbag.py:588} INFO - Filling up the DagBag from /home/airflow/.local/lib/python3.12/site-packages/airflow/example_dags/example_skip_dag.py
[2026-09-06T09:35:46.372+0000] {processor.py:925} INFO - DAG(s) 'example_skip_dag' retrieved from /home/airflow/.local/lib/python3.12/site-packages/airflow/example_dags/example_skip_dag.py
[2026-09-06T09:35:46.388+0000] {logging_mixin.py:190} INFO - [2026-09-06T09:35:46.388+0000] {dag.py:3239} INFO - Sync 1 DAGs
[2026-09-06T09:35:46.406+0000] {logging_mixin.py:190} INFO - [2026-09-06T09:35:46.406+0000] {dag.py:4180} INFO - Setting next_dagrun for example_skip_dag to 2026-09-05 00:00:00+00:00, run_after=2026-09-06 00:00:00+00:00
[2026-09-06T09:35:46.420+0000] {processor.py:208} INFO - Processing /home/airflow/.local/lib/python3.12/site-packages/airflow/example_dags/example_skip_dag.py took 0.062 seconds
[2026-09-06T09:36:16.955+0000] {processor.py:186} INFO - Started process (PID=5355) to work on /home/airflow/.local/lib/python3.12/site-packages/airflow/example_dags/example_skip_dag.py
[2026-09-06T09:36:16.956+0000] {processor.py:914} INFO - Processing file /home/airflow/.local/lib/python3.12/site-packages/airflow/example_dags/example_skip_dag.py for tasks to queue
[2026-09-06T09:36:16.958+0000] {logging_mixin.py:190} INFO - [2026-09-06T09:36:16.958+0000] {dagbag.py:588} INFO - Filling up the DagBag from /home/airflow/.local/lib/python3.12/site-packages/airflow/example_dags/example_skip_dag.py
[2026-09-06T09:36:16.965+0000] {processor.py:925} INFO - DAG(s) 'example_skip_dag' retrieved from /home/airflow/.local/lib/python3.12/site-packages/airflow/example_dags/example_skip_dag.py
[2026-09-06T09:36:16.979+0000] {logging_mixin.py:190} INFO - [2026-09-06T09:36:16.979+0000] {dag.py:3239} INFO - Sync 1 DAGs
[2026-09-06T09:36:16.994+0000] {logging_mixin.py:190} INFO - [2026-09-06T09:36:16.994+0000] {dag.py:4180} INFO - Setting next_dagrun for example_skip_dag to 2026-09-05 00:00:00+00:00, run_after=2026-09-06 00:00:00+00:00
[2026-09-06T09:36:17.007+0000] {processor.py:208} INFO - Processing /home/airflow/.local/lib/python3.12/site-packages/airflow/example_dags/example_skip_dag.py took 0.056 seconds
[2026-09-06T09:36:47.177+0000] {processor.py:186} INFO - Started process (PID=5419) to work on /home/airflow/.local/lib/python3.12/site-packages/airflow/example_dags/example_skip_dag.py
[2026-09-06T09:36:47.178+0000] {processor.py:914} INFO - Processing file /home/airflow/.local/lib/python3.12/site-packages/airflow/example_dags/example_skip_dag.py for tasks to queue
[2026-09-06T09:36:47.180+0000] {logging_mixin.py:190} INFO - [2026-09-06T09:36:47.180+0000] {dagbag.py:588} INFO - Filling up the DagBag from /home/airflow/.local/lib/python3.12/site-packages/airflow/example_dags/example_skip_dag.py
[2026-09-06T09:36:47.186+0000] {processor.py:925} INFO - DAG(s) 'example_skip_dag' retrieved from /home/airflow/.local/lib/python3.12/site-packages/airflow/example_dags/example_skip_dag.py
[2026-09-06T09:36:47.202+0000] {logging_mixin.py:190} INFO - [2026-09-06T09:36:47.202+0000] {dag.py:3239} INFO - Sync 1 DAGs
[2026-09-06T09:36:47.218+0000] {logging_mixin.py:190} INFO - [2026-09-06T09:36:47.217+0000] {dag.py:4180} INFO - Setting next_dagrun for example_skip_dag to 2026-09-05 00:00:00+00:00, run_after=2026-09-06 00:00:00+00:00
[2026-09-06T09:36:47.231+0000] {processor.py:208} INFO - Processing /home/airflow/.local/lib/python3.12/site-packages/airflow/example_dags/example_skip_dag.py took 0.058 seconds
[2026-09-06T09:37:18.117+0000] {processor.py:186} INFO - Started process (PID=5483) to work on /home/airflow/.local/lib/python3.12/site-packages/airflow/example_dags/example_skip_dag.py
[2026-09-06T09:37:18.117+0000] {processor.py:914} INFO - Processing file /home/airflow/.local/lib/python3.12/site-packages/airflow/example_dags/example_skip_dag.py for tasks to queue
[2026-09-06T09:37:18.119+0000] {logging_mixin.py:190} INFO - [2026-09-06T09:37:18.119+0000] {dagbag.py:588} INFO - Filling up the DagBag from /home/airflow/.local/lib/python3.12/site-packages/airflow/example_dags/example_skip_dag.py
[2026-09-06T09:37:18.126+0000] {processor.py:925} INFO - DAG(s) 'example_skip_dag' retrieved from /home/airflow/.local/lib/python3.12/site-packages/airflow/example_dags/example_skip_dag.py
[2026-09-06T09:37:18.142+0000] {logging_mixin.py:190} INFO - [2026-09-06T09:37:18.142+0000] {dag.py:3239} INFO - Sync 1 DAGs
[2026-09-06T09:37:18.158+0000] {logging_mixin.py:190} INFO - [2026-09-06T09:37:18.158+0000] {dag.py:4180} INFO - Setting next_dagrun for example_skip_dag to 2026-09-05 00:00:00+00:00, run_after=2026-09-06 00:00:00+00:00
[2026-09-06T09:37:18.172+0000] {processor.py:208} INFO - Processing /home/airflow/.local/lib/python3.12/site-packages/airflow/example_dags/example_skip_dag.py took 0.060 seconds
[2026-09-06T09:37:48.316+0000] {processor.py:186} INFO - Started process (PID=5547) to work on /home/airflow/.local/lib/python3.12/site-packages/airflow/example_dags/example_skip_dag.py
[2026-09-06T09:37:48.317+0000] {processor.py:914} INFO - Processing file /home/airflow/.local/lib/python3.12/site-packages/airflow/example_dags/example_skip_dag.py for tasks to queue
[2026-09-06T09:37:48.319+0000] {logging_mixin.py:190} INFO - [2026-09-06T09:37:48.319+0000] {dagbag.py:588} INFO - Filling up the DagBag from /home/airflow/.local/lib/python3.12/site-packages/airflow/example_dags/example_skip_dag.py
[2026-09-06T09:37:48.326+0000] {processor.py:925} INFO - DAG(s) 'example_skip_dag' retrieved from /home/airflow/.local/lib/python3.12/site-packages/airflow/example_dags/example_skip_dag.py
[2026-09-06T09:37:48.341+0000] {logging_mixin.py:190} INFO - [2026-09-06T09:37:48.341+0000] {dag.py:3239} INFO - Sync 1 DAGs
[2026-09-06T09:37:48.356+0000] {logging_mixin.py:190} INFO - [2026-09-06T09:37:48.356+0000] {dag.py:4180} INFO - Setting next_dagrun for example_skip_dag to 2026-09-05 00:00:00+00:00, run_after=2026-09-06 00:00:00+00:00
[2026-09-06T09:37:48.369+0000] {processor.py:208} INFO - Processing /home/airflow/.local/lib/python3.12/site-packages/airflow/example_dags/example_skip_dag.py took 0.057 seconds
[2026-09-06T09:38:18.674+0000] {processor.py:186} INFO - Started process (PID=5611) to work on /home/airflow/.local/lib/python3.12/site-packages/airflow/example_dags/example_skip_dag.py
[2026-09-06T09:38:18.676+0000] {processor.py:914} INFO - Processing file /home/airflow/.local/lib/python3.12/site-packages/airflow/example_dags/example_skip_dag.py for tasks to queue
[2026-09-06T09:38:18.678+0000] {logging_mixin.py:190} INFO - [2026-09-06T09:38:18.678+0000] {dagbag.py:588} INFO - Filling up the DagBag from /home/airflow/.local/lib/python3.12/site-packages/airflow/example_dags/example_skip_dag.py
[2026-09-06T09:38:18.689+0000] {processor.py:925} INFO - DAG(s) 'example_skip_dag' retrieved from /home/airflow/.local/lib/python3.12/site-packages/airflow/example_dags/example_skip_dag.py
[2026-09-06T09:38:18.711+0000] {logging_mixin.py:190} INFO - [2026-09-06T09:38:18.710+0000] {dag.py:3239} INFO - Sync 1 DAGs
[2026-09-06T09:38:18.735+0000] {logging_mixin.py:190} INFO - [2026-09-06T09:38:18.735+0000] {dag.py:4180} INFO - Setting next_dagrun for example_skip_dag to 2026-09-05 00:00:00+00:00, run_after=2026-09-06 00:00:00+00:00
[2026-09-06T09:38:18.754+0000] {processor.py:208} INFO - Processing /home/airflow/.local/lib/python3.12/site-packages/airflow/example_dags/example_skip_dag.py took 0.088 seconds
[2026-09-06T09:38:49.266+0000] {processor.py:186} INFO - Started process (PID=5675) to work on /home/airflow/.local/lib/python3.12/site-packages/airflow/example_dags/example_skip_dag.py
[2026-09-06T09:38:49.267+0000] {processor.py:914} INFO - Processing file /home/airflow/.local/lib/python3.12/site-packages/airflow/example_dags/example_skip_dag.py for tasks to queue
[2026-09-06T09:38:49.269+0000] {logging_mixin.py:190} INFO - [2026-09-06T09:38:49.269+0000] {dagbag.py:588} INFO - Filling up the DagBag from /home/airflow/.local/lib/python3.12/site-packages/airflow/example_dags/example_skip_dag.py
[2026-09-06T09:38:49.275+0000] {processor.py:925} INFO - DAG(s) 'example_skip_dag' retrieved from /home/airflow/.local/lib/python3.12/site-packages/airflow/example_dags/example_skip_dag.py
[2026-09-06T09:38:49.291+0000] {logging_mixin.py:190} INFO - [2026-09-06T09:38:49.291+0000] {dag.py:3239} INFO - Sync 1 DAGs
[2026-09-06T09:38:49.307+0000] {logging_mixin.py:190} INFO - [2026-09-06T09:38:49.307+0000] {dag.py:4180} INFO - Setting next_dagrun for example_skip_dag to 2026-09-05 00:00:00+00:00, run_after=2026-09-06 00:00:00+00:00
[2026-09-06T09:38:49.322+0000] {processor.py:208} INFO - Processing /home/airflow/.local/lib/python3.12/site-packages/airflow/example_dags/example_skip_dag.py took 0.060 seconds
[2026-09-06T09:39:20.040+0000] {processor.py:186} INFO - Started process (PID=5739) to work on /home/airflow/.local/lib/python3.12/site-packages/airflow/example_dags/example_skip_dag.py
[2026-09-06T09:39:20.041+0000] {processor.py:914} INFO - Processing file /home/airflow/.local/lib/python3.12/site-packages/airflow/example_dags/example_skip_dag.py for tasks to queue
[2026-09-06T09:39:20.043+0000] {logging_mixin.py:190} INFO - [2026-09-06T09:39:20.043+0000] {dagbag.py:588} INFO - Filling up the DagBag from /home/airflow/.local/lib/python3.12/site-packages/airflow/example_dags/example_skip_dag.py
[2026-09-06T09:39:20.049+0000] {processor.py:925} INFO - DAG(s) 'example_skip_dag' retrieved from /home/airflow/.local/lib/python3.12/site-packages/airflow/example_dags/example_skip_dag.py
[2026-09-06T09:39:20.064+0000] {logging_mixin.py:190} INFO - [2026-09-06T09:39:20.063+0000] {dag.py:3239} INFO - Sync 1 DAGs
[2026-09-06T09:39:20.079+0000] {logging_mixin.py:190} INFO - [2026-09-06T09:39:20.079+0000] {dag.py:4180} INFO - Setting next_dagrun for example_skip_dag to 2026-09-05 00:00:00+00:00, run_after=2026-09-06 00:00:00+00:00
[2026-09-06T09:39:20.091+0000] {processor.py:208} INFO - Processing /home/airflow/.local/lib/python3.12/site-packages/airflow/example_dags/example_skip_dag.py took 0.056 seconds
[2026-09-06T09:39:50.289+0000] {processor.py:186} INFO - Started process (PID=5803) to work on /home/airflow/.local/lib/python3.12/site-packages/airflow/example_dags/example_skip_dag.py
[2026-09-06T09:39:50.290+0000] {processor.py:914} INFO - Processing file /home/airflow/.local/lib/python3.12/site-packages/airflow/example_dags/example_skip_dag.py for tasks to queue
[2026-09-06T09:39:50.292+0000] {logging_mixin.py:190} INFO - [2026-09-06T09:39:50.292+0000] {dagbag.py:588} INFO - Filling up the DagBag from /home/airflow/.local/lib/python3.12/site-packages/airflow/example_dags/example_skip_dag.py
[2026-09-06T09:39:50.299+0000] {processor.py:925} INFO - DAG(s) 'example_skip_dag' retrieved from /home/airflow/.local/lib/python3.12/site-packages/airflow/example_dags/example_skip_dag.py
[2026-09-06T09:39:50.316+0000] {logging_mixin.py:190} INFO - [2026-09-06T09:39:50.316+0000] {dag.py:3239} INFO - Sync 1 DAGs
[2026-09-06T09:39:50.333+0000] {logging_mixin.py:190} INFO - [2026-09-06T09:39:50.332+0000] {dag.py:4180} INFO - Setting next_dagrun for example_skip_dag to 2026-09-05 00:00:00+00:00, run_after=2026-09-06 00:00:00+00:00
[2026-09-06T09:39:50.346+0000] {processor.py:208} INFO - Processing /home/airflow/.local/lib/python3.12/site-packages/airflow/example_dags/example_skip_dag.py took 0.061 seconds
[2026-09-06T09:40:20.700+0000] {processor.py:186} INFO - Started process (PID=5867) to work on /home/airflow/.local/lib/python3.12/site-packages/airflow/example_dags/example_skip_dag.py
[2026-09-06T09:40:20.702+0000] {processor.py:914} INFO - Processing file /home/airflow/.local/lib/python3.12/site-packages/airflow/example_dags/example_skip_dag.py for tasks to queue
[2026-09-06T09:40:20.704+0000] {logging_mixin.py:190} INFO - [2026-09-06T09:40:20.704+0000] {dagbag.py:588} INFO - Filling up the DagBag from /home/airflow/.local/lib/python3.12/site-packages/airflow/example_dags/example_skip_dag.py
[2026-09-06T09:40:20.712+0000] {processor.py:925} INFO - DAG(s) 'example_skip_dag' retrieved from /home/airflow/.local/lib/python3.12/site-packages/airflow/example_dags/example_skip_dag.py
[2026-09-06T09:40:20.729+0000] {logging_mixin.py:190} INFO - [2026-09-06T09:40:20.729+0000] {dag.py:3239} INFO - Sync 1 DAGs
[2026-09-06T09:40:20.748+0000] {logging_mixin.py:190} INFO - [2026-09-06T09:40:20.748+0000] {dag.py:4180} INFO - Setting next_dagrun for example_skip_dag to 2026-09-05 00:00:00+00:00, run_after=2026-09-06 00:00:00+00:00
[2026-09-06T09:40:20.765+0000] {processor.py:208} INFO - Processing /home/airflow/.local/lib/python3.12/site-packages/airflow/example_dags/example_skip_dag.py took 0.070 seconds
[2026-09-06T09:40:50.817+0000] {processor.py:186} INFO - Started process (PID=5931) to work on /home/airflow/.local/lib/python3.12/site-packages/airflow/example_dags/example_skip_dag.py
[2026-09-06T09:40:50.818+0000] {processor.py:914} INFO - Processing file /home/airflow/.local/lib/python3.12/site-packages/airflow/example_dags/example_skip_dag.py for tasks to queue
[2026-09-06T09:40:50.820+0000] {logging_mixin.py:190} INFO - [2026-09-06T09:40:50.820+0000] {dagbag.py:588} INFO - Filling up the DagBag from /home/airflow/.local/lib/python3.12/site-packages/airflow/example_dags/example_skip_dag.py
[2026-09-06T09:40:50.827+0000] {processor.py:925} INFO - DAG(s) 'example_skip_dag' retrieved from /home/airflow/.local/lib/python3.12/site-packages/airflow/example_dags/example_skip_dag.py
[2026-09-06T09:40:50.847+0000] {logging_mixin.py:190} INFO - [2026-09-06T09:40:50.847+0000] {dag.py:3239} INFO - Sync 1 DAGs
[2026-09-06T09:40:50.867+0000] {logging_mixin.py:190} INFO - [2026-09-06T09:40:50.867+0000] {dag.py:4180} INFO - Setting next_dagrun for example_skip_dag to 2026-09-05 00:00:00+00:00, run_after=2026-09-06 00:00:00+00:00
[2026-09-06T09:40:50.885+0000] {processor.py:208} INFO - Processing /home/airflow/.local/lib/python3.12/site-packages/airflow/example_dags/example_skip_dag.py took 0.072 seconds
[2026-09-06T09:41:21.265+0000] {processor.py:186} INFO - Started process (PID=5995) to work on /home/airflow/.local/lib/python3.12/site-packages/airflow/example_dags/example_skip_dag.py
[2026-09-06T09:41:21.266+0000] {processor.py:914} INFO - Processing file /home/airflow/.local/lib/python3.12/site-packages/airflow/example_dags/example_skip_dag.py for tasks to queue
[2026-09-06T09:41:21.268+0000] {logging_mixin.py:190} INFO - [2026-09-06T09:41:21.268+0000] {dagbag.py:588} INFO - Filling up the DagBag from /home/airflow/.local/lib/python3.12/site-packages/airflow/example_dags/example_skip_dag.py
[2026-09-06T09:41:21.275+0000] {processor.py:925} INFO - DAG(s) 'example_skip_dag' retrieved from /home/airflow/.local/lib/python3.12/site-packages/airflow/example_dags/example_skip_dag.py
[2026-09-06T09:41:21.294+0000] {logging_mixin.py:190} INFO - [2026-09-06T09:41:21.293+0000] {dag.py:3239} INFO - Sync 1 DAGs
[2026-09-06T09:41:21.312+0000] {logging_mixin.py:190} INFO - [2026-09-06T09:41:21.312+0000] {dag.py:4180} INFO - Setting next_dagrun for example_skip_dag to 2026-09-05 00:00:00+00:00, run_after=2026-09-06 00:00:00+00:00
[2026-09-06T09:41:21.328+0000] {processor.py:208} INFO - Processing /home/airflow/.local/lib/python3.12/site-packages/airflow/example_dags/example_skip_dag.py took 0.068 seconds
[2026-09-06T09:41:51.975+0000] {processor.py:186} INFO - Started process (PID=6059) to work on /home/airflow/.local/lib/python3.12/site-packages/airflow/example_dags/example_skip_dag.py
[2026-09-06T09:41:51.976+0000] {processor.py:914} INFO - Processing file /home/airflow/.local/lib/python3.12/site-packages/airflow/example_dags/example_skip_dag.py for tasks to queue
[2026-09-06T09:41:51.978+0000] {logging_mixin.py:190} INFO - [2026-09-06T09:41:51.978+0000] {dagbag.py:588} INFO - Filling up the DagBag from /home/airflow/.local/lib/python3.12/site-packages/airflow/example_dags/example_skip_dag.py
[2026-09-06T09:41:51.984+0000] {processor.py:925} INFO - DAG(s) 'example_skip_dag' retrieved from /home/airflow/.local/lib/python3.12/site-packages/airflow/example_dags/example_skip_dag.py
[2026-09-06T09:41:52.000+0000] {logging_mixin.py:190} INFO - [2026-09-06T09:41:51.999+0000] {dag.py:3239} INFO - Sync 1 DAGs
[2026-09-06T09:41:52.015+0000] {logging_mixin.py:190} INFO - [2026-09-06T09:41:52.015+0000] {dag.py:4180} INFO - Setting next_dagrun for example_skip_dag to 2026-09-05 00:00:00+00:00, run_after=2026-09-06 00:00:00+00:00
[2026-09-06T09:41:52.028+0000] {processor.py:208} INFO - Processing /home/airflow/.local/lib/python3.12/site-packages/airflow/example_dags/example_skip_dag.py took 0.057 seconds
