[2026-09-06T08:53:56.523+0000] {processor.py:186} INFO - Started process (PID=68) to work on /home/airflow/.local/lib/python3.12/site-packages/airflow/example_dags/example_bash_decorator.py
[2026-09-06T08:53:56.525+0000] {processor.py:914} INFO - Processing file /home/airflow/.local/lib/python3.12/site-packages/airflow/example_dags/example_bash_decorator.py for tasks to queue
[2026-09-06T08:53:56.529+0000] {logging_mixin.py:190} INFO - [2026-09-06T08:53:56.528+0000] {dagbag.py:588} INFO - Filling up the DagBag from /home/airflow/.local/lib/python3.12/site-packages/airflow/example_dags/example_bash_decorator.py
[2026-09-06T08:53:56.551+0000] {processor.py:925} INFO - DAG(s) 'example_bash_decorator' retrieved from /home/airflow/.local/lib/python3.12/site-packages/airflow/example_dags/example_bash_decorator.py
[2026-09-06T08:53:56.663+0000] {logging_mixin.py:190} INFO - [2026-09-06T08:53:56.662+0000] {override.py:1911} INFO - Created Permission View: can edit on DAG:example_bash_decorator
[2026-09-06T08:53:56.676+0000] {logging_mixin.py:190} INFO - [2026-09-06T08:53:56.676+0000] {override.py:1911} INFO - Created Permission View: can delete on DAG:example_bash_decorator
[2026-09-06T08:53:56.685+0000] {logging_mixin.py:190} INFO - [2026-09-06T08:53:56.684+0000] {override.py:1911} INFO - Created Permission View: can read on DAG:example_bash_decorator
[2026-09-06T08:53:56.697+0000] {logging_mixin.py:190} INFO - [2026-09-06T08:53:56.696+0000] {override.py:1911} INFO - Created Permission View: can create on DAG Run:example_bash_decorator
[2026-09-06T08:53:56.706+0000] {logging_mixin.py:190} INFO - [2026-09-06T08:53:56.705+0000] {override.py:1911} INFO - Created Permission View: can delete on DAG Run:example_bash_decorator
[2026-09-06T08:53:56.715+0000] {logging_mixin.py:190} INFO - [2026-09-06T08:53:56.714+0000] {override.py:1911} INFO - Created Permission View: can read on DAG Run:example_bash_decorator
[2026-09-06T08:53:56.723+0000] {logging_mixin.py:190} INFO - [2026-09-06T08:53:56.723+0000] {override.py:1911} INFO - Created Permission View: menu access on DAG Run:example_bash_decorator
[2026-09-06T08:53:56.724+0000] {logging_mixin.py:190} INFO - [2026-09-06T08:53:56.724+0000] {dag.py:3239} INFO - Sync 1 DAGs
[2026-09-06T08:53:56.738+0000] {logging_mixin.py:190} INFO - [2026-09-06T08:53:56.738+0000] {dag.py:3262} INFO - Creating ORM DAG for example_bash_decorator
[2026-09-06T08:53:56.739+0000] {logging_mixin.py:190} INFO - [2026-09-06T08:53:56.739+0000] {dag.py:4180} INFO - Setting next_dagrun for example_bash_decorator to None, run_after=None
[2026-09-06T08:53:56.756+0000] {processor.py:208} INFO - Processing /home/airflow/.local/lib/python3.12/site-packages/airflow/example_dags/example_bash_decorator.py took 0.240 seconds
[2026-09-06T08:54:27.223+0000] {processor.py:186} INFO - Started process (PID=131) to work on /home/airflow/.local/lib/python3.12/site-packages/airflow/example_dags/example_bash_decorator.py
[2026-09-06T08:54:27.225+0000] {processor.py:914} INFO - Processing file /home/airflow/.local/lib/python3.12/site-packages/airflow/example_dags/example_bash_decorator.py for tasks to queue
[2026-09-06T08:54:27.228+0000] {logging_mixin.py:190} INFO - [2026-09-06T08:54:27.227+0000] {dagbag.py:588} INFO - Filling up the DagBag from /home/airflow/.local/lib/python3.12/site-packages/airflow/example_dags/example_bash_decorator.py
[2026-09-06T08:54:27.245+0000] {processor.py:925} INFO - DAG(s) 'example_bash_decorator' retrieved from /home/airflow/.local/lib/python3.12/site-packages/airflow/example_dags/example_bash_decorator.py
[2026-09-06T08:54:27.270+0000] {logging_mixin.py:190} INFO - [2026-09-06T08:54:27.269+0000] {dag.py:3239} INFO - Sync 1 DAGs
[2026-09-06T08:54:27.283+0000] {logging_mixin.py:190} INFO - [2026-09-06T08:54:27.283+0000] {dag.py:4180} INFO - Setting next_dagrun for example_bash_decorator to None, run_after=None
[2026-09-06T08:54:27.298+0000] {processor.py:208} INFO - Processing /home/airflow/.local/lib/python3.12/site-packages/airflow/example_dags/example_bash_decorator.py took 0.085 seconds
[2026-09-06T08:54:58.255+0000] {processor.py:186} INFO - Started process (PID=200) to work on /home/airflow/.local/lib/python3.12/site-packages/airflow/example_dags/example_bash_decorator.py
[2026-09-06T08:54:58.256+0000] {processor.py:914} INFO - Processing file /home/airflow/.local/lib/python3.12/site-packages/airflow/example_dags/example_bash_decorator.py for tasks to queue
[2026-09-06T08:54:58.258+0000] {logging_mixin.py:190} INFO - [2026-09-06T08:54:58.258+0000] {dagbag.py:588} INFO - Filling up the DagBag from /home/airflow/.local/lib/python3.12/site-packages/airflow/example_dags/example_bash_decorator.py
[2026-09-06T08:54:58.270+0000] {processor.py:925} INFO - DAG(s) 'example_bash_decorator' retrieved from /home/airflow/.local/lib/python3.12/site-packages/airflow/example_dags/example_bash_decorator.py
[2026-09-06T08:54:58.288+0000] {logging_mixin.py:190} INFO - [2026-09-06T08:54:58.288+0000] {dag.py:3239} INFO - Sync 1 DAGs
[2026-09-06T08:54:58.300+0000] {logging_mixin.py:190} INFO - [2026-09-06T08:54:58.300+0000] {dag.py:4180} INFO - Setting next_dagrun for example_bash_decorator to None, run_after=None
[2026-09-06T08:54:58.315+0000] {processor.py:208} INFO - Processing /home/airflow/.local/lib/python3.12/site-packages/airflow/example_dags/example_bash_decorator.py took 0.065 seconds
[2026-09-06T08:55:28.972+0000] {processor.py:186} INFO - Started process (PID=263) to work on /home/airflow/.local/lib/python3.12/site-packages/airflow/example_dags/example_bash_decorator.py
[2026-09-06T08:55:28.973+0000] {processor.py:914} INFO - Processing file /home/airflow/.local/lib/python3.12/site-packages/airflow/example_dags/example_bash_decorator.py for tasks to queue
[2026-09-06T08:55:28.976+0000] {logging_mixin.py:190} INFO - [2026-09-06T08:55:28.975+0000] {dagbag.py:588} INFO - Filling up the DagBag from /home/airflow/.local/lib/python3.12/site-packages/airflow/example_dags/example_bash_decorator.py
[2026-09-06T08:55:28.987+0000] {processor.py:925} INFO - DAG(s) 'example_bash_decorator' retrieved from /home/airflow/.local/lib/python3.12/site-packages/airflow/example_dags/example_bash_decorator.py
[2026-09-06T08:55:29.006+0000] {logging_mixin.py:190} INFO - [2026-09-06T08:55:29.006+0000] {dag.py:3239} INFO - Sync 1 DAGs
[2026-09-06T08:55:29.017+0000] {logging_mixin.py:190} INFO - [2026-09-06T08:55:29.017+0000] {dag.py:4180} INFO - Setting next_dagrun for example_bash_decorator to None, run_after=None
[2026-09-06T08:55:29.031+0000] {processor.py:208} INFO - Processing /home/airflow/.local/lib/python3.12/site-packages/airflow/example_dags/example_bash_decorator.py took 0.063 seconds
[2026-09-06T08:55:59.149+0000] {processor.py:186} INFO - Started process (PID=326) to work on /home/airflow/.local/lib/python3.12/site-packages/airflow/example_dags/example_bash_decorator.py
[2026-09-06T08:55:59.151+0000] {processor.py:914} INFO - Processing file /home/airflow/.local/lib/python3.12/site-packages/airflow/example_dags/example_bash_decorator.py for tasks to queue
[2026-09-06T08:55:59.155+0000] {logging_mixin.py:190} INFO - [2026-09-06T08:55:59.155+0000] {dagbag.py:588} INFO - Filling up the DagBag from /home/airflow/.local/lib/python3.12/site-packages/airflow/example_dags/example_bash_decorator.py
[2026-09-06T08:55:59.174+0000] {processor.py:925} INFO - DAG(s) 'example_bash_decorator' retrieved from /home/airflow/.local/lib/python3.12/site-packages/airflow/example_dags/example_bash_decorator.py
[2026-09-06T08:55:59.197+0000] {logging_mixin.py:190} INFO - [2026-09-06T08:55:59.197+0000] {dag.py:3239} INFO - Sync 1 DAGs
[2026-09-06T08:55:59.212+0000] {logging_mixin.py:190} INFO - [2026-09-06T08:55:59.211+0000] {dag.py:4180} INFO - Setting next_dagrun for example_bash_decorator to None, run_after=None
[2026-09-06T08:55:59.229+0000] {processor.py:208} INFO - Processing /home/airflow/.local/lib/python3.12/site-packages/airflow/example_dags/example_bash_decorator.py took 0.085 seconds
[2026-09-06T08:56:29.857+0000] {processor.py:186} INFO - Started process (PID=389) to work on /home/airflow/.local/lib/python3.12/site-packages/airflow/example_dags/example_bash_decorator.py
[2026-09-06T08:56:29.858+0000] {processor.py:914} INFO - Processing file /home/airflow/.local/lib/python3.12/site-packages/airflow/example_dags/example_bash_decorator.py for tasks to queue
[2026-09-06T08:56:29.860+0000] {logging_mixin.py:190} INFO - [2026-09-06T08:56:29.860+0000] {dagbag.py:588} INFO - Filling up the DagBag from /home/airflow/.local/lib/python3.12/site-packages/airflow/example_dags/example_bash_decorator.py
[2026-09-06T08:56:29.871+0000] {processor.py:925} INFO - DAG(s) 'example_bash_decorator' retrieved from /home/airflow/.local/lib/python3.12/site-packages/airflow/example_dags/example_bash_decorator.py
[2026-09-06T08:56:29.888+0000] {logging_mixin.py:190} INFO - [2026-09-06T08:56:29.888+0000] {dag.py:3239} INFO - Sync 1 DAGs
[2026-09-06T08:56:29.898+0000] {logging_mixin.py:190} INFO - [2026-09-06T08:56:29.898+0000] {dag.py:4180} INFO - Setting next_dagrun for example_bash_decorator to None, run_after=None
[2026-09-06T08:56:29.913+0000] {processor.py:208} INFO - Processing /home/airflow/.local/lib/python3.12/site-packages/airflow/example_dags/example_bash_decorator.py took 0.060 seconds
[2026-09-06T08:57:00.008+0000] {processor.py:186} INFO - Started process (PID=452) to work on /home/airflow/.local/lib/python3.12/site-packages/airflow/example_dags/example_bash_decorator.py
[2026-09-06T08:57:00.009+0000] {processor.py:914} INFO - Processing file /home/airflow/.local/lib/python3.12/site-packages/airflow/example_dags/example_bash_decorator.py for tasks to queue
[2026-09-06T08:57:00.011+0000] {logging_mixin.py:190} INFO - [2026-09-06T08:57:00.011+0000] {dagbag.py:588} INFO - Filling up the DagBag from /home/airflow/.local/lib/python3.12/site-packages/airflow/example_dags/example_bash_decorator.py
[2026-09-06T08:57:00.023+0000] {processor.py:925} INFO - DAG(s) 'example_bash_decorator' retrieved from /home/airflow/.local/lib/python3.12/site-packages/airflow/example_dags/example_bash_decorator.py
[2026-09-06T08:57:00.042+0000] {logging_mixin.py:190} INFO - [2026-09-06T08:57:00.041+0000] {dag.py:3239} INFO - Sync 1 DAGs
[2026-09-06T08:57:00.052+0000] {logging_mixin.py:190} INFO - [2026-09-06T08:57:00.051+0000] {dag.py:4180} INFO - Setting next_dagrun for example_bash_decorator to None, run_after=None
[2026-09-06T08:57:00.069+0000] {processor.py:208} INFO - Processing /home/airflow/.local/lib/python3.12/site-packages/airflow/example_dags/example_bash_decorator.py took 0.067 seconds
[2026-09-06T08:57:30.672+0000] {processor.py:186} INFO - Started process (PID=515) to work on /home/airflow/.local/lib/python3.12/site-packages/airflow/example_dags/example_bash_decorator.py
[2026-09-06T08:57:30.673+0000] {processor.py:914} INFO - Processing file /home/airflow/.local/lib/python3.12/site-packages/airflow/example_dags/example_bash_decorator.py for tasks to queue
[2026-09-06T08:57:30.675+0000] {logging_mixin.py:190} INFO - [2026-09-06T08:57:30.675+0000] {dagbag.py:588} INFO - Filling up the DagBag from /home/airflow/.local/lib/python3.12/site-packages/airflow/example_dags/example_bash_decorator.py
[2026-09-06T08:57:30.686+0000] {processor.py:925} INFO - DAG(s) 'example_bash_decorator' retrieved from /home/airflow/.local/lib/python3.12/site-packages/airflow/example_dags/example_bash_decorator.py
[2026-09-06T08:57:30.704+0000] {logging_mixin.py:190} INFO - [2026-09-06T08:57:30.704+0000] {dag.py:3239} INFO - Sync 1 DAGs
[2026-09-06T08:57:30.715+0000] {logging_mixin.py:190} INFO - [2026-09-06T08:57:30.715+0000] {dag.py:4180} INFO - Setting next_dagrun for example_bash_decorator to None, run_after=None
[2026-09-06T08:57:30.728+0000] {processor.py:208} INFO - Processing /home/airflow/.local/lib/python3.12/site-packages/airflow/example_dags/example_bash_decorator.py took 0.060 seconds
[2026-09-06T08:58:00.889+0000] {processor.py:186} INFO - Started process (PID=578) to work on /home/airflow/.local/lib/python3.12/site-packages/airflow/example_dags/example_bash_decorator.py
[2026-09-06T08:58:00.890+0000] {processor.py:914} INFO - Processing file /home/airflow/.local/lib/python3.12/site-packages/airflow/example_dags/example_bash_decorator.py for tasks to queue
[2026-09-06T08:58:00.892+0000] {logging_mixin.py:190} INFO - [2026-09-06T08:58:00.892+0000] {dagbag.py:588} INFO - Filling up the DagBag from /home/airflow/.local/lib/python3.12/site-packages/airflow/example_dags/example_bash_decorator.py
[2026-09-06T08:58:00.904+0000] {processor.py:925} INFO - DAG(s) 'example_bash_decorator' retrieved from /home/airflow/.local/lib/python3.12/site-packages/airflow/example_dags/example_bash_decorator.py
[2026-09-06T08:58:00.925+0000] {logging_mixin.py:190} INFO - [2026-09-06T08:58:00.925+0000] {dag.py:3239} INFO - Sync 1 DAGs
[2026-09-06T08:58:00.937+0000] {logging_mixin.py:190} INFO - [2026-09-06T08:58:00.937+0000] {dag.py:4180} INFO - Setting next_dagrun for example_bash_decorator to None, run_after=None
[2026-09-06T08:58:00.956+0000] {processor.py:208} INFO - Processing /home/airflow/.local/lib/python3.12/site-packages/airflow/example_dags/example_bash_decorator.py took 0.072 seconds
[2026-09-06T08:58:31.356+0000] {processor.py:186} INFO - Started process (PID=641) to work on /home/airflow/.local/lib/python3.12/site-packages/airflow/example_dags/example_bash_decorator.py
[2026-09-06T08:58:31.357+0000] {processor.py:914} INFO - Processing file /home/airflow/.local/lib/python3.12/site-packages/airflow/example_dags/example_bash_decorator.py for tasks to queue
[2026-09-06T08:58:31.359+0000] {logging_mixin.py:190} INFO - [2026-09-06T08:58:31.359+0000] {dagbag.py:588} INFO - Filling up the DagBag from /home/airflow/.local/lib/python3.12/site-packages/airflow/example_dags/example_bash_decorator.py
[2026-09-06T08:58:31.370+0000] {processor.py:925} INFO - DAG(s) 'example_bash_decorator' retrieved from /home/airflow/.local/lib/python3.12/site-packages/airflow/example_dags/example_bash_decorator.py
[2026-09-06T08:58:31.387+0000] {logging_mixin.py:190} INFO - [2026-09-06T08:58:31.387+0000] {dag.py:3239} INFO - Sync 1 DAGs
[2026-09-06T08:58:31.397+0000] {logging_mixin.py:190} INFO - [2026-09-06T08:58:31.397+0000] {dag.py:4180} INFO - Setting next_dagrun for example_bash_decorator to None, run_after=None
[2026-09-06T08:58:31.411+0000] {processor.py:208} INFO - Processing /home/airflow/.local/lib/python3.12/site-packages/airflow/example_dags/example_bash_decorator.py took 0.059 seconds
[2026-09-06T08:59:01.740+0000] {processor.py:186} INFO - Started process (PID=705) to work on /home/airflow/.local/lib/python3.12/site-packages/airflow/example_dags/example_bash_decorator.py
[2026-09-06T08:59:01.742+0000] {processor.py:914} INFO - Processing file /home/airflow/.local/lib/python3.12/site-packages/airflow/example_dags/example_bash_decorator.py for tasks to queue
[2026-09-06T08:59:01.744+0000] {logging_mixin.py:190} INFO - [2026-09-06T08:59:01.744+0000] {dagbag.py:588} INFO - Filling up the DagBag from /home/airflow/.local/lib/python3.12/site-packages/airflow/example_dags/example_bash_decorator.py
[2026-09-06T08:59:01.756+0000] {processor.py:925} INFO - DAG(s) 'example_bash_decorator' retrieved from /home/airflow/.local/lib/python3.12/site-packages/airflow/example_dags/example_bash_decorator.py
[2026-09-06T08:59:01.776+0000] {logging_mixin.py:190} INFO - [2026-09-06T08:59:01.776+0000] {dag.py:3239} INFO - Sync 1 DAGs
[2026-09-06T08:59:01.789+0000] {logging_mixin.py:190} INFO - [2026-09-06T08:59:01.789+0000] {dag.py:4180} INFO - Setting next_dagrun for example_bash_decorator to None, run_after=None
[2026-09-06T08:59:01.806+0000] {processor.py:208} INFO - Processing /home/airflow/.local/lib/python3.12/site-packages/airflow/example_dags/example_bash_decorator.py took 0.070 seconds
[2026-09-06T08:59:32.107+0000] {processor.py:186} INFO - Started process (PID=769) to work on /home/airflow/.local/lib/python3.12/site-packages/airflow/example_dags/example_bash_decorator.py
[2026-09-06T08:59:32.108+0000] {processor.py:914} INFO - Processing file /home/airflow/.local/lib/python3.12/site-packages/airflow/example_dags/example_bash_decorator.py for tasks to queue
[2026-09-06T08:59:32.110+0000] {logging_mixin.py:190} INFO - [2026-09-06T08:59:32.110+0000] {dagbag.py:588} INFO - Filling up the DagBag from /home/airflow/.local/lib/python3.12/site-packages/airflow/example_dags/example_bash_decorator.py
[2026-09-06T08:59:32.123+0000] {processor.py:925} INFO - DAG(s) 'example_bash_decorator' retrieved from /home/airflow/.local/lib/python3.12/site-packages/airflow/example_dags/example_bash_decorator.py
[2026-09-06T08:59:32.141+0000] {logging_mixin.py:190} INFO - [2026-09-06T08:59:32.141+0000] {dag.py:3239} INFO - Sync 1 DAGs
[2026-09-06T08:59:32.152+0000] {logging_mixin.py:190} INFO - [2026-09-06T08:59:32.151+0000] {dag.py:4180} INFO - Setting next_dagrun for example_bash_decorator to None, run_after=None
[2026-09-06T08:59:32.166+0000] {processor.py:208} INFO - Processing /home/airflow/.local/lib/python3.12/site-packages/airflow/example_dags/example_bash_decorator.py took 0.064 seconds
[2026-09-06T09:00:02.458+0000] {processor.py:186} INFO - Started process (PID=833) to work on /home/airflow/.local/lib/python3.12/site-packages/airflow/example_dags/example_bash_decorator.py
[2026-09-06T09:00:02.459+0000] {processor.py:914} INFO - Processing file /home/airflow/.local/lib/python3.12/site-packages/airflow/example_dags/example_bash_decorator.py for tasks to queue
[2026-09-06T09:00:02.461+0000] {logging_mixin.py:190} INFO - [2026-09-06T09:00:02.461+0000] {dagbag.py:588} INFO - Filling up the DagBag from /home/airflow/.local/lib/python3.12/site-packages/airflow/example_dags/example_bash_decorator.py
[2026-09-06T09:00:02.472+0000] {processor.py:925} INFO - DAG(s) 'example_bash_decorator' retrieved from /home/airflow/.local/lib/python3.12/site-packages/airflow/example_dags/example_bash_decorator.py
[2026-09-06T09:00:02.494+0000] {logging_mixin.py:190} INFO - [2026-09-06T09:00:02.493+0000] {dag.py:3239} INFO - Sync 1 DAGs
[2026-09-06T09:00:02.504+0000] {logging_mixin.py:190} INFO - [2026-09-06T09:00:02.504+0000] {dag.py:4180} INFO - Setting next_dagrun for example_bash_decorator to None, run_after=None
[2026-09-06T09:00:02.519+0000] {processor.py:208} INFO - Processing /home/airflow/.local/lib/python3.12/site-packages/airflow/example_dags/example_bash_decorator.py took 0.065 seconds
[2026-09-06T09:00:32.771+0000] {processor.py:186} INFO - Started process (PID=897) to work on /home/airflow/.local/lib/python3.12/site-packages/airflow/example_dags/example_bash_decorator.py
[2026-09-06T09:00:32.772+0000] {processor.py:914} INFO - Processing file /home/airflow/.local/lib/python3.12/site-packages/airflow/example_dags/example_bash_decorator.py for tasks to queue
[2026-09-06T09:00:32.774+0000] {logging_mixin.py:190} INFO - [2026-09-06T09:00:32.774+0000] {dagbag.py:588} INFO - Filling up the DagBag from /home/airflow/.local/lib/python3.12/site-packages/airflow/example_dags/example_bash_decorator.py
[2026-09-06T09:00:32.787+0000] {processor.py:925} INFO - DAG(s) 'example_bash_decorator' retrieved from /home/airflow/.local/lib/python3.12/site-packages/airflow/example_dags/example_bash_decorator.py
[2026-09-06T09:00:32.804+0000] {logging_mixin.py:190} INFO - [2026-09-06T09:00:32.804+0000] {dag.py:3239} INFO - Sync 1 DAGs
[2026-09-06T09:00:32.814+0000] {logging_mixin.py:190} INFO - [2026-09-06T09:00:32.814+0000] {dag.py:4180} INFO - Setting next_dagrun for example_bash_decorator to None, run_after=None
[2026-09-06T09:00:32.828+0000] {processor.py:208} INFO - Processing /home/airflow/.local/lib/python3.12/site-packages/airflow/example_dags/example_bash_decorator.py took 0.062 seconds
[2026-09-06T09:01:03.476+0000] {processor.py:186} INFO - Started process (PID=961) to work on /home/airflow/.local/lib/python3.12/site-packages/airflow/example_dags/example_bash_decorator.py
[2026-09-06T09:01:03.478+0000] {processor.py:914} INFO - Processing file /home/airflow/.local/lib/python3.12/site-packages/airflow/example_dags/example_bash_decorator.py for tasks to queue
[2026-09-06T09:01:03.481+0000] {logging_mixin.py:190} INFO - [2026-09-06T09:01:03.481+0000] {dagbag.py:588} INFO - Filling up the DagBag from /home/airflow/.local/lib/python3.12/site-packages/airflow/example_dags/example_bash_decorator.py
[2026-09-06T09:01:03.498+0000] {processor.py:925} INFO - DAG(s) 'example_bash_decorator' retrieved from /home/airflow/.local/lib/python3.12/site-packages/airflow/example_dags/example_bash_decorator.py
[2026-09-06T09:01:03.520+0000] {logging_mixin.py:190} INFO - [2026-09-06T09:01:03.519+0000] {dag.py:3239} INFO - Sync 1 DAGs
[2026-09-06T09:01:03.533+0000] {logging_mixin.py:190} INFO - [2026-09-06T09:01:03.532+0000] {dag.py:4180} INFO - Setting next_dagrun for example_bash_decorator to None, run_after=None
[2026-09-06T09:01:03.548+0000] {processor.py:208} INFO - Processing /home/airflow/.local/lib/python3.12/site-packages/airflow/example_dags/example_bash_decorator.py took 0.081 seconds
[2026-09-06T09:01:34.131+0000] {processor.py:186} INFO - Started process (PID=1025) to work on /home/airflow/.local/lib/python3.12/site-packages/airflow/example_dags/example_bash_decorator.py
[2026-09-06T09:01:34.132+0000] {processor.py:914} INFO - Processing file /home/airflow/.local/lib/python3.12/site-packages/airflow/example_dags/example_bash_decorator.py for tasks to queue
[2026-09-06T09:01:34.135+0000] {logging_mixin.py:190} INFO - [2026-09-06T09:01:34.135+0000] {dagbag.py:588} INFO - Filling up the DagBag from /home/airflow/.local/lib/python3.12/site-packages/airflow/example_dags/example_bash_decorator.py
[2026-09-06T09:01:34.149+0000] {processor.py:925} INFO - DAG(s) 'example_bash_decorator' retrieved from /home/airflow/.local/lib/python3.12/site-packages/airflow/example_dags/example_bash_decorator.py
[2026-09-06T09:01:34.167+0000] {logging_mixin.py:190} INFO - [2026-09-06T09:01:34.167+0000] {dag.py:3239} INFO - Sync 1 DAGs
[2026-09-06T09:01:34.178+0000] {logging_mixin.py:190} INFO - [2026-09-06T09:01:34.178+0000] {dag.py:4180} INFO - Setting next_dagrun for example_bash_decorator to None, run_after=None
[2026-09-06T09:01:34.193+0000] {processor.py:208} INFO - Processing /home/airflow/.local/lib/python3.12/site-packages/airflow/example_dags/example_bash_decorator.py took 0.067 seconds
[2026-09-06T09:02:04.768+0000] {processor.py:186} INFO - Started process (PID=1089) to work on /home/airflow/.local/lib/python3.12/site-packages/airflow/example_dags/example_bash_decorator.py
[2026-09-06T09:02:04.769+0000] {processor.py:914} INFO - Processing file /home/airflow/.local/lib/python3.12/site-packages/airflow/example_dags/example_bash_decorator.py for tasks to queue
[2026-09-06T09:02:04.771+0000] {logging_mixin.py:190} INFO - [2026-09-06T09:02:04.771+0000] {dagbag.py:588} INFO - Filling up the DagBag from /home/airflow/.local/lib/python3.12/site-packages/airflow/example_dags/example_bash_decorator.py
[2026-09-06T09:02:04.787+0000] {processor.py:925} INFO - DAG(s) 'example_bash_decorator' retrieved from /home/airflow/.local/lib/python3.12/site-packages/airflow/example_dags/example_bash_decorator.py
[2026-09-06T09:02:04.807+0000] {logging_mixin.py:190} INFO - [2026-09-06T09:02:04.807+0000] {dag.py:3239} INFO - Sync 1 DAGs
[2026-09-06T09:02:04.820+0000] {logging_mixin.py:190} INFO - [2026-09-06T09:02:04.819+0000] {dag.py:4180} INFO - Setting next_dagrun for example_bash_decorator to None, run_after=None
[2026-09-06T09:02:04.836+0000] {processor.py:208} INFO - Processing /home/airflow/.local/lib/python3.12/site-packages/airflow/example_dags/example_bash_decorator.py took 0.073 seconds
[2026-09-06T09:02:35.042+0000] {processor.py:186} INFO - Started process (PID=1153) to work on /home/airflow/.local/lib/python3.12/site-packages/airflow/example_dags/example_bash_decorator.py
[2026-09-06T09:02:35.043+0000] {processor.py:914} INFO - Processing file /home/airflow/.local/lib/python3.12/site-packages/airflow/example_dags/example_bash_decorator.py for tasks to queue
[2026-09-06T09:02:35.045+0000] {logging_mixin.py:190} INFO - [2026-09-06T09:02:35.045+0000] {dagbag.py:588} INFO - Filling up the DagBag from /home/airflow/.local/lib/python3.12/site-packages/airflow/example_dags/example_bash_decorator.py
[2026-09-06T09:02:35.057+0000] {processor.py:925} INFO - DAG(s) 'example_bash_decorator' retrieved from /home/airflow/.local/lib/python3.12/site-packages/airflow/example_dags/example_bash_decorator.py
[2026-09-06T09:02:35.075+0000] {logging_mixin.py:190} INFO - [2026-09-06T09:02:35.075+0000] {dag.py:3239} INFO - Sync 1 DAGs
[2026-09-06T09:02:35.086+0000] {logging_mixin.py:190} INFO - [2026-09-06T09:02:35.086+0000] {dag.py:4180} INFO - Setting next_dagrun for example_bash_decorator to None, run_after=None
[2026-09-06T09:02:35.101+0000] {processor.py:208} INFO - Processing /home/airflow/.local/lib/python3.12/site-packages/airflow/example_dags/example_bash_decorator.py took 0.065 seconds
[2026-09-06T09:03:05.861+0000] {processor.py:186} INFO - Started process (PID=1217) to work on /home/airflow/.local/lib/python3.12/site-packages/airflow/example_dags/example_bash_decorator.py
[2026-09-06T09:03:05.862+0000] {processor.py:914} INFO - Processing file /home/airflow/.local/lib/python3.12/site-packages/airflow/example_dags/example_bash_decorator.py for tasks to queue
[2026-09-06T09:03:05.864+0000] {logging_mixin.py:190} INFO - [2026-09-06T09:03:05.864+0000] {dagbag.py:588} INFO - Filling up the DagBag from /home/airflow/.local/lib/python3.12/site-packages/airflow/example_dags/example_bash_decorator.py
[2026-09-06T09:03:05.877+0000] {processor.py:925} INFO - DAG(s) 'example_bash_decorator' retrieved from /home/airflow/.local/lib/python3.12/site-packages/airflow/example_dags/example_bash_decorator.py
[2026-09-06T09:03:05.896+0000] {logging_mixin.py:190} INFO - [2026-09-06T09:03:05.896+0000] {dag.py:3239} INFO - Sync 1 DAGs
[2026-09-06T09:03:05.908+0000] {logging_mixin.py:190} INFO - [2026-09-06T09:03:05.908+0000] {dag.py:4180} INFO - Setting next_dagrun for example_bash_decorator to None, run_after=None
[2026-09-06T09:03:05.931+0000] {processor.py:208} INFO - Processing /home/airflow/.local/lib/python3.12/site-packages/airflow/example_dags/example_bash_decorator.py took 0.075 seconds
[2026-09-06T09:03:36.185+0000] {processor.py:186} INFO - Started process (PID=1281) to work on /home/airflow/.local/lib/python3.12/site-packages/airflow/example_dags/example_bash_decorator.py
[2026-09-06T09:03:36.187+0000] {processor.py:914} INFO - Processing file /home/airflow/.local/lib/python3.12/site-packages/airflow/example_dags/example_bash_decorator.py for tasks to queue
[2026-09-06T09:03:36.189+0000] {logging_mixin.py:190} INFO - [2026-09-06T09:03:36.188+0000] {dagbag.py:588} INFO - Filling up the DagBag from /home/airflow/.local/lib/python3.12/site-packages/airflow/example_dags/example_bash_decorator.py
[2026-09-06T09:03:36.205+0000] {processor.py:925} INFO - DAG(s) 'example_bash_decorator' retrieved from /home/airflow/.local/lib/python3.12/site-packages/airflow/example_dags/example_bash_decorator.py
[2026-09-06T09:03:36.228+0000] {logging_mixin.py:190} INFO - [2026-09-06T09:03:36.228+0000] {dag.py:3239} INFO - Sync 1 DAGs
[2026-09-06T09:03:36.243+0000] {logging_mixin.py:190} INFO - [2026-09-06T09:03:36.243+0000] {dag.py:4180} INFO - Setting next_dagrun for example_bash_decorator to None, run_after=None
[2026-09-06T09:03:36.281+0000] {processor.py:208} INFO - Processing /home/airflow/.local/lib/python3.12/site-packages/airflow/example_dags/example_bash_decorator.py took 0.102 seconds
[2026-09-06T09:04:06.327+0000] {processor.py:186} INFO - Started process (PID=1345) to work on /home/airflow/.local/lib/python3.12/site-packages/airflow/example_dags/example_bash_decorator.py
[2026-09-06T09:04:06.328+0000] {processor.py:914} INFO - Processing file /home/airflow/.local/lib/python3.12/site-packages/airflow/example_dags/example_bash_decorator.py for tasks to queue
[2026-09-06T09:04:06.330+0000] {logging_mixin.py:190} INFO - [2026-09-06T09:04:06.330+0000] {dagbag.py:588} INFO - Filling up the DagBag from /home/airflow/.local/lib/python3.12/site-packages/airflow/example_dags/example_bash_decorator.py
[2026-09-06T09:04:06.342+0000] {processor.py:925} INFO - DAG(s) 'example_bash_decorator' retrieved from /home/airflow/.local/lib/python3.12/site-packages/airflow/example_dags/example_bash_decorator.py
[2026-09-06T09:04:06.360+0000] {logging_mixin.py:190} INFO - [2026-09-06T09:04:06.360+0000] {dag.py:3239} INFO - Sync 1 DAGs
[2026-09-06T09:04:06.374+0000] {logging_mixin.py:190} INFO - [2026-09-06T09:04:06.373+0000] {dag.py:4180} INFO - Setting next_dagrun for example_bash_decorator to None, run_after=None
[2026-09-06T09:04:06.389+0000] {processor.py:208} INFO - Processing /home/airflow/.local/lib/python3.12/site-packages/airflow/example_dags/example_bash_decorator.py took 0.067 seconds
[2026-09-06T09:04:36.785+0000] {processor.py:186} INFO - Started process (PID=1409) to work on /home/airflow/.local/lib/python3.12/site-packages/airflow/example_dags/example_bash_decorator.py
[2026-09-06T09:04:36.786+0000] {processor.py:914} INFO - Processing file /home/airflow/.local/lib/python3.12/site-packages/airflow/example_dags/example_bash_decorator.py for tasks to queue
[2026-09-06T09:04:36.788+0000] {logging_mixin.py:190} INFO - [2026-09-06T09:04:36.788+0000] {dagbag.py:588} INFO - Filling up the DagBag from /home/airflow/.local/lib/python3.12/site-packages/airflow/example_dags/example_bash_decorator.py
[2026-09-06T09:04:36.800+0000] {processor.py:925} INFO - DAG(s) 'example_bash_decorator' retrieved from /home/airflow/.local/lib/python3.12/site-packages/airflow/example_dags/example_bash_decorator.py
[2026-09-06T09:04:36.818+0000] {logging_mixin.py:190} INFO - [2026-09-06T09:04:36.817+0000] {dag.py:3239} INFO - Sync 1 DAGs
[2026-09-06T09:04:36.828+0000] {logging_mixin.py:190} INFO - [2026-09-06T09:04:36.827+0000] {dag.py:4180} INFO - Setting next_dagrun for example_bash_decorator to None, run_after=None
[2026-09-06T09:04:36.844+0000] {processor.py:208} INFO - Processing /home/airflow/.local/lib/python3.12/site-packages/airflow/example_dags/example_bash_decorator.py took 0.065 seconds
[2026-09-06T09:05:07.420+0000] {processor.py:186} INFO - Started process (PID=1473) to work on /home/airflow/.local/lib/python3.12/site-packages/airflow/example_dags/example_bash_decorator.py
[2026-09-06T09:05:07.421+0000] {processor.py:914} INFO - Processing file /home/airflow/.local/lib/python3.12/site-packages/airflow/example_dags/example_bash_decorator.py for tasks to queue
[2026-09-06T09:05:07.422+0000] {logging_mixin.py:190} INFO - [2026-09-06T09:05:07.422+0000] {dagbag.py:588} INFO - Filling up the DagBag from /home/airflow/.local/lib/python3.12/site-packages/airflow/example_dags/example_bash_decorator.py
[2026-09-06T09:05:07.434+0000] {processor.py:925} INFO - DAG(s) 'example_bash_decorator' retrieved from /home/airflow/.local/lib/python3.12/site-packages/airflow/example_dags/example_bash_decorator.py
[2026-09-06T09:05:07.451+0000] {logging_mixin.py:190} INFO - [2026-09-06T09:05:07.450+0000] {dag.py:3239} INFO - Sync 1 DAGs
[2026-09-06T09:05:07.461+0000] {logging_mixin.py:190} INFO - [2026-09-06T09:05:07.461+0000] {dag.py:4180} INFO - Setting next_dagrun for example_bash_decorator to None, run_after=None
[2026-09-06T09:05:07.475+0000] {processor.py:208} INFO - Processing /home/airflow/.local/lib/python3.12/site-packages/airflow/example_dags/example_bash_decorator.py took 0.061 seconds
[2026-09-06T09:05:37.610+0000] {processor.py:186} INFO - Started process (PID=1537) to work on /home/airflow/.local/lib/python3.12/site-packages/airflow/example_dags/example_bash_decorator.py
[2026-09-06T09:05:37.611+0000] {processor.py:914} INFO - Processing file /home/airflow/.local/lib/python3.12/site-packages/airflow/example_dags/example_bash_decorator.py for tasks to queue
[2026-09-06T09:05:37.613+0000] {logging_mixin.py:190} INFO - [2026-09-06T09:05:37.613+0000] {dagbag.py:588} INFO - Filling up the DagBag from /home/airflow/.local/lib/python3.12/site-packages/airflow/example_dags/example_bash_decorator.py
[2026-09-06T09:05:37.627+0000] {processor.py:925} INFO - DAG(s) 'example_bash_decorator' retrieved from /home/airflow/.local/lib/python3.12/site-packages/airflow/example_dags/example_bash_decorator.py
[2026-09-06T09:05:37.645+0000] {logging_mixin.py:190} INFO - [2026-09-06T09:05:37.645+0000] {dag.py:3239} INFO - Sync 1 DAGs
[2026-09-06T09:05:37.655+0000] {logging_mixin.py:190} INFO - [2026-09-06T09:05:37.655+0000] {dag.py:4180} INFO - Setting next_dagrun for example_bash_decorator to None, run_after=None
[2026-09-06T09:05:37.668+0000] {processor.py:208} INFO - Processing /home/airflow/.local/lib/python3.12/site-packages/airflow/example_dags/example_bash_decorator.py took 0.063 seconds
[2026-09-06T09:06:08.274+0000] {processor.py:186} INFO - Started process (PID=1601) to work on /home/airflow/.local/lib/python3.12/site-packages/airflow/example_dags/example_bash_decorator.py
[2026-09-06T09:06:08.275+0000] {processor.py:914} INFO - Processing file /home/airflow/.local/lib/python3.12/site-packages/airflow/example_dags/example_bash_decorator.py for tasks to queue
[2026-09-06T09:06:08.277+0000] {logging_mixin.py:190} INFO - [2026-09-06T09:06:08.277+0000] {dagbag.py:588} INFO - Filling up the DagBag from /home/airflow/.local/lib/python3.12/site-packages/airflow/example_dags/example_bash_decorator.py
[2026-09-06T09:06:08.290+0000] {processor.py:925} INFO - DAG(s) 'example_bash_decorator' retrieved from /home/airflow/.local/lib/python3.12/site-packages/airflow/example_dags/example_bash_decorator.py
[2026-09-06T09:06:08.309+0000] {logging_mixin.py:190} INFO - [2026-09-06T09:06:08.309+0000] {dag.py:3239} INFO - Sync 1 DAGs
[2026-09-06T09:06:08.320+0000] {logging_mixin.py:190} INFO - [2026-09-06T09:06:08.319+0000] {dag.py:4180} INFO - Setting next_dagrun for example_bash_decorator to None, run_after=None
[2026-09-06T09:06:08.333+0000] {processor.py:208} INFO - Processing /home/airflow/.local/lib/python3.12/site-packages/airflow/example_dags/example_bash_decorator.py took 0.063 seconds
[2026-09-06T09:06:39.245+0000] {processor.py:186} INFO - Started process (PID=1665) to work on /home/airflow/.local/lib/python3.12/site-packages/airflow/example_dags/example_bash_decorator.py
[2026-09-06T09:06:39.246+0000] {processor.py:914} INFO - Processing file /home/airflow/.local/lib/python3.12/site-packages/airflow/example_dags/example_bash_decorator.py for tasks to queue
[2026-09-06T09:06:39.248+0000] {logging_mixin.py:190} INFO - [2026-09-06T09:06:39.248+0000] {dagbag.py:588} INFO - Filling up the DagBag from /home/airflow/.local/lib/python3.12/site-packages/airflow/example_dags/example_bash_decorator.py
[2026-09-06T09:06:39.261+0000] {processor.py:925} INFO - DAG(s) 'example_bash_decorator' retrieved from /home/airflow/.local/lib/python3.12/site-packages/airflow/example_dags/example_bash_decorator.py
[2026-09-06T09:06:39.280+0000] {logging_mixin.py:190} INFO - [2026-09-06T09:06:39.280+0000] {dag.py:3239} INFO - Sync 1 DAGs
[2026-09-06T09:06:39.291+0000] {logging_mixin.py:190} INFO - [2026-09-06T09:06:39.291+0000] {dag.py:4180} INFO - Setting next_dagrun for example_bash_decorator to None, run_after=None
[2026-09-06T09:06:39.306+0000] {processor.py:208} INFO - Processing /home/airflow/.local/lib/python3.12/site-packages/airflow/example_dags/example_bash_decorator.py took 0.065 seconds
[2026-09-06T09:07:10.159+0000] {processor.py:186} INFO - Started process (PID=1729) to work on /home/airflow/.local/lib/python3.12/site-packages/airflow/example_dags/example_bash_decorator.py
[2026-09-06T09:07:10.160+0000] {processor.py:914} INFO - Processing file /home/airflow/.local/lib/python3.12/site-packages/airflow/example_dags/example_bash_decorator.py for tasks to queue
[2026-09-06T09:07:10.163+0000] {logging_mixin.py:190} INFO - [2026-09-06T09:07:10.162+0000] {dagbag.py:588} INFO - Filling up the DagBag from /home/airflow/.local/lib/python3.12/site-packages/airflow/example_dags/example_bash_decorator.py
[2026-09-06T09:07:10.177+0000] {processor.py:925} INFO - DAG(s) 'example_bash_decorator' retrieved from /home/airflow/.local/lib/python3.12/site-packages/airflow/example_dags/example_bash_decorator.py
[2026-09-06T09:07:10.198+0000] {logging_mixin.py:190} INFO - [2026-09-06T09:07:10.198+0000] {dag.py:3239} INFO - Sync 1 DAGs
[2026-09-06T09:07:10.210+0000] {logging_mixin.py:190} INFO - [2026-09-06T09:07:10.210+0000] {dag.py:4180} INFO - Setting next_dagrun for example_bash_decorator to None, run_after=None
[2026-09-06T09:07:10.225+0000] {processor.py:208} INFO - Processing /home/airflow/.local/lib/python3.12/site-packages/airflow/example_dags/example_bash_decorator.py took 0.071 seconds
[2026-09-06T09:07:41.095+0000] {processor.py:186} INFO - Started process (PID=1793) to work on /home/airflow/.local/lib/python3.12/site-packages/airflow/example_dags/example_bash_decorator.py
[2026-09-06T09:07:41.097+0000] {processor.py:914} INFO - Processing file /home/airflow/.local/lib/python3.12/site-packages/airflow/example_dags/example_bash_decorator.py for tasks to queue
[2026-09-06T09:07:41.100+0000] {logging_mixin.py:190} INFO - [2026-09-06T09:07:41.099+0000] {dagbag.py:588} INFO - Filling up the DagBag from /home/airflow/.local/lib/python3.12/site-packages/airflow/example_dags/example_bash_decorator.py
[2026-09-06T09:07:41.112+0000] {processor.py:925} INFO - DAG(s) 'example_bash_decorator' retrieved from /home/airflow/.local/lib/python3.12/site-packages/airflow/example_dags/example_bash_decorator.py
[2026-09-06T09:07:41.130+0000] {logging_mixin.py:190} INFO - [2026-09-06T09:07:41.130+0000] {dag.py:3239} INFO - Sync 1 DAGs
[2026-09-06T09:07:41.141+0000] {logging_mixin.py:190} INFO - [2026-09-06T09:07:41.141+0000] {dag.py:4180} INFO - Setting next_dagrun for example_bash_decorator to None, run_after=None
[2026-09-06T09:07:41.157+0000] {processor.py:208} INFO - Processing /home/airflow/.local/lib/python3.12/site-packages/airflow/example_dags/example_bash_decorator.py took 0.067 seconds
[2026-09-06T09:08:11.759+0000] {processor.py:186} INFO - Started process (PID=1857) to work on /home/airflow/.local/lib/python3.12/site-packages/airflow/example_dags/example_bash_decorator.py
[2026-09-06T09:08:11.760+0000] {processor.py:914} INFO - Processing file /home/airflow/.local/lib/python3.12/site-packages/airflow/example_dags/example_bash_decorator.py for tasks to queue
[2026-09-06T09:08:11.762+0000] {logging_mixin.py:190} INFO - [2026-09-06T09:08:11.762+0000] {dagbag.py:588} INFO - Filling up the DagBag from /home/airflow/.local/lib/python3.12/site-packages/airflow/example_dags/example_bash_decorator.py
[2026-09-06T09:08:11.774+0000] {processor.py:925} INFO - DAG(s) 'example_bash_decorator' retrieved from /home/airflow/.local/lib/python3.12/site-packages/airflow/example_dags/example_bash_decorator.py
[2026-09-06T09:08:11.791+0000] {logging_mixin.py:190} INFO - [2026-09-06T09:08:11.791+0000] {dag.py:3239} INFO - Sync 1 DAGs
[2026-09-06T09:08:11.801+0000] {logging_mixin.py:190} INFO - [2026-09-06T09:08:11.801+0000] {dag.py:4180} INFO - Setting next_dagrun for example_bash_decorator to None, run_after=None
[2026-09-06T09:08:11.813+0000] {processor.py:208} INFO - Processing /home/airflow/.local/lib/python3.12/site-packages/airflow/example_dags/example_bash_decorator.py took 0.059 seconds
[2026-09-06T09:08:42.433+0000] {processor.py:186} INFO - Started process (PID=1921) to work on /home/airflow/.local/lib/python3.12/site-packages/airflow/example_dags/example_bash_decorator.py
[2026-09-06T09:08:42.434+0000] {processor.py:914} INFO - Processing file /home/airflow/.local/lib/python3.12/site-packages/airflow/example_dags/example_bash_decorator.py for tasks to queue
[2026-09-06T09:08:42.436+0000] {logging_mixin.py:190} INFO - [2026-09-06T09:08:42.436+0000] {dagbag.py:588} INFO - Filling up the DagBag from /home/airflow/.local/lib/python3.12/site-packages/airflow/example_dags/example_bash_decorator.py
[2026-09-06T09:08:42.447+0000] {processor.py:925} INFO - DAG(s) 'example_bash_decorator' retrieved from /home/airflow/.local/lib/python3.12/site-packages/airflow/example_dags/example_bash_decorator.py
[2026-09-06T09:08:42.464+0000] {logging_mixin.py:190} INFO - [2026-09-06T09:08:42.464+0000] {dag.py:3239} INFO - Sync 1 DAGs
[2026-09-06T09:08:42.474+0000] {logging_mixin.py:190} INFO - [2026-09-06T09:08:42.474+0000] {dag.py:4180} INFO - Setting next_dagrun for example_bash_decorator to None, run_after=None
[2026-09-06T09:08:42.487+0000] {processor.py:208} INFO - Processing /home/airflow/.local/lib/python3.12/site-packages/airflow/example_dags/example_bash_decorator.py took 0.058 seconds
[2026-09-06T09:09:13.184+0000] {processor.py:186} INFO - Started process (PID=1985) to work on /home/airflow/.local/lib/python3.12/site-packages/airflow/example_dags/example_bash_decorator.py
[2026-09-06T09:09:13.185+0000] {processor.py:914} INFO - Processing file /home/airflow/.local/lib/python3.12/site-packages/airflow/example_dags/example_bash_decorator.py for tasks to queue
[2026-09-06T09:09:13.187+0000] {logging_mixin.py:190} INFO - [2026-09-06T09:09:13.187+0000] {dagbag.py:588} INFO - Filling up the DagBag from /home/airflow/.local/lib/python3.12/site-packages/airflow/example_dags/example_bash_decorator.py
[2026-09-06T09:09:13.200+0000] {processor.py:925} INFO - DAG(s) 'example_bash_decorator' retrieved from /home/airflow/.local/lib/python3.12/site-packages/airflow/example_dags/example_bash_decorator.py
[2026-09-06T09:09:13.218+0000] {logging_mixin.py:190} INFO - [2026-09-06T09:09:13.217+0000] {dag.py:3239} INFO - Sync 1 DAGs
[2026-09-06T09:09:13.228+0000] {logging_mixin.py:190} INFO - [2026-09-06T09:09:13.228+0000] {dag.py:4180} INFO - Setting next_dagrun for example_bash_decorator to None, run_after=None
[2026-09-06T09:09:13.241+0000] {processor.py:208} INFO - Processing /home/airflow/.local/lib/python3.12/site-packages/airflow/example_dags/example_bash_decorator.py took 0.061 seconds
[2026-09-06T09:09:43.377+0000] {processor.py:186} INFO - Started process (PID=2049) to work on /home/airflow/.local/lib/python3.12/site-packages/airflow/example_dags/example_bash_decorator.py
[2026-09-06T09:09:43.378+0000] {processor.py:914} INFO - Processing file /home/airflow/.local/lib/python3.12/site-packages/airflow/example_dags/example_bash_decorator.py for tasks to queue
[2026-09-06T09:09:43.380+0000] {logging_mixin.py:190} INFO - [2026-09-06T09:09:43.380+0000] {dagbag.py:588} INFO - Filling up the DagBag from /home/airflow/.local/lib/python3.12/site-packages/airflow/example_dags/example_bash_decorator.py
[2026-09-06T09:09:43.391+0000] {processor.py:925} INFO - DAG(s) 'example_bash_decorator' retrieved from /home/airflow/.local/lib/python3.12/site-packages/airflow/example_dags/example_bash_decorator.py
[2026-09-06T09:09:43.409+0000] {logging_mixin.py:190} INFO - [2026-09-06T09:09:43.409+0000] {dag.py:3239} INFO - Sync 1 DAGs
[2026-09-06T09:09:43.419+0000] {logging_mixin.py:190} INFO - [2026-09-06T09:09:43.419+0000] {dag.py:4180} INFO - Setting next_dagrun for example_bash_decorator to None, run_after=None
[2026-09-06T09:09:43.432+0000] {processor.py:208} INFO - Processing /home/airflow/.local/lib/python3.12/site-packages/airflow/example_dags/example_bash_decorator.py took 0.059 seconds
[2026-09-06T09:10:13.990+0000] {processor.py:186} INFO - Started process (PID=2113) to work on /home/airflow/.local/lib/python3.12/site-packages/airflow/example_dags/example_bash_decorator.py
[2026-09-06T09:10:13.991+0000] {processor.py:914} INFO - Processing file /home/airflow/.local/lib/python3.12/site-packages/airflow/example_dags/example_bash_decorator.py for tasks to queue
[2026-09-06T09:10:13.993+0000] {logging_mixin.py:190} INFO - [2026-09-06T09:10:13.993+0000] {dagbag.py:588} INFO - Filling up the DagBag from /home/airflow/.local/lib/python3.12/site-packages/airflow/example_dags/example_bash_decorator.py
[2026-09-06T09:10:14.006+0000] {processor.py:925} INFO - DAG(s) 'example_bash_decorator' retrieved from /home/airflow/.local/lib/python3.12/site-packages/airflow/example_dags/example_bash_decorator.py
[2026-09-06T09:10:14.027+0000] {logging_mixin.py:190} INFO - [2026-09-06T09:10:14.026+0000] {dag.py:3239} INFO - Sync 1 DAGs
[2026-09-06T09:10:14.038+0000] {logging_mixin.py:190} INFO - [2026-09-06T09:10:14.038+0000] {dag.py:4180} INFO - Setting next_dagrun for example_bash_decorator to None, run_after=None
[2026-09-06T09:10:14.053+0000] {processor.py:208} INFO - Processing /home/airflow/.local/lib/python3.12/site-packages/airflow/example_dags/example_bash_decorator.py took 0.068 seconds
[2026-09-06T09:10:44.254+0000] {processor.py:186} INFO - Started process (PID=2177) to work on /home/airflow/.local/lib/python3.12/site-packages/airflow/example_dags/example_bash_decorator.py
[2026-09-06T09:10:44.255+0000] {processor.py:914} INFO - Processing file /home/airflow/.local/lib/python3.12/site-packages/airflow/example_dags/example_bash_decorator.py for tasks to queue
[2026-09-06T09:10:44.257+0000] {logging_mixin.py:190} INFO - [2026-09-06T09:10:44.257+0000] {dagbag.py:588} INFO - Filling up the DagBag from /home/airflow/.local/lib/python3.12/site-packages/airflow/example_dags/example_bash_decorator.py
[2026-09-06T09:10:44.268+0000] {processor.py:925} INFO - DAG(s) 'example_bash_decorator' retrieved from /home/airflow/.local/lib/python3.12/site-packages/airflow/example_dags/example_bash_decorator.py
[2026-09-06T09:10:44.288+0000] {logging_mixin.py:190} INFO - [2026-09-06T09:10:44.288+0000] {dag.py:3239} INFO - Sync 1 DAGs
[2026-09-06T09:10:44.299+0000] {logging_mixin.py:190} INFO - [2026-09-06T09:10:44.299+0000] {dag.py:4180} INFO - Setting next_dagrun for example_bash_decorator to None, run_after=None
[2026-09-06T09:10:44.313+0000] {processor.py:208} INFO - Processing /home/airflow/.local/lib/python3.12/site-packages/airflow/example_dags/example_bash_decorator.py took 0.064 seconds
[2026-09-06T09:11:14.505+0000] {processor.py:186} INFO - Started process (PID=2241) to work on /home/airflow/.local/lib/python3.12/site-packages/airflow/example_dags/example_bash_decorator.py
[2026-09-06T09:11:14.506+0000] {processor.py:914} INFO - Processing file /home/airflow/.local/lib/python3.12/site-packages/airflow/example_dags/example_bash_decorator.py for tasks to queue
[2026-09-06T09:11:14.508+0000] {logging_mixin.py:190} INFO - [2026-09-06T09:11:14.508+0000] {dagbag.py:588} INFO - Filling up the DagBag from /home/airflow/.local/lib/python3.12/site-packages/airflow/example_dags/example_bash_decorator.py
[2026-09-06T09:11:14.520+0000] {processor.py:925} INFO - DAG(s) 'example_bash_decorator' retrieved from /home/airflow/.local/lib/python3.12/site-packages/airflow/example_dags/example_bash_decorator.py
[2026-09-06T09:11:14.538+0000] {logging_mixin.py:190} INFO - [2026-09-06T09:11:14.538+0000] {dag.py:3239} INFO - Sync 1 DAGs
[2026-09-06T09:11:14.549+0000] {logging_mixin.py:190} INFO - [2026-09-06T09:11:14.549+0000] {dag.py:4180} INFO - Setting next_dagrun for example_bash_decorator to None, run_after=None
[2026-09-06T09:11:14.564+0000] {processor.py:208} INFO - Processing /home/airflow/.local/lib/python3.12/site-packages/airflow/example_dags/example_bash_decorator.py took 0.064 seconds
[2026-09-06T09:11:44.705+0000] {processor.py:186} INFO - Started process (PID=2305) to work on /home/airflow/.local/lib/python3.12/site-packages/airflow/example_dags/example_bash_decorator.py
[2026-09-06T09:11:44.706+0000] {processor.py:914} INFO - Processing file /home/airflow/.local/lib/python3.12/site-packages/airflow/example_dags/example_bash_decorator.py for tasks to queue
[2026-09-06T09:11:44.708+0000] {logging_mixin.py:190} INFO - [2026-09-06T09:11:44.708+0000] {dagbag.py:588} INFO - Filling up the DagBag from /home/airflow/.local/lib/python3.12/site-packages/airflow/example_dags/example_bash_decorator.py
[2026-09-06T09:11:44.719+0000] {processor.py:925} INFO - DAG(s) 'example_bash_decorator' retrieved from /home/airflow/.local/lib/python3.12/site-packages/airflow/example_dags/example_bash_decorator.py
[2026-09-06T09:11:44.737+0000] {logging_mixin.py:190} INFO - [2026-09-06T09:11:44.737+0000] {dag.py:3239} INFO - Sync 1 DAGs
[2026-09-06T09:11:44.748+0000] {logging_mixin.py:190} INFO - [2026-09-06T09:11:44.748+0000] {dag.py:4180} INFO - Setting next_dagrun for example_bash_decorator to None, run_after=None
[2026-09-06T09:11:44.761+0000] {processor.py:208} INFO - Processing /home/airflow/.local/lib/python3.12/site-packages/airflow/example_dags/example_bash_decorator.py took 0.061 seconds
[2026-09-06T09:12:15.108+0000] {processor.py:186} INFO - Started process (PID=2369) to work on /home/airflow/.local/lib/python3.12/site-packages/airflow/example_dags/example_bash_decorator.py
[2026-09-06T09:12:15.109+0000] {processor.py:914} INFO - Processing file /home/airflow/.local/lib/python3.12/site-packages/airflow/example_dags/example_bash_decorator.py for tasks to queue
[2026-09-06T09:12:15.112+0000] {logging_mixin.py:190} INFO - [2026-09-06T09:12:15.111+0000] {dagbag.py:588} INFO - Filling up the DagBag from /home/airflow/.local/lib/python3.12/site-packages/airflow/example_dags/example_bash_decorator.py
[2026-09-06T09:12:15.126+0000] {processor.py:925} INFO - DAG(s) 'example_bash_decorator' retrieved from /home/airflow/.local/lib/python3.12/site-packages/airflow/example_dags/example_bash_decorator.py
[2026-09-06T09:12:15.149+0000] {logging_mixin.py:190} INFO - [2026-09-06T09:12:15.149+0000] {dag.py:3239} INFO - Sync 1 DAGs
[2026-09-06T09:12:15.162+0000] {logging_mixin.py:190} INFO - [2026-09-06T09:12:15.162+0000] {dag.py:4180} INFO - Setting next_dagrun for example_bash_decorator to None, run_after=None
[2026-09-06T09:12:15.179+0000] {processor.py:208} INFO - Processing /home/airflow/.local/lib/python3.12/site-packages/airflow/example_dags/example_bash_decorator.py took 0.076 seconds
[2026-09-06T09:12:45.369+0000] {processor.py:186} INFO - Started process (PID=2433) to work on /home/airflow/.local/lib/python3.12/site-packages/airflow/example_dags/example_bash_decorator.py
[2026-09-06T09:12:45.370+0000] {processor.py:914} INFO - Processing file /home/airflow/.local/lib/python3.12/site-packages/airflow/example_dags/example_bash_decorator.py for tasks to queue
[2026-09-06T09:12:45.373+0000] {logging_mixin.py:190} INFO - [2026-09-06T09:12:45.372+0000] {dagbag.py:588} INFO - Filling up the DagBag from /home/airflow/.local/lib/python3.12/site-packages/airflow/example_dags/example_bash_decorator.py
[2026-09-06T09:12:45.387+0000] {processor.py:925} INFO - DAG(s) 'example_bash_decorator' retrieved from /home/airflow/.local/lib/python3.12/site-packages/airflow/example_dags/example_bash_decorator.py
[2026-09-06T09:12:45.407+0000] {logging_mixin.py:190} INFO - [2026-09-06T09:12:45.407+0000] {dag.py:3239} INFO - Sync 1 DAGs
[2026-09-06T09:12:45.420+0000] {logging_mixin.py:190} INFO - [2026-09-06T09:12:45.420+0000] {dag.py:4180} INFO - Setting next_dagrun for example_bash_decorator to None, run_after=None
[2026-09-06T09:12:45.438+0000] {processor.py:208} INFO - Processing /home/airflow/.local/lib/python3.12/site-packages/airflow/example_dags/example_bash_decorator.py took 0.073 seconds
[2026-09-06T09:13:15.629+0000] {processor.py:186} INFO - Started process (PID=2497) to work on /home/airflow/.local/lib/python3.12/site-packages/airflow/example_dags/example_bash_decorator.py
[2026-09-06T09:13:15.631+0000] {processor.py:914} INFO - Processing file /home/airflow/.local/lib/python3.12/site-packages/airflow/example_dags/example_bash_decorator.py for tasks to queue
[2026-09-06T09:13:15.633+0000] {logging_mixin.py:190} INFO - [2026-09-06T09:13:15.632+0000] {dagbag.py:588} INFO - Filling up the DagBag from /home/airflow/.local/lib/python3.12/site-packages/airflow/example_dags/example_bash_decorator.py
[2026-09-06T09:13:15.646+0000] {processor.py:925} INFO - DAG(s) 'example_bash_decorator' retrieved from /home/airflow/.local/lib/python3.12/site-packages/airflow/example_dags/example_bash_decorator.py
[2026-09-06T09:13:15.666+0000] {logging_mixin.py:190} INFO - [2026-09-06T09:13:15.665+0000] {dag.py:3239} INFO - Sync 1 DAGs
[2026-09-06T09:13:15.677+0000] {logging_mixin.py:190} INFO - [2026-09-06T09:13:15.677+0000] {dag.py:4180} INFO - Setting next_dagrun for example_bash_decorator to None, run_after=None
[2026-09-06T09:13:15.691+0000] {processor.py:208} INFO - Processing /home/airflow/.local/lib/python3.12/site-packages/airflow/example_dags/example_bash_decorator.py took 0.066 seconds
[2026-09-06T09:13:45.986+0000] {processor.py:186} INFO - Started process (PID=2561) to work on /home/airflow/.local/lib/python3.12/site-packages/airflow/example_dags/example_bash_decorator.py
[2026-09-06T09:13:45.988+0000] {processor.py:914} INFO - Processing file /home/airflow/.local/lib/python3.12/site-packages/airflow/example_dags/example_bash_decorator.py for tasks to queue
[2026-09-06T09:13:45.990+0000] {logging_mixin.py:190} INFO - [2026-09-06T09:13:45.989+0000] {dagbag.py:588} INFO - Filling up the DagBag from /home/airflow/.local/lib/python3.12/site-packages/airflow/example_dags/example_bash_decorator.py
[2026-09-06T09:13:46.008+0000] {processor.py:925} INFO - DAG(s) 'example_bash_decorator' retrieved from /home/airflow/.local/lib/python3.12/site-packages/airflow/example_dags/example_bash_decorator.py
[2026-09-06T09:13:46.029+0000] {logging_mixin.py:190} INFO - [2026-09-06T09:13:46.029+0000] {dag.py:3239} INFO - Sync 1 DAGs
[2026-09-06T09:13:46.041+0000] {logging_mixin.py:190} INFO - [2026-09-06T09:13:46.040+0000] {dag.py:4180} INFO - Setting next_dagrun for example_bash_decorator to None, run_after=None
[2026-09-06T09:13:46.056+0000] {processor.py:208} INFO - Processing /home/airflow/.local/lib/python3.12/site-packages/airflow/example_dags/example_bash_decorator.py took 0.077 seconds
[2026-09-06T09:14:16.118+0000] {processor.py:186} INFO - Started process (PID=2625) to work on /home/airflow/.local/lib/python3.12/site-packages/airflow/example_dags/example_bash_decorator.py
[2026-09-06T09:14:16.119+0000] {processor.py:914} INFO - Processing file /home/airflow/.local/lib/python3.12/site-packages/airflow/example_dags/example_bash_decorator.py for tasks to queue
[2026-09-06T09:14:16.121+0000] {logging_mixin.py:190} INFO - [2026-09-06T09:14:16.121+0000] {dagbag.py:588} INFO - Filling up the DagBag from /home/airflow/.local/lib/python3.12/site-packages/airflow/example_dags/example_bash_decorator.py
[2026-09-06T09:14:16.132+0000] {processor.py:925} INFO - DAG(s) 'example_bash_decorator' retrieved from /home/airflow/.local/lib/python3.12/site-packages/airflow/example_dags/example_bash_decorator.py
[2026-09-06T09:14:16.150+0000] {logging_mixin.py:190} INFO - [2026-09-06T09:14:16.150+0000] {dag.py:3239} INFO - Sync 1 DAGs
[2026-09-06T09:14:16.161+0000] {logging_mixin.py:190} INFO - [2026-09-06T09:14:16.161+0000] {dag.py:4180} INFO - Setting next_dagrun for example_bash_decorator to None, run_after=None
[2026-09-06T09:14:16.175+0000] {processor.py:208} INFO - Processing /home/airflow/.local/lib/python3.12/site-packages/airflow/example_dags/example_bash_decorator.py took 0.061 seconds
[2026-09-06T09:14:46.224+0000] {processor.py:186} INFO - Started process (PID=2688) to work on /home/airflow/.local/lib/python3.12/site-packages/airflow/example_dags/example_bash_decorator.py
[2026-09-06T09:14:46.225+0000] {processor.py:914} INFO - Processing file /home/airflow/.local/lib/python3.12/site-packages/airflow/example_dags/example_bash_decorator.py for tasks to queue
[2026-09-06T09:14:46.227+0000] {logging_mixin.py:190} INFO - [2026-09-06T09:14:46.227+0000] {dagbag.py:588} INFO - Filling up the DagBag from /home/airflow/.local/lib/python3.12/site-packages/airflow/example_dags/example_bash_decorator.py
[2026-09-06T09:14:46.238+0000] {processor.py:925} INFO - DAG(s) 'example_bash_decorator' retrieved from /home/airflow/.local/lib/python3.12/site-packages/airflow/example_dags/example_bash_decorator.py
[2026-09-06T09:14:46.256+0000] {logging_mixin.py:190} INFO - [2026-09-06T09:14:46.255+0000] {dag.py:3239} INFO - Sync 1 DAGs
[2026-09-06T09:14:46.266+0000] {logging_mixin.py:190} INFO - [2026-09-06T09:14:46.266+0000] {dag.py:4180} INFO - Setting next_dagrun for example_bash_decorator to None, run_after=None
[2026-09-06T09:14:46.281+0000] {processor.py:208} INFO - Processing /home/airflow/.local/lib/python3.12/site-packages/airflow/example_dags/example_bash_decorator.py took 0.061 seconds
[2026-09-06T09:15:16.901+0000] {processor.py:186} INFO - Started process (PID=2752) to work on /home/airflow/.local/lib/python3.12/site-packages/airflow/example_dags/example_bash_decorator.py
[2026-09-06T09:15:16.902+0000] {processor.py:914} INFO - Processing file /home/airflow/.local/lib/python3.12/site-packages/airflow/example_dags/example_bash_decorator.py for tasks to queue
[2026-09-06T09:15:16.904+0000] {logging_mixin.py:190} INFO - [2026-09-06T09:15:16.904+0000] {dagbag.py:588} INFO - Filling up the DagBag from /home/airflow/.local/lib/python3.12/site-packages/airflow/example_dags/example_bash_decorator.py
[2026-09-06T09:15:16.916+0000] {processor.py:925} INFO - DAG(s) 'example_bash_decorator' retrieved from /home/airflow/.local/lib/python3.12/site-packages/airflow/example_dags/example_bash_decorator.py
[2026-09-06T09:15:16.934+0000] {logging_mixin.py:190} INFO - [2026-09-06T09:15:16.934+0000] {dag.py:3239} INFO - Sync 1 DAGs
[2026-09-06T09:15:16.944+0000] {logging_mixin.py:190} INFO - [2026-09-06T09:15:16.944+0000] {dag.py:4180} INFO - Setting next_dagrun for example_bash_decorator to None, run_after=None
[2026-09-06T09:15:16.958+0000] {processor.py:208} INFO - Processing /home/airflow/.local/lib/python3.12/site-packages/airflow/example_dags/example_bash_decorator.py took 0.061 seconds
[2026-09-06T09:15:47.422+0000] {processor.py:186} INFO - Started process (PID=2814) to work on /home/airflow/.local/lib/python3.12/site-packages/airflow/example_dags/example_bash_decorator.py
[2026-09-06T09:15:47.424+0000] {processor.py:914} INFO - Processing file /home/airflow/.local/lib/python3.12/site-packages/airflow/example_dags/example_bash_decorator.py for tasks to queue
[2026-09-06T09:15:47.426+0000] {logging_mixin.py:190} INFO - [2026-09-06T09:15:47.426+0000] {dagbag.py:588} INFO - Filling up the DagBag from /home/airflow/.local/lib/python3.12/site-packages/airflow/example_dags/example_bash_decorator.py
[2026-09-06T09:15:47.438+0000] {processor.py:925} INFO - DAG(s) 'example_bash_decorator' retrieved from /home/airflow/.local/lib/python3.12/site-packages/airflow/example_dags/example_bash_decorator.py
[2026-09-06T09:15:47.456+0000] {logging_mixin.py:190} INFO - [2026-09-06T09:15:47.455+0000] {dag.py:3239} INFO - Sync 1 DAGs
[2026-09-06T09:15:47.465+0000] {logging_mixin.py:190} INFO - [2026-09-06T09:15:47.465+0000] {dag.py:4180} INFO - Setting next_dagrun for example_bash_decorator to None, run_after=None
[2026-09-06T09:15:47.487+0000] {processor.py:208} INFO - Processing /home/airflow/.local/lib/python3.12/site-packages/airflow/example_dags/example_bash_decorator.py took 0.069 seconds
[2026-09-06T09:16:17.791+0000] {processor.py:186} INFO - Started process (PID=2878) to work on /home/airflow/.local/lib/python3.12/site-packages/airflow/example_dags/example_bash_decorator.py
[2026-09-06T09:16:17.792+0000] {processor.py:914} INFO - Processing file /home/airflow/.local/lib/python3.12/site-packages/airflow/example_dags/example_bash_decorator.py for tasks to queue
[2026-09-06T09:16:17.794+0000] {logging_mixin.py:190} INFO - [2026-09-06T09:16:17.794+0000] {dagbag.py:588} INFO - Filling up the DagBag from /home/airflow/.local/lib/python3.12/site-packages/airflow/example_dags/example_bash_decorator.py
[2026-09-06T09:16:17.805+0000] {processor.py:925} INFO - DAG(s) 'example_bash_decorator' retrieved from /home/airflow/.local/lib/python3.12/site-packages/airflow/example_dags/example_bash_decorator.py
[2026-09-06T09:16:17.821+0000] {logging_mixin.py:190} INFO - [2026-09-06T09:16:17.821+0000] {dag.py:3239} INFO - Sync 1 DAGs
[2026-09-06T09:16:17.831+0000] {logging_mixin.py:190} INFO - [2026-09-06T09:16:17.831+0000] {dag.py:4180} INFO - Setting next_dagrun for example_bash_decorator to None, run_after=None
[2026-09-06T09:16:17.845+0000] {processor.py:208} INFO - Processing /home/airflow/.local/lib/python3.12/site-packages/airflow/example_dags/example_bash_decorator.py took 0.058 seconds
[2026-09-06T09:16:49.991+0000] {processor.py:186} INFO - Started process (PID=2937) to work on /home/airflow/.local/lib/python3.12/site-packages/airflow/example_dags/example_bash_decorator.py
[2026-09-06T09:16:49.992+0000] {processor.py:914} INFO - Processing file /home/airflow/.local/lib/python3.12/site-packages/airflow/example_dags/example_bash_decorator.py for tasks to queue
[2026-09-06T09:16:49.994+0000] {logging_mixin.py:190} INFO - [2026-09-06T09:16:49.994+0000] {dagbag.py:588} INFO - Filling up the DagBag from /home/airflow/.local/lib/python3.12/site-packages/airflow/example_dags/example_bash_decorator.py
[2026-09-06T09:16:50.005+0000] {processor.py:925} INFO - DAG(s) 'example_bash_decorator' retrieved from /home/airflow/.local/lib/python3.12/site-packages/airflow/example_dags/example_bash_decorator.py
[2026-09-06T09:16:50.023+0000] {logging_mixin.py:190} INFO - [2026-09-06T09:16:50.022+0000] {dag.py:3239} INFO - Sync 1 DAGs
[2026-09-06T09:16:50.034+0000] {logging_mixin.py:190} INFO - [2026-09-06T09:16:50.034+0000] {dag.py:4180} INFO - Setting next_dagrun for example_bash_decorator to None, run_after=None
[2026-09-06T09:16:50.049+0000] {processor.py:208} INFO - Processing /home/airflow/.local/lib/python3.12/site-packages/airflow/example_dags/example_bash_decorator.py took 0.063 seconds
[2026-09-06T09:17:20.793+0000] {processor.py:186} INFO - Started process (PID=3001) to work on /home/airflow/.local/lib/python3.12/site-packages/airflow/example_dags/example_bash_decorator.py
[2026-09-06T09:17:20.794+0000] {processor.py:914} INFO - Processing file /home/airflow/.local/lib/python3.12/site-packages/airflow/example_dags/example_bash_decorator.py for tasks to queue
[2026-09-06T09:17:20.796+0000] {logging_mixin.py:190} INFO - [2026-09-06T09:17:20.795+0000] {dagbag.py:588} INFO - Filling up the DagBag from /home/airflow/.local/lib/python3.12/site-packages/airflow/example_dags/example_bash_decorator.py
[2026-09-06T09:17:20.807+0000] {processor.py:925} INFO - DAG(s) 'example_bash_decorator' retrieved from /home/airflow/.local/lib/python3.12/site-packages/airflow/example_dags/example_bash_decorator.py
[2026-09-06T09:17:20.825+0000] {logging_mixin.py:190} INFO - [2026-09-06T09:17:20.824+0000] {dag.py:3239} INFO - Sync 1 DAGs
[2026-09-06T09:17:20.836+0000] {logging_mixin.py:190} INFO - [2026-09-06T09:17:20.835+0000] {dag.py:4180} INFO - Setting next_dagrun for example_bash_decorator to None, run_after=None
[2026-09-06T09:17:20.858+0000] {processor.py:208} INFO - Processing /home/airflow/.local/lib/python3.12/site-packages/airflow/example_dags/example_bash_decorator.py took 0.069 seconds
[2026-09-06T09:17:50.976+0000] {processor.py:186} INFO - Started process (PID=3064) to work on /home/airflow/.local/lib/python3.12/site-packages/airflow/example_dags/example_bash_decorator.py
[2026-09-06T09:17:50.976+0000] {processor.py:914} INFO - Processing file /home/airflow/.local/lib/python3.12/site-packages/airflow/example_dags/example_bash_decorator.py for tasks to queue
[2026-09-06T09:17:50.978+0000] {logging_mixin.py:190} INFO - [2026-09-06T09:17:50.978+0000] {dagbag.py:588} INFO - Filling up the DagBag from /home/airflow/.local/lib/python3.12/site-packages/airflow/example_dags/example_bash_decorator.py
[2026-09-06T09:17:50.990+0000] {processor.py:925} INFO - DAG(s) 'example_bash_decorator' retrieved from /home/airflow/.local/lib/python3.12/site-packages/airflow/example_dags/example_bash_decorator.py
[2026-09-06T09:17:51.007+0000] {logging_mixin.py:190} INFO - [2026-09-06T09:17:51.007+0000] {dag.py:3239} INFO - Sync 1 DAGs
[2026-09-06T09:17:51.018+0000] {logging_mixin.py:190} INFO - [2026-09-06T09:17:51.018+0000] {dag.py:4180} INFO - Setting next_dagrun for example_bash_decorator to None, run_after=None
[2026-09-06T09:17:51.032+0000] {processor.py:208} INFO - Processing /home/airflow/.local/lib/python3.12/site-packages/airflow/example_dags/example_bash_decorator.py took 0.060 seconds
[2026-09-06T09:18:22.327+0000] {processor.py:186} INFO - Started process (PID=3126) to work on /home/airflow/.local/lib/python3.12/site-packages/airflow/example_dags/example_bash_decorator.py
[2026-09-06T09:18:22.328+0000] {processor.py:914} INFO - Processing file /home/airflow/.local/lib/python3.12/site-packages/airflow/example_dags/example_bash_decorator.py for tasks to queue
[2026-09-06T09:18:22.331+0000] {logging_mixin.py:190} INFO - [2026-09-06T09:18:22.331+0000] {dagbag.py:588} INFO - Filling up the DagBag from /home/airflow/.local/lib/python3.12/site-packages/airflow/example_dags/example_bash_decorator.py
[2026-09-06T09:18:22.347+0000] {processor.py:925} INFO - DAG(s) 'example_bash_decorator' retrieved from /home/airflow/.local/lib/python3.12/site-packages/airflow/example_dags/example_bash_decorator.py
[2026-09-06T09:18:22.368+0000] {logging_mixin.py:190} INFO - [2026-09-06T09:18:22.368+0000] {dag.py:3239} INFO - Sync 1 DAGs
[2026-09-06T09:18:22.380+0000] {logging_mixin.py:190} INFO - [2026-09-06T09:18:22.380+0000] {dag.py:4180} INFO - Setting next_dagrun for example_bash_decorator to None, run_after=None
[2026-09-06T09:18:22.394+0000] {processor.py:208} INFO - Processing /home/airflow/.local/lib/python3.12/site-packages/airflow/example_dags/example_bash_decorator.py took 0.073 seconds
[2026-09-06T09:18:55.940+0000] {processor.py:186} INFO - Started process (PID=3190) to work on /home/airflow/.local/lib/python3.12/site-packages/airflow/example_dags/example_bash_decorator.py
[2026-09-06T09:18:55.941+0000] {processor.py:914} INFO - Processing file /home/airflow/.local/lib/python3.12/site-packages/airflow/example_dags/example_bash_decorator.py for tasks to queue
[2026-09-06T09:18:55.943+0000] {logging_mixin.py:190} INFO - [2026-09-06T09:18:55.942+0000] {dagbag.py:588} INFO - Filling up the DagBag from /home/airflow/.local/lib/python3.12/site-packages/airflow/example_dags/example_bash_decorator.py
[2026-09-06T09:18:55.955+0000] {processor.py:925} INFO - DAG(s) 'example_bash_decorator' retrieved from /home/airflow/.local/lib/python3.12/site-packages/airflow/example_dags/example_bash_decorator.py
[2026-09-06T09:18:56.179+0000] {logging_mixin.py:190} INFO - [2026-09-06T09:18:56.178+0000] {dag.py:3239} INFO - Sync 1 DAGs
[2026-09-06T09:18:56.189+0000] {logging_mixin.py:190} INFO - [2026-09-06T09:18:56.189+0000] {dag.py:4180} INFO - Setting next_dagrun for example_bash_decorator to None, run_after=None
[2026-09-06T09:18:56.203+0000] {processor.py:208} INFO - Processing /home/airflow/.local/lib/python3.12/site-packages/airflow/example_dags/example_bash_decorator.py took 0.267 seconds
[2026-09-06T09:19:26.982+0000] {processor.py:186} INFO - Started process (PID=3254) to work on /home/airflow/.local/lib/python3.12/site-packages/airflow/example_dags/example_bash_decorator.py
[2026-09-06T09:19:26.983+0000] {processor.py:914} INFO - Processing file /home/airflow/.local/lib/python3.12/site-packages/airflow/example_dags/example_bash_decorator.py for tasks to queue
[2026-09-06T09:19:26.986+0000] {logging_mixin.py:190} INFO - [2026-09-06T09:19:26.985+0000] {dagbag.py:588} INFO - Filling up the DagBag from /home/airflow/.local/lib/python3.12/site-packages/airflow/example_dags/example_bash_decorator.py
[2026-09-06T09:19:26.998+0000] {processor.py:925} INFO - DAG(s) 'example_bash_decorator' retrieved from /home/airflow/.local/lib/python3.12/site-packages/airflow/example_dags/example_bash_decorator.py
[2026-09-06T09:19:27.016+0000] {logging_mixin.py:190} INFO - [2026-09-06T09:19:27.016+0000] {dag.py:3239} INFO - Sync 1 DAGs
[2026-09-06T09:19:27.200+0000] {logging_mixin.py:190} INFO - [2026-09-06T09:19:27.200+0000] {dag.py:4180} INFO - Setting next_dagrun for example_bash_decorator to None, run_after=None
[2026-09-06T09:19:27.215+0000] {processor.py:208} INFO - Processing /home/airflow/.local/lib/python3.12/site-packages/airflow/example_dags/example_bash_decorator.py took 0.238 seconds
[2026-09-06T09:19:57.447+0000] {processor.py:186} INFO - Started process (PID=3318) to work on /home/airflow/.local/lib/python3.12/site-packages/airflow/example_dags/example_bash_decorator.py
[2026-09-06T09:19:57.448+0000] {processor.py:914} INFO - Processing file /home/airflow/.local/lib/python3.12/site-packages/airflow/example_dags/example_bash_decorator.py for tasks to queue
[2026-09-06T09:19:57.450+0000] {logging_mixin.py:190} INFO - [2026-09-06T09:19:57.449+0000] {dagbag.py:588} INFO - Filling up the DagBag from /home/airflow/.local/lib/python3.12/site-packages/airflow/example_dags/example_bash_decorator.py
[2026-09-06T09:19:57.461+0000] {processor.py:925} INFO - DAG(s) 'example_bash_decorator' retrieved from /home/airflow/.local/lib/python3.12/site-packages/airflow/example_dags/example_bash_decorator.py
[2026-09-06T09:19:57.478+0000] {logging_mixin.py:190} INFO - [2026-09-06T09:19:57.478+0000] {dag.py:3239} INFO - Sync 1 DAGs
[2026-09-06T09:19:57.488+0000] {logging_mixin.py:190} INFO - [2026-09-06T09:19:57.488+0000] {dag.py:4180} INFO - Setting next_dagrun for example_bash_decorator to None, run_after=None
[2026-09-06T09:19:57.501+0000] {processor.py:208} INFO - Processing /home/airflow/.local/lib/python3.12/site-packages/airflow/example_dags/example_bash_decorator.py took 0.060 seconds
[2026-09-06T09:20:27.734+0000] {processor.py:186} INFO - Started process (PID=3382) to work on /home/airflow/.local/lib/python3.12/site-packages/airflow/example_dags/example_bash_decorator.py
[2026-09-06T09:20:27.735+0000] {processor.py:914} INFO - Processing file /home/airflow/.local/lib/python3.12/site-packages/airflow/example_dags/example_bash_decorator.py for tasks to queue
[2026-09-06T09:20:27.737+0000] {logging_mixin.py:190} INFO - [2026-09-06T09:20:27.737+0000] {dagbag.py:588} INFO - Filling up the DagBag from /home/airflow/.local/lib/python3.12/site-packages/airflow/example_dags/example_bash_decorator.py
[2026-09-06T09:20:27.750+0000] {processor.py:925} INFO - DAG(s) 'example_bash_decorator' retrieved from /home/airflow/.local/lib/python3.12/site-packages/airflow/example_dags/example_bash_decorator.py
[2026-09-06T09:20:27.767+0000] {logging_mixin.py:190} INFO - [2026-09-06T09:20:27.767+0000] {dag.py:3239} INFO - Sync 1 DAGs
[2026-09-06T09:20:27.777+0000] {logging_mixin.py:190} INFO - [2026-09-06T09:20:27.777+0000] {dag.py:4180} INFO - Setting next_dagrun for example_bash_decorator to None, run_after=None
[2026-09-06T09:20:27.792+0000] {processor.py:208} INFO - Processing /home/airflow/.local/lib/python3.12/site-packages/airflow/example_dags/example_bash_decorator.py took 0.063 seconds
[2026-09-06T09:20:58.086+0000] {processor.py:186} INFO - Started process (PID=3435) to work on /home/airflow/.local/lib/python3.12/site-packages/airflow/example_dags/example_bash_decorator.py
[2026-09-06T09:20:58.087+0000] {processor.py:914} INFO - Processing file /home/airflow/.local/lib/python3.12/site-packages/airflow/example_dags/example_bash_decorator.py for tasks to queue
[2026-09-06T09:20:58.090+0000] {logging_mixin.py:190} INFO - [2026-09-06T09:20:58.090+0000] {dagbag.py:588} INFO - Filling up the DagBag from /home/airflow/.local/lib/python3.12/site-packages/airflow/example_dags/example_bash_decorator.py
[2026-09-06T09:20:58.102+0000] {processor.py:925} INFO - DAG(s) 'example_bash_decorator' retrieved from /home/airflow/.local/lib/python3.12/site-packages/airflow/example_dags/example_bash_decorator.py
[2026-09-06T09:20:58.120+0000] {logging_mixin.py:190} INFO - [2026-09-06T09:20:58.120+0000] {dag.py:3239} INFO - Sync 1 DAGs
[2026-09-06T09:20:58.131+0000] {logging_mixin.py:190} INFO - [2026-09-06T09:20:58.131+0000] {dag.py:4180} INFO - Setting next_dagrun for example_bash_decorator to None, run_after=None
[2026-09-06T09:20:58.146+0000] {processor.py:208} INFO - Processing /home/airflow/.local/lib/python3.12/site-packages/airflow/example_dags/example_bash_decorator.py took 0.065 seconds
[2026-09-06T09:21:28.306+0000] {processor.py:186} INFO - Started process (PID=3499) to work on /home/airflow/.local/lib/python3.12/site-packages/airflow/example_dags/example_bash_decorator.py
[2026-09-06T09:21:28.307+0000] {processor.py:914} INFO - Processing file /home/airflow/.local/lib/python3.12/site-packages/airflow/example_dags/example_bash_decorator.py for tasks to queue
[2026-09-06T09:21:28.310+0000] {logging_mixin.py:190} INFO - [2026-09-06T09:21:28.310+0000] {dagbag.py:588} INFO - Filling up the DagBag from /home/airflow/.local/lib/python3.12/site-packages/airflow/example_dags/example_bash_decorator.py
[2026-09-06T09:21:28.324+0000] {processor.py:925} INFO - DAG(s) 'example_bash_decorator' retrieved from /home/airflow/.local/lib/python3.12/site-packages/airflow/example_dags/example_bash_decorator.py
[2026-09-06T09:21:28.341+0000] {logging_mixin.py:190} INFO - [2026-09-06T09:21:28.341+0000] {dag.py:3239} INFO - Sync 1 DAGs
[2026-09-06T09:21:28.352+0000] {logging_mixin.py:190} INFO - [2026-09-06T09:21:28.352+0000] {dag.py:4180} INFO - Setting next_dagrun for example_bash_decorator to None, run_after=None
[2026-09-06T09:21:28.366+0000] {processor.py:208} INFO - Processing /home/airflow/.local/lib/python3.12/site-packages/airflow/example_dags/example_bash_decorator.py took 0.066 seconds
[2026-09-06T09:21:58.607+0000] {processor.py:186} INFO - Started process (PID=3563) to work on /home/airflow/.local/lib/python3.12/site-packages/airflow/example_dags/example_bash_decorator.py
[2026-09-06T09:21:58.608+0000] {processor.py:914} INFO - Processing file /home/airflow/.local/lib/python3.12/site-packages/airflow/example_dags/example_bash_decorator.py for tasks to queue
[2026-09-06T09:21:58.610+0000] {logging_mixin.py:190} INFO - [2026-09-06T09:21:58.610+0000] {dagbag.py:588} INFO - Filling up the DagBag from /home/airflow/.local/lib/python3.12/site-packages/airflow/example_dags/example_bash_decorator.py
[2026-09-06T09:21:58.622+0000] {processor.py:925} INFO - DAG(s) 'example_bash_decorator' retrieved from /home/airflow/.local/lib/python3.12/site-packages/airflow/example_dags/example_bash_decorator.py
[2026-09-06T09:21:58.640+0000] {logging_mixin.py:190} INFO - [2026-09-06T09:21:58.640+0000] {dag.py:3239} INFO - Sync 1 DAGs
[2026-09-06T09:21:58.651+0000] {logging_mixin.py:190} INFO - [2026-09-06T09:21:58.651+0000] {dag.py:4180} INFO - Setting next_dagrun for example_bash_decorator to None, run_after=None
[2026-09-06T09:21:58.665+0000] {processor.py:208} INFO - Processing /home/airflow/.local/lib/python3.12/site-packages/airflow/example_dags/example_bash_decorator.py took 0.063 seconds
[2026-09-06T09:22:29.531+0000] {processor.py:186} INFO - Started process (PID=3627) to work on /home/airflow/.local/lib/python3.12/site-packages/airflow/example_dags/example_bash_decorator.py
[2026-09-06T09:22:29.532+0000] {processor.py:914} INFO - Processing file /home/airflow/.local/lib/python3.12/site-packages/airflow/example_dags/example_bash_decorator.py for tasks to queue
[2026-09-06T09:22:29.534+0000] {logging_mixin.py:190} INFO - [2026-09-06T09:22:29.534+0000] {dagbag.py:588} INFO - Filling up the DagBag from /home/airflow/.local/lib/python3.12/site-packages/airflow/example_dags/example_bash_decorator.py
[2026-09-06T09:22:29.545+0000] {processor.py:925} INFO - DAG(s) 'example_bash_decorator' retrieved from /home/airflow/.local/lib/python3.12/site-packages/airflow/example_dags/example_bash_decorator.py
[2026-09-06T09:22:29.562+0000] {logging_mixin.py:190} INFO - [2026-09-06T09:22:29.562+0000] {dag.py:3239} INFO - Sync 1 DAGs
[2026-09-06T09:22:29.577+0000] {logging_mixin.py:190} INFO - [2026-09-06T09:22:29.577+0000] {dag.py:4180} INFO - Setting next_dagrun for example_bash_decorator to None, run_after=None
[2026-09-06T09:22:29.595+0000] {processor.py:208} INFO - Processing /home/airflow/.local/lib/python3.12/site-packages/airflow/example_dags/example_bash_decorator.py took 0.069 seconds
[2026-09-06T09:23:00.651+0000] {processor.py:186} INFO - Started process (PID=3697) to work on /home/airflow/.local/lib/python3.12/site-packages/airflow/example_dags/example_bash_decorator.py
[2026-09-06T09:23:00.652+0000] {processor.py:914} INFO - Processing file /home/airflow/.local/lib/python3.12/site-packages/airflow/example_dags/example_bash_decorator.py for tasks to queue
[2026-09-06T09:23:00.654+0000] {logging_mixin.py:190} INFO - [2026-09-06T09:23:00.654+0000] {dagbag.py:588} INFO - Filling up the DagBag from /home/airflow/.local/lib/python3.12/site-packages/airflow/example_dags/example_bash_decorator.py
[2026-09-06T09:23:00.666+0000] {processor.py:925} INFO - DAG(s) 'example_bash_decorator' retrieved from /home/airflow/.local/lib/python3.12/site-packages/airflow/example_dags/example_bash_decorator.py
[2026-09-06T09:23:00.685+0000] {logging_mixin.py:190} INFO - [2026-09-06T09:23:00.685+0000] {dag.py:3239} INFO - Sync 1 DAGs
[2026-09-06T09:23:00.695+0000] {logging_mixin.py:190} INFO - [2026-09-06T09:23:00.695+0000] {dag.py:4180} INFO - Setting next_dagrun for example_bash_decorator to None, run_after=None
[2026-09-06T09:23:00.711+0000] {processor.py:208} INFO - Processing /home/airflow/.local/lib/python3.12/site-packages/airflow/example_dags/example_bash_decorator.py took 0.064 seconds
[2026-09-06T09:23:30.924+0000] {processor.py:186} INFO - Started process (PID=3750) to work on /home/airflow/.local/lib/python3.12/site-packages/airflow/example_dags/example_bash_decorator.py
[2026-09-06T09:23:30.925+0000] {processor.py:914} INFO - Processing file /home/airflow/.local/lib/python3.12/site-packages/airflow/example_dags/example_bash_decorator.py for tasks to queue
[2026-09-06T09:23:30.927+0000] {logging_mixin.py:190} INFO - [2026-09-06T09:23:30.927+0000] {dagbag.py:588} INFO - Filling up the DagBag from /home/airflow/.local/lib/python3.12/site-packages/airflow/example_dags/example_bash_decorator.py
[2026-09-06T09:23:30.940+0000] {processor.py:925} INFO - DAG(s) 'example_bash_decorator' retrieved from /home/airflow/.local/lib/python3.12/site-packages/airflow/example_dags/example_bash_decorator.py
[2026-09-06T09:23:30.959+0000] {logging_mixin.py:190} INFO - [2026-09-06T09:23:30.959+0000] {dag.py:3239} INFO - Sync 1 DAGs
[2026-09-06T09:23:30.971+0000] {logging_mixin.py:190} INFO - [2026-09-06T09:23:30.970+0000] {dag.py:4180} INFO - Setting next_dagrun for example_bash_decorator to None, run_after=None
[2026-09-06T09:23:30.985+0000] {processor.py:208} INFO - Processing /home/airflow/.local/lib/python3.12/site-packages/airflow/example_dags/example_bash_decorator.py took 0.066 seconds
[2026-09-06T09:24:01.770+0000] {processor.py:186} INFO - Started process (PID=3812) to work on /home/airflow/.local/lib/python3.12/site-packages/airflow/example_dags/example_bash_decorator.py
[2026-09-06T09:24:01.771+0000] {processor.py:914} INFO - Processing file /home/airflow/.local/lib/python3.12/site-packages/airflow/example_dags/example_bash_decorator.py for tasks to queue
[2026-09-06T09:24:01.773+0000] {logging_mixin.py:190} INFO - [2026-09-06T09:24:01.773+0000] {dagbag.py:588} INFO - Filling up the DagBag from /home/airflow/.local/lib/python3.12/site-packages/airflow/example_dags/example_bash_decorator.py
[2026-09-06T09:24:01.784+0000] {processor.py:925} INFO - DAG(s) 'example_bash_decorator' retrieved from /home/airflow/.local/lib/python3.12/site-packages/airflow/example_dags/example_bash_decorator.py
[2026-09-06T09:24:01.802+0000] {logging_mixin.py:190} INFO - [2026-09-06T09:24:01.802+0000] {dag.py:3239} INFO - Sync 1 DAGs
[2026-09-06T09:24:01.812+0000] {logging_mixin.py:190} INFO - [2026-09-06T09:24:01.812+0000] {dag.py:4180} INFO - Setting next_dagrun for example_bash_decorator to None, run_after=None
[2026-09-06T09:24:01.826+0000] {processor.py:208} INFO - Processing /home/airflow/.local/lib/python3.12/site-packages/airflow/example_dags/example_bash_decorator.py took 0.062 seconds
[2026-09-06T09:24:32.158+0000] {processor.py:186} INFO - Started process (PID=3868) to work on /home/airflow/.local/lib/python3.12/site-packages/airflow/example_dags/example_bash_decorator.py
[2026-09-06T09:24:32.159+0000] {processor.py:914} INFO - Processing file /home/airflow/.local/lib/python3.12/site-packages/airflow/example_dags/example_bash_decorator.py for tasks to queue
[2026-09-06T09:24:32.162+0000] {logging_mixin.py:190} INFO - [2026-09-06T09:24:32.162+0000] {dagbag.py:588} INFO - Filling up the DagBag from /home/airflow/.local/lib/python3.12/site-packages/airflow/example_dags/example_bash_decorator.py
[2026-09-06T09:24:32.176+0000] {processor.py:925} INFO - DAG(s) 'example_bash_decorator' retrieved from /home/airflow/.local/lib/python3.12/site-packages/airflow/example_dags/example_bash_decorator.py
[2026-09-06T09:24:32.196+0000] {logging_mixin.py:190} INFO - [2026-09-06T09:24:32.196+0000] {dag.py:3239} INFO - Sync 1 DAGs
[2026-09-06T09:24:32.210+0000] {logging_mixin.py:190} INFO - [2026-09-06T09:24:32.210+0000] {dag.py:4180} INFO - Setting next_dagrun for example_bash_decorator to None, run_after=None
[2026-09-06T09:24:32.230+0000] {processor.py:208} INFO - Processing /home/airflow/.local/lib/python3.12/site-packages/airflow/example_dags/example_bash_decorator.py took 0.080 seconds
[2026-09-06T09:25:02.297+0000] {processor.py:186} INFO - Started process (PID=3932) to work on /home/airflow/.local/lib/python3.12/site-packages/airflow/example_dags/example_bash_decorator.py
[2026-09-06T09:25:02.299+0000] {processor.py:914} INFO - Processing file /home/airflow/.local/lib/python3.12/site-packages/airflow/example_dags/example_bash_decorator.py for tasks to queue
[2026-09-06T09:25:02.301+0000] {logging_mixin.py:190} INFO - [2026-09-06T09:25:02.301+0000] {dagbag.py:588} INFO - Filling up the DagBag from /home/airflow/.local/lib/python3.12/site-packages/airflow/example_dags/example_bash_decorator.py
[2026-09-06T09:25:02.313+0000] {processor.py:925} INFO - DAG(s) 'example_bash_decorator' retrieved from /home/airflow/.local/lib/python3.12/site-packages/airflow/example_dags/example_bash_decorator.py
[2026-09-06T09:25:02.332+0000] {logging_mixin.py:190} INFO - [2026-09-06T09:25:02.332+0000] {dag.py:3239} INFO - Sync 1 DAGs
[2026-09-06T09:25:02.342+0000] {logging_mixin.py:190} INFO - [2026-09-06T09:25:02.342+0000] {dag.py:4180} INFO - Setting next_dagrun for example_bash_decorator to None, run_after=None
[2026-09-06T09:25:02.356+0000] {processor.py:208} INFO - Processing /home/airflow/.local/lib/python3.12/site-packages/airflow/example_dags/example_bash_decorator.py took 0.064 seconds
[2026-09-06T09:25:32.480+0000] {processor.py:186} INFO - Started process (PID=3996) to work on /home/airflow/.local/lib/python3.12/site-packages/airflow/example_dags/example_bash_decorator.py
[2026-09-06T09:25:32.481+0000] {processor.py:914} INFO - Processing file /home/airflow/.local/lib/python3.12/site-packages/airflow/example_dags/example_bash_decorator.py for tasks to queue
[2026-09-06T09:25:32.483+0000] {logging_mixin.py:190} INFO - [2026-09-06T09:25:32.483+0000] {dagbag.py:588} INFO - Filling up the DagBag from /home/airflow/.local/lib/python3.12/site-packages/airflow/example_dags/example_bash_decorator.py
[2026-09-06T09:25:32.495+0000] {processor.py:925} INFO - DAG(s) 'example_bash_decorator' retrieved from /home/airflow/.local/lib/python3.12/site-packages/airflow/example_dags/example_bash_decorator.py
[2026-09-06T09:25:32.512+0000] {logging_mixin.py:190} INFO - [2026-09-06T09:25:32.512+0000] {dag.py:3239} INFO - Sync 1 DAGs
[2026-09-06T09:25:32.523+0000] {logging_mixin.py:190} INFO - [2026-09-06T09:25:32.523+0000] {dag.py:4180} INFO - Setting next_dagrun for example_bash_decorator to None, run_after=None
[2026-09-06T09:25:32.538+0000] {processor.py:208} INFO - Processing /home/airflow/.local/lib/python3.12/site-packages/airflow/example_dags/example_bash_decorator.py took 0.064 seconds
[2026-09-06T09:26:02.869+0000] {processor.py:186} INFO - Started process (PID=4060) to work on /home/airflow/.local/lib/python3.12/site-packages/airflow/example_dags/example_bash_decorator.py
[2026-09-06T09:26:02.870+0000] {processor.py:914} INFO - Processing file /home/airflow/.local/lib/python3.12/site-packages/airflow/example_dags/example_bash_decorator.py for tasks to queue
[2026-09-06T09:26:02.872+0000] {logging_mixin.py:190} INFO - [2026-09-06T09:26:02.872+0000] {dagbag.py:588} INFO - Filling up the DagBag from /home/airflow/.local/lib/python3.12/site-packages/airflow/example_dags/example_bash_decorator.py
[2026-09-06T09:26:02.884+0000] {processor.py:925} INFO - DAG(s) 'example_bash_decorator' retrieved from /home/airflow/.local/lib/python3.12/site-packages/airflow/example_dags/example_bash_decorator.py
[2026-09-06T09:26:02.901+0000] {logging_mixin.py:190} INFO - [2026-09-06T09:26:02.901+0000] {dag.py:3239} INFO - Sync 1 DAGs
[2026-09-06T09:26:02.912+0000] {logging_mixin.py:190} INFO - [2026-09-06T09:26:02.912+0000] {dag.py:4180} INFO - Setting next_dagrun for example_bash_decorator to None, run_after=None
[2026-09-06T09:26:02.928+0000] {processor.py:208} INFO - Processing /home/airflow/.local/lib/python3.12/site-packages/airflow/example_dags/example_bash_decorator.py took 0.064 seconds
[2026-09-06T09:26:33.540+0000] {processor.py:186} INFO - Started process (PID=4124) to work on /home/airflow/.local/lib/python3.12/site-packages/airflow/example_dags/example_bash_decorator.py
[2026-09-06T09:26:33.541+0000] {processor.py:914} INFO - Processing file /home/airflow/.local/lib/python3.12/site-packages/airflow/example_dags/example_bash_decorator.py for tasks to queue
[2026-09-06T09:26:33.543+0000] {logging_mixin.py:190} INFO - [2026-09-06T09:26:33.543+0000] {dagbag.py:588} INFO - Filling up the DagBag from /home/airflow/.local/lib/python3.12/site-packages/airflow/example_dags/example_bash_decorator.py
[2026-09-06T09:26:33.554+0000] {processor.py:925} INFO - DAG(s) 'example_bash_decorator' retrieved from /home/airflow/.local/lib/python3.12/site-packages/airflow/example_dags/example_bash_decorator.py
[2026-09-06T09:26:33.570+0000] {logging_mixin.py:190} INFO - [2026-09-06T09:26:33.570+0000] {dag.py:3239} INFO - Sync 1 DAGs
[2026-09-06T09:26:33.581+0000] {logging_mixin.py:190} INFO - [2026-09-06T09:26:33.580+0000] {dag.py:4180} INFO - Setting next_dagrun for example_bash_decorator to None, run_after=None
[2026-09-06T09:26:33.596+0000] {processor.py:208} INFO - Processing /home/airflow/.local/lib/python3.12/site-packages/airflow/example_dags/example_bash_decorator.py took 0.061 seconds
[2026-09-06T09:27:03.787+0000] {processor.py:186} INFO - Started process (PID=4189) to work on /home/airflow/.local/lib/python3.12/site-packages/airflow/example_dags/example_bash_decorator.py
[2026-09-06T09:27:03.788+0000] {processor.py:914} INFO - Processing file /home/airflow/.local/lib/python3.12/site-packages/airflow/example_dags/example_bash_decorator.py for tasks to queue
[2026-09-06T09:27:03.790+0000] {logging_mixin.py:190} INFO - [2026-09-06T09:27:03.790+0000] {dagbag.py:588} INFO - Filling up the DagBag from /home/airflow/.local/lib/python3.12/site-packages/airflow/example_dags/example_bash_decorator.py
[2026-09-06T09:27:03.802+0000] {processor.py:925} INFO - DAG(s) 'example_bash_decorator' retrieved from /home/airflow/.local/lib/python3.12/site-packages/airflow/example_dags/example_bash_decorator.py
[2026-09-06T09:27:03.821+0000] {logging_mixin.py:190} INFO - [2026-09-06T09:27:03.821+0000] {dag.py:3239} INFO - Sync 1 DAGs
[2026-09-06T09:27:03.832+0000] {logging_mixin.py:190} INFO - [2026-09-06T09:27:03.832+0000] {dag.py:4180} INFO - Setting next_dagrun for example_bash_decorator to None, run_after=None
[2026-09-06T09:27:03.846+0000] {processor.py:208} INFO - Processing /home/airflow/.local/lib/python3.12/site-packages/airflow/example_dags/example_bash_decorator.py took 0.064 seconds
[2026-09-06T09:27:33.982+0000] {processor.py:186} INFO - Started process (PID=4253) to work on /home/airflow/.local/lib/python3.12/site-packages/airflow/example_dags/example_bash_decorator.py
[2026-09-06T09:27:33.983+0000] {processor.py:914} INFO - Processing file /home/airflow/.local/lib/python3.12/site-packages/airflow/example_dags/example_bash_decorator.py for tasks to queue
[2026-09-06T09:27:33.986+0000] {logging_mixin.py:190} INFO - [2026-09-06T09:27:33.985+0000] {dagbag.py:588} INFO - Filling up the DagBag from /home/airflow/.local/lib/python3.12/site-packages/airflow/example_dags/example_bash_decorator.py
[2026-09-06T09:27:33.996+0000] {processor.py:925} INFO - DAG(s) 'example_bash_decorator' retrieved from /home/airflow/.local/lib/python3.12/site-packages/airflow/example_dags/example_bash_decorator.py
[2026-09-06T09:27:34.012+0000] {logging_mixin.py:190} INFO - [2026-09-06T09:27:34.012+0000] {dag.py:3239} INFO - Sync 1 DAGs
[2026-09-06T09:27:34.022+0000] {logging_mixin.py:190} INFO - [2026-09-06T09:27:34.022+0000] {dag.py:4180} INFO - Setting next_dagrun for example_bash_decorator to None, run_after=None
[2026-09-06T09:27:34.035+0000] {processor.py:208} INFO - Processing /home/airflow/.local/lib/python3.12/site-packages/airflow/example_dags/example_bash_decorator.py took 0.057 seconds
[2026-09-06T09:28:04.495+0000] {processor.py:186} INFO - Started process (PID=4317) to work on /home/airflow/.local/lib/python3.12/site-packages/airflow/example_dags/example_bash_decorator.py
[2026-09-06T09:28:04.497+0000] {processor.py:914} INFO - Processing file /home/airflow/.local/lib/python3.12/site-packages/airflow/example_dags/example_bash_decorator.py for tasks to queue
[2026-09-06T09:28:04.501+0000] {logging_mixin.py:190} INFO - [2026-09-06T09:28:04.500+0000] {dagbag.py:588} INFO - Filling up the DagBag from /home/airflow/.local/lib/python3.12/site-packages/airflow/example_dags/example_bash_decorator.py
[2026-09-06T09:28:04.518+0000] {processor.py:925} INFO - DAG(s) 'example_bash_decorator' retrieved from /home/airflow/.local/lib/python3.12/site-packages/airflow/example_dags/example_bash_decorator.py
[2026-09-06T09:28:04.540+0000] {logging_mixin.py:190} INFO - [2026-09-06T09:28:04.540+0000] {dag.py:3239} INFO - Sync 1 DAGs
[2026-09-06T09:28:04.552+0000] {logging_mixin.py:190} INFO - [2026-09-06T09:28:04.552+0000] {dag.py:4180} INFO - Setting next_dagrun for example_bash_decorator to None, run_after=None
[2026-09-06T09:28:04.569+0000] {processor.py:208} INFO - Processing /home/airflow/.local/lib/python3.12/site-packages/airflow/example_dags/example_bash_decorator.py took 0.086 seconds
[2026-09-06T09:28:35.183+0000] {processor.py:186} INFO - Started process (PID=4381) to work on /home/airflow/.local/lib/python3.12/site-packages/airflow/example_dags/example_bash_decorator.py
[2026-09-06T09:28:35.184+0000] {processor.py:914} INFO - Processing file /home/airflow/.local/lib/python3.12/site-packages/airflow/example_dags/example_bash_decorator.py for tasks to queue
[2026-09-06T09:28:35.187+0000] {logging_mixin.py:190} INFO - [2026-09-06T09:28:35.186+0000] {dagbag.py:588} INFO - Filling up the DagBag from /home/airflow/.local/lib/python3.12/site-packages/airflow/example_dags/example_bash_decorator.py
[2026-09-06T09:28:35.201+0000] {processor.py:925} INFO - DAG(s) 'example_bash_decorator' retrieved from /home/airflow/.local/lib/python3.12/site-packages/airflow/example_dags/example_bash_decorator.py
[2026-09-06T09:28:35.226+0000] {logging_mixin.py:190} INFO - [2026-09-06T09:28:35.226+0000] {dag.py:3239} INFO - Sync 1 DAGs
[2026-09-06T09:28:35.238+0000] {logging_mixin.py:190} INFO - [2026-09-06T09:28:35.238+0000] {dag.py:4180} INFO - Setting next_dagrun for example_bash_decorator to None, run_after=None
[2026-09-06T09:28:35.256+0000] {processor.py:208} INFO - Processing /home/airflow/.local/lib/python3.12/site-packages/airflow/example_dags/example_bash_decorator.py took 0.081 seconds
[2026-09-06T09:29:05.533+0000] {processor.py:186} INFO - Started process (PID=4445) to work on /home/airflow/.local/lib/python3.12/site-packages/airflow/example_dags/example_bash_decorator.py
[2026-09-06T09:29:05.535+0000] {processor.py:914} INFO - Processing file /home/airflow/.local/lib/python3.12/site-packages/airflow/example_dags/example_bash_decorator.py for tasks to queue
[2026-09-06T09:29:05.537+0000] {logging_mixin.py:190} INFO - [2026-09-06T09:29:05.537+0000] {dagbag.py:588} INFO - Filling up the DagBag from /home/airflow/.local/lib/python3.12/site-packages/airflow/example_dags/example_bash_decorator.py
[2026-09-06T09:29:05.548+0000] {processor.py:925} INFO - DAG(s) 'example_bash_decorator' retrieved from /home/airflow/.local/lib/python3.12/site-packages/airflow/example_dags/example_bash_decorator.py
[2026-09-06T09:29:05.567+0000] {logging_mixin.py:190} INFO - [2026-09-06T09:29:05.567+0000] {dag.py:3239} INFO - Sync 1 DAGs
[2026-09-06T09:29:05.577+0000] {logging_mixin.py:190} INFO - [2026-09-06T09:29:05.577+0000] {dag.py:4180} INFO - Setting next_dagrun for example_bash_decorator to None, run_after=None
[2026-09-06T09:29:05.592+0000] {processor.py:208} INFO - Processing /home/airflow/.local/lib/python3.12/site-packages/airflow/example_dags/example_bash_decorator.py took 0.065 seconds
[2026-09-06T09:29:35.665+0000] {processor.py:186} INFO - Started process (PID=4509) to work on /home/airflow/.local/lib/python3.12/site-packages/airflow/example_dags/example_bash_decorator.py
[2026-09-06T09:29:35.666+0000] {processor.py:914} INFO - Processing file /home/airflow/.local/lib/python3.12/site-packages/airflow/example_dags/example_bash_decorator.py for tasks to queue
[2026-09-06T09:29:35.669+0000] {logging_mixin.py:190} INFO - [2026-09-06T09:29:35.668+0000] {dagbag.py:588} INFO - Filling up the DagBag from /home/airflow/.local/lib/python3.12/site-packages/airflow/example_dags/example_bash_decorator.py
[2026-09-06T09:29:35.680+0000] {processor.py:925} INFO - DAG(s) 'example_bash_decorator' retrieved from /home/airflow/.local/lib/python3.12/site-packages/airflow/example_dags/example_bash_decorator.py
[2026-09-06T09:29:35.695+0000] {logging_mixin.py:190} INFO - [2026-09-06T09:29:35.695+0000] {dag.py:3239} INFO - Sync 1 DAGs
[2026-09-06T09:29:35.705+0000] {logging_mixin.py:190} INFO - [2026-09-06T09:29:35.705+0000] {dag.py:4180} INFO - Setting next_dagrun for example_bash_decorator to None, run_after=None
[2026-09-06T09:29:35.720+0000] {processor.py:208} INFO - Processing /home/airflow/.local/lib/python3.12/site-packages/airflow/example_dags/example_bash_decorator.py took 0.060 seconds
[2026-09-06T09:30:06.397+0000] {processor.py:186} INFO - Started process (PID=4573) to work on /home/airflow/.local/lib/python3.12/site-packages/airflow/example_dags/example_bash_decorator.py
[2026-09-06T09:30:06.398+0000] {processor.py:914} INFO - Processing file /home/airflow/.local/lib/python3.12/site-packages/airflow/example_dags/example_bash_decorator.py for tasks to queue
[2026-09-06T09:30:06.400+0000] {logging_mixin.py:190} INFO - [2026-09-06T09:30:06.400+0000] {dagbag.py:588} INFO - Filling up the DagBag from /home/airflow/.local/lib/python3.12/site-packages/airflow/example_dags/example_bash_decorator.py
[2026-09-06T09:30:06.411+0000] {processor.py:925} INFO - DAG(s) 'example_bash_decorator' retrieved from /home/airflow/.local/lib/python3.12/site-packages/airflow/example_dags/example_bash_decorator.py
[2026-09-06T09:30:06.429+0000] {logging_mixin.py:190} INFO - [2026-09-06T09:30:06.429+0000] {dag.py:3239} INFO - Sync 1 DAGs
[2026-09-06T09:30:06.440+0000] {logging_mixin.py:190} INFO - [2026-09-06T09:30:06.439+0000] {dag.py:4180} INFO - Setting next_dagrun for example_bash_decorator to None, run_after=None
[2026-09-06T09:30:06.455+0000] {processor.py:208} INFO - Processing /home/airflow/.local/lib/python3.12/site-packages/airflow/example_dags/example_bash_decorator.py took 0.063 seconds
[2026-09-06T09:30:36.962+0000] {processor.py:186} INFO - Started process (PID=4637) to work on /home/airflow/.local/lib/python3.12/site-packages/airflow/example_dags/example_bash_decorator.py
[2026-09-06T09:30:36.964+0000] {processor.py:914} INFO - Processing file /home/airflow/.local/lib/python3.12/site-packages/airflow/example_dags/example_bash_decorator.py for tasks to queue
[2026-09-06T09:30:36.966+0000] {logging_mixin.py:190} INFO - [2026-09-06T09:30:36.966+0000] {dagbag.py:588} INFO - Filling up the DagBag from /home/airflow/.local/lib/python3.12/site-packages/airflow/example_dags/example_bash_decorator.py
[2026-09-06T09:30:36.978+0000] {processor.py:925} INFO - DAG(s) 'example_bash_decorator' retrieved from /home/airflow/.local/lib/python3.12/site-packages/airflow/example_dags/example_bash_decorator.py
[2026-09-06T09:30:37.000+0000] {logging_mixin.py:190} INFO - [2026-09-06T09:30:36.999+0000] {dag.py:3239} INFO - Sync 1 DAGs
[2026-09-06T09:30:37.012+0000] {logging_mixin.py:190} INFO - [2026-09-06T09:30:37.012+0000] {dag.py:4180} INFO - Setting next_dagrun for example_bash_decorator to None, run_after=None
[2026-09-06T09:30:37.029+0000] {processor.py:208} INFO - Processing /home/airflow/.local/lib/python3.12/site-packages/airflow/example_dags/example_bash_decorator.py took 0.072 seconds
[2026-09-06T09:31:07.219+0000] {processor.py:186} INFO - Started process (PID=4701) to work on /home/airflow/.local/lib/python3.12/site-packages/airflow/example_dags/example_bash_decorator.py
[2026-09-06T09:31:07.220+0000] {processor.py:914} INFO - Processing file /home/airflow/.local/lib/python3.12/site-packages/airflow/example_dags/example_bash_decorator.py for tasks to queue
[2026-09-06T09:31:07.222+0000] {logging_mixin.py:190} INFO - [2026-09-06T09:31:07.221+0000] {dagbag.py:588} INFO - Filling up the DagBag from /home/airflow/.local/lib/python3.12/site-packages/airflow/example_dags/example_bash_decorator.py
[2026-09-06T09:31:07.232+0000] {processor.py:925} INFO - DAG(s) 'example_bash_decorator' retrieved from /home/airflow/.local/lib/python3.12/site-packages/airflow/example_dags/example_bash_decorator.py
[2026-09-06T09:31:07.250+0000] {logging_mixin.py:190} INFO - [2026-09-06T09:31:07.249+0000] {dag.py:3239} INFO - Sync 1 DAGs
[2026-09-06T09:31:07.260+0000] {logging_mixin.py:190} INFO - [2026-09-06T09:31:07.260+0000] {dag.py:4180} INFO - Setting next_dagrun for example_bash_decorator to None, run_after=None
[2026-09-06T09:31:07.275+0000] {processor.py:208} INFO - Processing /home/airflow/.local/lib/python3.12/site-packages/airflow/example_dags/example_bash_decorator.py took 0.061 seconds
[2026-09-06T09:31:38.048+0000] {processor.py:186} INFO - Started process (PID=4765) to work on /home/airflow/.local/lib/python3.12/site-packages/airflow/example_dags/example_bash_decorator.py
[2026-09-06T09:31:38.049+0000] {processor.py:914} INFO - Processing file /home/airflow/.local/lib/python3.12/site-packages/airflow/example_dags/example_bash_decorator.py for tasks to queue
[2026-09-06T09:31:38.052+0000] {logging_mixin.py:190} INFO - [2026-09-06T09:31:38.051+0000] {dagbag.py:588} INFO - Filling up the DagBag from /home/airflow/.local/lib/python3.12/site-packages/airflow/example_dags/example_bash_decorator.py
[2026-09-06T09:31:38.063+0000] {processor.py:925} INFO - DAG(s) 'example_bash_decorator' retrieved from /home/airflow/.local/lib/python3.12/site-packages/airflow/example_dags/example_bash_decorator.py
[2026-09-06T09:31:38.083+0000] {logging_mixin.py:190} INFO - [2026-09-06T09:31:38.083+0000] {dag.py:3239} INFO - Sync 1 DAGs
[2026-09-06T09:31:38.094+0000] {logging_mixin.py:190} INFO - [2026-09-06T09:31:38.094+0000] {dag.py:4180} INFO - Setting next_dagrun for example_bash_decorator to None, run_after=None
[2026-09-06T09:31:38.110+0000] {processor.py:208} INFO - Processing /home/airflow/.local/lib/python3.12/site-packages/airflow/example_dags/example_bash_decorator.py took 0.067 seconds
[2026-09-06T09:32:08.351+0000] {processor.py:186} INFO - Started process (PID=4829) to work on /home/airflow/.local/lib/python3.12/site-packages/airflow/example_dags/example_bash_decorator.py
[2026-09-06T09:32:08.354+0000] {processor.py:914} INFO - Processing file /home/airflow/.local/lib/python3.12/site-packages/airflow/example_dags/example_bash_decorator.py for tasks to queue
[2026-09-06T09:32:08.362+0000] {logging_mixin.py:190} INFO - [2026-09-06T09:32:08.362+0000] {dagbag.py:588} INFO - Filling up the DagBag from /home/airflow/.local/lib/python3.12/site-packages/airflow/example_dags/example_bash_decorator.py
[2026-09-06T09:32:08.386+0000] {processor.py:925} INFO - DAG(s) 'example_bash_decorator' retrieved from /home/airflow/.local/lib/python3.12/site-packages/airflow/example_dags/example_bash_decorator.py
[2026-09-06T09:32:08.421+0000] {logging_mixin.py:190} INFO - [2026-09-06T09:32:08.421+0000] {dag.py:3239} INFO - Sync 1 DAGs
[2026-09-06T09:32:08.441+0000] {logging_mixin.py:190} INFO - [2026-09-06T09:32:08.441+0000] {dag.py:4180} INFO - Setting next_dagrun for example_bash_decorator to None, run_after=None
[2026-09-06T09:32:08.478+0000] {processor.py:208} INFO - Processing /home/airflow/.local/lib/python3.12/site-packages/airflow/example_dags/example_bash_decorator.py took 0.135 seconds
[2026-09-06T09:32:39.504+0000] {processor.py:186} INFO - Started process (PID=4893) to work on /home/airflow/.local/lib/python3.12/site-packages/airflow/example_dags/example_bash_decorator.py
[2026-09-06T09:32:39.505+0000] {processor.py:914} INFO - Processing file /home/airflow/.local/lib/python3.12/site-packages/airflow/example_dags/example_bash_decorator.py for tasks to queue
[2026-09-06T09:32:39.507+0000] {logging_mixin.py:190} INFO - [2026-09-06T09:32:39.507+0000] {dagbag.py:588} INFO - Filling up the DagBag from /home/airflow/.local/lib/python3.12/site-packages/airflow/example_dags/example_bash_decorator.py
[2026-09-06T09:32:39.520+0000] {processor.py:925} INFO - DAG(s) 'example_bash_decorator' retrieved from /home/airflow/.local/lib/python3.12/site-packages/airflow/example_dags/example_bash_decorator.py
[2026-09-06T09:32:39.539+0000] {logging_mixin.py:190} INFO - [2026-09-06T09:32:39.539+0000] {dag.py:3239} INFO - Sync 1 DAGs
[2026-09-06T09:32:39.550+0000] {logging_mixin.py:190} INFO - [2026-09-06T09:32:39.550+0000] {dag.py:4180} INFO - Setting next_dagrun for example_bash_decorator to None, run_after=None
[2026-09-06T09:32:39.565+0000] {processor.py:208} INFO - Processing /home/airflow/.local/lib/python3.12/site-packages/airflow/example_dags/example_bash_decorator.py took 0.067 seconds
[2026-09-06T09:33:10.238+0000] {processor.py:186} INFO - Started process (PID=4957) to work on /home/airflow/.local/lib/python3.12/site-packages/airflow/example_dags/example_bash_decorator.py
[2026-09-06T09:33:10.239+0000] {processor.py:914} INFO - Processing file /home/airflow/.local/lib/python3.12/site-packages/airflow/example_dags/example_bash_decorator.py for tasks to queue
[2026-09-06T09:33:10.241+0000] {logging_mixin.py:190} INFO - [2026-09-06T09:33:10.241+0000] {dagbag.py:588} INFO - Filling up the DagBag from /home/airflow/.local/lib/python3.12/site-packages/airflow/example_dags/example_bash_decorator.py
[2026-09-06T09:33:10.252+0000] {processor.py:925} INFO - DAG(s) 'example_bash_decorator' retrieved from /home/airflow/.local/lib/python3.12/site-packages/airflow/example_dags/example_bash_decorator.py
[2026-09-06T09:33:10.270+0000] {logging_mixin.py:190} INFO - [2026-09-06T09:33:10.270+0000] {dag.py:3239} INFO - Sync 1 DAGs
[2026-09-06T09:33:10.279+0000] {logging_mixin.py:190} INFO - [2026-09-06T09:33:10.279+0000] {dag.py:4180} INFO - Setting next_dagrun for example_bash_decorator to None, run_after=None
[2026-09-06T09:33:10.293+0000] {processor.py:208} INFO - Processing /home/airflow/.local/lib/python3.12/site-packages/airflow/example_dags/example_bash_decorator.py took 0.060 seconds
[2026-09-06T09:33:41.105+0000] {processor.py:186} INFO - Started process (PID=5021) to work on /home/airflow/.local/lib/python3.12/site-packages/airflow/example_dags/example_bash_decorator.py
[2026-09-06T09:33:41.106+0000] {processor.py:914} INFO - Processing file /home/airflow/.local/lib/python3.12/site-packages/airflow/example_dags/example_bash_decorator.py for tasks to queue
[2026-09-06T09:33:41.109+0000] {logging_mixin.py:190} INFO - [2026-09-06T09:33:41.109+0000] {dagbag.py:588} INFO - Filling up the DagBag from /home/airflow/.local/lib/python3.12/site-packages/airflow/example_dags/example_bash_decorator.py
[2026-09-06T09:33:41.125+0000] {processor.py:925} INFO - DAG(s) 'example_bash_decorator' retrieved from /home/airflow/.local/lib/python3.12/site-packages/airflow/example_dags/example_bash_decorator.py
[2026-09-06T09:33:41.147+0000] {logging_mixin.py:190} INFO - [2026-09-06T09:33:41.147+0000] {dag.py:3239} INFO - Sync 1 DAGs
[2026-09-06T09:33:41.159+0000] {logging_mixin.py:190} INFO - [2026-09-06T09:33:41.159+0000] {dag.py:4180} INFO - Setting next_dagrun for example_bash_decorator to None, run_after=None
[2026-09-06T09:33:41.177+0000] {processor.py:208} INFO - Processing /home/airflow/.local/lib/python3.12/site-packages/airflow/example_dags/example_bash_decorator.py took 0.079 seconds
[2026-09-06T09:34:11.281+0000] {processor.py:186} INFO - Started process (PID=5085) to work on /home/airflow/.local/lib/python3.12/site-packages/airflow/example_dags/example_bash_decorator.py
[2026-09-06T09:34:11.282+0000] {processor.py:914} INFO - Processing file /home/airflow/.local/lib/python3.12/site-packages/airflow/example_dags/example_bash_decorator.py for tasks to queue
[2026-09-06T09:34:11.284+0000] {logging_mixin.py:190} INFO - [2026-09-06T09:34:11.284+0000] {dagbag.py:588} INFO - Filling up the DagBag from /home/airflow/.local/lib/python3.12/site-packages/airflow/example_dags/example_bash_decorator.py
[2026-09-06T09:34:11.295+0000] {processor.py:925} INFO - DAG(s) 'example_bash_decorator' retrieved from /home/airflow/.local/lib/python3.12/site-packages/airflow/example_dags/example_bash_decorator.py
[2026-09-06T09:34:11.312+0000] {logging_mixin.py:190} INFO - [2026-09-06T09:34:11.311+0000] {dag.py:3239} INFO - Sync 1 DAGs
[2026-09-06T09:34:11.322+0000] {logging_mixin.py:190} INFO - [2026-09-06T09:34:11.322+0000] {dag.py:4180} INFO - Setting next_dagrun for example_bash_decorator to None, run_after=None
[2026-09-06T09:34:11.338+0000] {processor.py:208} INFO - Processing /home/airflow/.local/lib/python3.12/site-packages/airflow/example_dags/example_bash_decorator.py took 0.062 seconds
[2026-09-06T09:34:41.984+0000] {processor.py:186} INFO - Started process (PID=5149) to work on /home/airflow/.local/lib/python3.12/site-packages/airflow/example_dags/example_bash_decorator.py
[2026-09-06T09:34:41.985+0000] {processor.py:914} INFO - Processing file /home/airflow/.local/lib/python3.12/site-packages/airflow/example_dags/example_bash_decorator.py for tasks to queue
[2026-09-06T09:34:41.987+0000] {logging_mixin.py:190} INFO - [2026-09-06T09:34:41.986+0000] {dagbag.py:588} INFO - Filling up the DagBag from /home/airflow/.local/lib/python3.12/site-packages/airflow/example_dags/example_bash_decorator.py
[2026-09-06T09:34:41.997+0000] {processor.py:925} INFO - DAG(s) 'example_bash_decorator' retrieved from /home/airflow/.local/lib/python3.12/site-packages/airflow/example_dags/example_bash_decorator.py
[2026-09-06T09:34:42.013+0000] {logging_mixin.py:190} INFO - [2026-09-06T09:34:42.013+0000] {dag.py:3239} INFO - Sync 1 DAGs
[2026-09-06T09:34:42.023+0000] {logging_mixin.py:190} INFO - [2026-09-06T09:34:42.023+0000] {dag.py:4180} INFO - Setting next_dagrun for example_bash_decorator to None, run_after=None
[2026-09-06T09:34:42.039+0000] {processor.py:208} INFO - Processing /home/airflow/.local/lib/python3.12/site-packages/airflow/example_dags/example_bash_decorator.py took 0.061 seconds
[2026-09-06T09:35:12.238+0000] {processor.py:186} INFO - Started process (PID=5213) to work on /home/airflow/.local/lib/python3.12/site-packages/airflow/example_dags/example_bash_decorator.py
[2026-09-06T09:35:12.240+0000] {processor.py:914} INFO - Processing file /home/airflow/.local/lib/python3.12/site-packages/airflow/example_dags/example_bash_decorator.py for tasks to queue
[2026-09-06T09:35:12.243+0000] {logging_mixin.py:190} INFO - [2026-09-06T09:35:12.242+0000] {dagbag.py:588} INFO - Filling up the DagBag from /home/airflow/.local/lib/python3.12/site-packages/airflow/example_dags/example_bash_decorator.py
[2026-09-06T09:35:12.256+0000] {processor.py:925} INFO - DAG(s) 'example_bash_decorator' retrieved from /home/airflow/.local/lib/python3.12/site-packages/airflow/example_dags/example_bash_decorator.py
[2026-09-06T09:35:12.276+0000] {logging_mixin.py:190} INFO - [2026-09-06T09:35:12.276+0000] {dag.py:3239} INFO - Sync 1 DAGs
[2026-09-06T09:35:12.287+0000] {logging_mixin.py:190} INFO - [2026-09-06T09:35:12.287+0000] {dag.py:4180} INFO - Setting next_dagrun for example_bash_decorator to None, run_after=None
[2026-09-06T09:35:12.302+0000] {processor.py:208} INFO - Processing /home/airflow/.local/lib/python3.12/site-packages/airflow/example_dags/example_bash_decorator.py took 0.070 seconds
[2026-09-06T09:35:42.798+0000] {processor.py:186} INFO - Started process (PID=5277) to work on /home/airflow/.local/lib/python3.12/site-packages/airflow/example_dags/example_bash_decorator.py
[2026-09-06T09:35:42.800+0000] {processor.py:914} INFO - Processing file /home/airflow/.local/lib/python3.12/site-packages/airflow/example_dags/example_bash_decorator.py for tasks to queue
[2026-09-06T09:35:42.802+0000] {logging_mixin.py:190} INFO - [2026-09-06T09:35:42.801+0000] {dagbag.py:588} INFO - Filling up the DagBag from /home/airflow/.local/lib/python3.12/site-packages/airflow/example_dags/example_bash_decorator.py
[2026-09-06T09:35:42.812+0000] {processor.py:925} INFO - DAG(s) 'example_bash_decorator' retrieved from /home/airflow/.local/lib/python3.12/site-packages/airflow/example_dags/example_bash_decorator.py
[2026-09-06T09:35:42.829+0000] {logging_mixin.py:190} INFO - [2026-09-06T09:35:42.829+0000] {dag.py:3239} INFO - Sync 1 DAGs
[2026-09-06T09:35:42.838+0000] {logging_mixin.py:190} INFO - [2026-09-06T09:35:42.838+0000] {dag.py:4180} INFO - Setting next_dagrun for example_bash_decorator to None, run_after=None
[2026-09-06T09:35:42.852+0000] {processor.py:208} INFO - Processing /home/airflow/.local/lib/python3.12/site-packages/airflow/example_dags/example_bash_decorator.py took 0.059 seconds
[2026-09-06T09:36:13.423+0000] {processor.py:186} INFO - Started process (PID=5341) to work on /home/airflow/.local/lib/python3.12/site-packages/airflow/example_dags/example_bash_decorator.py
[2026-09-06T09:36:13.424+0000] {processor.py:914} INFO - Processing file /home/airflow/.local/lib/python3.12/site-packages/airflow/example_dags/example_bash_decorator.py for tasks to queue
[2026-09-06T09:36:13.426+0000] {logging_mixin.py:190} INFO - [2026-09-06T09:36:13.426+0000] {dagbag.py:588} INFO - Filling up the DagBag from /home/airflow/.local/lib/python3.12/site-packages/airflow/example_dags/example_bash_decorator.py
[2026-09-06T09:36:13.438+0000] {processor.py:925} INFO - DAG(s) 'example_bash_decorator' retrieved from /home/airflow/.local/lib/python3.12/site-packages/airflow/example_dags/example_bash_decorator.py
[2026-09-06T09:36:13.455+0000] {logging_mixin.py:190} INFO - [2026-09-06T09:36:13.455+0000] {dag.py:3239} INFO - Sync 1 DAGs
[2026-09-06T09:36:13.467+0000] {logging_mixin.py:190} INFO - [2026-09-06T09:36:13.467+0000] {dag.py:4180} INFO - Setting next_dagrun for example_bash_decorator to None, run_after=None
[2026-09-06T09:36:13.481+0000] {processor.py:208} INFO - Processing /home/airflow/.local/lib/python3.12/site-packages/airflow/example_dags/example_bash_decorator.py took 0.063 seconds
[2026-09-06T09:36:43.618+0000] {processor.py:186} INFO - Started process (PID=5405) to work on /home/airflow/.local/lib/python3.12/site-packages/airflow/example_dags/example_bash_decorator.py
[2026-09-06T09:36:43.619+0000] {processor.py:914} INFO - Processing file /home/airflow/.local/lib/python3.12/site-packages/airflow/example_dags/example_bash_decorator.py for tasks to queue
[2026-09-06T09:36:43.621+0000] {logging_mixin.py:190} INFO - [2026-09-06T09:36:43.621+0000] {dagbag.py:588} INFO - Filling up the DagBag from /home/airflow/.local/lib/python3.12/site-packages/airflow/example_dags/example_bash_decorator.py
[2026-09-06T09:36:43.632+0000] {processor.py:925} INFO - DAG(s) 'example_bash_decorator' retrieved from /home/airflow/.local/lib/python3.12/site-packages/airflow/example_dags/example_bash_decorator.py
[2026-09-06T09:36:43.649+0000] {logging_mixin.py:190} INFO - [2026-09-06T09:36:43.648+0000] {dag.py:3239} INFO - Sync 1 DAGs
[2026-09-06T09:36:43.658+0000] {logging_mixin.py:190} INFO - [2026-09-06T09:36:43.658+0000] {dag.py:4180} INFO - Setting next_dagrun for example_bash_decorator to None, run_after=None
[2026-09-06T09:36:43.673+0000] {processor.py:208} INFO - Processing /home/airflow/.local/lib/python3.12/site-packages/airflow/example_dags/example_bash_decorator.py took 0.060 seconds
[2026-09-06T09:37:14.521+0000] {processor.py:186} INFO - Started process (PID=5469) to work on /home/airflow/.local/lib/python3.12/site-packages/airflow/example_dags/example_bash_decorator.py
[2026-09-06T09:37:14.522+0000] {processor.py:914} INFO - Processing file /home/airflow/.local/lib/python3.12/site-packages/airflow/example_dags/example_bash_decorator.py for tasks to queue
[2026-09-06T09:37:14.524+0000] {logging_mixin.py:190} INFO - [2026-09-06T09:37:14.524+0000] {dagbag.py:588} INFO - Filling up the DagBag from /home/airflow/.local/lib/python3.12/site-packages/airflow/example_dags/example_bash_decorator.py
[2026-09-06T09:37:14.536+0000] {processor.py:925} INFO - DAG(s) 'example_bash_decorator' retrieved from /home/airflow/.local/lib/python3.12/site-packages/airflow/example_dags/example_bash_decorator.py
[2026-09-06T09:37:14.555+0000] {logging_mixin.py:190} INFO - [2026-09-06T09:37:14.554+0000] {dag.py:3239} INFO - Sync 1 DAGs
[2026-09-06T09:37:14.565+0000] {logging_mixin.py:190} INFO - [2026-09-06T09:37:14.565+0000] {dag.py:4180} INFO - Setting next_dagrun for example_bash_decorator to None, run_after=None
[2026-09-06T09:37:14.581+0000] {processor.py:208} INFO - Processing /home/airflow/.local/lib/python3.12/site-packages/airflow/example_dags/example_bash_decorator.py took 0.066 seconds
[2026-09-06T09:37:44.751+0000] {processor.py:186} INFO - Started process (PID=5533) to work on /home/airflow/.local/lib/python3.12/site-packages/airflow/example_dags/example_bash_decorator.py
[2026-09-06T09:37:44.753+0000] {processor.py:914} INFO - Processing file /home/airflow/.local/lib/python3.12/site-packages/airflow/example_dags/example_bash_decorator.py for tasks to queue
[2026-09-06T09:37:44.756+0000] {logging_mixin.py:190} INFO - [2026-09-06T09:37:44.755+0000] {dagbag.py:588} INFO - Filling up the DagBag from /home/airflow/.local/lib/python3.12/site-packages/airflow/example_dags/example_bash_decorator.py
[2026-09-06T09:37:44.770+0000] {processor.py:925} INFO - DAG(s) 'example_bash_decorator' retrieved from /home/airflow/.local/lib/python3.12/site-packages/airflow/example_dags/example_bash_decorator.py
[2026-09-06T09:37:44.789+0000] {logging_mixin.py:190} INFO - [2026-09-06T09:37:44.789+0000] {dag.py:3239} INFO - Sync 1 DAGs
[2026-09-06T09:37:44.802+0000] {logging_mixin.py:190} INFO - [2026-09-06T09:37:44.801+0000] {dag.py:4180} INFO - Setting next_dagrun for example_bash_decorator to None, run_after=None
[2026-09-06T09:37:44.818+0000] {processor.py:208} INFO - Processing /home/airflow/.local/lib/python3.12/site-packages/airflow/example_dags/example_bash_decorator.py took 0.076 seconds
[2026-09-06T09:38:15.071+0000] {processor.py:186} INFO - Started process (PID=5597) to work on /home/airflow/.local/lib/python3.12/site-packages/airflow/example_dags/example_bash_decorator.py
[2026-09-06T09:38:15.072+0000] {processor.py:914} INFO - Processing file /home/airflow/.local/lib/python3.12/site-packages/airflow/example_dags/example_bash_decorator.py for tasks to queue
[2026-09-06T09:38:15.074+0000] {logging_mixin.py:190} INFO - [2026-09-06T09:38:15.074+0000] {dagbag.py:588} INFO - Filling up the DagBag from /home/airflow/.local/lib/python3.12/site-packages/airflow/example_dags/example_bash_decorator.py
[2026-09-06T09:38:15.087+0000] {processor.py:925} INFO - DAG(s) 'example_bash_decorator' retrieved from /home/airflow/.local/lib/python3.12/site-packages/airflow/example_dags/example_bash_decorator.py
[2026-09-06T09:38:15.105+0000] {logging_mixin.py:190} INFO - [2026-09-06T09:38:15.105+0000] {dag.py:3239} INFO - Sync 1 DAGs
[2026-09-06T09:38:15.117+0000] {logging_mixin.py:190} INFO - [2026-09-06T09:38:15.116+0000] {dag.py:4180} INFO - Setting next_dagrun for example_bash_decorator to None, run_after=None
[2026-09-06T09:38:15.131+0000] {processor.py:208} INFO - Processing /home/airflow/.local/lib/python3.12/site-packages/airflow/example_dags/example_bash_decorator.py took 0.066 seconds
[2026-09-06T09:38:45.723+0000] {processor.py:186} INFO - Started process (PID=5661) to work on /home/airflow/.local/lib/python3.12/site-packages/airflow/example_dags/example_bash_decorator.py
[2026-09-06T09:38:45.724+0000] {processor.py:914} INFO - Processing file /home/airflow/.local/lib/python3.12/site-packages/airflow/example_dags/example_bash_decorator.py for tasks to queue
[2026-09-06T09:38:45.727+0000] {logging_mixin.py:190} INFO - [2026-09-06T09:38:45.727+0000] {dagbag.py:588} INFO - Filling up the DagBag from /home/airflow/.local/lib/python3.12/site-packages/airflow/example_dags/example_bash_decorator.py
[2026-09-06T09:38:45.744+0000] {processor.py:925} INFO - DAG(s) 'example_bash_decorator' retrieved from /home/airflow/.local/lib/python3.12/site-packages/airflow/example_dags/example_bash_decorator.py
[2026-09-06T09:38:45.769+0000] {logging_mixin.py:190} INFO - [2026-09-06T09:38:45.769+0000] {dag.py:3239} INFO - Sync 1 DAGs
[2026-09-06T09:38:45.787+0000] {logging_mixin.py:190} INFO - [2026-09-06T09:38:45.787+0000] {dag.py:4180} INFO - Setting next_dagrun for example_bash_decorator to None, run_after=None
[2026-09-06T09:38:45.804+0000] {processor.py:208} INFO - Processing /home/airflow/.local/lib/python3.12/site-packages/airflow/example_dags/example_bash_decorator.py took 0.091 seconds
[2026-09-06T09:39:16.477+0000] {processor.py:186} INFO - Started process (PID=5725) to work on /home/airflow/.local/lib/python3.12/site-packages/airflow/example_dags/example_bash_decorator.py
[2026-09-06T09:39:16.478+0000] {processor.py:914} INFO - Processing file /home/airflow/.local/lib/python3.12/site-packages/airflow/example_dags/example_bash_decorator.py for tasks to queue
[2026-09-06T09:39:16.480+0000] {logging_mixin.py:190} INFO - [2026-09-06T09:39:16.480+0000] {dagbag.py:588} INFO - Filling up the DagBag from /home/airflow/.local/lib/python3.12/site-packages/airflow/example_dags/example_bash_decorator.py
[2026-09-06T09:39:16.491+0000] {processor.py:925} INFO - DAG(s) 'example_bash_decorator' retrieved from /home/airflow/.local/lib/python3.12/site-packages/airflow/example_dags/example_bash_decorator.py
[2026-09-06T09:39:16.509+0000] {logging_mixin.py:190} INFO - [2026-09-06T09:39:16.508+0000] {dag.py:3239} INFO - Sync 1 DAGs
[2026-09-06T09:39:16.518+0000] {logging_mixin.py:190} INFO - [2026-09-06T09:39:16.518+0000] {dag.py:4180} INFO - Setting next_dagrun for example_bash_decorator to None, run_after=None
[2026-09-06T09:39:16.532+0000] {processor.py:208} INFO - Processing /home/airflow/.local/lib/python3.12/site-packages/airflow/example_dags/example_bash_decorator.py took 0.060 seconds
[2026-09-06T09:39:46.682+0000] {processor.py:186} INFO - Started process (PID=5789) to work on /home/airflow/.local/lib/python3.12/site-packages/airflow/example_dags/example_bash_decorator.py
[2026-09-06T09:39:46.683+0000] {processor.py:914} INFO - Processing file /home/airflow/.local/lib/python3.12/site-packages/airflow/example_dags/example_bash_decorator.py for tasks to queue
[2026-09-06T09:39:46.686+0000] {logging_mixin.py:190} INFO - [2026-09-06T09:39:46.685+0000] {dagbag.py:588} INFO - Filling up the DagBag from /home/airflow/.local/lib/python3.12/site-packages/airflow/example_dags/example_bash_decorator.py
[2026-09-06T09:39:46.696+0000] {processor.py:925} INFO - DAG(s) 'example_bash_decorator' retrieved from /home/airflow/.local/lib/python3.12/site-packages/airflow/example_dags/example_bash_decorator.py
[2026-09-06T09:39:46.716+0000] {logging_mixin.py:190} INFO - [2026-09-06T09:39:46.716+0000] {dag.py:3239} INFO - Sync 1 DAGs
[2026-09-06T09:39:46.726+0000] {logging_mixin.py:190} INFO - [2026-09-06T09:39:46.726+0000] {dag.py:4180} INFO - Setting next_dagrun for example_bash_decorator to None, run_after=None
[2026-09-06T09:39:46.741+0000] {processor.py:208} INFO - Processing /home/airflow/.local/lib/python3.12/site-packages/airflow/example_dags/example_bash_decorator.py took 0.063 seconds
[2026-09-06T09:40:17.040+0000] {processor.py:186} INFO - Started process (PID=5853) to work on /home/airflow/.local/lib/python3.12/site-packages/airflow/example_dags/example_bash_decorator.py
[2026-09-06T09:40:17.041+0000] {processor.py:914} INFO - Processing file /home/airflow/.local/lib/python3.12/site-packages/airflow/example_dags/example_bash_decorator.py for tasks to queue
[2026-09-06T09:40:17.044+0000] {logging_mixin.py:190} INFO - [2026-09-06T09:40:17.044+0000] {dagbag.py:588} INFO - Filling up the DagBag from /home/airflow/.local/lib/python3.12/site-packages/airflow/example_dags/example_bash_decorator.py
[2026-09-06T09:40:17.057+0000] {processor.py:925} INFO - DAG(s) 'example_bash_decorator' retrieved from /home/airflow/.local/lib/python3.12/site-packages/airflow/example_dags/example_bash_decorator.py
[2026-09-06T09:40:17.082+0000] {logging_mixin.py:190} INFO - [2026-09-06T09:40:17.081+0000] {dag.py:3239} INFO - Sync 1 DAGs
[2026-09-06T09:40:17.095+0000] {logging_mixin.py:190} INFO - [2026-09-06T09:40:17.095+0000] {dag.py:4180} INFO - Setting next_dagrun for example_bash_decorator to None, run_after=None
[2026-09-06T09:40:17.113+0000] {processor.py:208} INFO - Processing /home/airflow/.local/lib/python3.12/site-packages/airflow/example_dags/example_bash_decorator.py took 0.079 seconds
[2026-09-06T09:40:47.247+0000] {processor.py:186} INFO - Started process (PID=5917) to work on /home/airflow/.local/lib/python3.12/site-packages/airflow/example_dags/example_bash_decorator.py
[2026-09-06T09:40:47.248+0000] {processor.py:914} INFO - Processing file /home/airflow/.local/lib/python3.12/site-packages/airflow/example_dags/example_bash_decorator.py for tasks to queue
[2026-09-06T09:40:47.250+0000] {logging_mixin.py:190} INFO - [2026-09-06T09:40:47.249+0000] {dagbag.py:588} INFO - Filling up the DagBag from /home/airflow/.local/lib/python3.12/site-packages/airflow/example_dags/example_bash_decorator.py
[2026-09-06T09:40:47.261+0000] {processor.py:925} INFO - DAG(s) 'example_bash_decorator' retrieved from /home/airflow/.local/lib/python3.12/site-packages/airflow/example_dags/example_bash_decorator.py
[2026-09-06T09:40:47.281+0000] {logging_mixin.py:190} INFO - [2026-09-06T09:40:47.281+0000] {dag.py:3239} INFO - Sync 1 DAGs
[2026-09-06T09:40:47.292+0000] {logging_mixin.py:190} INFO - [2026-09-06T09:40:47.292+0000] {dag.py:4180} INFO - Setting next_dagrun for example_bash_decorator to None, run_after=None
[2026-09-06T09:40:47.306+0000] {processor.py:208} INFO - Processing /home/airflow/.local/lib/python3.12/site-packages/airflow/example_dags/example_bash_decorator.py took 0.065 seconds
[2026-09-06T09:41:17.549+0000] {processor.py:186} INFO - Started process (PID=5981) to work on /home/airflow/.local/lib/python3.12/site-packages/airflow/example_dags/example_bash_decorator.py
[2026-09-06T09:41:17.550+0000] {processor.py:914} INFO - Processing file /home/airflow/.local/lib/python3.12/site-packages/airflow/example_dags/example_bash_decorator.py for tasks to queue
[2026-09-06T09:41:17.553+0000] {logging_mixin.py:190} INFO - [2026-09-06T09:41:17.553+0000] {dagbag.py:588} INFO - Filling up the DagBag from /home/airflow/.local/lib/python3.12/site-packages/airflow/example_dags/example_bash_decorator.py
[2026-09-06T09:41:17.570+0000] {processor.py:925} INFO - DAG(s) 'example_bash_decorator' retrieved from /home/airflow/.local/lib/python3.12/site-packages/airflow/example_dags/example_bash_decorator.py
[2026-09-06T09:41:17.595+0000] {logging_mixin.py:190} INFO - [2026-09-06T09:41:17.594+0000] {dag.py:3239} INFO - Sync 1 DAGs
[2026-09-06T09:41:17.614+0000] {logging_mixin.py:190} INFO - [2026-09-06T09:41:17.614+0000] {dag.py:4180} INFO - Setting next_dagrun for example_bash_decorator to None, run_after=None
[2026-09-06T09:41:17.635+0000] {processor.py:208} INFO - Processing /home/airflow/.local/lib/python3.12/site-packages/airflow/example_dags/example_bash_decorator.py took 0.094 seconds
[2026-09-06T09:41:48.354+0000] {processor.py:186} INFO - Started process (PID=6045) to work on /home/airflow/.local/lib/python3.12/site-packages/airflow/example_dags/example_bash_decorator.py
[2026-09-06T09:41:48.355+0000] {processor.py:914} INFO - Processing file /home/airflow/.local/lib/python3.12/site-packages/airflow/example_dags/example_bash_decorator.py for tasks to queue
[2026-09-06T09:41:48.358+0000] {logging_mixin.py:190} INFO - [2026-09-06T09:41:48.357+0000] {dagbag.py:588} INFO - Filling up the DagBag from /home/airflow/.local/lib/python3.12/site-packages/airflow/example_dags/example_bash_decorator.py
[2026-09-06T09:41:48.374+0000] {processor.py:925} INFO - DAG(s) 'example_bash_decorator' retrieved from /home/airflow/.local/lib/python3.12/site-packages/airflow/example_dags/example_bash_decorator.py
[2026-09-06T09:41:48.401+0000] {logging_mixin.py:190} INFO - [2026-09-06T09:41:48.401+0000] {dag.py:3239} INFO - Sync 1 DAGs
[2026-09-06T09:41:48.415+0000] {logging_mixin.py:190} INFO - [2026-09-06T09:41:48.414+0000] {dag.py:4180} INFO - Setting next_dagrun for example_bash_decorator to None, run_after=None
[2026-09-06T09:41:48.436+0000] {processor.py:208} INFO - Processing /home/airflow/.local/lib/python3.12/site-packages/airflow/example_dags/example_bash_decorator.py took 0.086 seconds
